sample	contig_id	e1b_change	has_e1a	tier_frozen	tier_recomp_orig	tier_corrected
UC028_V2	NODE_28445_length_240_cov_1.556757	lost	False	3	3	0
UC028_V2	NODE_23642_length_269_cov_3.271028	lost	False	3	3	0
UC028_V2	NODE_30655_length_228_cov_3.000000	lost	False	3	3	0
UC028_V2	NODE_31309_length_225_cov_1.435294	lost	False	3	3	0
UC028_V2	NODE_20611_length_296_cov_1.195021	lost	False	3	3	0
UC028_V2	NODE_47860_length_108_cov_3.056604	lost	False	3	3	0
UC028_V2	NODE_19352_length_313_cov_2.387597	lost	False	3	3	0
UC028_V2	NODE_20890_length_292_cov_4.295359	lost	False	3	3	0
UC028_V2	NODE_50054_length_100_cov_18.000000	lost	False	3	3	0
UC028_V2	NODE_6849_length_728_cov_1.426449	lost	False	3	3	0
UC028_V2	NODE_38031_length_163_cov_6.287037	lost	False	3	3	0
UC028_V2	NODE_33923_length_212_cov_1.299363	lost	False	3	3	0
UC028_V2	NODE_15657_length_376_cov_1.545171	lost	False	3	3	0
UC028_V2	NODE_29075_length_237_cov_1.054945	lost	False	3	3	0
UC028_V2	NODE_33130_length_216_cov_1.192547	lost	False	3	3	0
UC028_V2	NODE_32961_length_217_cov_1.185185	lost	False	3	3	0
UC028_V2	NODE_57754_length_81_cov_53.153846	lost	False	3	3	0
UC028_V2	NODE_12321_length_458_cov_3.848635	lost	False	3	3	0
UC028_V2	NODE_1789_length_1924_cov_2.468165	lost	False	3	3	0
UC028_V2	NODE_48684_length_105_cov_4.040000	lost	False	3	3	0
UC028_V2	NODE_47495_length_109_cov_9.925926	lost	False	3	3	0
UC028_V2	NODE_37835_length_165_cov_5.563636	lost	False	3	3	0
UC028_V2	NODE_38563_length_158_cov_1.873786	lost	False	3	3	0
UC028_V2	NODE_19830_length_306_cov_4.023904	lost	False	3	3	0
UC028_V2	NODE_29238_length_236_cov_1.447514	lost	False	3	3	0
UC028_V2	NODE_11932_length_470_cov_2.506024	lost	False	3	3	0
UC028_V2	NODE_25178_length_259_cov_2.122549	lost	False	3	3	0
UC028_V2	NODE_21447_length_286_cov_1.887446	lost	False	3	3	0
UC028_V2	NODE_35229_length_204_cov_10.248322	lost	False	3	3	0
UC028_V2	NODE_22702_length_276_cov_0.868778	lost	False	3	3	-1
UC028_V2	NODE_19290_length_314_cov_2.015444	lost	False	3	3	0
UC028_V2	NODE_20985_length_291_cov_4.173729	lost	False	3	3	0
UC028_V2	NODE_31639_length_223_cov_3.142857	lost	False	3	3	0
UC028_V2	NODE_54946_length_87_cov_10.500000	lost	False	3	3	-1
UC028_V2	NODE_25762_length_256_cov_0.830846	lost	False	2	2	3
UC028_V2	NODE_47872_length_108_cov_2.773585	lost	False	3	3	0
UC028_V2	NODE_59394_length_78_cov_227.826087	lost	False	3	3	-1
UC028_V2	NODE_18131_length_332_cov_2.054152	lost	False	3	3	0
UC028_V2	NODE_24772_length_262_cov_1.570048	lost	False	3	3	0
UC028_V2	NODE_28551_length_240_cov_1.037838	lost	False	3	3	0
UC028_V2	NODE_21906_length_281_cov_1.893805	lost	False	3	3	0
UC028_V2	NODE_49217_length_103_cov_3.791667	lost	False	3	3	0
UC028_V2	NODE_13983_length_413_cov_3.379888	lost	False	3	3	0
UC028_V2	NODE_10737_length_514_cov_3.945534	lost	False	3	3	0
UC028_V2	NODE_7521_length_679_cov_4.801282	lost	False	3	3	0
UC028_V2	NODE_4434_length_1004_cov_2.359326	lost	False	3	3	0
UC028_V2	NODE_31395_length_225_cov_1.041176	lost	False	3	3	0
UC028_V2	NODE_11770_length_475_cov_2.876190	lost	False	3	3	0
UC028_V2	NODE_8739_length_607_cov_9.211957	lost	False	3	3	0
UC028_V2	NODE_30476_length_229_cov_2.522989	lost	False	3	3	0
UC028_V2	NODE_40615_length_141_cov_1.093023	lost	False	3	3	0
UC028_V2	NODE_26199_length_253_cov_1.434343	lost	False	3	3	0
UC028_V2	NODE_19757_length_307_cov_6.519841	lost	False	3	3	0
UC028_V2	NODE_28336_length_241_cov_1.032258	lost	False	3	3	0
UC028_V2	NODE_24492_length_264_cov_0.918660	lost	False	3	3	-1
UC028_V2	NODE_29185_length_236_cov_2.121547	lost	False	3	3	0
UC028_V2	NODE_8994_length_593_cov_2.630112	lost	False	3	3	0
UC028_V2	NODE_28096_length_242_cov_1.085561	lost	False	3	3	0
UC028_V2	NODE_22370_length_278_cov_1.609865	lost	False	3	3	0
UC028_V2	NODE_7772_length_662_cov_2.912685	lost	False	3	3	0
UC028_V2	NODE_34884_length_208_cov_1.169935	lost	False	2	2	3
UC028_V2	NODE_19363_length_313_cov_1.744186	lost	False	3	3	-1
UC028_V2	NODE_48098_length_107_cov_3.634615	lost	False	3	3	0
UC028_V2	NODE_19744_length_308_cov_1.047431	lost	False	2	2	3
UC028_V2	NODE_41476_length_134_cov_5.936709	lost	False	3	3	-1
UC028_V2	NODE_23842_length_268_cov_1.286385	lost	False	2	2	3
UC028_V2	NODE_36994_length_175_cov_2.475000	lost	False	3	3	0
UC028_V2	NODE_47764_length_108_cov_8.415094	lost	False	3	3	0
UC028_V2	NODE_19547_length_310_cov_2.862745	lost	False	3	3	0
UC028_V2	NODE_21185_length_289_cov_1.653846	lost	False	3	3	0
UC028_V2	NODE_41154_length_136_cov_12.382716	lost	False	2	2	3
UC028_V2	NODE_7659_length_670_cov_2.492683	lost	False	3	3	0
UC028_V2	NODE_35159_length_206_cov_2.596026	lost	False	3	3	0
UC028_V2	NODE_47840_length_108_cov_3.886792	lost	False	3	3	0
UC028_V2	NODE_26748_length_250_cov_0.984615	lost	False	3	3	0
UC028_V2	NODE_7910_length_653_cov_2.336120	lost	False	3	3	0
UC028_V2	NODE_33592_length_214_cov_1.062893	lost	False	3	3	0
UC028_V2	NODE_15265_length_384_cov_1.674772	lost	False	3	3	0
UC028_V2	NODE_8518_length_619_cov_2.723404	lost	False	3	3	0
UC028_V2	NODE_20521_length_297_cov_1.367769	lost	False	3	3	0
UC028_V2	NODE_28678_length_239_cov_1.059783	lost	False	3	3	0
UC028_V2	NODE_26110_length_253_cov_5.752525	lost	False	3	3	0
UC028_V2	NODE_11660_length_479_cov_0.879717	lost	False	3	3	0
UC028_V2	NODE_28452_length_240_cov_1.556757	lost	False	3	3	0
UC028_V2	NODE_35925_length_191_cov_1.242647	lost	False	3	3	0
UC028_V2	NODE_3187_length_1279_cov_4.718954	lost	False	3	3	0
UC028_V2	NODE_16007_length_368_cov_952.559105	lost	False	3	3	0
UC028_V2	NODE_22512_length_277_cov_1.572072	lost	False	3	3	0
UC028_V2	NODE_27673_length_244_cov_1.947090	lost	False	3	3	0
UC028_V2	NODE_31638_length_223_cov_3.202381	lost	False	3	3	0
UC028_V2	NODE_38228_length_161_cov_6.556604	lost	False	3	3	0
UC028_V2	NODE_38542_length_158_cov_3.660194	lost	False	3	3	0
UC028_V2	NODE_40595_length_141_cov_2.267442	lost	False	3	3	0
UC028_V2	NODE_18289_length_329_cov_5.832117	lost	False	3	3	0
UC028_V2	NODE_20278_length_300_cov_2.730612	lost	False	3	3	0
UC028_V2	NODE_49480_length_102_cov_4.319149	lost	False	3	3	0
UC028_V2	NODE_47814_length_108_cov_4.792453	lost	False	3	3	-1
UC028_V2	NODE_47996_length_107_cov_12.923077	lost	False	3	3	0
UC028_V2	NODE_23153_length_273_cov_0.880734	lost	False	3	3	-1
UC028_V2	NODE_10361_length_529_cov_2.525316	lost	False	3	3	0
UC028_V2	NODE_16721_length_355_cov_2.630000	lost	False	3	3	0
UC028_V2	NODE_47572_length_109_cov_4.240741	lost	False	3	3	0
UC028_V2	NODE_20452_length_298_cov_1.551440	lost	False	2	2	3
UC028_V2	NODE_30416_length_230_cov_1.057143	lost	False	3	3	0
UC028_V2	NODE_30457_length_229_cov_3.678161	lost	False	3	3	0
UC028_V2	NODE_36479_length_182_cov_3.740157	lost	False	3	3	0
UC028_V2	NODE_41425_length_134_cov_29.987342	lost	False	3	3	0
UC028_V2	NODE_24312_length_265_cov_1.371429	lost	False	3	3	0
UC028_V2	NODE_16715_length_355_cov_2.840000	lost	False	3	3	0
UC028_V2	NODE_21605_length_284_cov_2.515284	lost	False	3	3	0
UC028_V2	NODE_31329_length_225_cov_1.129412	lost	False	3	3	0
UC028_V2	NODE_38347_length_160_cov_2.514286	lost	False	3	3	0
UC028_V2	NODE_31891_length_222_cov_1.281437	lost	False	3	3	0
UC028_V2	NODE_27982_length_243_cov_1.000000	lost	False	3	3	0
UC028_V2	NODE_12046_length_467_cov_1.864078	lost	False	3	3	0
UC028_V2	NODE_39484_length_150_cov_1.568421	lost	False	3	3	0
UC028_V2	NODE_21875_length_281_cov_5.429204	lost	False	3	3	0
UC028_V2	NODE_33507_length_214_cov_1.283019	lost	False	3	3	0
UC028_V2	NODE_10685_length_517_cov_1.854978	lost	False	3	3	0
UC028_V2	NODE_21078_length_290_cov_2.621277	lost	False	3	3	0
UC028_V2	NODE_35875_length_192_cov_1.861314	lost	False	3	3	0
UC028_V2	NODE_27053_length_248_cov_1.165803	lost	False	3	3	0
UC028_V2	NODE_27446_length_245_cov_5.705263	lost	False	3	3	0
UC028_V2	NODE_51228_length_96_cov_47.829268	lost	False	3	3	0
UC028_V2	NODE_14349_length_405_cov_1.428571	lost	False	3	3	0
UC028_V2	NODE_25980_length_254_cov_1.869347	lost	False	3	3	0
UC028_V2	NODE_16652_length_356_cov_3.401993	lost	False	3	3	0
UC028_V2	NODE_19501_length_311_cov_1.875000	lost	False	3	3	0
UC028_V2	NODE_39601_length_149_cov_2.085106	lost	False	3	3	0
UC028_V2	NODE_3938_length_1094_cov_2.956689	lost	False	3	3	0
UC028_V2	NODE_10946_length_507_cov_1.506637	lost	False	3	3	0
UC028_V2	NODE_19957_length_305_cov_0.872000	lost	False	3	3	0
UC028_V2	NODE_31034_length_226_cov_3.391813	lost	False	3	3	0
UC028_V2	NODE_22052_length_280_cov_2.133333	lost	False	3	3	0
UC028_V2	NODE_1379_length_2327_cov_57.726232	lost	False	3	3	0
UC028_V2	NODE_25083_length_260_cov_0.965854	lost	False	3	3	0
UC028_V2	NODE_4526_length_987_cov_7.022532	lost	False	3	3	0
UC028_V2	NODE_19590_length_310_cov_1.447059	lost	False	3	3	0
UC028_V2	NODE_13154_length_435_cov_1.860526	lost	False	3	3	0
UC028_V2	NODE_21922_length_281_cov_1.544248	lost	False	3	3	0
UC028_V2	NODE_4021_length_1079_cov_1.587891	lost	False	3	3	0
UC028_V2	NODE_35245_length_204_cov_2.845638	lost	False	3	3	0
UC028_V2	NODE_47546_length_109_cov_5.611111	lost	False	3	3	0
UC028_V2	NODE_13968_length_414_cov_1.412256	lost	False	3	3	0
UC028_V2	NODE_27789_length_244_cov_1.010582	lost	False	3	3	0
UC028_V2	NODE_41766_length_132_cov_3.259740	lost	False	3	3	0
UC028_V2	NODE_48074_length_107_cov_4.653846	lost	False	3	3	-1
UC028_V2	NODE_1009_length_2877_cov_3.043940	lost	False	3	3	0
UC028_V2	NODE_39031_length_154_cov_1.333333	lost	False	3	3	-1
UC028_V2	NODE_30383_length_230_cov_1.097143	lost	False	3	3	0
UC028_V2	NODE_21151_length_289_cov_8.820513	lost	False	3	3	0
UC028_V2	NODE_31442_length_224_cov_3.751479	lost	False	3	3	0
UC028_V2	NODE_18865_length_321_cov_1.082707	lost	False	3	3	0
UC028_V2	NODE_50232_length_100_cov_2.866667	lost	False	3	3	0
UC028_V2	NODE_38267_length_161_cov_1.433962	lost	False	3	3	0
UC028_V2	NODE_47841_length_108_cov_3.849057	lost	False	3	3	0
UC028_V2	NODE_24457_length_264_cov_1.377990	lost	False	3	3	0
UC028_V2	NODE_5189_length_892_cov_3.574671	lost	False	3	3	0
UC028_V2	NODE_1070_length_2753_cov_11.552632	lost	False	3	3	0
UC028_V2	NODE_7542_length_678_cov_3.378812	lost	False	3	3	0
UC028_V2	NODE_25925_length_254_cov_61.763819	lost	False	3	3	0
UC028_V2	NODE_32989_length_217_cov_1.043210	lost	False	3	3	0
UC028_V2	NODE_9552_length_565_cov_2.450980	lost	False	2	2	3
UC028_V2	NODE_7346_length_691_cov_2.168239	lost	False	3	3	0
UC028_V2	NODE_2823_length_1392_cov_2.848168	lost	False	3	3	0
UC028_V2	NODE_18073_length_333_cov_1.726619	lost	False	3	3	0
UC028_V2	NODE_24284_length_265_cov_1.828571	lost	False	3	3	0
UC028_V2	NODE_28057_length_242_cov_1.775401	lost	False	3	3	0
UC028_V2	NODE_38547_length_158_cov_3.203883	lost	False	3	3	0
UC028_V2	NODE_14866_length_393_cov_1.130178	lost	False	3	3	0
UC028_V2	NODE_3640_length_1161_cov_2.827306	lost	False	3	3	0
UC028_V2	NODE_14626_length_398_cov_3.524781	lost	False	3	3	0
UC028_V2	NODE_31485_length_224_cov_2.260355	lost	False	3	3	0
UC028_V2	NODE_425_length_5116_cov_7.820391	lost	False	3	3	0
UC028_V2	NODE_30335_length_230_cov_1.617143	lost	False	3	3	0
UC028_V2	NODE_40072_length_145_cov_1.777778	lost	False	3	3	0
UC028_V2	NODE_27342_length_246_cov_1.345550	lost	False	3	3	0
UC028_V2	NODE_11127_length_500_cov_1.465169	lost	False	2	2	3
UC028_V2	NODE_24164_length_266_cov_1.364929	lost	False	3	3	0
UC028_V2	NODE_24733_length_262_cov_2.338164	lost	False	3	3	0
UC028_V2	NODE_38553_length_158_cov_2.902913	lost	False	3	3	0
UC028_V2	NODE_48309_length_106_cov_10.196078	lost	False	3	3	0
UC028_V2	NODE_29648_length_234_cov_1.072626	lost	False	3	3	0
UC028_V2	NODE_3032_length_1328_cov_2.476826	lost	False	3	3	0
UC028_V2	NODE_40935_length_138_cov_3.638554	lost	False	3	3	0
UC028_V2	NODE_41191_length_136_cov_6.185185	lost	False	3	3	-1
UC028_V2	NODE_15918_length_370_cov_1.387302	lost	False	3	3	0
UC028_V2	NODE_6208_length_782_cov_4.433287	lost	False	3	3	0
UC028_V2	NODE_28484_length_240_cov_1.167568	lost	False	3	3	0
UC028_V2	NODE_14106_length_410_cov_4.135211	lost	False	3	3	0
UC028_V2	NODE_14374_length_404_cov_2.106017	lost	False	3	3	0
UC028_V2	NODE_37852_length_165_cov_3.281818	lost	False	3	3	0
UC028_V2	NODE_73660_length_62_cov_3.000000	lost	False	3	3	-1
UC028_V2	NODE_836_length_3251_cov_21.719024	lost	False	3	3	0
UC028_V2	NODE_71877_length_63_cov_11.000000	lost	False	3	3	-1
UC028_V2	NODE_7363_length_690_cov_1.886614	lost	False	3	3	0
UC028_V2	NODE_49537_length_102_cov_3.148936	lost	False	3	3	0
UC028_V2	NODE_17437_length_343_cov_4.097222	lost	False	3	3	0
UC028_V2	NODE_14974_length_390_cov_1.698507	lost	False	3	3	0
UC028_V2	NODE_7734_length_665_cov_2.124590	lost	False	3	3	0
UC028_V2	NODE_9125_length_586_cov_3.348399	lost	False	3	3	0
UC028_V2	NODE_36461_length_182_cov_10.425197	lost	False	3	3	0
UC028_V2	NODE_48447_length_106_cov_3.352941	lost	False	3	3	0
UC028_V2	NODE_32181_length_221_cov_1.048193	lost	False	3	3	0
UC028_V2	NODE_917_length_3061_cov_4.115436	lost	False	3	3	0
UC028_V2	NODE_51514_length_96_cov_3.731707	lost	False	3	3	0
UC028_V2	NODE_32470_length_219_cov_2.341463	lost	False	3	3	0
UC028_V2	NODE_12965_length_440_cov_43.745455	lost	False	3	3	0
UC028_V2	NODE_10960_length_506_cov_2.086475	lost	False	3	3	-1
UC028_V2	NODE_20623_length_295_cov_24.225000	lost	False	3	3	0
UC028_V2	NODE_35916_length_191_cov_2.845588	lost	False	3	3	0
UC028_V2	NODE_5561_length_849_cov_3.748111	lost	False	3	3	0
UC028_V2	NODE_32051_length_221_cov_2.210843	lost	False	3	3	0
UC028_V2	NODE_35109_length_207_cov_1.157895	lost	False	3	3	0
UC028_V2	NODE_39729_length_147_cov_344.076087	lost	False	3	3	0
UC028_V2	NODE_9236_length_581_cov_2.028517	lost	False	3	3	0
UC028_V2	NODE_42809_length_125_cov_4.814286	lost	False	3	3	0
UC028_V2	NODE_26548_length_251_cov_1.158163	lost	False	3	3	0
UC028_V2	NODE_33811_length_213_cov_1.018987	lost	False	2	2	3
UC028_V2	NODE_7507_length_680_cov_2.630400	lost	False	3	3	0
UC028_V2	NODE_34407_length_210_cov_1.238710	lost	False	3	3	0
UC028_V2	NODE_31779_length_223_cov_1.000000	lost	False	3	3	0
UC028_V2	NODE_14186_length_408_cov_6.430595	lost	False	3	3	0
UC028_V2	NODE_54729_length_88_cov_2.666667	lost	False	3	3	0
UC028_V2	NODE_20900_length_292_cov_2.835443	lost	False	3	3	0
UC028_V2	NODE_30137_length_231_cov_1.636364	lost	False	3	3	0
UC028_V2	NODE_49195_length_103_cov_4.333333	lost	False	3	3	0
UC028_V2	NODE_35991_length_190_cov_1.481481	lost	False	2	2	3
UC028_V2	NODE_23121_length_273_cov_1.321101	lost	False	3	3	0
UC028_V2	NODE_38647_length_157_cov_8.049020	lost	False	3	3	0
UC028_V2	NODE_23360_length_271_cov_2.453704	lost	False	3	3	0
UC028_V2	NODE_8741_length_607_cov_3.452899	lost	False	3	3	0
UC028_V2	NODE_47787_length_108_cov_6.754717	lost	False	3	3	0
UC028_V2	NODE_1566_length_2110_cov_4.268613	lost	False	3	3	0
UC028_V2	NODE_17993_length_334_cov_2.064516	lost	False	3	3	-1
UC028_V2	NODE_25671_length_256_cov_1.532338	lost	False	3	3	0
UC028_V2	NODE_56108_length_85_cov_4.666667	lost	False	3	3	0
UC028_V2	NODE_34715_length_208_cov_4.098039	lost	False	3	3	0
UC028_V2	NODE_19255_length_314_cov_961.671815	lost	False	3	3	0
UC028_V2	NODE_3821_length_1118_cov_2.019755	lost	False	3	3	0
UC028_V2	NODE_13055_length_438_cov_1.501305	lost	False	3	3	0
UC028_V2	NODE_48131_length_107_cov_2.750000	lost	False	3	3	0
UC028_V2	NODE_33568_length_214_cov_1.207547	lost	False	3	3	0
UC028_V2	NODE_33115_length_216_cov_1.192547	lost	False	3	3	0
UC028_V2	NODE_12095_length_465_cov_2.809756	lost	False	3	3	-1
UC028_V2	NODE_48355_length_106_cov_6.686275	lost	False	3	3	0
UC028_V2	NODE_25855_length_255_cov_1.440000	lost	False	3	3	0
UC028_V2	NODE_53001_length_92_cov_3.918919	lost	False	3	3	-1
UC028_V2	NODE_50615_length_98_cov_23.604651	lost	False	3	3	0
UC028_V2	NODE_6423_length_764_cov_5.146685	lost	False	3	3	0
UC028_V2	NODE_10758_length_513_cov_7.063319	lost	False	3	3	0
UC028_V2	NODE_47531_length_109_cov_6.425926	lost	False	3	3	-1
UC028_V2	NODE_24281_length_265_cov_1.828571	lost	False	3	3	0
UC028_V2	NODE_23405_length_271_cov_1.472222	lost	False	3	3	-1
UC028_V2	NODE_38815_length_156_cov_1.267327	lost	False	3	3	0
UC028_V2	NODE_21905_length_281_cov_1.893805	lost	False	3	3	0
UC028_V2	NODE_1690_length_2004_cov_2.993330	lost	False	3	3	0
UC028_V2	NODE_47991_length_107_cov_13.942308	lost	False	3	3	0
UC028_V2	NODE_47607_length_109_cov_2.777778	lost	False	3	3	0
UC028_V2	NODE_15421_length_380_cov_2.926154	lost	False	3	3	0
UC028_V2	NODE_10756_length_513_cov_23.934498	lost	False	3	3	0
UC028_V2	NODE_30309_length_230_cov_1.942857	lost	False	3	3	0
UC028_V2	NODE_11034_length_503_cov_2.303571	lost	False	2	2	3
UC028_V2	NODE_51770_length_95_cov_12.300000	lost	False	3	3	0
UC028_V2	NODE_60668_length_76_cov_34.761905	lost	False	3	3	0
UC028_V2	NODE_8162_length_638_cov_2.583190	lost	False	3	3	0
UC028_V2	NODE_33210_length_215_cov_7.037500	lost	False	3	3	0
UC028_V2	NODE_18593_length_325_cov_1.081481	lost	False	3	3	0
UC028_V2	NODE_33778_length_213_cov_1.215190	lost	False	3	3	0
UC028_V2	NODE_12075_length_466_cov_2.014599	lost	False	3	3	0
UC028_V2	NODE_33945_length_212_cov_1.222930	lost	False	3	3	0
UC028_V2	NODE_1714_length_1989_cov_2.581179	lost	False	3	3	0
UC028_V2	NODE_28116_length_242_cov_1.026738	lost	False	3	3	0
UC028_V2	NODE_37639_length_167_cov_3.125000	lost	False	3	3	0
UC028_V2	NODE_2299_length_1612_cov_3.063584	lost	False	3	3	0
UC028_V2	NODE_27496_length_245_cov_1.715789	lost	False	2	2	3
UC028_V2	NODE_34892_length_208_cov_1.124183	lost	False	3	3	0
UC028_V2	NODE_52298_length_94_cov_3.230769	lost	False	3	3	0
UC028_V2	NODE_37583_length_167_cov_24.767857	lost	False	3	3	0
UC028_V2	NODE_20601_length_296_cov_1.402490	lost	False	3	3	-1
UC028_V2	NODE_33292_length_215_cov_1.681250	lost	False	3	3	0
UC028_V2	NODE_32831_length_217_cov_2.648148	lost	False	3	3	0
UC028_V2	NODE_25580_length_257_cov_0.950495	lost	False	3	3	0
UC028_V2	NODE_40921_length_138_cov_4.602410	lost	False	3	3	0
UC028_V2	NODE_21925_length_281_cov_1.446903	lost	False	3	3	0
UC028_V2	NODE_5619_length_844_cov_1.655260	lost	False	3	3	0
UC028_V2	NODE_10171_length_537_cov_3.062241	lost	False	3	3	0
UC028_V2	NODE_14965_length_390_cov_2.483582	lost	False	3	3	0
UC028_V2	NODE_36821_length_177_cov_3.950820	lost	False	3	3	0
UC028_V2	NODE_2514_length_1520_cov_3.810922	lost	False	3	3	0
UC028_V2	NODE_727_length_3589_cov_3.312960	lost	False	3	3	0
UC028_V2	NODE_41216_length_136_cov_3.234568	lost	False	3	3	0
UC028_V2	NODE_12312_length_459_cov_1.289604	lost	False	3	3	0
UC028_V2	NODE_47308_length_110_cov_3.200000	lost	False	3	3	0
UC028_V2	NODE_29327_length_236_cov_0.812155	lost	False	3	3	0
UC028_V2	NODE_3443_length_1208_cov_8.369471	lost	False	3	3	0
UC028_V2	NODE_14869_length_393_cov_0.852071	lost	False	3	3	0
UC028_V2	NODE_27658_length_244_cov_2.031746	lost	False	3	3	0
UC028_V2	NODE_24033_length_267_cov_0.905660	lost	False	3	3	0
UC028_V2	NODE_24876_length_261_cov_3.990291	lost	False	3	3	0
UC028_V2	NODE_36895_length_176_cov_5.214876	lost	False	3	3	0
UC028_V2	NODE_36333_length_185_cov_1.176923	lost	False	3	3	0
UC028_V2	NODE_22466_length_277_cov_5.981982	lost	False	3	3	0
UC028_V2	NODE_23964_length_267_cov_2.207547	lost	False	3	3	0
UC028_V2	NODE_40015_length_145_cov_10.411111	lost	False	3	3	0
UC028_V2	NODE_11441_length_488_cov_1.397229	lost	False	3	3	0
UC028_V2	NODE_20021_length_304_cov_1.176707	lost	False	3	3	0
UC028_V2	NODE_17610_length_340_cov_2.915789	lost	False	3	3	0
UC028_V2	NODE_9905_length_549_cov_2.914980	lost	False	3	3	0
UC028_V2	NODE_497_length_4584_cov_75.916979	lost	False	3	3	0
UC028_V2	NODE_29369_length_235_cov_2.238889	lost	False	3	3	0
UC028_V2	NODE_43621_length_120_cov_7.215385	lost	False	3	3	0
UC028_V2	NODE_13038_length_438_cov_3.146214	lost	False	3	3	0
UC028_V2	NODE_35770_length_194_cov_3.115108	lost	False	3	3	0
UC028_V2	NODE_48935_length_104_cov_5.224490	lost	False	3	3	-1
UC028_V2	NODE_25960_length_254_cov_2.231156	lost	False	3	3	0
UC028_V2	NODE_6491_length_758_cov_3.411095	lost	False	3	3	0
UC028_V2	NODE_42694_length_126_cov_3.084507	lost	False	3	3	0
UC028_V2	NODE_36907_length_176_cov_2.793388	lost	False	3	3	0
UC028_V2	NODE_33673_length_213_cov_2.259494	lost	False	3	3	0
UC028_V2	NODE_48127_length_107_cov_2.807692	lost	False	3	3	0
UC028_V2	NODE_17747_length_338_cov_2.374558	lost	False	3	3	0
UC028_V2	NODE_11869_length_472_cov_1.841727	lost	False	3	3	0
UC028_V2	NODE_1710_length_1990_cov_4.053747	lost	False	3	3	0
UC028_V2	NODE_2810_length_1398_cov_4.906180	lost	False	3	3	0
UC028_V2	NODE_1437_length_2257_cov_1.879655	lost	False	3	3	0
UC028_V2	NODE_39602_length_149_cov_2.074468	lost	False	3	3	0
UC028_V2	NODE_1061_length_2770_cov_10.951381	lost	False	3	3	0
UC028_V2	NODE_22809_length_275_cov_1.745455	lost	False	3	3	0
UC028_V2	NODE_38135_length_162_cov_4.757009	lost	False	3	3	0
UC028_V2	NODE_921_length_3052_cov_3.249917	lost	False	3	3	0
UC028_V2	NODE_17800_length_337_cov_2.475177	lost	False	3	3	0
UC028_V2	NODE_34445_length_210_cov_1.077419	lost	False	3	3	0
UC028_V2	NODE_15065_length_388_cov_1.729730	lost	False	3	3	0
UC028_V2	NODE_37650_length_167_cov_1.732143	lost	False	3	3	0
UC028_V2	NODE_12150_length_463_cov_4.377451	lost	False	3	3	0
UC028_V2	NODE_9742_length_557_cov_2.370518	lost	False	3	3	0
UC028_V2	NODE_25077_length_260_cov_1.317073	lost	False	3	3	0
UC028_V2	NODE_15602_length_377_cov_1.136646	lost	False	3	3	0
UC028_V2	NODE_13682_length_421_cov_1.775956	lost	False	3	3	0
UC028_V2	NODE_47870_length_108_cov_2.792453	lost	False	3	3	0
UC028_V2	NODE_9232_length_581_cov_2.705323	lost	False	3	3	0
UC028_V2	NODE_42386_length_128_cov_3.219178	lost	False	3	3	0
UC028_V2	NODE_8805_length_604_cov_3.204007	lost	False	3	3	0
UC028_V2	NODE_2568_length_1497_cov_115.518724	lost	False	3	3	0
UC028_V2	NODE_11373_length_490_cov_5.105747	lost	False	3	3	0
UC028_V2	NODE_47539_length_109_cov_6.055556	lost	False	3	3	0
UC028_V2	NODE_7277_length_695_cov_4.181250	lost	False	3	3	0
UC028_V2	NODE_20428_length_298_cov_2.395062	lost	False	3	3	0
UC028_V2	NODE_815_length_3297_cov_7.675200	lost	False	3	3	0
UC028_V2	NODE_36372_length_184_cov_4.604651	lost	False	3	3	0
UC028_V2	NODE_28524_length_240_cov_1.037838	lost	False	3	3	0
UC028_V2	NODE_31536_length_224_cov_1.171598	lost	False	3	3	0
UC028_V2	NODE_39814_length_147_cov_3.239130	lost	False	3	3	0
UC028_V2	NODE_1143_length_2626_cov_4.764683	lost	False	3	3	0
UC028_V2	NODE_20883_length_292_cov_9.172996	lost	False	3	3	0
UC028_V2	NODE_18059_length_333_cov_2.356115	lost	False	3	3	0
UC028_V2	NODE_7334_length_692_cov_1.747253	lost	False	3	3	0
UC028_V2	NODE_17915_length_335_cov_9.010714	lost	False	3	3	0
UC028_V2	NODE_8121_length_640_cov_2.841026	lost	False	3	3	0
UC028_V2	NODE_15554_length_377_cov_24.875776	lost	False	3	3	0
UC028_V2	NODE_40930_length_138_cov_3.903614	lost	False	3	3	0
UC028_V2	NODE_18832_length_321_cov_2.214286	lost	False	3	3	0
UC028_V2	NODE_28121_length_242_cov_1.026738	lost	False	3	3	0
UC028_V2	NODE_48418_length_106_cov_4.058824	lost	False	3	3	0
UC028_V2	NODE_14554_length_400_cov_1.785507	lost	False	3	3	0
UC028_V2	NODE_35753_length_194_cov_6.805755	lost	False	3	3	0
UC028_V2	NODE_34960_length_207_cov_2.546053	lost	False	3	3	0
UC028_V2	NODE_20580_length_296_cov_1.991701	lost	False	3	3	0
UC028_V2	NODE_23347_length_271_cov_3.875000	lost	False	3	3	0
UC028_V2	NODE_6799_length_733_cov_1.713864	lost	False	2	2	3
UC028_V2	NODE_9117_length_587_cov_1.385338	lost	False	3	3	0
UC028_V2	NODE_35001_length_207_cov_1.894737	lost	False	3	3	0
UC028_V2	NODE_28703_length_239_cov_1.043478	lost	False	3	3	0
UC028_V2	NODE_35669_length_196_cov_0.879433	lost	False	3	3	-1
UC028_V2	NODE_10162_length_538_cov_1.267081	lost	False	3	3	0
UC028_V2	NODE_11357_length_491_cov_2.201835	lost	False	3	3	0
UC028_V2	NODE_48705_length_105_cov_3.180000	lost	False	3	3	0
UC028_V2	NODE_21237_length_288_cov_15.381974	lost	False	3	3	0
UC028_V2	NODE_12345_length_457_cov_12.907960	lost	False	3	3	0
UC028_V2	NODE_8163_length_638_cov_2.408233	lost	False	3	3	0
UC028_V2	NODE_10334_length_530_cov_3.526316	lost	False	3	3	0
UC028_V2	NODE_34451_length_210_cov_1.025806	lost	False	3	3	0
UC028_V2	NODE_26378_length_252_cov_1.065990	lost	False	2	2	3
UC028_V2	NODE_58638_length_80_cov_5.240000	lost	False	3	3	-1
UC028_V2	NODE_8024_length_645_cov_1.972881	lost	False	3	3	0
UC028_V2	NODE_43470_length_121_cov_3.681818	lost	False	3	3	0
UC028_V2	NODE_37934_length_164_cov_4.201835	lost	False	3	3	0
UC028_V2	NODE_33161_length_216_cov_1.086957	lost	False	3	3	0
UC028_V2	NODE_35644_length_196_cov_4.219858	lost	False	3	3	0
UC028_V2	NODE_24256_length_265_cov_3.357143	lost	False	3	3	0
UC028_V2	NODE_33152_length_216_cov_1.161491	lost	False	3	3	0
UC028_V2	NODE_38321_length_160_cov_7.447619	lost	False	3	3	0
UC028_V2	NODE_50805_length_98_cov_1.209302	lost	False	3	3	0
UC028_V2	NODE_919_length_3055_cov_5.303667	lost	False	3	3	0
UC028_V2	NODE_32179_length_221_cov_1.084337	lost	False	3	3	0
UC028_V2	NODE_19528_length_311_cov_0.894531	lost	False	3	3	0
UC028_V2	NODE_16489_length_359_cov_1.717105	lost	False	3	3	0
UC028_V2	NODE_6306_length_774_cov_3.239221	lost	False	3	3	0
UC028_V2	NODE_41223_length_136_cov_2.654321	lost	False	3	3	0
UC028_V2	NODE_21354_length_287_cov_1.672414	lost	False	3	3	0
UC028_V2	NODE_3752_length_1136_cov_14.525439	lost	False	3	3	0
UC028_V2	NODE_47796_length_108_cov_5.735849	lost	False	3	3	0
UC028_V2	NODE_47490_length_109_cov_10.222222	lost	False	3	3	0
UC028_V2	NODE_29619_length_234_cov_1.469274	lost	False	2	2	3
UC028_V2	NODE_12662_length_449_cov_1.088832	lost	False	3	3	0
UC028_V2	NODE_48021_length_107_cov_8.826923	lost	False	3	3	0
UC028_V2	NODE_34352_length_210_cov_1.445161	lost	False	3	3	0
UC028_V2	NODE_21032_length_291_cov_1.220339	lost	False	3	3	-1
UC028_V2	NODE_5322_length_877_cov_2.020681	lost	False	3	3	0
UC028_V2	NODE_45509_length_111_cov_90.696429	lost	False	3	3	0
UC028_V2	NODE_48716_length_105_cov_3.000000	lost	False	3	3	0
UC028_V2	NODE_49259_length_103_cov_2.791667	lost	False	3	3	-1
UC028_V2	NODE_8003_length_646_cov_2.235195	lost	False	3	3	0
UC028_V2	NODE_44035_length_118_cov_1.761905	lost	False	3	3	0
UC028_V2	NODE_36275_length_185_cov_22.830769	lost	False	3	3	0
UC028_V2	NODE_33802_length_213_cov_1.126582	lost	False	3	3	0
UC028_V2	NODE_1562_length_2119_cov_9.032946	lost	False	3	3	0
UC028_V2	NODE_21764_length_283_cov_1.017544	lost	False	3	3	0
UC028_V2	NODE_48482_length_106_cov_2.529412	lost	False	3	3	0
UC028_V2	NODE_5256_length_884_cov_3.242461	lost	False	3	3	0
UC028_V2	NODE_11463_length_487_cov_2.388889	lost	False	3	3	0
UC028_V2	NODE_1038_length_2812_cov_3.964817	lost	False	3	3	0
UC028_V2	NODE_40400_length_142_cov_10.390805	lost	False	3	3	0
UC028_V2	NODE_38057_length_163_cov_2.046296	lost	False	3	3	0
UC028_V2	NODE_39444_length_150_cov_5.726316	lost	False	3	3	0
UC028_V2	NODE_31076_length_226_cov_1.684211	lost	False	3	3	0
UC028_V2	NODE_38809_length_156_cov_1.722772	lost	False	3	3	0
UC028_V2	NODE_9239_length_581_cov_1.819392	lost	False	3	3	0
UC028_V2	NODE_41067_length_137_cov_2.682927	lost	False	3	3	-1
UC028_V2	NODE_12750_length_446_cov_4.056266	lost	False	3	3	0
UC028_V2	NODE_36837_length_177_cov_2.475410	lost	False	3	3	0
UC028_V2	NODE_22426_length_278_cov_0.860987	lost	False	3	3	-1
UC028_V2	NODE_52276_length_94_cov_4.000000	lost	False	3	3	-1
UC028_V2	NODE_30712_length_228_cov_1.589595	lost	False	3	3	0
UC028_V2	NODE_28839_length_238_cov_1.573770	lost	False	3	3	0
UC028_V2	NODE_21535_length_285_cov_1.782609	lost	False	3	3	0
UC028_V2	NODE_20460_length_298_cov_1.296296	lost	False	3	3	0
UC028_V2	NODE_19083_length_317_cov_2.541985	lost	False	2	2	3
UC028_V2	NODE_57462_length_82_cov_6.777778	lost	False	3	3	0
UC028_V2	NODE_15363_length_382_cov_1.492355	lost	False	3	3	0
UC028_V2	NODE_33925_length_212_cov_1.248408	lost	False	3	3	0
UC028_V2	NODE_37686_length_166_cov_19.351351	lost	False	3	3	0
UC028_V2	NODE_628_length_3994_cov_3.499111	lost	False	3	3	0
UC028_V2	NODE_32451_length_219_cov_2.939024	lost	False	3	3	0
UC028_V2	NODE_39878_length_146_cov_17.637363	lost	False	3	3	0
UC028_V2	NODE_34390_length_210_cov_1.238710	lost	False	3	3	0
UC028_V2	NODE_14095_length_411_cov_1.252809	lost	False	3	3	0
UC028_V2	NODE_22056_length_280_cov_2.057778	lost	False	3	3	0
UC028_V2	NODE_10046_length_543_cov_2.950820	lost	False	3	3	0
UC028_V2	NODE_47803_length_108_cov_5.320755	lost	False	3	3	0
UC028_V2	NODE_38044_length_163_cov_2.574074	lost	False	3	3	0
UC028_V2	NODE_24132_length_266_cov_1.819905	lost	False	3	3	0
UC028_V2	NODE_30134_length_231_cov_1.636364	lost	False	3	3	0
UC028_V2	NODE_35655_length_196_cov_2.730496	lost	False	3	3	0
UC028_V2	NODE_19854_length_306_cov_1.840637	lost	False	3	3	0
UC028_V2	NODE_34887_length_208_cov_1.156863	lost	False	3	3	0
UC028_V2	NODE_50995_length_97_cov_8.857143	lost	False	3	3	0
UC028_V2	NODE_4891_length_935_cov_2.082955	lost	False	3	3	0
UC028_V2	NODE_35023_length_207_cov_1.717105	lost	False	3	3	0
UC028_V2	NODE_14532_length_400_cov_3.339130	lost	False	3	3	-1
UC028_V2	NODE_19478_length_311_cov_3.882812	lost	False	3	3	0
UC028_V2	NODE_9909_length_549_cov_2.544534	lost	False	3	3	0
UC028_V2	NODE_20367_length_299_cov_1.897541	lost	False	3	3	0
UC028_V2	NODE_48125_length_107_cov_2.826923	lost	False	3	3	-1
UC028_V2	NODE_38164_length_162_cov_1.728972	lost	False	2	2	3
UC028_V2	NODE_31141_length_226_cov_1.122807	lost	False	3	3	0
UC028_V2	NODE_8051_length_644_cov_1.466893	lost	False	3	3	0
UC028_V2	NODE_34520_length_209_cov_2.396104	lost	False	2	2	3
UC028_V2	NODE_55602_length_86_cov_4.096774	lost	False	3	3	0
UC028_V2	NODE_32118_length_221_cov_1.156627	lost	False	2	2	3
UC028_V2	NODE_27452_length_245_cov_3.678947	lost	False	3	3	0
UC028_V2	NODE_49290_length_102_cov_317.680851	lost	False	3	3	0
UC028_V2	NODE_11203_length_497_cov_1.977376	lost	False	3	3	0
UC028_V2	NODE_39480_length_150_cov_1.842105	lost	False	3	3	0
UC028_V2	NODE_42295_length_128_cov_26.164384	lost	False	3	3	0
UC028_V2	NODE_44328_length_116_cov_18.819672	lost	False	3	3	0
UC028_V2	NODE_36139_length_188_cov_0.909774	lost	False	2	2	3
UC028_V2	NODE_25968_length_254_cov_1.929648	lost	False	3	3	0
UC028_V2	NODE_31381_length_225_cov_1.129412	lost	False	3	3	-1
UC028_V2	NODE_20684_length_295_cov_1.120833	lost	False	3	3	0
UC028_V2	NODE_31896_length_222_cov_1.173653	lost	False	3	3	0
UC028_V2	NODE_15724_length_374_cov_1.962382	lost	False	3	3	0
UC028_V2	NODE_12753_length_446_cov_2.815857	lost	False	3	3	-1
UC028_V2	NODE_29496_length_235_cov_1.011111	lost	False	3	3	0
UC028_V2	NODE_40185_length_144_cov_2.921348	lost	False	3	3	0
UC028_V2	NODE_40699_length_140_cov_4.658824	lost	False	3	3	0
UC028_V2	NODE_5360_length_871_cov_3.136029	lost	False	3	3	0
UC028_V2	NODE_3531_length_1190_cov_3.839648	lost	False	3	3	0
UC028_V2	NODE_30500_length_229_cov_2.143678	lost	False	3	3	0
UC028_V2	NODE_27838_length_243_cov_3.037234	lost	False	3	3	0
UC028_V2	NODE_40306_length_143_cov_2.738636	lost	False	3	3	0
UC028_V2	NODE_27652_length_244_cov_2.328042	lost	False	3	3	0
UC028_V2	NODE_19806_length_307_cov_1.142857	lost	False	3	3	0
UC028_V2	NODE_1235_length_2497_cov_2.065520	lost	False	3	3	0
UC028_V2	NODE_34519_length_209_cov_2.493506	lost	False	3	3	0
UC028_V2	NODE_17566_length_341_cov_1.716783	lost	False	3	3	0
UC028_V2	NODE_6095_length_792_cov_2.453189	lost	False	3	3	0
UC028_V2	NODE_28138_length_242_cov_1.026738	lost	False	3	3	0
UC028_V2	NODE_14923_length_391_cov_2.437500	lost	False	3	3	0
UC028_V2	NODE_6903_length_724_cov_2.282511	lost	False	3	3	0
UC028_V2	NODE_13963_length_414_cov_1.598886	lost	False	3	3	-1
UC028_V2	NODE_36123_length_188_cov_3.112782	lost	False	3	3	0
UC028_V2	NODE_43289_length_122_cov_1.089552	lost	False	3	3	0
UC028_V2	NODE_30913_length_227_cov_1.453488	lost	False	3	3	0
UC028_V2	NODE_9606_length_563_cov_1.454724	lost	False	3	3	0
UC028_V2	NODE_39351_length_151_cov_2.062500	lost	False	3	3	0
UC028_V2	NODE_59801_length_78_cov_3.913043	lost	False	3	3	-1
UC028_V2	NODE_19496_length_311_cov_2.167969	lost	False	3	3	0
UC028_V2	NODE_17869_length_336_cov_2.263345	lost	False	3	3	0
UC028_V2	NODE_16635_length_357_cov_1.271523	lost	False	3	3	0
UC028_V2	NODE_39931_length_146_cov_3.076923	lost	False	3	3	0
UC028_V2	NODE_27159_length_247_cov_2.000000	lost	False	3	3	-1
UC028_V2	NODE_19710_length_308_cov_1.897233	lost	False	3	3	0
UC028_V2	NODE_47795_length_108_cov_5.754717	lost	False	3	3	0
UC028_V2	NODE_37683_length_166_cov_19.630631	lost	False	3	3	0
UC028_V2	NODE_17216_length_347_cov_1.972603	lost	False	3	3	0
UC028_V2	NODE_4856_length_939_cov_2.945701	lost	False	3	3	0
UC028_V2	NODE_36258_length_186_cov_1.335878	lost	False	3	3	0
UC028_V2	NODE_700_length_3701_cov_6.058146	lost	False	3	3	0
UC028_V2	NODE_25313_length_258_cov_3.684729	lost	False	3	3	0
UC028_V2	NODE_2211_length_1652_cov_2.561678	lost	False	3	3	0
UC028_V2	NODE_7880_length_655_cov_2.758333	lost	False	3	3	0
UC028_V2	NODE_19860_length_306_cov_1.529880	lost	False	3	3	0
UC028_V2	NODE_3626_length_1163_cov_2.326715	lost	False	3	3	0
UC028_V2	NODE_29007_length_237_cov_2.109890	lost	False	3	3	0
UC028_V2	NODE_31954_length_222_cov_1.149701	lost	False	3	3	0
UC028_V2	NODE_43862_length_119_cov_2.859375	lost	False	3	3	-1
UC028_V2	NODE_18423_length_327_cov_2.742647	lost	False	3	3	0
UC028_V2	NODE_33941_length_212_cov_1.222930	lost	False	3	3	0
UC028_V2	NODE_34845_length_208_cov_1.254902	lost	False	3	3	0
UC028_V2	NODE_5638_length_842_cov_2.522236	lost	False	3	3	0
UC028_V2	NODE_21207_length_289_cov_1.247863	lost	False	3	3	0
UC028_V2	NODE_5229_length_888_cov_1.835534	lost	False	3	3	0
UC028_V2	NODE_48292_length_106_cov_12.627451	lost	False	3	3	0
UC028_V2	NODE_34419_length_210_cov_1.238710	lost	False	3	3	0
UC028_V2	NODE_47849_length_108_cov_3.452830	lost	False	3	3	0
UC028_V2	NODE_19030_length_318_cov_1.969582	lost	False	3	3	0
UC028_V2	NODE_47509_length_109_cov_8.944444	lost	False	3	3	0
UC028_V2	NODE_30056_length_231_cov_202.761364	lost	False	3	3	0
UC028_V2	NODE_48348_length_106_cov_7.039216	lost	False	3	3	0
UC028_V2	NODE_13112_length_436_cov_3.133858	lost	False	3	3	0
UC028_V2	NODE_34728_length_208_cov_2.509804	lost	False	3	3	0
UC028_V2	NODE_30904_length_227_cov_1.546512	lost	False	3	3	0
UC028_V2	NODE_27675_length_244_cov_1.873016	lost	False	3	3	0
UC028_V2	NODE_8320_length_629_cov_1.630662	lost	False	3	3	-1
UC028_V2	NODE_1122_length_2665_cov_2.829885	lost	False	2	2	3
UC028_V2	NODE_25575_length_257_cov_0.950495	lost	False	3	3	0
UC028_V2	NODE_40604_length_141_cov_1.720930	lost	False	3	3	-1
UC028_V2	NODE_3828_length_1116_cov_3.948162	lost	False	3	3	0
UC028_V2	NODE_17704_length_339_cov_1.500000	lost	False	3	3	0
UC028_V2	NODE_27451_length_245_cov_4.084211	lost	False	3	3	0
UC028_V2	NODE_341_length_5968_cov_3.847793	lost	False	3	3	0
UC028_V2	NODE_7671_length_669_cov_3.682410	lost	False	3	3	0
UC028_V2	NODE_9853_length_552_cov_2.605634	lost	False	3	3	0
UC028_V2	NODE_23790_length_268_cov_2.215962	lost	False	3	3	0
UC028_V2	NODE_4926_length_929_cov_3.343249	lost	False	3	3	0
UC028_V2	NODE_23291_length_272_cov_0.884793	lost	False	3	3	0
UC028_V2	NODE_19134_length_316_cov_49.574713	lost	False	3	3	0
UC028_V2	NODE_43277_length_122_cov_3.447761	lost	False	3	3	0
UC028_V2	NODE_9310_length_577_cov_2.296935	lost	False	3	3	0
UC028_V2	NODE_36919_length_176_cov_1.495868	lost	False	3	3	0
UC028_V2	NODE_41477_length_134_cov_5.873418	lost	False	3	3	0
UC028_V2	NODE_47993_length_107_cov_13.923077	lost	False	3	3	0
UC028_V2	NODE_60757_length_76_cov_17.000000	lost	False	3	3	0
UC028_V2	NODE_49557_length_102_cov_2.659574	lost	False	3	3	-1
UC028_V2	NODE_16533_length_358_cov_2.372937	lost	False	3	3	-1
UC028_V2	NODE_27864_length_243_cov_2.042553	lost	False	3	3	0
UC028_V2	NODE_35878_length_192_cov_1.014599	lost	False	2	2	3
UC028_V2	NODE_16475_length_359_cov_2.779605	lost	False	3	3	-1
UC028_V2	NODE_35028_length_207_cov_1.486842	lost	False	3	3	0
UC028_V2	NODE_1878_length_1855_cov_5.317778	lost	False	3	3	0
UC028_V2	NODE_36770_length_178_cov_1.951220	lost	False	3	3	0
UC028_V2	NODE_555_length_4303_cov_4.429614	lost	False	3	3	0
UC028_V2	NODE_25740_length_256_cov_0.955224	lost	False	3	3	0
UC028_V2	NODE_51136_length_97_cov_3.000000	lost	False	3	3	0
UC028_V2	NODE_33581_length_214_cov_1.188679	lost	False	3	3	0
UC028_V2	NODE_39926_length_146_cov_3.406593	lost	False	3	3	0
UC028_V2	NODE_34745_length_208_cov_2.084967	lost	False	3	3	0
UC028_V2	NODE_48000_length_107_cov_11.826923	lost	False	3	3	0
UC028_V2	NODE_18457_length_327_cov_1.330882	lost	False	3	3	0
UC028_V2	NODE_11894_length_471_cov_2.951923	lost	False	3	3	0
UC028_V2	NODE_47552_length_109_cov_5.000000	lost	False	3	3	0
UC028_V2	NODE_36468_length_182_cov_6.795276	lost	False	3	3	0
UC028_V2	NODE_29292_length_236_cov_1.060773	lost	False	3	3	0
UC028_V2	NODE_27320_length_246_cov_1.675393	lost	False	3	3	0
UC028_V2	NODE_68946_length_66_cov_3.363636	lost	False	3	3	0
UC028_V2	NODE_8978_length_594_cov_1.820037	lost	False	3	3	0
UC028_V2	NODE_24739_length_262_cov_1.917874	lost	False	3	3	0
UC028_V2	NODE_11007_length_504_cov_2.287305	lost	False	3	3	0
UC028_V2	NODE_38920_length_155_cov_1.120000	lost	False	3	3	0
UC028_V2	NODE_4384_length_1012_cov_2.439916	lost	False	3	3	0
UC028_V2	NODE_34886_length_208_cov_1.163399	lost	False	3	3	0
UC028_V2	NODE_39566_length_149_cov_7.117021	lost	False	3	3	0
UC028_V2	NODE_20862_length_293_cov_1.210084	lost	False	3	3	0
UC028_V2	NODE_44465_length_116_cov_3.409836	lost	False	3	3	0
UC028_V2	NODE_21451_length_286_cov_1.844156	lost	False	3	3	0
UC028_V2	NODE_35508_length_199_cov_1.208333	lost	False	3	3	0
UC028_V2	NODE_15565_length_377_cov_3.086957	lost	False	3	3	0
UC028_V2	NODE_41775_length_132_cov_2.610390	lost	False	3	3	0
UC028_V2	NODE_2839_length_1386_cov_3.950413	lost	False	3	3	0
UC028_V2	NODE_38575_length_158_cov_1.213592	lost	False	3	3	0
UC028_V2	NODE_59498_length_78_cov_25.217391	lost	False	3	3	-1
UC028_V2	NODE_21830_length_282_cov_1.466960	lost	False	3	3	0
UC028_V2	NODE_47558_length_109_cov_4.833333	lost	False	3	3	0
UC028_V2	NODE_21707_length_283_cov_2.456140	lost	False	3	3	0
UC028_V2	NODE_30906_length_227_cov_1.540698	lost	False	3	3	0
UC028_V2	NODE_26812_length_249_cov_2.474227	lost	False	3	3	0
UC028_V2	NODE_45101_length_113_cov_4.275862	lost	False	3	3	0
UC028_V2	NODE_29308_length_236_cov_1.044199	lost	False	3	3	0
UC028_V2	NODE_1266_length_2455_cov_5.065833	lost	False	3	3	0
UC028_V2	NODE_37042_length_174_cov_9.689076	lost	False	3	3	0
UC028_V2	NODE_11143_length_499_cov_2.484234	lost	False	3	3	0
UC028_V2	NODE_8456_length_622_cov_1.998236	lost	False	3	3	0
UC028_V2	NODE_17378_length_344_cov_2.435986	lost	False	3	3	0
UC028_V2	NODE_17682_length_339_cov_2.588028	lost	False	3	3	0
UC028_V2	NODE_41520_length_134_cov_2.101266	lost	False	3	3	0
UC028_V2	NODE_15400_length_381_cov_1.472393	lost	False	3	3	0
UC028_V2	NODE_61369_length_75_cov_38.200000	lost	False	3	3	0
UC028_V2	NODE_22984_length_274_cov_1.301370	lost	False	3	3	0
UC028_V2	NODE_34877_length_208_cov_1.248366	lost	False	3	3	0
UC028_V2	NODE_34349_length_210_cov_1.509677	lost	False	3	3	0
UC028_V2	NODE_34200_length_211_cov_1.198718	lost	False	3	3	-1
UC028_V2	NODE_21883_length_281_cov_2.973451	lost	False	3	3	0
UC028_V2	NODE_11349_length_491_cov_2.977064	lost	False	3	3	0
UC028_V2	NODE_18399_length_328_cov_1.223443	lost	False	3	3	0
UC028_V2	NODE_47177_length_110_cov_11.909091	lost	False	3	3	0
UC028_V2	NODE_14633_length_398_cov_2.620991	lost	False	3	3	0
UC028_V2	NODE_17926_length_335_cov_2.632143	lost	False	3	3	0
UC028_V2	NODE_33451_length_214_cov_2.339623	lost	False	3	3	0
UC028_V2	NODE_2403_length_1572_cov_4.986816	lost	False	3	3	0
UC028_V2	NODE_37962_length_164_cov_1.761468	lost	False	3	3	0
UC028_V2	NODE_21522_length_285_cov_2.578261	lost	False	3	3	0
UC028_V2	NODE_19266_length_314_cov_4.745174	lost	False	3	3	0
UC028_V2	NODE_23993_length_267_cov_1.575472	lost	False	3	3	0
UC028_V2	NODE_34220_length_211_cov_1.025641	lost	False	3	3	-1
UC028_V2	NODE_18411_length_327_cov_9.393382	lost	False	3	3	0
UC028_V2	NODE_48615_length_105_cov_8.820000	lost	False	3	3	0
UC028_V2	NODE_34095_length_211_cov_1.858974	lost	False	3	3	0
UC028_V2	NODE_19122_length_317_cov_1.148855	lost	False	3	3	0
UC028_V2	NODE_22854_length_275_cov_0.872727	lost	False	3	3	-1
UC028_V2	NODE_572_length_4223_cov_4.581574	lost	False	3	3	0
UC028_V2	NODE_15354_length_382_cov_2.094801	lost	False	3	3	0
UC028_V2	NODE_49242_length_103_cov_3.166667	lost	False	3	3	0
UC028_V2	NODE_18833_length_321_cov_2.214286	lost	False	3	3	0
UC028_V2	NODE_10462_length_525_cov_2.772340	lost	False	3	3	0
UC028_V2	NODE_11683_length_478_cov_1.588652	lost	False	3	3	0
UC028_V2	NODE_13492_length_426_cov_1.816712	lost	False	3	3	0
UC028_V2	NODE_42050_length_130_cov_7.586667	lost	False	3	3	0
UC028_V2	NODE_18964_length_319_cov_2.837121	lost	False	3	3	0
UC028_V2	NODE_5535_length_853_cov_1.791980	lost	False	3	3	0
UC028_V2	NODE_22202_length_279_cov_1.910714	lost	False	3	3	0
UC028_V2	NODE_28541_length_240_cov_1.037838	lost	False	3	3	0
UC028_V2	NODE_25912_length_255_cov_0.960000	lost	False	3	3	0
UC028_V2	NODE_29872_length_233_cov_0.898876	lost	False	3	3	0
UC028_V2	NODE_10676_length_517_cov_3.075758	lost	False	3	3	0
UC028_V2	NODE_1371_length_2336_cov_5.417799	lost	False	3	3	0
UC028_V2	NODE_27488_length_245_cov_2.021053	lost	False	3	3	0
UC028_V2	NODE_9072_length_589_cov_2.807116	lost	False	3	3	0
UC028_V2	NODE_35632_length_196_cov_9.170213	lost	False	3	3	0
UC028_V2	NODE_47948_length_107_cov_28.538462	lost	False	3	3	0
UC028_V2	NODE_37218_length_172_cov_2.829060	lost	False	3	3	0
UC028_V2	NODE_10701_length_516_cov_3.093275	lost	False	3	3	0
UC028_V2	NODE_37598_length_167_cov_10.116071	lost	False	3	3	0
UC028_V2	NODE_20670_length_295_cov_1.395833	lost	False	3	3	0
UC028_V2	NODE_18298_length_329_cov_2.496350	lost	False	3	3	0
UC028_V2	NODE_16318_length_362_cov_2.762215	lost	False	3	3	-1
UC028_V2	NODE_151_length_10263_cov_83.399491	lost	False	3	3	0
UC028_V2	NODE_31892_length_222_cov_1.275449	lost	False	3	3	0
UC028_V2	NODE_16977_length_351_cov_1.699324	lost	False	3	3	0
UC028_V2	NODE_19382_length_313_cov_1.116279	lost	False	3	3	0
UC028_V2	NODE_61306_length_75_cov_72.550000	lost	False	3	3	0
UC028_V2	NODE_39717_length_148_cov_1.634409	lost	False	3	3	0
UC028_V2	NODE_5101_length_907_cov_3.376761	lost	False	3	3	0
UC028_V2	NODE_22219_length_279_cov_1.709821	lost	False	3	3	0
UC028_V2	NODE_10177_length_537_cov_2.126556	lost	False	3	3	0
UC028_V2	NODE_47846_length_108_cov_3.509434	lost	False	3	3	0
UC028_V2	NODE_25731_length_256_cov_0.955224	lost	False	3	3	0
UC028_V2	NODE_31852_length_222_cov_1.838323	lost	False	3	3	0
UC028_V2	NODE_26419_length_252_cov_0.974619	lost	False	3	3	0
UC028_V2	NODE_32263_length_220_cov_1.745455	lost	False	3	3	0
UC028_V2	NODE_33530_length_214_cov_1.207547	lost	False	3	3	0
UC028_V2	NODE_17659_length_339_cov_162.732394	lost	False	3	3	0
UC028_V2	NODE_35998_length_190_cov_0.940741	lost	False	3	3	0
UC028_V2	NODE_48246_length_106_cov_20.000000	lost	False	3	3	0
UC028_V2	NODE_38165_length_162_cov_1.719626	lost	False	3	3	0
UC028_V2	NODE_18442_length_327_cov_1.411765	lost	False	2	2	3
UC028_V2	NODE_23409_length_271_cov_1.333333	lost	False	3	3	0
UC028_V2	NODE_9330_length_576_cov_1.815739	lost	False	3	3	0
UC028_V2	NODE_42533_length_127_cov_3.013889	lost	False	3	3	0
UC028_V2	NODE_30593_length_229_cov_1.086207	lost	False	3	3	0
UC028_V2	NODE_11768_length_475_cov_3.483333	lost	False	2	2	3
UC028_V2	NODE_38156_length_162_cov_2.093458	lost	False	2	2	3
UC028_V2	NODE_18838_length_321_cov_2.157895	lost	False	3	3	0
UC028_V2	NODE_24919_length_261_cov_1.796117	lost	False	2	2	3
UC028_V2	NODE_29824_length_233_cov_1.078652	lost	False	3	3	0
UC028_V2	NODE_35754_length_194_cov_5.913669	lost	False	3	3	0
UC028_V2	NODE_15950_length_369_cov_2.993631	lost	False	3	3	0
UC028_V2	NODE_26048_length_254_cov_0.964824	lost	False	3	3	0
UC028_V2	NODE_13532_length_425_cov_1.754054	lost	False	3	3	0
UC028_V2	NODE_19746_length_308_cov_0.944664	lost	False	3	3	0
UC028_V2	NODE_31811_length_222_cov_3.449102	lost	False	3	3	0
UC028_V2	NODE_35811_length_193_cov_5.753623	lost	False	3	3	0
UC028_V2	NODE_37024_length_174_cov_28.714286	lost	False	3	3	0
UC028_V2	NODE_6217_length_782_cov_2.302613	lost	False	3	3	-1
UC028_V2	NODE_42103_length_130_cov_1.200000	lost	False	3	3	0
UC028_V2	NODE_40202_length_144_cov_1.528090	lost	False	3	3	0
UC028_V2	NODE_5275_length_882_cov_2.605804	lost	False	3	3	0
UC028_V2	NODE_6526_length_754_cov_11.266094	lost	False	3	3	0
UC028_V2	NODE_13441_length_428_cov_0.997319	lost	False	3	3	0
UC028_V2	NODE_13578_length_424_cov_1.238482	lost	False	3	3	0
UC028_V2	NODE_35755_length_194_cov_5.712230	lost	False	3	3	0
UC028_V2	NODE_40769_length_139_cov_16.857143	lost	False	3	3	0
UC028_V2	NODE_40320_length_143_cov_1.829545	lost	False	3	3	0
UC028_V2	NODE_28811_length_238_cov_1.704918	lost	False	3	3	0
UC028_V2	NODE_27373_length_246_cov_1.005236	lost	False	3	3	0
UC028_V2	NODE_15321_length_383_cov_1.463415	lost	False	3	3	0
UC028_V2	NODE_26148_length_253_cov_2.181818	lost	False	3	3	0
UC028_V2	NODE_29013_length_237_cov_1.989011	lost	False	3	3	0
UC028_V2	NODE_10236_length_534_cov_3.764092	lost	False	3	3	0
UC028_V2	NODE_51643_length_95_cov_83.875000	lost	False	3	3	0
UC028_V2	NODE_40841_length_139_cov_2.738095	lost	False	3	3	0
UC028_V2	NODE_6259_length_778_cov_2.373444	lost	False	3	3	0
UC028_V2	NODE_16482_length_359_cov_2.072368	lost	False	3	3	0
UC028_V2	NODE_18009_length_334_cov_1.376344	lost	False	3	3	0
UC028_V2	NODE_50236_length_100_cov_2.800000	lost	False	3	3	0
UC028_V2	NODE_2170_length_1674_cov_2.653490	lost	False	3	3	0
UC028_V2	NODE_47847_length_108_cov_3.509434	lost	False	3	3	0
UC028_V2	NODE_45114_length_113_cov_3.637931	lost	False	3	3	0
UC028_V2	NODE_32120_length_221_cov_1.156627	lost	False	3	3	0
UC028_V2	NODE_48614_length_105_cov_8.820000	lost	False	3	3	0
UC028_V2	NODE_34963_length_207_cov_2.526316	lost	False	3	3	0
UC028_V2	NODE_36914_length_176_cov_1.917355	lost	False	3	3	0
UC028_V2	NODE_16760_length_355_cov_0.960000	lost	False	3	3	0
UC028_V2	NODE_16924_length_352_cov_1.319865	lost	False	3	3	0
UC028_V2	NODE_4341_length_1018_cov_2.365524	lost	False	3	3	0
UC028_V2	NODE_11776_length_475_cov_2.057143	lost	False	3	3	0
UC028_V2	NODE_15848_length_371_cov_2.439873	lost	False	3	3	0
UC028_V2	NODE_16458_length_359_cov_21.470395	lost	False	3	3	0
UC028_V2	NODE_19764_length_307_cov_2.797619	lost	False	3	3	0
UC028_V2	NODE_3114_length_1301_cov_2.044944	lost	False	3	3	0
UC028_V2	NODE_16445_length_360_cov_1.259016	lost	False	3	3	0
UC028_V2	NODE_29417_length_235_cov_1.600000	lost	False	3	3	0
UC028_V2	NODE_18037_length_333_cov_7.597122	lost	False	3	3	0
UC028_V2	NODE_38683_length_157_cov_2.813725	lost	False	3	3	0
UC028_V2	NODE_26996_length_248_cov_1.989637	lost	False	3	3	0
UC028_V2	NODE_31532_length_224_cov_1.426036	lost	False	3	3	0
UC028_V2	NODE_33786_length_213_cov_1.215190	lost	False	3	3	0
UC028_V2	NODE_48438_length_106_cov_3.529412	lost	False	3	3	-1
UC028_V2	NODE_19454_length_312_cov_1.182879	lost	False	3	3	0
UC028_V2	NODE_60785_length_76_cov_13.809524	lost	False	3	3	0
UC028_V2	NODE_10984_length_505_cov_1.953333	lost	False	3	3	0
UC028_V2	NODE_18106_length_332_cov_3.173285	lost	False	3	3	0
UC028_V2	NODE_5027_length_915_cov_11.019767	lost	False	3	3	0
UC028_V2	NODE_7870_length_656_cov_3.011647	lost	False	3	3	0
UC028_V2	NODE_34642_length_209_cov_1.246753	lost	False	3	3	0
UC028_V2	NODE_25349_length_258_cov_1.541872	lost	False	3	3	0
UC028_V2	NODE_27867_length_243_cov_1.808511	lost	False	3	3	0
UC028_V2	NODE_68370_length_66_cov_11.727273	lost	False	3	3	-1
UC028_V2	NODE_33789_length_213_cov_1.208861	lost	False	3	3	0
UC028_V2	NODE_17698_length_339_cov_1.718310	lost	False	3	3	0
UC028_V2	NODE_35095_length_207_cov_1.263158	lost	False	3	3	0
UC028_V2	NODE_9899_length_549_cov_90.892713	lost	False	3	3	0
UC028_V2	NODE_18054_length_333_cov_2.521583	lost	False	3	3	0
UC028_V2	NODE_35866_length_192_cov_2.627737	lost	False	3	3	0
UC028_V2	NODE_34984_length_207_cov_1.927632	lost	False	3	3	0
UC028_V2	NODE_23941_length_267_cov_3.632075	lost	False	3	3	0
UC028_V2	NODE_18437_length_327_cov_1.713235	lost	False	3	3	0
UC028_V2	NODE_12518_length_453_cov_1.447236	lost	False	3	3	0
UC028_V2	NODE_38434_length_159_cov_4.230769	lost	False	3	3	0
UC028_V2	NODE_35764_length_194_cov_3.791367	lost	False	3	3	0
UC028_V2	NODE_15756_length_373_cov_3.937107	lost	False	3	3	0
UC028_V2	NODE_40180_length_144_cov_3.943820	lost	False	3	3	0
UC028_V2	NODE_48586_length_105_cov_12.860000	lost	False	3	3	0
UC028_V2	NODE_12372_length_457_cov_1.360697	lost	False	3	3	0
UC028_V2	NODE_44484_length_116_cov_1.524590	lost	False	3	3	-1
UC028_V2	NODE_33555_length_214_cov_1.207547	lost	False	3	3	0
UC028_V2	NODE_24488_length_264_cov_1.057416	lost	False	3	3	0
UC028_V2	NODE_5271_length_882_cov_4.043531	lost	False	3	3	0
UC028_V2	NODE_9275_length_579_cov_1.591603	lost	False	3	3	0
UC028_V2	NODE_26955_length_248_cov_7.642487	lost	False	2	2	3
UC028_V2	NODE_776_length_3437_cov_16.710231	lost	False	3	3	0
UC028_V2	NODE_9820_length_554_cov_1.458918	lost	False	3	3	0
UC028_V2	NODE_32158_length_221_cov_1.156627	lost	False	3	3	0
UC028_V2	NODE_32992_length_217_cov_1.012346	lost	False	3	3	0
UC028_V2	NODE_50534_length_99_cov_2.568182	lost	False	3	3	0
UC028_V2	NODE_49503_length_102_cov_3.978723	lost	False	3	3	0
UC028_V2	NODE_35057_length_207_cov_1.263158	lost	False	3	3	0
UC028_V2	NODE_38273_length_161_cov_1.113208	lost	False	3	3	0
UC028_V2	NODE_46578_length_111_cov_5.982143	lost	False	3	3	0
UC028_V2	NODE_38221_length_161_cov_9.358491	lost	False	3	3	0
UC028_V2	NODE_19486_length_311_cov_2.824219	lost	False	3	3	0
UC028_V2	NODE_29540_length_234_cov_3.217877	lost	False	3	3	0
UC028_V2	NODE_31925_length_222_cov_1.149701	lost	False	3	3	0
UC028_V2	NODE_32932_length_217_cov_1.185185	lost	False	3	3	0
UC028_V2	NODE_28190_length_241_cov_3.602151	lost	False	3	3	0
UC028_V2	NODE_7386_length_689_cov_1.279180	lost	False	3	3	0
UC055_V1	NODE_4763_length_267_cov_2.357895	lost	False	3	3	0
UC055_V1	NODE_5219_length_255_cov_2.865169	lost	False	3	3	0
UC055_V1	NODE_5156_length_257_cov_1.172222	lost	False	3	3	0
UC055_V1	NODE_6039_length_235_cov_0.936709	lost	False	3	3	0
UC055_V1	NODE_2736_length_422_cov_0.944928	lost	False	3	3	0
UC055_V1	NODE_1822_length_558_cov_1.384615	lost	False	3	3	0
UC055_V1	NODE_3067_length_390_cov_1.418530	lost	False	3	3	0
UC055_V1	NODE_45_length_2512_cov_4.103491	lost	False	3	3	0
UC055_V1	NODE_2967_length_399_cov_1.568323	lost	False	3	3	0
UC055_V1	NODE_3510_length_349_cov_1.632353	lost	False	3	3	0
UC055_V1	NODE_4660_length_271_cov_1.144330	lost	False	3	3	0
UC055_V1	NODE_3354_length_363_cov_1.293706	lost	False	3	3	0
UC055_V1	NODE_688_length_876_cov_2.415519	lost	False	3	3	0
UC055_V1	NODE_1991_length_524_cov_1.489933	lost	False	3	3	0
UC055_V1	NODE_6293_length_138_cov_18.868852	lost	False	3	3	0
UC055_V1	NODE_173_length_1517_cov_62.482639	lost	False	2	2	3
UC055_V1	NODE_3631_length_339_cov_0.847328	lost	False	3	3	0
UC055_V1	NODE_6294_length_138_cov_16.836066	lost	False	3	3	0
UC055_V1	NODE_2192_length_492_cov_1.069880	lost	False	3	3	0
UC055_V1	NODE_4125_length_304_cov_0.973568	lost	False	3	3	0
UC055_V1	NODE_5245_length_255_cov_1.235955	lost	False	3	3	0
UC055_V1	NODE_4309_length_291_cov_1.383178	lost	False	3	3	0
UC055_V1	NODE_3495_length_350_cov_1.355311	lost	False	3	3	0
UC055_V1	NODE_3644_length_337_cov_1.419231	lost	False	3	3	0
UC055_V1	NODE_6298_length_137_cov_11.333333	lost	False	3	3	0
UC055_V1	NODE_916_length_779_cov_1.475783	lost	False	3	3	0
UC055_V1	NODE_2079_length_509_cov_1.370370	lost	False	3	3	0
UC055_V1	NODE_4572_length_275_cov_1.868687	lost	False	3	3	0
UC055_V1	NODE_2345_length_470_cov_1.129771	lost	False	3	3	0
UC055_V1	NODE_3094_length_387_cov_102.916129	lost	False	2	2	3
UC055_V1	NODE_2428_length_460_cov_1.057441	lost	False	3	3	0
UC055_V2	NODE_10423_length_332_cov_2.000000	lost	False	3	3	0
UC055_V2	NODE_5901_length_561_cov_18.580579	lost	False	3	3	0
UC055_V2	NODE_2820_length_1051_cov_3.308008	lost	False	3	3	0
UC055_V2	NODE_1652_length_1853_cov_1.863176	lost	False	3	3	0
UC055_V2	NODE_861_length_4165_cov_17.567025	lost	False	3	3	0
UC055_V2	NODE_16689_length_191_cov_55.684211	lost	False	3	3	-1
UC055_V2	NODE_16841_length_137_cov_6.566667	lost	False	3	3	-1
UC055_V2	NODE_7779_length_446_cov_2.807588	lost	False	3	3	0
UC055_V2	NODE_1401_length_2245_cov_5.535517	lost	False	3	3	0
UC055_V2	NODE_1542_length_2003_cov_36.328141	lost	False	2	2	3
UC055_V2	NODE_13838_length_258_cov_0.817680	lost	False	3	3	-1
UC055_V2	NODE_5160_length_623_cov_3.987179	lost	False	3	3	0
UC055_V2	NODE_16412_length_231_cov_0.961039	lost	False	3	3	-1
UC055_V2	NODE_13087_length_266_cov_1.825397	lost	False	3	3	-1
UC055_V2	NODE_9609_length_362_cov_0.778947	lost	False	3	3	-1
UC055_V2	NODE_10553_length_327_cov_11.788000	lost	False	3	3	0
UC055_V2	NODE_2348_length_1261_cov_1.671453	lost	False	3	3	0
UC055_V2	NODE_9468_length_366_cov_3.072664	lost	False	3	3	0
UC055_V2	NODE_7390_length_467_cov_1.897436	lost	False	3	3	0
UC055_V2	NODE_2424_length_1208_cov_29.397878	lost	False	3	3	0
UC055_V2	NODE_16967_length_108_cov_4.322581	lost	False	3	3	0
UC055_V2	NODE_5230_length_617_cov_1.096296	lost	False	3	3	0
UC055_V2	NODE_14561_length_250_cov_19.549133	lost	False	3	3	0
UC055_V2	NODE_10142_length_341_cov_1.950758	lost	False	3	3	0
UC055_V2	NODE_15730_length_238_cov_1.378882	lost	False	3	3	0
UC055_V2	NODE_6472_length_520_cov_1.155756	lost	False	3	3	0
UC055_V2	NODE_7385_length_467_cov_2.664103	lost	False	3	3	0
UC055_V2	NODE_10319_length_335_cov_8.217054	lost	False	3	3	0
UC055_V2	NODE_8200_length_425_cov_0.755747	lost	False	3	3	0
UC055_V2	NODE_16808_length_145_cov_5.441176	lost	False	3	3	-1
UC055_V2	NODE_7188_length_478_cov_4.890274	lost	False	3	3	0
UC055_V2	NODE_16729_length_171_cov_30.936170	lost	False	3	3	0
UC055_V2	NODE_1355_length_2327_cov_178.372000	lost	False	2	2	3
UC055_V2	NODE_3821_length_802_cov_24.008276	lost	False	3	3	0
UC055_V2	NODE_12371_length_278_cov_2.865672	lost	False	3	3	0
UC055_V2	NODE_14941_length_247_cov_0.870588	lost	False	3	3	0
UC055_V2	NODE_13509_length_262_cov_0.800000	lost	False	3	3	0
UC055_V2	NODE_16659_length_212_cov_8.325926	lost	False	3	3	-1
UC055_V2	NODE_10578_length_327_cov_0.888000	lost	False	3	3	0
UC055_V2	NODE_749_length_5001_cov_3.511576	lost	False	2	2	3
UC055_V2	NODE_16668_length_207_cov_18.238462	lost	False	3	3	0
UC055_V2	NODE_1041_length_3231_cov_118.017755	lost	False	3	3	0
UC055_V2	NODE_13731_length_259_cov_1.219780	lost	False	3	3	-1
UC055_V2	NODE_16519_length_230_cov_0.915033	lost	False	3	3	0
UC055_V2	NODE_16713_length_181_cov_27.105769	lost	False	3	3	0
UC055_V2	NODE_7696_length_451_cov_1.382353	lost	False	3	3	0
UC055_V2	NODE_12155_length_283_cov_2.475728	lost	False	3	3	0
UC055_V2	NODE_628_length_6135_cov_48.172664	lost	False	3	3	0
UC055_V2	NODE_15314_length_242_cov_3.139394	lost	False	3	3	0
UC055_V2	NODE_10623_length_325_cov_2.088710	lost	False	3	3	-1
UC055_V2	NODE_6491_length_518_cov_7.877551	lost	False	3	3	0
UC055_V2	NODE_283_length_16221_cov_21.792555	lost	False	3	3	0
UC055_V2	NODE_16650_length_224_cov_133.367347	lost	False	3	3	0
UC055_V2	NODE_4532_length_693_cov_2.961039	lost	False	3	3	0
UC055_V2	NODE_6688_length_506_cov_2.242424	lost	False	3	3	0
UC055_V2	NODE_4979_length_644_cov_1.044092	lost	False	3	3	0
UC055_V2	NODE_9373_length_370_cov_1.825939	lost	False	3	3	0
UC055_V2	NODE_16744_length_163_cov_7.732558	lost	False	3	3	0
UC055_V2	NODE_4896_length_652_cov_7.935652	lost	False	3	3	0
UC055_V2	NODE_16755_length_159_cov_4.182927	lost	False	3	3	-1
UC055_V2	NODE_8372_length_416_cov_2.551622	lost	False	3	3	0
UC055_V2	NODE_16795_length_148_cov_4.253521	lost	False	3	3	0
UC055_V2	NODE_1555_length_1982_cov_4.003675	lost	False	3	3	0
UC055_V2	NODE_2978_length_998_cov_4.039088	lost	False	3	3	0
UC055_V2	NODE_16692_length_189_cov_4.339286	lost	False	3	3	0
UC055_V2	NODE_1818_length_1659_cov_17.802149	lost	False	3	3	-1
UC055_V2	NODE_533_length_7450_cov_24.776617	lost	False	3	3	0
UC055_V2	NODE_481_length_8169_cov_291.567968	lost	False	2	2	3
UC055_V2	NODE_1628_length_1881_cov_35.751663	lost	False	3	3	0
UC055_V2	NODE_11568_length_297_cov_2.672727	lost	False	3	3	0
UC055_V2	NODE_1209_length_2662_cov_3.590329	lost	False	3	3	0
UC055_V2	NODE_438_length_9221_cov_41.788933	lost	False	3	3	0
UC055_V2	NODE_16089_length_234_cov_1.885350	lost	False	3	3	0
UC055_V2	NODE_6044_length_551_cov_29.784810	lost	False	3	3	0
UC055_V2	NODE_670_length_5619_cov_23.327860	lost	False	3	3	0
UC055_V2	NODE_5701_length_577_cov_4.278000	lost	False	3	3	0
UC055_V2	NODE_8203_length_424_cov_2.345821	lost	False	3	3	0
UC055_V2	NODE_10105_length_342_cov_27.237736	lost	False	3	3	0
UC055_V2	NODE_976_length_3481_cov_21.719448	lost	False	3	3	-1
UC055_V2	NODE_11154_length_309_cov_1.913793	lost	False	3	3	-1
UC055_V2	NODE_12339_length_279_cov_1.509901	lost	False	3	3	0
UC055_V2	NODE_13192_length_265_cov_1.180851	lost	False	3	3	-1
UC055_V2	NODE_15879_length_236_cov_13.440252	lost	False	3	3	0
UC055_V2	NODE_8603_length_405_cov_43.466463	lost	False	3	3	0
UC055_V2	NODE_10814_length_319_cov_2.446281	lost	False	3	3	0
UC055_V2	NODE_10840_length_319_cov_0.917355	lost	False	3	3	0
UC055_V2	NODE_14145_length_255_cov_0.831461	lost	False	3	3	0
UC055_V2	NODE_16743_length_164_cov_2.862069	lost	False	3	3	0
UC055_V2	NODE_2771_length_1066_cov_26.599596	lost	False	3	3	-1
UC055_V2	NODE_16662_length_210_cov_8.135338	lost	False	3	3	0
UC055_V2	NODE_9890_length_350_cov_1.820513	lost	False	3	3	-1
UC055_V2	NODE_2590_length_1139_cov_5.474576	lost	False	3	3	0
UC055_V2	NODE_668_length_5658_cov_5.426626	lost	False	3	3	0
UC055_V2	NODE_16671_length_203_cov_27.682540	lost	False	3	3	0
UC055_V2	NODE_9073_length_384_cov_25.153094	lost	False	3	3	0
UC055_V2	NODE_5664_length_580_cov_20.417495	lost	False	3	3	0
UC055_V2	NODE_8369_length_416_cov_3.271386	lost	False	3	3	0
UC055_V2	NODE_1488_length_2068_cov_2.866901	lost	False	3	3	-1
UC055_V2	NODE_556_length_7032_cov_13.901510	lost	False	3	3	0
UC055_V2	NODE_10254_length_337_cov_3.680769	lost	False	3	3	0
UC055_V2	NODE_14708_length_249_cov_0.860465	lost	False	3	3	0
UC055_V2	NODE_14983_length_246_cov_1.313609	lost	False	3	3	0
UC055_V2	NODE_16778_length_153_cov_15.644737	lost	False	3	3	0
UC055_V2	NODE_276_length_16658_cov_17.411013	lost	False	3	3	0
UC055_V2	NODE_16654_length_220_cov_4.405594	lost	False	3	3	0
UC055_V2	NODE_10670_length_324_cov_1.497976	lost	False	3	3	-1
UC055_V2	NODE_3706_length_824_cov_179.927711	lost	False	2	2	3
UC055_V2	NODE_16782_length_153_cov_3.671053	lost	False	3	3	0
UC055_V2	NODE_12770_length_270_cov_1.533679	lost	False	3	3	0
UC055_V2	NODE_12988_length_268_cov_0.774869	lost	False	3	3	-1
UC055_V2	NODE_3279_length_915_cov_3.303103	lost	False	3	3	0
UC055_V2	NODE_6978_length_490_cov_2.133172	lost	False	3	3	0
UC055_V2	NODE_8460_length_412_cov_15.591045	lost	False	3	3	0
UC055_V2	NODE_16804_length_145_cov_10.367647	lost	False	3	3	-1
UC055_V2	NODE_11314_length_304_cov_3.008811	lost	False	3	3	0
UC055_V2	NODE_6670_length_507_cov_2.400000	lost	False	3	3	0
UC055_V2	NODE_535_length_7389_cov_23.415481	lost	False	3	3	0
UC055_V2	NODE_9141_length_381_cov_5.289474	lost	False	3	3	0
UC055_V2	NODE_1498_length_2058_cov_13.012115	lost	False	2	2	3
UC055_V2	NODE_10549_length_328_cov_1.175299	lost	False	3	3	0
UC055_V2	NODE_1871_length_1614_cov_16.966818	lost	False	3	3	-1
UC055_V2	NODE_16468_length_230_cov_1.692810	lost	False	3	3	0
UC055_V2	NODE_15424_length_241_cov_2.256098	lost	False	3	3	0
UC055_V2	NODE_2582_length_1143_cov_11.033771	lost	False	3	3	0
UC055_V2	NODE_16790_length_150_cov_11.698630	lost	False	3	3	0
UC055_V2	NODE_16878_length_123_cov_6.500000	lost	False	3	3	0
UC055_V2	NODE_3452_length_872_cov_2.582390	lost	False	3	3	0
UC055_V2	NODE_3983_length_775_cov_20.805158	lost	False	3	3	0
UC055_V2	NODE_6899_length_495_cov_1.038278	lost	False	3	3	0
UC055_V2	NODE_1991_length_1514_cov_22.304802	lost	False	3	3	-1
UC055_V2	NODE_16739_length_165_cov_17.329545	lost	False	3	3	0
UC055_V2	NODE_16818_length_142_cov_8.246154	lost	False	3	3	0
UC055_V2	NODE_16787_length_151_cov_7.054054	lost	False	3	3	0
UC055_V2	NODE_6490_length_518_cov_380.034014	lost	False	3	3	0
UC055_V2	NODE_16796_length_147_cov_10.957143	lost	False	3	3	0
UC055_V2	NODE_4953_length_646_cov_2.425308	lost	False	3	3	0
UC055_V2	NODE_2150_length_1388_cov_10.484363	lost	False	3	3	0
UC055_V2	NODE_11536_length_298_cov_2.343891	lost	False	3	3	0
UC055_V2	NODE_12956_length_268_cov_0.774869	lost	False	3	3	0
UC055_V2	NODE_9979_length_346_cov_3.092937	lost	False	3	3	0
UC055_V2	NODE_5121_length_628_cov_3.192377	lost	False	3	3	0
UC055_V2	NODE_16684_length_194_cov_4.675214	lost	False	3	3	0
UC055_V2	NODE_6577_length_513_cov_1.396789	lost	False	3	3	-1
UC055_V2	NODE_915_length_3821_cov_11.497863	lost	False	3	3	0
UC055_V2	NODE_13574_length_261_cov_0.847826	lost	False	3	3	-1
UC055_V2	NODE_14076_length_255_cov_1.910112	lost	False	3	3	0
UC055_V2	NODE_16657_length_217_cov_10.342857	lost	False	3	3	0
UC055_V2	NODE_7871_length_442_cov_1.369863	lost	False	3	3	-1
UC055_V2	NODE_1001_length_3394_cov_60.785348	lost	False	3	3	0
UC055_V2	NODE_3460_length_871_cov_27.851385	lost	False	3	3	-1
UC055_V2	NODE_4601_length_685_cov_3.042763	lost	False	3	3	0
UC055_V2	NODE_13341_length_263_cov_1.591398	lost	False	3	3	0
UC055_V2	NODE_12894_length_268_cov_2.937173	lost	False	3	3	0
UC055_V2	NODE_2966_length_1003_cov_9.693305	lost	False	3	3	0
UC055_V2	NODE_5067_length_634_cov_1.836625	lost	False	3	3	-1
UC055_V2	NODE_15793_length_237_cov_2.212500	lost	False	3	3	0
UC055_V2	NODE_6343_length_529_cov_2.292035	lost	False	2	2	3
UC055_V2	NODE_4439_length_706_cov_11.868045	lost	False	3	3	0
UC055_V2	NODE_16732_length_169_cov_57.456522	lost	False	3	3	0
UC055_V2	NODE_16781_length_153_cov_4.381579	lost	False	3	3	0
UC055_V2	NODE_8782_length_398_cov_0.922118	lost	False	3	3	0
UC055_V2	NODE_3999_length_773_cov_2.219828	lost	False	3	3	0
UC055_V2	NODE_13934_length_257_cov_1.200000	lost	False	3	3	-1
UC055_V2	NODE_16876_length_124_cov_2.702128	lost	False	3	3	0
UC055_V2	NODE_1731_length_1762_cov_2.439169	lost	False	3	3	0
UC055_V2	NODE_16776_length_154_cov_11.311688	lost	False	3	3	0
UC055_V2	NODE_1798_length_1677_cov_3.468750	lost	False	3	3	0
UC055_V2	NODE_1926_length_1561_cov_2.113881	lost	False	3	3	0
UC055_V2	NODE_9000_length_387_cov_6.929032	lost	False	3	3	0
UC055_V2	NODE_731_length_5138_cov_49.166765	lost	False	3	3	0
UC055_V2	NODE_3385_length_889_cov_5.104680	lost	False	3	3	0
UC055_V2	NODE_12530_length_275_cov_1.803030	lost	False	3	3	-1
UC055_V2	NODE_479_length_8187_cov_21.138101	lost	False	3	3	0
UC055_V2	NODE_10257_length_337_cov_2.357692	lost	False	3	3	0
UC055_V2	NODE_3171_length_940_cov_456.946698	lost	False	2	2	3
UC055_V2	NODE_7780_length_446_cov_2.712737	lost	False	3	3	0
UC055_V2	NODE_4496_length_698_cov_3.574879	lost	False	3	3	0
UC055_V2	NODE_15704_length_238_cov_2.757764	lost	False	3	3	0
UC055_V2	NODE_16902_length_118_cov_54.902439	lost	False	3	3	0
UC055_V2	NODE_859_length_4172_cov_173.895238	lost	False	3	3	0
UC055_V2	NODE_9179_length_379_cov_2.450331	lost	False	3	3	0
UC055_V2	NODE_12025_length_286_cov_1.416268	lost	False	3	3	0
UC055_V2	NODE_2255_length_1323_cov_3.953451	lost	False	3	3	0
UC055_V2	NODE_3731_length_820_cov_1.962315	lost	False	3	3	0
UC055_V2	NODE_1079_length_3110_cov_47.800198	lost	False	3	3	0
UC055_V2	NODE_3890_length_790_cov_1.660589	lost	False	3	3	-1
UC055_V2	NODE_9881_length_350_cov_3.032967	lost	False	3	3	0
UC055_V2	NODE_9772_length_354_cov_13.877256	lost	False	3	3	0
UC062_V2	NODE_24235_length_256_cov_0.748603	lost	False	3	3	0
UC062_V2	NODE_8191_length_665_cov_2.085034	lost	False	3	3	0
UC062_V2	NODE_10598_length_546_cov_0.933902	lost	False	3	3	0
UC062_V2	NODE_10536_length_548_cov_1.256900	lost	False	3	3	0
UC062_V2	NODE_13826_length_435_cov_1.860335	lost	False	3	3	0
UC062_V2	NODE_28431_length_217_cov_5.221429	lost	False	3	3	0
UC062_V2	NODE_9301_length_604_cov_1.685009	lost	False	3	3	0
UC062_V2	NODE_14776_length_409_cov_1.337349	lost	False	3	3	0
UC062_V2	NODE_16944_length_356_cov_1.326165	lost	False	3	3	0
UC062_V2	NODE_11939_length_495_cov_1.062201	lost	False	3	3	-1
UC062_V2	NODE_13477_length_445_cov_36.116848	lost	False	3	3	0
UC062_V2	NODE_13464_length_446_cov_1.216802	lost	False	3	3	0
UC062_V2	NODE_20683_length_289_cov_1.396226	lost	False	3	3	0
UC062_V2	NODE_27909_length_232_cov_0.954839	lost	False	3	3	0
UC062_V2	NODE_10323_length_558_cov_1.370062	lost	False	3	3	0
UC062_V2	NODE_6955_length_751_cov_1.866469	lost	False	3	3	-1
UC062_V2	NODE_15557_length_388_cov_11.138264	lost	False	3	3	0
UC062_V2	NODE_20099_length_298_cov_1.674208	lost	False	3	3	-1
UC062_V2	NODE_3249_length_1335_cov_1.814785	lost	False	3	3	0
UC062_V2	NODE_3693_length_1213_cov_3.970951	lost	False	3	3	-1
UC062_V2	NODE_22293_length_268_cov_2.324607	lost	False	3	3	0
UC062_V2	NODE_11722_length_502_cov_3.025882	lost	False	3	3	0
UC062_V2	NODE_28603_length_143_cov_3.242424	lost	False	3	3	0
UC062_V2	NODE_13689_length_439_cov_1.226519	lost	False	3	3	-1
UC062_V2	NODE_5902_length_848_cov_1.167315	lost	False	3	3	0
UC062_V2	NODE_2789_length_1526_cov_3.013112	lost	False	3	3	0
UC062_V2	NODE_20652_length_289_cov_13.731132	lost	False	3	3	0
UC062_V2	NODE_28447_length_206_cov_2.604651	lost	False	3	3	0
UC062_V2	NODE_19222_length_312_cov_6.514894	lost	False	3	3	0
UC062_V2	NODE_2839_length_1500_cov_3.716093	lost	False	3	3	0
UC062_V2	NODE_5812_length_856_cov_27.749679	lost	False	3	3	0
UC062_V2	NODE_28573_length_150_cov_15.835616	lost	False	3	3	-1
UC062_V2	NODE_22148_length_269_cov_2.104167	lost	False	3	3	0
UC062_V2	NODE_28513_length_176_cov_4.464646	lost	False	3	3	0
UC062_V2	NODE_27342_length_235_cov_1.569620	lost	False	3	3	0
UC062_V2	NODE_23652_length_259_cov_18.412088	lost	False	3	3	0
UC062_V2	NODE_1780_length_2227_cov_2.297674	lost	False	3	3	0
UC062_V2	NODE_3921_length_1155_cov_2.669759	lost	False	3	3	0
UC062_V2	NODE_21921_length_272_cov_1.553846	lost	False	3	3	0
UC062_V2	NODE_28036_length_231_cov_0.961039	lost	False	3	3	-1
UC062_V2	NODE_2339_length_1762_cov_3.257567	lost	False	3	3	0
UC062_V2	NODE_6251_length_809_cov_1.415301	lost	False	3	3	0
UC062_V2	NODE_11601_length_507_cov_1.376744	lost	False	3	3	-1
UC062_V2	NODE_12379_length_480_cov_1.791563	lost	False	3	3	0
UC062_V2	NODE_17567_length_343_cov_1.315789	lost	False	3	3	0
UC062_V2	NODE_14198_length_424_cov_1.619597	lost	False	3	3	0
UC062_V2	NODE_12630_length_473_cov_1.121212	lost	False	3	3	-1
UC062_V2	NODE_18260_length_330_cov_0.877470	lost	False	3	3	0
UC062_V2	NODE_3298_length_1317_cov_3.252419	lost	False	3	3	0
UC062_V2	NODE_2898_length_1471_cov_15.561693	lost	False	3	3	0
UC062_V2	NODE_10777_length_538_cov_3.885033	lost	False	3	3	0
UC062_V2	NODE_5512_length_894_cov_8.826193	lost	False	3	3	0
UC062_V2	NODE_12403_length_479_cov_1.980100	lost	False	3	3	0
UC062_V2	NODE_5781_length_860_cov_4.338442	lost	False	3	3	0
UC062_V2	NODE_10276_length_560_cov_1.685300	lost	False	3	3	0
UC062_V2	NODE_28583_length_147_cov_2.685714	lost	False	3	3	0
UC062_V2	NODE_27068_length_237_cov_0.925000	lost	False	3	3	0
UC062_V2	NODE_748_length_5724_cov_18.882061	lost	False	3	3	0
UC062_V2	NODE_11499_length_510_cov_23.221709	lost	False	3	3	0
UC062_V2	NODE_8762_length_630_cov_156.282098	lost	False	2	2	3
UC062_V2	NODE_16590_length_364_cov_1.031359	lost	False	3	3	-1
UC062_V2	NODE_28411_length_228_cov_10.887417	lost	False	3	3	0
UC062_V2	NODE_28496_length_182_cov_445.847619	lost	False	3	3	0
UC062_V2	NODE_28537_length_160_cov_32.060241	lost	False	3	3	0
UC062_V2	NODE_5994_length_838_cov_1.069645	lost	False	3	3	0
UC062_V2	NODE_22773_length_265_cov_1.574468	lost	False	3	3	-1
UC062_V2	NODE_25929_length_244_cov_2.173653	lost	False	3	3	-1
UC062_V2	NODE_5642_length_878_cov_3.122347	lost	False	3	3	0
UC062_V2	NODE_17768_length_339_cov_1.480916	lost	False	3	3	0
UC062_V2	NODE_2801_length_1517_cov_2.621528	lost	False	3	3	0
UC062_V2	NODE_3712_length_1208_cov_14.215738	lost	False	3	3	0
UC062_V2	NODE_11120_length_524_cov_4.588367	lost	False	3	3	0
UC062_V2	NODE_25913_length_244_cov_6.113772	lost	False	3	3	0
UC062_V2	NODE_16558_length_365_cov_1.027778	lost	False	3	3	-1
UC062_V2	NODE_15724_length_384_cov_36.214984	lost	False	3	3	0
UC062_V2	NODE_5383_length_908_cov_2.927798	lost	False	3	3	0
UC062_V2	NODE_24348_length_255_cov_0.831461	lost	False	3	3	0
UC062_V2	NODE_22256_length_269_cov_0.770833	lost	False	3	3	-1
UC062_V2	NODE_1690_length_2329_cov_8.051510	lost	False	3	3	0
UC062_V2	NODE_802_length_5237_cov_13.624806	lost	False	3	3	0
UC062_V2	NODE_26227_length_242_cov_3.915152	lost	False	3	3	-1
UC062_V2	NODE_18246_length_330_cov_1.189723	lost	False	3	3	0
UC062_V2	NODE_16082_length_375_cov_9.969799	lost	False	3	3	0
UC062_V2	NODE_12801_length_466_cov_2.059126	lost	False	3	3	-1
UC062_V2	NODE_23781_length_259_cov_0.813187	lost	False	3	3	-1
UC062_V2	NODE_8956_length_621_cov_2.040441	lost	False	3	3	0
UC062_V2	NODE_513_length_8652_cov_27.077434	lost	False	3	3	0
UC062_V2	NODE_1755_length_2253_cov_4.177390	lost	False	3	3	0
UC062_V2	NODE_18650_length_322_cov_1.918367	lost	False	3	3	0
UC062_V2	NODE_15413_length_392_cov_2.796825	lost	False	3	3	0
UC062_V2	NODE_21504_length_277_cov_3.805000	lost	False	3	3	0
UC062_V2	NODE_28019_length_231_cov_0.961039	lost	False	3	3	0
UC062_V2	NODE_12895_length_464_cov_1.157623	lost	False	3	3	0
UC062_V2	NODE_28154_length_230_cov_1.084967	lost	False	3	3	0
UC062_V2	NODE_28574_length_150_cov_12.342466	lost	False	3	3	-1
UC062_V2	NODE_22949_length_264_cov_1.240642	lost	False	3	3	0
UC062_V2	NODE_1022_length_3819_cov_15.091662	lost	False	3	3	0
UC062_V2	NODE_18757_length_320_cov_1.913580	lost	False	3	3	0
UC062_V2	NODE_28435_length_213_cov_4.654412	lost	False	3	3	0
UC062_V2	NODE_15898_length_380_cov_8.165017	lost	False	3	3	0
UC062_V2	NODE_11193_length_522_cov_1.366292	lost	False	3	3	0
UC062_V2	NODE_8349_length_654_cov_1.923744	lost	False	2	2	3
UC062_V2	NODE_22941_length_264_cov_1.572193	lost	False	3	3	0
UC062_V2	NODE_12684_length_470_cov_3.475827	lost	False	3	3	0
UC062_V2	NODE_8933_length_622_cov_35.205505	lost	False	3	3	0
UC062_V2	NODE_16374_length_369_cov_1.356164	lost	False	3	3	0
UC062_V2	NODE_19165_length_313_cov_1.974576	lost	False	3	3	0
UC062_V2	NODE_10647_length_543_cov_11.064378	lost	False	3	3	0
UC062_V2	NODE_12790_length_466_cov_7.485861	lost	False	3	3	0
UC062_V2	NODE_14717_length_410_cov_2.444444	lost	False	3	3	0
UC062_V2	NODE_3226_length_1346_cov_2.449173	lost	False	3	3	-1
UC062_V2	NODE_28488_length_185_cov_8.675926	lost	False	3	3	0
UC062_V2	NODE_28508_length_177_cov_15.810000	lost	False	3	3	0
UC062_V2	NODE_16410_length_368_cov_1.522337	lost	False	3	3	-1
UC062_V2	NODE_1080_length_3658_cov_12.827143	lost	False	3	3	0
UC062_V2	NODE_5537_length_891_cov_3.066339	lost	False	3	3	0
UC062_V2	NODE_28558_length_154_cov_2.727273	lost	False	3	3	-1
UC062_V2	NODE_23428_length_261_cov_0.983696	lost	False	3	3	0
UC062_V2	NODE_18299_length_329_cov_1.365079	lost	False	3	3	0
UC062_V2	NODE_17736_length_340_cov_1.117871	lost	False	3	3	0
UC062_V2	NODE_856_length_4791_cov_2.450148	lost	False	3	3	0
UC062_V2	NODE_2730_length_1557_cov_2.972973	lost	False	3	3	0
UC062_V2	NODE_12755_length_468_cov_1.488491	lost	False	3	3	0
UC062_V2	NODE_696_length_6209_cov_21.118232	lost	False	3	3	0
UC062_V2	NODE_28441_length_209_cov_4.280303	lost	False	3	3	0
UC062_V2	NODE_24489_length_254_cov_0.836158	lost	False	3	3	-1
UC062_V2	NODE_26152_length_243_cov_1.144578	lost	False	3	3	-1
UC062_V2	NODE_9000_length_619_cov_2.472325	lost	False	3	3	0
UC062_V2	NODE_11944_length_494_cov_5.776978	lost	False	3	3	0
UC062_V2	NODE_15335_length_395_cov_0.880503	lost	False	3	3	0
UC062_V2	NODE_15436_length_392_cov_1.409524	lost	False	3	3	0
UC062_V2	NODE_16538_length_365_cov_1.809028	lost	False	3	3	0
UC062_V2	NODE_19327_length_310_cov_4.467811	lost	False	3	3	0
UC062_V2	NODE_28612_length_139_cov_3.887097	lost	False	3	3	-1
UC062_V2	NODE_4359_length_1061_cov_1.779472	lost	False	3	3	0
UC062_V2	NODE_28483_length_188_cov_1.603604	lost	False	3	3	0
UC062_V2	NODE_21219_length_281_cov_5.068627	lost	False	3	3	0
UC062_V2	NODE_28526_length_168_cov_18.582418	lost	False	3	3	0
UC062_V2	NODE_16896_length_357_cov_1.585714	lost	False	3	3	-1
UC062_V2	NODE_21897_length_272_cov_3.923077	lost	False	3	3	0
UC062_V2	NODE_28555_length_154_cov_4.935065	lost	False	3	3	0
UC062_V2	NODE_20743_length_288_cov_1.914692	lost	False	3	3	-1
UC062_V2	NODE_6474_length_789_cov_1.414326	lost	False	3	3	0
UC062_V2	NODE_4081_length_1120_cov_2.926174	lost	False	3	3	0
UC062_V2	NODE_25025_length_250_cov_1.710983	lost	False	3	3	0
UC062_V2	NODE_4489_length_1037_cov_3.915625	lost	False	3	3	0
UC062_V2	NODE_4036_length_1131_cov_3.576850	lost	False	3	3	0
UC062_V2	NODE_12909_length_463_cov_7.111399	lost	False	3	3	0
UC062_V2	NODE_8104_length_670_cov_1.536256	lost	False	3	3	0
UC062_V2	NODE_5321_length_914_cov_2.775388	lost	False	3	3	0
UC062_V2	NODE_21303_length_280_cov_1.822660	lost	False	3	3	0
UC062_V2	NODE_10982_length_531_cov_1.303965	lost	False	3	3	0
UC062_V2	NODE_20073_length_299_cov_0.986486	lost	False	3	3	-1
UC062_V2	NODE_26996_length_237_cov_18.637500	lost	False	3	3	0
UC062_V2	NODE_6194_length_815_cov_4.634146	lost	False	3	3	0
UC062_V2	NODE_637_length_6861_cov_4.263267	lost	False	2	2	3
UC062_V2	NODE_11260_length_520_cov_1.002257	lost	False	3	3	-1
UC062_V2	NODE_16913_length_357_cov_1.057143	lost	False	3	3	-1
UC062_V2	NODE_778_length_5415_cov_4.423942	lost	False	3	3	0
UC062_V2	NODE_16391_length_368_cov_2.539519	lost	False	3	3	0
UC062_V2	NODE_19754_length_303_cov_3.535398	lost	False	3	3	0
UC062_V2	NODE_28725_length_109_cov_7.187500	lost	False	3	3	0
UC062_V2	NODE_16972_length_355_cov_13.017986	lost	False	3	3	0
UC062_V2	NODE_2134_length_1902_cov_6.675068	lost	False	3	3	0
UC062_V2	NODE_20055_length_299_cov_1.252252	lost	False	3	3	-1
UC062_V2	NODE_19487_length_308_cov_1.281385	lost	False	3	3	0
UC062_V2	NODE_12819_length_466_cov_1.095116	lost	False	3	3	0
UC062_V2	NODE_1624_length_2403_cov_6.867154	lost	False	3	3	0
UC062_V2	NODE_18581_length_323_cov_2.707317	lost	False	3	3	0
UC062_V2	NODE_7197_length_733_cov_8.419207	lost	False	3	3	-1
UC062_V2	NODE_9021_length_618_cov_1.423290	lost	False	3	3	0
UC062_V2	NODE_2354_length_1754_cov_24.527728	lost	False	3	3	0
UC062_V2	NODE_4043_length_1130_cov_1.981956	lost	False	3	3	-1
UC062_V2	NODE_4992_length_961_cov_804.392534	lost	False	3	3	0
UC062_V2	NODE_9336_length_602_cov_2.095238	lost	False	3	3	0
UC062_V2	NODE_21117_length_283_cov_1.077670	lost	False	3	3	0
UC062_V2	NODE_28576_length_149_cov_6.152778	lost	False	3	3	-1
UC062_V2	NODE_24981_length_251_cov_0.810345	lost	False	3	3	-1
UC062_V2	NODE_7963_length_680_cov_1.872305	lost	False	3	3	0
UC062_V2	NODE_28524_length_169_cov_73.641304	lost	False	3	3	0
UC062_V2	NODE_25719_length_246_cov_0.875740	lost	False	3	3	0
UC062_V2	NODE_4042_length_1130_cov_2.188034	lost	False	3	3	0
UC062_V2	NODE_3703_length_1210_cov_17.030891	lost	False	3	3	0
UC062_V2	NODE_2555_length_1641_cov_15.370844	lost	False	3	3	0
UC062_V2	NODE_2174_length_1869_cov_3.887277	lost	False	3	3	0
UC062_V2	NODE_3622_length_1233_cov_2.234429	lost	False	3	3	0
UC062_V2	NODE_13357_length_449_cov_1.790323	lost	False	3	3	-1
UC062_V2	NODE_28412_length_228_cov_2.430464	lost	False	3	3	0
UC062_V2	NODE_22174_length_269_cov_1.541667	lost	False	3	3	-1
UC062_V2	NODE_7486_length_711_cov_4.496845	lost	False	3	3	0
UC062_V2	NODE_19404_length_309_cov_1.913793	lost	False	3	3	0
UC062_V2	NODE_24227_length_256_cov_0.826816	lost	False	3	3	0
UC062_V2	NODE_7487_length_711_cov_3.034700	lost	False	3	3	0
UC062_V2	NODE_2965_length_1443_cov_1.841874	lost	False	3	3	-1
UC062_V2	NODE_20797_length_287_cov_2.523810	lost	False	3	3	0
UC062_V2	NODE_25313_length_248_cov_2.649123	lost	False	3	3	0
UC062_V2	NODE_13860_length_434_cov_4.812325	lost	False	3	3	0
UC062_V2	NODE_20945_length_285_cov_1.778846	lost	False	3	3	-1
UC062_V2	NODE_20237_length_296_cov_1.456621	lost	False	3	3	-1
UC062_V2	NODE_28565_length_152_cov_14.426667	lost	False	3	3	-1
UC062_V2	NODE_16675_length_362_cov_1.298246	lost	False	3	3	0
UC062_V2	NODE_2583_length_1627_cov_1.544516	lost	False	3	3	-1
UC062_V2	NODE_28562_length_153_cov_2.947368	lost	False	3	3	0
UC062_V2	NODE_27910_length_232_cov_0.954839	lost	False	3	3	-1
UC062_V2	NODE_25173_length_249_cov_2.052326	lost	False	3	3	0
UC062_V2	NODE_19637_length_305_cov_2.596491	lost	False	3	3	0
UC062_V2	NODE_28602_length_143_cov_6.439394	lost	False	3	3	0
UC062_V2	NODE_12305_length_482_cov_1.827160	lost	False	3	3	-1
UC062_V2	NODE_3421_length_1284_cov_4.275062	lost	False	3	3	0
UC062_V2	NODE_1500_length_2613_cov_12.807965	lost	False	3	3	0
UC062_V2	NODE_5153_length_938_cov_8.922184	lost	False	3	3	0
UC062_V2	NODE_28457_length_200_cov_4.227642	lost	False	3	3	0
UC062_V2	NODE_25276_length_249_cov_0.860465	lost	False	3	3	0
UC062_V2	NODE_14502_length_416_cov_1.309735	lost	False	3	3	0
UC062_V2	NODE_22736_length_266_cov_0.783069	lost	False	3	3	0
UC062_V2	NODE_20813_length_287_cov_1.633333	lost	False	3	3	-1
UC062_V2	NODE_4717_length_1000_cov_1.139762	lost	False	3	3	0
UC062_V2	NODE_27151_length_236_cov_5.899371	lost	False	3	3	0
UC062_V2	NODE_25932_length_244_cov_1.778443	lost	False	3	3	0
UC062_V2	NODE_26377_length_241_cov_2.707317	lost	False	3	3	-1
UC062_V2	NODE_7209_length_732_cov_3.502290	lost	False	3	3	0
UC062_V2	NODE_10783_length_538_cov_1.958785	lost	False	3	3	0
UC062_V2	NODE_6859_length_759_cov_1.844575	lost	False	3	3	-1
UC062_V2	NODE_15411_length_392_cov_3.653968	lost	False	3	3	0
UC062_V2	NODE_4711_length_1000_cov_2.432286	lost	False	3	3	0
UC062_V2	NODE_8668_length_635_cov_2.489247	lost	False	3	3	0
UC062_V2	NODE_22907_length_264_cov_2.438503	lost	False	3	3	0
UC062_V2	NODE_28484_length_187_cov_7.018182	lost	False	3	3	-1
UC062_V2	NODE_24396_length_254_cov_1.672316	lost	False	3	3	0
UC062_V2	NODE_12085_length_489_cov_12.354369	lost	False	3	3	0
UC062_V2	NODE_14950_length_404_cov_5.345566	lost	False	3	3	0
UC062_V2	NODE_14630_length_412_cov_18.188060	lost	False	3	3	0
UC062_V2	NODE_28672_length_119_cov_32.976190	lost	False	3	3	0
UC062_V2	NODE_6021_length_835_cov_1.659631	lost	False	3	3	0
UC062_V2	NODE_6679_length_772_cov_8.355396	lost	False	3	3	0
UC062_V2	NODE_16238_length_372_cov_2.247458	lost	False	3	3	0
UC062_V2	NODE_9875_length_578_cov_31.103792	lost	False	3	3	0
UC062_V2	NODE_16331_length_370_cov_1.174061	lost	False	3	3	0
UC062_V2	NODE_28517_length_174_cov_4.948454	lost	False	3	3	0
UC062_V2	NODE_13953_length_431_cov_2.483051	lost	False	3	3	0
UC062_V2	NODE_23845_length_258_cov_1.226519	lost	False	3	3	0
UC062_V2	NODE_9094_length_614_cov_2.689013	lost	False	3	3	0
UC062_V2	NODE_15131_length_399_cov_2.099379	lost	False	3	3	0
UC062_V2	NODE_1089_length_3627_cov_20.265070	lost	False	3	3	0
UC062_V2	NODE_874_length_4641_cov_4.504163	lost	False	3	3	0
UC062_V2	NODE_28694_length_114_cov_0.945946	lost	False	3	3	0
UC062_V2	NODE_20374_length_294_cov_1.359447	lost	False	3	3	0
UC062_V2	NODE_17409_length_346_cov_1.375465	lost	False	3	3	0
UC062_V2	NODE_16901_length_357_cov_1.321429	lost	False	3	3	0
UC062_V2	NODE_21729_length_275_cov_1.121212	lost	False	3	3	0
UC062_V2	NODE_14594_length_413_cov_1.761905	lost	False	3	3	0
UC062_V2	NODE_396_length_11546_cov_23.197576	lost	False	3	3	0
UC062_V2	NODE_28501_length_181_cov_38.817308	lost	False	3	3	0
UC062_V2	NODE_25449_length_247_cov_2.541176	lost	False	3	3	0
UC062_V2	NODE_23805_length_258_cov_2.044199	lost	False	3	3	0
UC062_V2	NODE_6435_length_792_cov_3.597203	lost	False	3	3	0
UC062_V2	NODE_20606_length_290_cov_1.995305	lost	False	3	3	0
UC062_V2	NODE_19761_length_303_cov_1.964602	lost	False	3	3	0
UC062_V2	NODE_14235_length_423_cov_1.283237	lost	False	3	3	0
UC062_V2	NODE_28605_length_142_cov_16.615385	lost	False	3	3	0
UC062_V2	NODE_21507_length_277_cov_2.590000	lost	False	3	3	0
UC062_V2	NODE_9853_length_579_cov_3.492032	lost	False	3	3	0
UC062_V2	NODE_560_length_8019_cov_9.540544	lost	False	3	3	0
UC062_V2	NODE_28581_length_147_cov_12.771429	lost	False	3	3	0
UC062_V2	NODE_16874_length_357_cov_6.046429	lost	False	3	3	0
UC062_V2	NODE_1183_length_3314_cov_20.162496	lost	False	3	3	0
UC062_V2	NODE_2022_length_1994_cov_16.049557	lost	False	3	3	0
UC062_V2	NODE_18288_length_329_cov_1.503968	lost	False	3	3	-1
UC062_V2	NODE_22634_length_266_cov_1.566138	lost	False	3	3	0
UC062_V2	NODE_19448_length_309_cov_0.956897	lost	False	3	3	0
UC062_V2	NODE_15125_length_400_cov_0.916409	lost	False	3	3	0
UC062_V2	NODE_878_length_4622_cov_6.076788	lost	False	3	3	0
UC062_V2	NODE_13228_length_453_cov_1.220745	lost	False	3	3	0
UC062_V2	NODE_25418_length_248_cov_0.865497	lost	False	3	3	0
UC062_V2	NODE_28582_length_147_cov_11.557143	lost	False	3	3	0
UC062_V2	NODE_26682_length_239_cov_3.197531	lost	False	3	3	0
UC062_V2	NODE_5807_length_857_cov_17.402564	lost	False	3	3	0
UC062_V2	NODE_11210_length_521_cov_8.011261	lost	False	3	3	0
UC062_V2	NODE_20086_length_298_cov_2.009050	lost	False	3	3	0
UC062_V2	NODE_12323_length_482_cov_1.279012	lost	False	3	3	0
UC062_V2	NODE_13338_length_450_cov_1.190349	lost	False	3	3	0
UC062_V2	NODE_28428_length_221_cov_15.354167	lost	False	3	3	0
UC062_V2	NODE_25737_length_246_cov_0.875740	lost	False	3	3	0
UC062_V2	NODE_16949_length_356_cov_1.326165	lost	False	3	3	0
UC062_V2	NODE_23337_length_262_cov_0.800000	lost	False	3	3	0
UC062_V2	NODE_23947_length_257_cov_21.983333	lost	False	3	3	0
UC062_V2	NODE_12636_length_472_cov_3.030380	lost	False	3	3	0
UC062_V2	NODE_12133_length_488_cov_2.211679	lost	False	3	3	0
UC062_V2	NODE_28521_length_170_cov_12.860215	lost	False	3	3	0
UC062_V2	NODE_27017_length_237_cov_1.850000	lost	False	3	3	0
UC062_V2	NODE_10517_length_549_cov_1.108051	lost	False	3	3	0
UC062_V2	NODE_17054_length_354_cov_1.068592	lost	False	3	3	0
UC062_V2	NODE_11393_length_514_cov_2.762014	lost	False	3	3	0
UC062_V2	NODE_28442_length_209_cov_3.651515	lost	False	3	3	0
UC062_V2	NODE_22653_length_266_cov_1.174603	lost	False	3	3	-1
UC062_V2	NODE_20647_length_290_cov_1.032864	lost	False	3	3	0
UC062_V2	NODE_22307_length_268_cov_1.890052	lost	False	3	3	-1
UC062_V2	NODE_22095_length_270_cov_1.533679	lost	False	2	2	3
UC062_V2	NODE_6193_length_815_cov_29.628726	lost	False	3	3	0
UC062_V2	NODE_26521_length_240_cov_5.558282	lost	False	3	3	0
UC062_V2	NODE_14988_length_404_cov_0.813456	lost	False	3	3	0
UC062_V2	NODE_5827_length_855_cov_1.616967	lost	False	3	3	-1
UC062_V2	NODE_10458_length_551_cov_2.029536	lost	False	3	3	0
UC062_V2	NODE_28566_length_152_cov_8.066667	lost	False	3	3	0
UC062_V2	NODE_3763_length_1195_cov_1.706619	lost	False	3	3	0
UC062_V2	NODE_1263_length_3098_cov_7.364449	lost	False	3	3	0
UC062_V2	NODE_28477_length_190_cov_27.451327	lost	False	3	3	0
UC062_V2	NODE_9927_length_575_cov_3.401606	lost	False	3	3	0
UC062_V2	NODE_4535_length_1029_cov_1.816176	lost	False	3	3	0
UC062_V2	NODE_28560_length_153_cov_11.486842	lost	False	3	3	0
UC062_V2	NODE_19099_length_314_cov_2.810127	lost	False	3	3	0
UC062_V2	NODE_20795_length_287_cov_5.828571	lost	False	3	3	0
UC062_V2	NODE_7708_length_696_cov_1.542811	lost	False	3	3	-1
UC062_V2	NODE_10189_length_563_cov_2.131687	lost	False	3	3	0
UC062_V2	NODE_22920_length_264_cov_1.732620	lost	False	3	3	-1
UC062_V2	NODE_8285_length_658_cov_10.473322	lost	False	3	3	0
UC062_V2	NODE_8183_length_665_cov_5.132653	lost	False	3	3	0
UC062_V2	NODE_20521_length_292_cov_1.032558	lost	False	3	3	-1
UC062_V2	NODE_25440_length_248_cov_0.807018	lost	False	3	3	-1
UC062_V2	NODE_5766_length_862_cov_4.096815	lost	False	3	3	0
UC062_V2	NODE_19859_length_302_cov_1.244444	lost	False	3	3	0
UC062_V2	NODE_6167_length_820_cov_1.476447	lost	False	3	3	0
UC062_V2	NODE_1579_length_2471_cov_22.156224	lost	False	3	3	0
UC062_V2	NODE_20466_length_293_cov_1.027778	lost	False	3	3	0
UC062_V2	NODE_25741_length_246_cov_0.875740	lost	False	3	3	0
UC062_V2	NODE_28427_length_221_cov_25.555556	lost	False	3	3	0
UC062_V2	NODE_13205_length_453_cov_22.172872	lost	False	3	3	0
UC062_V2	NODE_8115_length_669_cov_5.525338	lost	False	3	3	0
UC062_V2	NODE_28608_length_141_cov_34.187500	lost	False	3	3	0
UC062_V2	NODE_881_length_4609_cov_19.546558	lost	False	3	3	0
UC062_V2	NODE_16976_length_355_cov_2.661871	lost	False	3	3	0
UC062_V2	NODE_17952_length_335_cov_4.399225	lost	False	3	3	0
UC062_V2	NODE_20599_length_290_cov_2.267606	lost	False	3	3	-1
UC062_V2	NODE_16511_length_366_cov_1.536332	lost	False	3	3	0
UC065_V2	NODE_1961_length_764_cov_5.652111	lost	False	3	3	0
UC065_V2	NODE_5738_length_399_cov_1.378882	lost	False	3	3	0
UC065_V2	NODE_16957_length_234_cov_0.942675	lost	False	3	3	0
UC065_V2	NODE_1493_length_909_cov_4.318510	lost	False	2	2	3
UC065_V2	NODE_3575_length_529_cov_0.982301	lost	False	3	3	0
UC065_V2	NODE_17904_length_203_cov_7.984127	lost	False	3	3	0
UC065_V2	NODE_8356_length_318_cov_0.921162	lost	False	3	3	0
UC065_V2	NODE_2751_length_621_cov_1.575368	lost	False	3	3	0
UC065_V2	NODE_7340_length_344_cov_2.056180	lost	False	3	3	0
UC065_V2	NODE_11455_length_266_cov_1.830688	lost	False	3	3	0
UC065_V2	NODE_5586_length_405_cov_1.804878	lost	False	3	3	0
UC065_V2	NODE_8901_length_304_cov_1.629956	lost	False	3	3	-1
UC065_V2	NODE_15319_length_244_cov_0.886228	lost	False	3	3	0
UC065_V2	NODE_6735_length_362_cov_0.835088	lost	False	3	3	0
UC065_V2	NODE_5902_length_392_cov_0.990476	lost	False	3	3	0
UC065_V2	NODE_10111_length_282_cov_1.078049	lost	False	3	3	-1
UC065_V2	NODE_3980_length_497_cov_2.219048	lost	False	3	3	0
UC065_V2	NODE_13808_length_253_cov_0.840909	lost	False	3	3	-1
UC065_V2	NODE_6028_length_387_cov_0.716129	lost	False	3	3	0
UC065_V2	NODE_10803_length_271_cov_1.144330	lost	False	3	3	0
UC065_V2	NODE_4038_length_493_cov_1.235577	lost	False	3	3	-1
UC065_V2	NODE_13412_length_255_cov_1.247191	lost	False	3	3	0
UC065_V2	NODE_16814_length_235_cov_0.936709	lost	False	3	3	0
UC065_V2	NODE_6761_length_361_cov_1.302817	lost	False	3	3	0
UC065_V2	NODE_13317_length_256_cov_0.826816	lost	False	3	3	0
UC065_V2	NODE_7025_length_354_cov_0.743682	lost	False	3	3	0
UC065_V2	NODE_16239_length_238_cov_1.888199	lost	False	3	3	0
UC065_V2	NODE_17896_length_219_cov_4.183099	lost	False	3	3	0
UC065_V2	NODE_7221_length_348_cov_0.815498	lost	False	3	3	-1
UC065_V2	NODE_6681_length_364_cov_1.031359	lost	False	3	3	-1
UC065_V2	NODE_10602_length_274_cov_1.502538	lost	False	3	3	-1
UC065_V2	NODE_5976_length_389_cov_1.423077	lost	False	3	3	0
UC065_V2	NODE_2543_length_647_cov_1.557895	lost	False	3	3	-1
UC065_V2	NODE_6923_length_356_cov_3.000000	lost	False	3	3	0
UC065_V2	NODE_14904_length_246_cov_1.751479	lost	False	3	3	0
UC065_V2	NODE_164_length_7891_cov_6.336447	lost	False	3	3	0
UC065_V2	NODE_787_length_1425_cov_13.304896	lost	False	3	3	0
UC065_V2	NODE_2189_length_709_cov_2.034810	lost	False	3	3	0
UC065_V2	NODE_6005_length_387_cov_9.370968	lost	False	3	3	0
UC065_V2	NODE_17951_length_140_cov_7.317460	lost	False	3	3	0
UC065_V2	NODE_5844_length_395_cov_1.113208	lost	False	3	3	0
UC065_V2	NODE_17898_length_213_cov_5.669118	lost	False	3	3	0
UC065_V2	NODE_10524_length_275_cov_2.651515	lost	False	3	3	0
UC065_V2	NODE_2244_length_697_cov_2.383871	lost	False	3	3	0
UC065_V2	NODE_5017_length_434_cov_1.243697	lost	False	3	3	0
UC065_V2	NODE_2465_length_658_cov_1.783133	lost	False	3	3	-1
UC065_V2	NODE_8855_length_305_cov_1.947368	lost	False	3	3	-1
UC065_V2	NODE_8560_length_312_cov_2.519149	lost	False	3	3	0
UC065_V2	NODE_17893_length_224_cov_2.775510	lost	False	3	3	0
UC065_V2	NODE_6290_length_377_cov_1.480000	lost	False	3	3	-1
UC065_V2	NODE_9739_length_288_cov_1.052133	lost	False	3	3	-1
UC065_V2	NODE_6570_length_367_cov_2.013793	lost	False	3	3	0
UC065_V2	NODE_15455_length_243_cov_0.891566	lost	False	3	3	0
UC065_V2	NODE_3062_length_580_cov_3.870775	lost	False	3	3	0
UC065_V2	NODE_4401_length_468_cov_2.974425	lost	False	3	3	0
UC065_V2	NODE_10081_length_282_cov_1.443902	lost	False	3	3	0
UC065_V2	NODE_17377_length_232_cov_0.883871	lost	False	3	3	0
UC065_V2	NODE_10598_length_274_cov_1.502538	lost	False	3	3	-1
UC065_V2	NODE_10214_length_280_cov_1.458128	lost	False	3	3	0
UC065_V2	NODE_215_length_5660_cov_6.933369	lost	False	3	3	0
UC065_V2	NODE_4076_length_490_cov_6.924939	lost	False	3	3	0
UC065_V2	NODE_3145_length_571_cov_1.157895	lost	False	3	3	0
UC065_V2	NODE_462_length_2168_cov_6.704926	lost	False	2	2	3
UC065_V2	NODE_12728_length_259_cov_0.813187	lost	False	3	3	-1
UC065_V2	NODE_13811_length_253_cov_0.840909	lost	False	3	3	0
UC065_V2	NODE_9953_length_284_cov_1.429952	lost	False	3	3	0
UC065_V2	NODE_6689_length_363_cov_1.846154	lost	False	3	3	0
UC065_V2	NODE_14534_length_249_cov_0.860465	lost	False	3	3	0
UC065_V2	NODE_5882_length_393_cov_0.930380	lost	False	3	3	0
UC065_V2	NODE_8657_length_310_cov_1.729614	lost	False	3	3	0
UC065_V2	NODE_14007_length_251_cov_6.701149	lost	False	3	3	0
UC065_V2	NODE_4655_length_454_cov_1.175066	lost	False	3	3	0
UC065_V2	NODE_4747_length_449_cov_2.188172	lost	False	3	3	0
UC065_V2	NODE_3267_length_559_cov_1.010373	lost	False	3	3	0
UC065_V2	NODE_9530_length_291_cov_1.154206	lost	False	3	3	0
UC065_V2	NODE_345_length_3003_cov_3.871155	lost	False	3	3	0
UC065_V2	NODE_13690_length_253_cov_2.102273	lost	False	3	3	-1
UC065_V2	NODE_3088_length_578_cov_1.181637	lost	False	3	3	-1
UC065_V2	NODE_310_length_3516_cov_10.546089	lost	False	3	3	0
UC065_V2	NODE_1651_length_851_cov_1.816537	lost	False	3	3	-1
UC065_V2	NODE_14740_length_247_cov_1.741176	lost	False	3	3	0
UC065_V2	NODE_13508_length_255_cov_0.825843	lost	False	3	3	0
UC065_V2	NODE_17958_length_127_cov_10.040000	lost	False	3	3	0
UC065_V2	NODE_11142_length_268_cov_0.884817	lost	False	3	3	0
UC065_V2	NODE_4424_length_467_cov_2.466667	lost	False	3	3	0
UC065_V2	NODE_8692_length_309_cov_4.564655	lost	False	3	3	0
UC065_V2	NODE_17327_length_232_cov_0.954839	lost	False	3	3	-1
UC065_V2	NODE_16911_length_234_cov_1.885350	lost	False	3	3	0
UC065_V2	NODE_6248_length_379_cov_0.980132	lost	False	3	3	0
UC065_V2	NODE_6874_length_358_cov_0.900356	lost	False	3	3	-1
UC065_V2	NODE_10150_length_281_cov_1.450980	lost	False	3	3	0
UC065_V2	NODE_11688_length_265_cov_1.180851	lost	False	3	3	0
UC065_V2	NODE_587_length_1754_cov_4.515206	lost	False	3	3	0
UC065_V2	NODE_11700_length_265_cov_0.925532	lost	False	3	3	-1
UC065_V2	NODE_231_length_5306_cov_4.654810	lost	False	3	3	0
UC065_V2	NODE_10923_length_269_cov_1.541667	lost	False	3	3	0
UC065_V2	NODE_11987_length_263_cov_1.591398	lost	False	3	3	-1
UC065_V2	NODE_361_length_2851_cov_2.913482	lost	False	3	3	0
UC065_V2	NODE_471_length_2106_cov_8.304091	lost	False	3	3	0
UC065_V2	NODE_6604_length_366_cov_1.505190	lost	False	3	3	0
UC065_V2	NODE_827_length_1371_cov_1.878671	lost	False	3	3	0
UC065_V2	NODE_8470_length_315_cov_0.932773	lost	False	3	3	0
UC065_V2	NODE_1058_length_1143_cov_3.108818	lost	False	3	3	-1
UC065_V2	NODE_10162_length_281_cov_1.450980	lost	False	3	3	0
UC065_V2	NODE_16586_length_236_cov_1.861635	lost	False	3	3	0
UC065_V2	NODE_11441_length_267_cov_0.768421	lost	False	3	3	0
UC065_V2	NODE_4048_length_492_cov_1.426506	lost	False	3	3	-1
UC065_V2	NODE_783_length_1435_cov_7.581738	lost	False	3	3	0
UC065_V2	NODE_1025_length_1170_cov_4.770357	lost	False	3	3	0
UC065_V2	NODE_14230_length_250_cov_1.283237	lost	False	3	3	-1
UC065_V2	NODE_5398_length_416_cov_0.852507	lost	False	3	3	0
UC065_V2	NODE_10518_length_276_cov_0.798995	lost	False	3	3	0
UC065_V2	NODE_16927_length_234_cov_1.414013	lost	False	3	3	0
UC065_V2	NODE_14067_length_251_cov_0.850575	lost	False	3	3	0
UC065_V2	NODE_15994_length_240_cov_0.907975	lost	False	3	3	0
UC065_V2	NODE_7112_length_351_cov_0.989051	lost	False	3	3	-1
UC065_V2	NODE_5139_length_427_cov_1.691429	lost	False	3	3	-1
UC065_V2	NODE_9708_length_288_cov_1.402844	lost	False	3	3	0
UC065_V2	NODE_1086_length_1123_cov_1.530593	lost	False	2	2	3
UC065_V2	NODE_4443_length_466_cov_2.151671	lost	False	3	3	0
UC065_V2	NODE_647_length_1643_cov_5.178161	lost	False	3	3	0
UC065_V2	NODE_406_length_2531_cov_5.610432	lost	False	3	3	0
UC065_V2	NODE_952_length_1235_cov_3.131261	lost	False	3	3	0
UC065_V2	NODE_16867_length_235_cov_0.936709	lost	False	3	3	0
UC065_V2	NODE_11981_length_263_cov_1.591398	lost	False	3	3	0
UC065_V2	NODE_5765_length_398_cov_0.922118	lost	False	3	3	-1
UC065_V2	NODE_1271_length_1009_cov_1.506438	lost	False	3	3	0
UC065_V2	NODE_8569_length_312_cov_1.570213	lost	False	3	3	0
UC065_V2	NODE_2111_length_730_cov_1.946401	lost	False	2	2	3
UC065_V2	NODE_1483_length_913_cov_2.875598	lost	False	3	3	0
UC065_V2	NODE_6413_length_373_cov_0.915541	lost	False	3	3	0
UC065_V2	NODE_9097_length_300_cov_0.995516	lost	False	3	3	-1
UC065_V2	NODE_4840_length_445_cov_1.005435	lost	False	3	3	0
UC065_V2	NODE_6523_length_369_cov_1.013699	lost	False	3	3	-1
UC065_V2	NODE_6321_length_376_cov_3.280936	lost	False	3	3	0
UC065_V2	NODE_981_length_1207_cov_2.625664	lost	False	3	3	0
UC065_V2	NODE_6055_length_386_cov_0.718447	lost	False	3	3	-1
UC065_V2	NODE_14374_length_250_cov_0.751445	lost	False	3	3	0
UC065_V2	NODE_6208_length_380_cov_0.976898	lost	False	3	3	-1
UC065_V2	NODE_15444_length_243_cov_0.891566	lost	False	3	3	0
UC065_V2	NODE_6436_length_372_cov_1.254237	lost	False	3	3	-1
UC065_V2	NODE_5911_length_391_cov_2.047771	lost	False	3	3	-1
UC065_V2	NODE_2062_length_740_cov_2.324284	lost	False	3	3	0
UC074_V2	NODE_5681_length_575_cov_5.909639	lost	False	3	3	0
UC074_V2	NODE_5910_length_554_cov_2.616352	lost	False	3	3	0
UC074_V2	NODE_4949_length_651_cov_9.700348	lost	False	3	3	0
UC074_V2	NODE_2229_length_1398_cov_55.459500	lost	False	1	1	2
UC074_V2	NODE_852_length_3587_cov_3.519373	lost	False	3	3	0
UC074_V2	NODE_6548_length_505_cov_1.210280	lost	False	3	3	0
UC074_V2	NODE_12647_length_261_cov_0.804348	lost	False	3	3	-1
UC074_V2	NODE_15543_length_192_cov_10.156522	lost	False	3	3	0
UC074_V2	NODE_9841_length_329_cov_2.357143	lost	False	3	3	0
UC074_V2	NODE_2395_length_1305_cov_10.171010	lost	False	3	3	0
UC074_V2	NODE_13330_length_253_cov_0.840909	lost	False	3	3	0
UC074_V2	NODE_4942_length_652_cov_3.560000	lost	False	3	3	0
UC074_V2	NODE_5784_length_565_cov_9.981557	lost	False	3	3	0
UC074_V2	NODE_15379_length_230_cov_0.986928	lost	False	3	3	0
UC074_V2	NODE_13124_length_255_cov_0.831461	lost	False	3	3	-1
UC074_V2	NODE_543_length_5206_cov_2.967635	lost	False	3	3	0
UC074_V2	NODE_1845_length_1701_cov_1.894089	lost	False	3	3	0
UC074_V2	NODE_2591_length_1200_cov_3.152271	lost	False	3	3	0
UC074_V2	NODE_1816_length_1738_cov_2.562312	lost	False	3	3	0
UC074_V2	NODE_1598_length_1992_cov_3.732637	lost	False	3	3	0
UC074_V2	NODE_2380_length_1312_cov_79.985425	lost	False	2	2	3
UC074_V2	NODE_10203_length_316_cov_3.096234	lost	False	3	3	0
UC074_V2	NODE_13049_length_256_cov_0.826816	lost	False	3	3	0
UC074_V2	NODE_15566_length_162_cov_5.047059	lost	False	3	3	0
UC074_V2	NODE_8733_length_375_cov_2.234899	lost	False	3	3	0
UC074_V2	NODE_1385_length_2299_cov_3.163816	lost	False	2	2	3
UC074_V2	NODE_15573_length_157_cov_2.675000	lost	False	3	3	0
UC074_V2	NODE_5236_length_620_cov_1.281768	lost	False	3	3	0
UC074_V2	NODE_11011_length_291_cov_1.383178	lost	False	3	3	0
UC074_V2	NODE_9118_length_358_cov_3.359431	lost	False	3	3	0
UC074_V2	NODE_875_length_3503_cov_13.376241	lost	False	3	3	0
UC074_V2	NODE_6270_length_524_cov_2.255034	lost	False	3	3	0
UC074_V2	NODE_801_length_3786_cov_3.899703	lost	False	3	3	0
UC074_V2	NODE_1541_length_2073_cov_11.868737	lost	False	2	2	3
UC074_V2	NODE_11107_length_288_cov_3.180095	lost	False	3	3	-1
UC074_V2	NODE_1956_length_1593_cov_2.782322	lost	False	3	3	0
UC074_V2	NODE_15518_length_222_cov_2.758621	lost	False	3	3	0
UC074_V2	NODE_15623_length_127_cov_16.780000	lost	False	3	3	0
UC074_V2	NODE_3173_length_989_cov_5.220395	lost	False	3	3	0
UC074_V2	NODE_3811_length_829_cov_3.105053	lost	False	3	3	0
UC074_V2	NODE_695_length_4225_cov_3.272903	lost	False	3	3	0
UC074_V2	NODE_6599_length_501_cov_3.490566	lost	False	3	3	0
UC074_V2	NODE_13359_length_252_cov_6.440000	lost	False	3	3	0
UC074_V2	NODE_2190_length_1419_cov_2.006706	lost	False	3	3	0
UC074_V2	NODE_9261_length_352_cov_1.974545	lost	False	3	3	0
UC074_V2	NODE_2116_length_1464_cov_3.666186	lost	False	3	3	-1
UC074_V2	NODE_15553_length_180_cov_3.067961	lost	False	3	3	0
UC074_V2	NODE_4867_length_661_cov_3.690068	lost	False	3	3	0
UC074_V2	NODE_15572_length_157_cov_3.162500	lost	False	3	3	0
UC074_V2	NODE_13373_length_252_cov_1.691429	lost	False	3	3	0
UC074_V2	NODE_5130_length_631_cov_6.736462	lost	False	3	3	0
UC074_V2	NODE_10821_length_297_cov_0.981818	lost	False	3	3	0
UC074_V2	NODE_15593_length_148_cov_4.154930	lost	False	3	3	-1
UC074_V2	NODE_1340_length_2355_cov_7.896839	lost	False	2	2	3
UC074_V2	NODE_2519_length_1240_cov_2.818573	lost	False	2	2	3
UC074_V2	NODE_5556_length_588_cov_2.330724	lost	False	3	3	0
UC074_V2	NODE_1377_length_2307_cov_14.782063	lost	False	2	2	3
UC074_V2	NODE_5555_length_588_cov_2.671233	lost	False	3	3	0
UC074_V2	NODE_4379_length_729_cov_1.929448	lost	False	3	3	-1
UC074_V2	NODE_15546_length_188_cov_3.522523	lost	False	3	3	0
UC074_V2	NODE_1953_length_1595_cov_2.068511	lost	False	3	3	0
UC074_V2	NODE_15184_length_232_cov_1.864516	lost	False	3	3	0
UC074_V2	NODE_7344_length_449_cov_1.833333	lost	False	3	3	0
UC074_V2	NODE_8241_length_399_cov_2.655280	lost	False	3	3	0
UC074_V2	NODE_6211_length_529_cov_2.086283	lost	False	3	3	0
UC074_V2	NODE_9028_length_361_cov_2.246479	lost	False	3	3	0
UC074_V2	NODE_9795_length_331_cov_1.468504	lost	False	3	3	0
UC074_V2	NODE_5480_length_594_cov_32.526112	lost	False	3	3	0
UC074_V2	NODE_847_length_3615_cov_12.928773	lost	False	2	2	3
UC074_V2	NODE_13268_length_254_cov_0.830508	lost	False	3	3	0
UC074_V2	NODE_15581_length_153_cov_5.907895	lost	False	3	3	0
UC074_V2	NODE_3253_length_963_cov_1.896163	lost	False	3	3	0
UC074_V2	NODE_15550_length_182_cov_7.485714	lost	False	3	3	0
UC074_V2	NODE_4620_length_692_cov_2.946341	lost	False	3	3	0
UC074_V2	NODE_5287_length_614_cov_1.752328	lost	False	3	3	-1
UC074_V2	NODE_2085_length_1489_cov_3.855524	lost	False	3	3	0
UC074_V2	NODE_7608_length_433_cov_1.247191	lost	False	3	3	0
UC074_V2	NODE_10622_length_303_cov_0.982301	lost	False	3	3	0
UC074_V2	NODE_3607_length_879_cov_7.536160	lost	False	3	3	0
UC074_V2	NODE_1708_length_1846_cov_5.153194	lost	False	3	3	0
UC074_V2	NODE_9789_length_331_cov_2.039370	lost	False	3	3	0
UC074_V2	NODE_3566_length_889_cov_1.785714	lost	False	3	3	0
UC074_V2	NODE_9488_length_342_cov_8.045283	lost	False	3	3	0
UC074_V2	NODE_7584_length_434_cov_3.159664	lost	False	3	3	0
UC074_V2	NODE_2001_length_1555_cov_4.575778	lost	False	2	2	3
UC074_V2	NODE_15521_length_216_cov_3.935252	lost	False	3	3	0
UC074_V2	NODE_3572_length_887_cov_3.272840	lost	False	3	3	0
UC074_V2	NODE_13175_length_255_cov_0.831461	lost	False	3	3	0
UC074_V2	NODE_7830_length_420_cov_4.265306	lost	False	3	3	-1
UC074_V2	NODE_9927_length_326_cov_1.489960	lost	False	3	3	0
UC074_V2	NODE_2325_length_1345_cov_2.598580	lost	False	3	3	0
UC074_V2	NODE_3434_length_917_cov_3.220238	lost	False	3	3	0
UC074_V2	NODE_8658_length_379_cov_0.980132	lost	False	3	3	0
UC074_V2	NODE_11490_length_278_cov_1.840796	lost	False	3	3	0
UC074_V2	NODE_8729_length_375_cov_12.278523	lost	False	3	3	0
UC074_V2	NODE_12821_length_259_cov_0.620879	lost	False	3	3	0
UC074_V2	NODE_9052_length_361_cov_0.781690	lost	False	3	3	0
UC074_V2	NODE_9957_length_325_cov_1.459677	lost	False	3	3	0
UC074_V2	NODE_15255_length_231_cov_5.870130	lost	False	3	3	-1
UC074_V2	NODE_15591_length_149_cov_6.513889	lost	False	3	3	0
UC074_V2	NODE_13553_length_250_cov_2.138728	lost	False	3	3	0
UC074_V2	NODE_7596_length_433_cov_4.426966	lost	False	3	3	0
UC074_V2	NODE_4958_length_650_cov_2.321117	lost	False	3	3	0
UC074_V2	NODE_12035_length_267_cov_2.121053	lost	False	3	3	0
UC074_V2	NODE_11665_length_273_cov_3.530612	lost	False	3	3	0
UC074_V2	NODE_6986_length_476_cov_1.233083	lost	False	3	3	0
UC074_V2	NODE_1567_length_2034_cov_5.360245	lost	False	3	3	0
UC074_V2	NODE_14160_length_244_cov_0.886228	lost	False	3	3	0
UC074_V2	NODE_2334_length_1341_cov_2.154272	lost	False	3	3	0
UC074_V2	NODE_10884_length_294_cov_2.096774	lost	False	3	3	0
UC074_V2	NODE_6403_length_515_cov_5.952055	lost	False	3	3	0
UC074_V2	NODE_12985_length_256_cov_2.184358	lost	False	3	3	0
UC074_V2	NODE_14985_length_234_cov_1.439490	lost	False	3	3	0
UC074_V2	NODE_200_length_12222_cov_4.871470	lost	False	2	2	3
UC074_V2	NODE_657_length_4435_cov_3.324461	lost	False	2	2	3
UC074_V2	NODE_9010_length_362_cov_1.298246	lost	False	3	3	0
UC074_V2	NODE_1160_length_2702_cov_3.664762	lost	False	3	3	0
UC074_V2	NODE_6184_length_531_cov_1.140969	lost	False	3	3	0
UC074_V2	NODE_8314_length_396_cov_1.623824	lost	False	3	3	0
UC074_V2	NODE_2520_length_1239_cov_34.748709	lost	False	2	2	3
UC074_V2	NODE_1185_length_2649_cov_3.258554	lost	False	3	3	0
UC074_V2	NODE_3465_length_911_cov_1.774580	lost	False	3	3	0
UC074_V2	NODE_3225_length_973_cov_1.811384	lost	False	3	3	0
UC074_V2	NODE_13370_length_252_cov_1.691429	lost	False	3	3	-1
UC074_V2	NODE_15551_length_181_cov_5.807692	lost	False	3	3	0
UC074_V2	NODE_15602_length_140_cov_3.000000	lost	False	3	3	-1
UC074_V2	NODE_12187_length_266_cov_0.783069	lost	False	3	3	-1
UC074_V2	NODE_5626_length_580_cov_5.117296	lost	False	3	3	0
UC074_V2	NODE_15531_length_207_cov_1.761538	lost	False	3	3	0
UC074_V2	NODE_795_length_3807_cov_23.764879	lost	False	3	3	0
UC074_V2	NODE_3242_length_965_cov_2.913288	lost	False	3	3	0
UC074_V2	NODE_2020_length_1538_cov_52.162218	lost	False	2	2	3
UC074_V2	NODE_9490_length_342_cov_3.909434	lost	False	3	3	-1
UC074_V2	NODE_2835_length_1103_cov_3.775828	lost	False	3	3	0
UC074_V2	NODE_5852_length_559_cov_2.302905	lost	False	3	3	0
UC074_V2	NODE_15582_length_153_cov_3.223684	lost	False	3	3	0
UC074_V2	NODE_9646_length_336_cov_18.687259	lost	False	3	3	0
UC074_V2	NODE_9019_length_362_cov_0.828070	lost	False	3	3	-1
UC074_V2	NODE_728_length_4093_cov_2.080677	lost	False	2	2	3
UC074_V2	NODE_10015_length_323_cov_0.902439	lost	False	3	3	0
UC074_V2	NODE_15528_length_210_cov_1.105263	lost	False	3	3	0
UC074_V2	NODE_2381_length_1312_cov_4.654251	lost	False	3	3	0
UC074_V2	NODE_2428_length_1288_cov_4.132948	lost	False	2	2	3
UC074_V2	NODE_5111_length_633_cov_2.744604	lost	False	3	3	0
UC074_V2	NODE_14724_length_238_cov_0.869565	lost	False	3	3	0
UC074_V2	NODE_3111_length_1007_cov_1.563441	lost	False	3	3	-1
UC074_V2	NODE_5121_length_632_cov_3.861261	lost	False	3	3	0
UC074_V2	NODE_5599_length_583_cov_5.832016	lost	False	3	3	0
UC074_V2	NODE_3660_length_868_cov_5.233881	lost	False	3	3	0
UC074_V2	NODE_9324_length_349_cov_4.852941	lost	False	3	3	0
UC074_V2	NODE_15526_length_212_cov_3.770370	lost	False	3	3	-1
UC074_V2	NODE_2606_length_1192_cov_3.629596	lost	False	3	3	0
UC074_V2	NODE_15562_length_169_cov_18.282609	lost	False	3	3	0
UC074_V2	NODE_1404_length_2266_cov_3.386935	lost	False	3	3	0
UC074_V2	NODE_10496_length_307_cov_1.239130	lost	False	3	3	0
UC074_V2	NODE_1371_length_2316_cov_9.405092	lost	False	3	3	0
UC074_V2	NODE_15734_length_91_cov_4.642857	lost	False	3	3	0
UC074_V2	NODE_2897_length_1079_cov_1.452096	lost	False	2	2	3
UC074_V2	NODE_3525_length_898_cov_1.383678	lost	False	3	3	0
UC074_V2	NODE_15587_length_150_cov_3.986301	lost	False	3	3	0
UC074_V2	NODE_7922_length_415_cov_3.331361	lost	False	3	3	0
UC074_V2	NODE_4106_length_774_cov_25.192253	lost	False	2	2	3
UC074_V2	NODE_748_length_4020_cov_18.246513	lost	False	3	3	0
UC074_V2	NODE_1762_length_1792_cov_9.465306	lost	False	3	3	0
UC074_V2	NODE_6359_length_518_cov_2.045351	lost	False	3	3	0
UC074_V2	NODE_14896_length_235_cov_4.303797	lost	False	3	3	0
UC074_V2	NODE_1328_length_2372_cov_5.526797	lost	False	3	3	0
UC074_V2	NODE_11711_length_272_cov_2.410256	lost	False	3	3	0
UC074_V2	NODE_12489_length_262_cov_1.351351	lost	False	3	3	-1
UC074_V2	NODE_6036_length_544_cov_1.743041	lost	False	3	3	0
UC074_V2	NODE_11193_length_286_cov_1.416268	lost	False	3	3	0
UC074_V2	NODE_718_length_4119_cov_2.866155	lost	False	3	3	0
UC074_V2	NODE_13306_length_253_cov_1.261364	lost	False	3	3	0
UC074_V2	NODE_2291_length_1363_cov_2.594868	lost	False	3	3	0
UC074_V2	NODE_8897_length_367_cov_2.041379	lost	False	3	3	0
UC074_V2	NODE_14046_length_245_cov_0.880952	lost	False	3	3	0
UC074_V2	NODE_15654_length_114_cov_9.918919	lost	False	3	3	-1
UC074_V2	NODE_1079_length_2905_cov_2.882249	lost	False	3	3	0
UC074_V2	NODE_15301_length_231_cov_1.402597	lost	False	3	3	0
UC084_V2	NODE_5425_length_258_cov_0.817680	lost	False	3	3	-1
UC084_V2	NODE_4935_length_265_cov_0.702128	lost	False	3	3	0
UC084_V2	NODE_7441_length_111_cov_80.029412	lost	False	3	3	0
UC084_V2	NODE_1273_length_815_cov_123.779133	lost	False	3	3	0
UC084_V2	NODE_7377_length_129_cov_32.115385	lost	False	3	3	0
UC084_V2	NODE_7333_length_147_cov_39.685714	lost	False	3	3	0
UC084_V2	NODE_2332_length_472_cov_1.513924	lost	False	3	3	0
UC084_V2	NODE_7376_length_130_cov_36.490566	lost	False	3	3	0
UC084_V2	NODE_7238_length_217_cov_49.492857	lost	False	3	3	0
UC084_V2	NODE_7317_length_150_cov_43.397260	lost	False	3	3	0
UC084_V2	NODE_2761_length_403_cov_143.236196	lost	False	3	3	0
UC084_V2	NODE_7332_length_147_cov_50.300000	lost	False	3	3	0
UC084_V2	NODE_6068_length_248_cov_0.865497	lost	False	3	3	0
UC084_V2	NODE_7325_length_149_cov_74.652778	lost	False	3	3	0
UC084_V2	NODE_7320_length_150_cov_29.082192	lost	False	3	3	0
UC084_V2	NODE_5178_length_261_cov_1.608696	lost	False	3	3	0
UC084_V2	NODE_7260_length_183_cov_68.471698	lost	False	3	3	0
UC084_V2	NODE_7319_length_150_cov_31.849315	lost	False	3	3	0
UC084_V2	NODE_7224_length_229_cov_0.967105	lost	False	3	3	0
UC084_V2	NODE_7299_length_152_cov_38.080000	lost	False	3	3	0
UC084_V2	NODE_3169_length_361_cov_57.063380	lost	False	3	3	0
UC084_V2	NODE_7321_length_150_cov_24.863014	lost	False	3	3	0
UC084_V2	NODE_4231_length_287_cov_0.704762	lost	False	3	3	0
UC084_V2	NODE_7304_length_151_cov_134.108108	lost	False	3	3	0
UC084_V2	NODE_769_length_1200_cov_50.526269	lost	False	3	3	0
UC084_V2	NODE_2191_length_496_cov_46.331742	lost	False	3	3	0
UC084_V2	NODE_4444_length_277_cov_1.110000	lost	False	3	3	0
UC084_V2	NODE_7148_length_230_cov_0.967320	lost	False	3	3	0
UC084_V2	NODE_4288_length_284_cov_1.705314	lost	False	3	3	0
UC084_V2	NODE_2166_length_502_cov_88.232941	lost	False	3	3	0
UC084_V2	NODE_7318_length_150_cov_43.068493	lost	False	3	3	0
UC084_V2	NODE_5618_length_255_cov_0.831461	lost	False	3	3	0
UC084_V2	NODE_7354_length_143_cov_20.666667	lost	False	3	3	0
UC084_V2	NODE_7355_length_143_cov_13.333333	lost	False	3	3	0
UC084_V2	NODE_4948_length_264_cov_1.187166	lost	False	3	3	-1
UC084_V2	NODE_7330_length_148_cov_25.760563	lost	False	3	3	0
UC084_V2	NODE_3836_length_311_cov_0.876068	lost	False	3	3	0
UC084_V2	NODE_2163_length_504_cov_1.508197	lost	False	3	3	0
UC084_V2	NODE_3840_length_310_cov_1.587983	lost	False	3	3	0
UC084_V2	NODE_7298_length_152_cov_42.960000	lost	False	3	3	0
UC084_V2	NODE_2398_length_459_cov_1.151832	lost	False	3	3	0
UC084_V2	NODE_4675_length_268_cov_2.324607	lost	False	3	3	0
UC084_V2	NODE_7295_length_153_cov_34.368421	lost	False	3	3	0
UC084_V2	NODE_3731_length_318_cov_0.896266	lost	False	3	3	0
UC084_V2	NODE_4380_length_280_cov_1.458128	lost	False	3	3	-1
UC084_V2	NODE_1515_length_700_cov_70.626003	lost	False	3	3	0
UC084_V2	NODE_3060_length_370_cov_82.525597	lost	False	3	3	0
UC084_V2	NODE_29_length_20749_cov_54.609472	lost	False	3	3	0
UC084_V2	NODE_6231_length_245_cov_1.386905	lost	False	3	3	-1
UC084_V2	NODE_3323_length_347_cov_73.385185	lost	False	3	3	0
UC084_V2	NODE_2212_length_494_cov_46.752998	lost	False	3	3	0
UC084_V2	NODE_5825_length_252_cov_0.845714	lost	False	3	3	0
UC084_V2	NODE_7316_length_150_cov_63.246575	lost	False	3	3	0
UC084_V2	NODE_6340_length_243_cov_1.783133	lost	False	3	3	0
UC084_V2	NODE_7294_length_153_cov_36.407895	lost	False	3	3	0
UC084_V2	NODE_3096_length_368_cov_83.824742	lost	False	3	3	0
UC084_V2	NODE_7375_length_130_cov_72.075472	lost	False	3	3	0
UC084_V2	NODE_2907_length_384_cov_1.446254	lost	False	3	3	0
UC084_V2	NODE_7300_length_152_cov_36.200000	lost	False	3	3	0
UC084_V2	NODE_1578_length_676_cov_166.415693	lost	False	3	3	0
UC084_V2	NODE_2461_length_448_cov_90.320755	lost	False	3	3	0
UC084_V2	NODE_7306_length_151_cov_33.135135	lost	False	3	3	0
UC084_V2	NODE_2469_length_447_cov_1.408108	lost	False	3	3	0
UC084_V2	NODE_3551_length_330_cov_1.067194	lost	False	3	3	0
UC084_V2	NODE_7290_length_154_cov_23.389610	lost	False	3	3	0
UC084_V2	NODE_7353_length_143_cov_21.181818	lost	False	3	3	0
UC084_V2	NODE_7244_length_201_cov_63.524194	lost	False	3	3	0
UC084_V2	NODE_7307_length_151_cov_30.891892	lost	False	3	3	0
UC084_V2	NODE_4470_length_275_cov_1.868687	lost	False	3	3	-1
UC084_V2	NODE_1363_length_768_cov_51.814761	lost	False	3	3	0
UC084_V2	NODE_7252_length_190_cov_56.973451	lost	False	3	3	0
UC084_V2	NODE_7331_length_148_cov_10.056338	lost	False	3	3	0
UC084_V2	NODE_2611_length_425_cov_0.853448	lost	False	3	3	0
UC084_V2	NODE_5635_length_255_cov_0.831461	lost	False	3	3	0
UC084_V2	NODE_5871_length_251_cov_0.850575	lost	False	3	3	0
UC084_V2	NODE_7259_length_185_cov_105.472222	lost	False	3	3	0
UC084_V2	NODE_7314_length_150_cov_71.602740	lost	False	3	3	0
UC084_V2	NODE_3143_length_364_cov_2.108014	lost	False	3	3	0
UC084_V2	NODE_6465_length_241_cov_0.902439	lost	False	3	3	0
UC084_V2	NODE_7308_length_151_cov_29.635135	lost	False	3	3	0
UC084_V2	NODE_7235_length_221_cov_74.597222	lost	False	3	3	0
UC084_V2	NODE_7257_length_186_cov_62.834862	lost	False	3	3	0
UC084_V2	NODE_7309_length_151_cov_28.297297	lost	False	3	3	0
UC084_V2	NODE_7310_length_151_cov_20.702703	lost	False	3	3	0
UC084_V2	NODE_5626_length_255_cov_0.831461	lost	False	3	3	0
UC084_V2	NODE_3513_length_333_cov_73.820312	lost	False	3	3	0
UC084_V2	NODE_4318_length_283_cov_1.436893	lost	False	3	3	0
UC093_V2	NODE_5087_length_387_cov_2.848387	lost	False	3	3	0
UC093_V2	NODE_5710_length_358_cov_3.601423	lost	False	3	3	0
UC093_V2	NODE_13582_length_243_cov_0.891566	lost	False	3	3	0
UC093_V2	NODE_15678_length_152_cov_28.560000	lost	False	3	3	0
UC093_V2	NODE_5568_length_364_cov_1.547038	lost	False	3	3	0
UC093_V2	NODE_15589_length_229_cov_0.973684	lost	False	3	3	-1
UC093_V2	NODE_15628_length_192_cov_1623.443478	lost	False	2	2	3
UC093_V2	NODE_3055_length_552_cov_2.663158	lost	False	3	3	0
UC093_V2	NODE_4119_length_444_cov_0.806540	lost	False	3	3	-1
UC093_V2	NODE_870_length_1378_cov_310.385857	lost	False	2	2	3
UC093_V2	NODE_14391_length_237_cov_1.850000	lost	False	3	3	0
UC093_V2	NODE_8901_length_270_cov_1.689119	lost	False	3	3	0
UC093_V2	NODE_5891_length_351_cov_0.729927	lost	False	3	3	0
UC093_V2	NODE_14536_length_237_cov_0.912500	lost	False	3	3	0
UC093_V2	NODE_12282_length_251_cov_0.850575	lost	False	3	3	0
UC093_V2	NODE_15640_length_169_cov_74.597826	lost	False	3	3	0
UC093_V2	NODE_15759_length_123_cov_14.304348	lost	False	3	3	0
UC093_V2	NODE_15683_length_151_cov_58.689189	lost	False	3	3	0
UC093_V2	NODE_2795_length_592_cov_1.211650	lost	False	3	3	0
UC093_V2	NODE_568_length_1808_cov_1.696707	lost	False	3	3	0
UC093_V2	NODE_10944_length_259_cov_0.813187	lost	False	3	3	0
UC093_V2	NODE_15679_length_152_cov_20.946667	lost	False	3	3	0
UC093_V2	NODE_583_length_1783_cov_13.319461	lost	False	3	3	0
UC093_V2	NODE_1900_length_802_cov_1.125517	lost	False	3	3	0
UC093_V2	NODE_1959_length_783_cov_79.624646	lost	False	2	2	3
UC093_V2	NODE_2008_length_768_cov_83.988423	lost	False	2	2	3
UC093_V2	NODE_1215_length_1104_cov_2.089581	lost	False	3	3	0
UC093_V2	NODE_9389_length_267_cov_1.400000	lost	False	3	3	0
UC093_V2	NODE_15642_length_168_cov_73.373626	lost	False	3	3	0
UC093_V2	NODE_6716_length_322_cov_1.159184	lost	False	3	3	-1
UC093_V2	NODE_14673_length_236_cov_0.867925	lost	False	3	3	0
UC093_V2	NODE_4037_length_450_cov_50.016086	lost	False	2	2	3
UC093_V2	NODE_15740_length_133_cov_26.571429	lost	False	3	3	0
UC093_V2	NODE_5050_length_390_cov_0.881789	lost	False	3	3	0
UC093_V2	NODE_15689_length_151_cov_11.729730	lost	False	3	3	0
UC093_V2	NODE_6576_length_327_cov_0.888000	lost	False	3	3	0
UC093_V2	NODE_6532_length_328_cov_1.179283	lost	False	3	3	0
UC093_V2	NODE_14468_length_237_cov_0.925000	lost	False	3	3	0
UC093_V2	NODE_8818_length_272_cov_1.517949	lost	False	3	3	0
UC093_V2	NODE_15666_length_153_cov_78.289474	lost	False	3	3	0
UC093_V2	NODE_5064_length_389_cov_1.128205	lost	False	3	3	0
UC093_V2	NODE_15709_length_146_cov_17.000000	lost	False	3	3	0
UC093_V2	NODE_257_length_3098_cov_1.939755	lost	False	3	3	0
UC093_V2	NODE_4541_length_416_cov_1.634218	lost	False	3	3	0
UC093_V2	NODE_15757_length_123_cov_41.673913	lost	False	3	3	0
UC093_V2	NODE_8907_length_270_cov_1.533679	lost	False	3	3	0
UC093_V2	NODE_10161_length_263_cov_0.795699	lost	False	3	3	0
UC093_V2	NODE_15734_length_135_cov_2.620690	lost	False	3	3	0
UC093_V2	NODE_5096_length_387_cov_0.954839	lost	False	3	3	0
UC093_V2	NODE_8683_length_275_cov_0.747475	lost	False	3	3	0
UC093_V2	NODE_13857_length_241_cov_0.902439	lost	False	3	3	0
UC093_V2	NODE_2952_length_568_cov_69.706721	lost	False	3	3	0
UC093_V2	NODE_904_length_1345_cov_20.814669	lost	False	2	2	3
UC093_V2	NODE_14379_length_237_cov_2.250000	lost	False	3	3	0
UC093_V2	NODE_13843_length_241_cov_0.902439	lost	False	3	3	0
UC093_V2	NODE_5827_length_353_cov_2.601449	lost	False	3	3	0
UC093_V2	NODE_15662_length_154_cov_16.935065	lost	False	3	3	0
UC093_V2	NODE_4770_length_403_cov_185.303681	lost	False	3	3	0
UC093_V2	NODE_15153_length_232_cov_0.954839	lost	False	3	3	0
UC093_V2	NODE_4968_length_394_cov_1.167192	lost	False	3	3	0
UC093_V2	NODE_6047_length_345_cov_0.824627	lost	False	3	3	0
UC093_V2	NODE_5625_length_362_cov_1.242105	lost	False	3	3	0
UC093_V2	NODE_14643_length_236_cov_0.930818	lost	False	3	3	0
UC093_V2	NODE_12919_length_247_cov_0.870588	lost	False	3	3	0
UC093_V2	NODE_5408_length_372_cov_1.722034	lost	False	3	3	0
UC093_V2	NODE_2387_length_674_cov_1.941374	lost	False	3	3	0
UC093_V2	NODE_15681_length_152_cov_10.333333	lost	False	3	3	0
UC093_V2	NODE_831_length_1414_cov_4.792820	lost	False	3	3	0
UC093_V2	NODE_15671_length_153_cov_18.013158	lost	False	3	3	0
UC093_V2	NODE_8084_length_286_cov_0.708134	lost	False	3	3	0
UC093_V2	NODE_6711_length_322_cov_1.208163	lost	False	3	3	0
UC093_V2	NODE_4346_length_428_cov_2.111111	lost	False	3	3	0
UC093_V2	NODE_15677_length_152_cov_58.026667	lost	False	3	3	0
UC093_V2	NODE_3326_length_520_cov_1.469526	lost	False	3	3	0
UC093_V2	NODE_694_length_1588_cov_144.499669	lost	False	2	2	3
UC093_V2	NODE_3155_length_541_cov_0.965517	lost	False	3	3	0
UC093_V2	NODE_7076_length_310_cov_1.978541	lost	False	3	3	-1
UC093_V2	NODE_6270_length_337_cov_1.138462	lost	False	3	3	-1
UC093_V2	NODE_8033_length_286_cov_1.770335	lost	False	3	3	0
UC093_V2	NODE_5351_length_375_cov_0.993289	lost	False	3	3	0
UC093_V2	NODE_15661_length_154_cov_20.233766	lost	False	3	3	0
UC093_V2	NODE_15686_length_151_cov_25.378378	lost	False	3	3	0
UC093_V2	NODE_13806_length_241_cov_1.335366	lost	False	3	3	0
UC093_V2	NODE_8183_length_284_cov_1.072464	lost	False	3	3	0
UC093_V2	NODE_1072_length_1198_cov_46.432649	lost	False	3	3	0
UC093_V2	NODE_15615_length_220_cov_79.951049	lost	False	3	3	0
UC093_V2	NODE_6623_length_325_cov_1.189516	lost	False	3	3	0
UC093_V2	NODE_15696_length_149_cov_11.375000	lost	False	3	3	0
UC093_V2	NODE_9868_length_265_cov_0.787234	lost	False	3	3	0
UC093_V2	NODE_15694_length_150_cov_25.698630	lost	False	3	3	0
UC093_V2	NODE_14811_length_234_cov_106.503185	lost	False	3	3	0
UC093_V2	NODE_15624_length_197_cov_93.158333	lost	False	3	3	0
UC093_V2	NODE_8485_length_278_cov_1.472637	lost	False	3	3	-1
UC093_V2	NODE_10948_length_259_cov_0.813187	lost	False	3	3	0
UC093_V2	NODE_3346_length_518_cov_0.941043	lost	False	3	3	0
UC093_V2	NODE_15697_length_149_cov_11.152778	lost	False	3	3	0
UC093_V2	NODE_6100_length_342_cov_2.049057	lost	False	3	3	0
UC093_V2	NODE_7124_length_309_cov_1.206897	lost	False	3	3	0
UC093_V2	NODE_15633_length_186_cov_76.477064	lost	False	3	3	0
UC093_V2	NODE_4102_length_444_cov_2.506812	lost	False	3	3	-1
UC093_V2	NODE_10458_length_261_cov_1.326087	lost	False	3	3	0
UC093_V2	NODE_15660_length_154_cov_29.246753	lost	False	3	3	0
UC093_V2	NODE_6396_length_332_cov_0.870588	lost	False	3	3	0
UC093_V2	NODE_6105_length_342_cov_1.675472	lost	False	3	3	0
UC093_V2	NODE_14804_length_235_cov_0.930380	lost	False	3	3	0
UC093_V2	NODE_8472_length_278_cov_1.980100	lost	False	3	3	0
UC093_V2	NODE_15381_length_230_cov_1.352941	lost	False	3	3	0
UC093_V2	NODE_15670_length_153_cov_18.105263	lost	False	3	3	0
UC093_V2	NODE_2589_length_634_cov_1.443447	lost	False	3	3	0
UC093_V2	NODE_5079_length_388_cov_1.215434	lost	False	3	3	0
UC093_V2	NODE_12818_length_247_cov_1.741176	lost	False	3	3	0
UC093_V2	NODE_15680_length_152_cov_18.346667	lost	False	3	3	0
UC093_V2	NODE_8625_length_276_cov_1.115578	lost	False	3	3	-1
UC093_V2	NODE_11127_length_258_cov_0.817680	lost	False	3	3	0
UC093_V2	NODE_3347_length_517_cov_6.486364	lost	False	3	3	0
UC093_V2	NODE_15445_length_230_cov_0.967320	lost	False	3	3	0
UC093_V2	NODE_9113_length_269_cov_0.770833	lost	False	3	3	-1
UC093_V2	NODE_13417_length_244_cov_0.886228	lost	False	3	3	0
UC093_V2	NODE_12814_length_247_cov_1.741176	lost	False	3	3	0
UC093_V2	NODE_6761_length_321_cov_0.598361	lost	False	3	3	0
UC093_V2	NODE_4641_length_411_cov_0.886228	lost	False	3	3	0
UC093_V2	NODE_15736_length_134_cov_10.035088	lost	False	3	3	0
UC093_V2	NODE_8887_length_271_cov_1.015464	lost	False	3	3	0
UC093_V2	NODE_15643_length_168_cov_46.901099	lost	False	3	3	0
UC093_V2	NODE_15667_length_153_cov_54.631579	lost	False	3	3	0
UC093_V2	NODE_12962_length_247_cov_0.841176	lost	False	3	3	-1
UC093_V2	NODE_8591_length_276_cov_2.170854	lost	False	3	3	-1
UC093_V2	NODE_8381_length_280_cov_1.413793	lost	False	3	3	0
UC093_V2	NODE_12940_length_247_cov_0.870588	lost	False	3	3	0
UC093_V2	NODE_8463_length_279_cov_1.039604	lost	False	3	3	0
UC093_V2	NODE_12500_length_249_cov_41.081395	lost	False	3	3	0
UC093_V2	NODE_3685_length_482_cov_1.096296	lost	False	3	3	0
UC093_V2	NODE_14182_length_239_cov_0.913580	lost	False	3	3	0
UC093_V2	NODE_3792_length_471_cov_50.997462	lost	False	2	2	3
UC093_V2	NODE_15594_length_229_cov_0.967105	lost	False	3	3	0
UC093_V2	NODE_15695_length_150_cov_17.000000	lost	False	3	3	0
UC093_V2	NODE_9522_length_267_cov_0.778947	lost	False	3	3	0
UC093_V2	NODE_4625_length_411_cov_3.239521	lost	False	3	3	0
UC093_V2	NODE_15693_length_150_cov_45.863014	lost	False	3	3	0
UC093_V2	NODE_3185_length_536_cov_9.287582	lost	False	3	3	0
UC093_V2	NODE_3251_length_529_cov_0.962389	lost	False	3	3	0
UC093_V2	NODE_7810_length_290_cov_2.356808	lost	False	3	3	0
UC093_V2	NODE_3691_length_481_cov_2.742574	lost	False	3	3	0
UC093_V2	NODE_15676_length_152_cov_76.026667	lost	False	3	3	0
UC093_V2	NODE_15682_length_151_cov_104.243243	lost	False	3	3	0
UC093_V2	NODE_14373_length_238_cov_0.739130	lost	False	3	3	0
UC093_V2	NODE_6850_length_317_cov_2.125000	lost	False	3	3	0
UC093_V2	NODE_13966_length_240_cov_1.141104	lost	False	3	3	0
UC093_V2	NODE_15688_length_151_cov_23.054054	lost	False	3	3	0
UC093_V2	NODE_12509_length_249_cov_1.720930	lost	False	3	3	0
UC093_V2	NODE_15741_length_132_cov_924.545455	lost	False	2	2	3
UC093_V2	NODE_11372_length_256_cov_1.407821	lost	False	3	3	0
UC093_V2	NODE_15715_length_144_cov_62.417910	lost	False	3	3	0
UC093_V2	NODE_14710_length_235_cov_1.031646	lost	False	3	3	-1
UC093_V2	NODE_2826_length_586_cov_1.129666	lost	False	3	3	0
UC093_V2	NODE_3526_length_496_cov_4.331742	lost	False	3	3	0
UC093_V2	NODE_8227_length_283_cov_1.077670	lost	False	3	3	-1
UC093_V2	NODE_8150_length_284_cov_1.429952	lost	False	3	3	-1
UC093_V2	NODE_15684_length_151_cov_28.378378	lost	False	3	3	0
UC093_V2	NODE_5085_length_387_cov_30.193548	lost	False	3	3	0
UC093_V2	NODE_6878_length_316_cov_3.100418	lost	False	3	3	0
UC093_V2	NODE_4463_length_420_cov_1.294461	lost	False	3	3	0
UC093_V2	NODE_8319_length_281_cov_1.450980	lost	False	3	3	0
UC093_V2	NODE_4087_length_445_cov_99.861413	lost	False	3	3	0
UC093_V2	NODE_6773_length_320_cov_1.213992	lost	False	3	3	0
UC093_V2	NODE_15685_length_151_cov_27.351351	lost	False	3	3	0
UC093_V2	NODE_15656_length_155_cov_91.782051	lost	False	3	3	0
UC093_V2	NODE_2533_length_645_cov_129.419014	lost	False	2	2	3
UC093_V3	NODE_13325_length_616_cov_2.282004	lost	False	3	3	-1
UC093_V3	NODE_53863_length_152_cov_13.613333	lost	False	3	3	0
UC093_V3	NODE_55352_length_78_cov_135.000000	lost	False	3	3	-1
UC093_V3	NODE_53652_length_164_cov_5.367816	lost	False	3	3	0
UC093_V3	NODE_15526_length_549_cov_1.567797	lost	False	3	3	0
UC093_V3	NODE_22941_length_408_cov_1.117825	lost	False	3	3	-1
UC093_V3	NODE_28139_length_347_cov_1.366667	lost	False	3	3	0
UC093_V3	NODE_45294_length_250_cov_1.213873	lost	False	3	3	-1
UC093_V3	NODE_11475_length_694_cov_2.087520	lost	False	3	3	0
UC093_V3	NODE_55034_length_87_cov_3.000000	lost	False	3	3	0
UC093_V3	NODE_8857_length_867_cov_280.855696	lost	False	2	2	3
UC093_V3	NODE_20301_length_449_cov_1.163978	lost	False	3	3	-1
UC093_V3	NODE_2112_length_3559_cov_49.613153	lost	False	3	3	0
UC093_V3	NODE_54078_length_142_cov_6.200000	lost	False	3	3	0
UC093_V3	NODE_53379_length_190_cov_4.106195	lost	False	3	3	0
UC093_V3	NODE_28786_length_341_cov_1.303030	lost	False	3	3	0
UC093_V3	NODE_1635_length_4672_cov_14.093145	lost	False	3	3	0
UC093_V3	NODE_53869_length_152_cov_7.386667	lost	False	3	3	0
UC093_V3	NODE_8668_length_886_cov_4.531520	lost	False	3	3	0
UC093_V3	NODE_43147_length_256_cov_1.234637	lost	False	3	3	-1
UC093_V3	NODE_47607_length_244_cov_0.862275	lost	False	3	3	0
UC093_V3	NODE_53415_length_186_cov_6.458716	lost	False	3	3	0
UC093_V3	NODE_53243_length_203_cov_6.857143	lost	False	3	3	0
UC093_V3	NODE_9321_length_830_cov_1.791501	lost	False	3	3	0
UC093_V3	NODE_11067_length_716_cov_29.787167	lost	False	3	3	0
UC093_V3	NODE_46129_length_248_cov_0.789474	lost	False	3	3	0
UC093_V3	NODE_49079_length_239_cov_14.166667	lost	False	3	3	0
UC093_V3	NODE_23417_length_401_cov_2.379630	lost	False	3	3	0
UC093_V3	NODE_53853_length_153_cov_2.684211	lost	False	3	3	0
UC093_V3	NODE_15427_length_551_cov_6.099156	lost	False	3	3	0
UC093_V3	NODE_43149_length_256_cov_1.229050	lost	False	3	3	0
UC093_V3	NODE_49573_length_238_cov_1.322981	lost	False	3	3	0
UC093_V3	NODE_53375_length_190_cov_11.106195	lost	False	3	3	0
UC093_V3	NODE_1682_length_4551_cov_7.954850	lost	False	3	3	0
UC093_V3	NODE_37880_length_272_cov_29.030769	lost	False	3	3	0
UC093_V3	NODE_53230_length_204_cov_4.102362	lost	False	3	3	0
UC093_V3	NODE_53842_length_153_cov_6.328947	lost	False	3	3	0
UC093_V3	NODE_26253_length_366_cov_2.000000	lost	False	3	3	0
UC093_V3	NODE_16240_length_531_cov_1.629956	lost	False	3	3	0
UC093_V3	NODE_54772_length_99_cov_25.772727	lost	False	3	3	0
UC093_V3	NODE_32354_length_310_cov_10.841202	lost	False	3	3	0
UC093_V3	NODE_8587_length_895_cov_1.805623	lost	False	3	3	0
UC093_V3	NODE_26986_length_358_cov_3.206406	lost	False	3	3	0
UC093_V3	NODE_51563_length_232_cov_2.109677	lost	False	3	3	0
UC093_V3	NODE_36893_length_278_cov_57.741294	lost	False	3	3	0
UC093_V3	NODE_39591_length_266_cov_0.783069	lost	False	3	3	-1
UC093_V3	NODE_36319_length_282_cov_1.443902	lost	False	3	3	0
UC093_V3	NODE_27086_length_357_cov_2.085714	lost	False	3	3	0
UC093_V3	NODE_53407_length_187_cov_4.018182	lost	False	3	3	0
UC093_V3	NODE_53130_length_217_cov_5.642857	lost	False	3	3	0
UC093_V3	NODE_25130_length_378_cov_6.136213	lost	False	3	3	0
UC093_V3	NODE_53222_length_205_cov_6.679688	lost	False	3	3	0
UC093_V3	NODE_36776_length_279_cov_1.500000	lost	False	3	3	-1
UC093_V3	NODE_49805_length_237_cov_2.312500	lost	False	3	3	0
UC093_V3	NODE_20308_length_448_cov_57.312668	lost	False	3	3	0
UC093_V3	NODE_44389_length_253_cov_0.840909	lost	False	3	3	0
UC093_V3	NODE_50185_length_236_cov_1.861635	lost	False	3	3	0
UC093_V3	NODE_23625_length_398_cov_4.115265	lost	False	3	3	0
UC093_V3	NODE_24159_length_391_cov_103.745223	lost	False	3	3	0
UC093_V3	NODE_53718_length_159_cov_14.219512	lost	False	3	3	0
UC093_V3	NODE_22046_length_421_cov_0.985465	lost	False	3	3	0
UC093_V3	NODE_54291_length_126_cov_36.142857	lost	False	3	3	0
UC093_V3	NODE_3728_length_2048_cov_4.291223	lost	False	3	3	-1
UC093_V3	NODE_8099_length_946_cov_3.372842	lost	False	3	3	-1
UC093_V3	NODE_20110_length_452_cov_1.381333	lost	False	3	3	0
UC093_V3	NODE_51502_length_233_cov_0.839744	lost	False	3	3	0
UC093_V3	NODE_10968_length_721_cov_2.495342	lost	False	3	3	-1
UC093_V3	NODE_26144_length_367_cov_757.068966	lost	False	3	3	0
UC093_V3	NODE_12132_length_663_cov_174.663823	lost	False	3	3	0
UC093_V3	NODE_13760_length_601_cov_74.732824	lost	False	3	3	0
UC093_V3	NODE_32105_length_312_cov_4.608511	lost	False	3	3	0
UC093_V3	NODE_37738_length_273_cov_2.301020	lost	False	3	3	-1
UC093_V3	NODE_53838_length_153_cov_9.565789	lost	False	3	3	0
UC093_V3	NODE_28304_length_345_cov_29.186567	lost	False	3	3	0
UC093_V3	NODE_36242_length_282_cov_8.487805	lost	False	3	3	0
UC093_V3	NODE_14343_length_582_cov_32.089109	lost	False	3	3	-1
UC093_V3	NODE_54144_length_137_cov_18.533333	lost	False	3	3	-1
UC093_V3	NODE_14850_length_567_cov_8.106122	lost	False	3	3	0
UC093_V3	NODE_13548_length_608_cov_2.903955	lost	False	3	3	0
UC093_V3	NODE_54042_length_144_cov_1.656716	lost	False	3	3	0
UC093_V3	NODE_2934_length_2623_cov_122.168107	lost	False	3	3	0
UC093_V3	NODE_33269_length_303_cov_2.123894	lost	False	3	3	-1
UC093_V3	NODE_53311_length_195_cov_5.254237	lost	False	3	3	0
UC093_V3	NODE_23049_length_406_cov_4.386018	lost	False	3	3	-1
UC093_V3	NODE_27677_length_351_cov_64.160584	lost	False	3	3	0
UC093_V3	NODE_42780_length_257_cov_1.233333	lost	False	3	3	0
UC093_V3	NODE_36214_length_283_cov_1.077670	lost	False	3	3	0
UC093_V3	NODE_3346_length_2281_cov_4.759982	lost	False	3	3	0
UC093_V3	NODE_53845_length_153_cov_5.671053	lost	False	3	3	0
UC093_V3	NODE_2082_length_3607_cov_8.801700	lost	False	3	3	-1
UC093_V3	NODE_53644_length_165_cov_4.352273	lost	False	3	3	0
UC093_V3	NODE_10836_length_728_cov_1.477727	lost	False	3	3	0
UC093_V3	NODE_22401_length_415_cov_7.485207	lost	False	3	3	0
UC093_V3	NODE_31521_length_317_cov_1.783333	lost	False	3	3	0
UC093_V3	NODE_4529_length_1678_cov_4.790131	lost	False	3	3	0
UC093_V3	NODE_34812_length_291_cov_1.728972	lost	False	3	3	0
UC093_V3	NODE_32842_length_306_cov_118.834061	lost	False	3	3	0
UC093_V3	NODE_8497_length_903_cov_2.347458	lost	False	3	3	0
UC093_V3	NODE_52038_length_231_cov_1.402597	lost	False	3	3	0
UC093_V3	NODE_36896_length_278_cov_13.363184	lost	False	3	3	0
UC093_V3	NODE_53075_length_223_cov_55.486301	lost	False	3	3	0
UC093_V3	NODE_19091_length_471_cov_0.703046	lost	False	3	3	0
UC093_V3	NODE_9115_length_847_cov_1.559740	lost	False	3	3	0
UC093_V3	NODE_26409_length_365_cov_0.965278	lost	False	3	3	0
UC093_V3	NODE_16803_length_518_cov_1.174603	lost	False	3	3	0
UC093_V3	NODE_12527_length_646_cov_1.356766	lost	False	3	3	0
UC093_V3	NODE_5807_length_1296_cov_5.753076	lost	False	3	3	0
UC093_V3	NODE_53710_length_160_cov_3.481928	lost	False	3	3	0
UC093_V3	NODE_39350_length_267_cov_0.778947	lost	False	3	3	-1
UC093_V3	NODE_28302_length_345_cov_813.044776	lost	False	3	3	0
UC093_V3	NODE_53452_length_183_cov_37.594340	lost	False	3	3	0
UC093_V3	NODE_33414_length_302_cov_1.817778	lost	False	3	3	0
UC093_V3	NODE_27577_length_352_cov_5.036364	lost	False	3	3	0
UC093_V3	NODE_15628_length_547_cov_0.787234	lost	False	3	3	0
UC093_V3	NODE_50708_length_235_cov_0.936709	lost	False	3	3	0
UC093_V3	NODE_33302_length_303_cov_1.535398	lost	False	3	3	0
UC093_V3	NODE_53741_length_157_cov_4.500000	lost	False	3	3	0
UC093_V3	NODE_21400_length_431_cov_1.254237	lost	False	3	3	-1
UC093_V3	NODE_19742_length_458_cov_12.582677	lost	False	3	3	0
UC093_V3	NODE_53907_length_151_cov_3.351351	lost	False	3	3	0
UC093_V3	NODE_22838_length_409_cov_5.159639	lost	False	3	3	0
UC093_V3	NODE_53381_length_190_cov_2.389381	lost	False	3	3	-1
UC093_V3	NODE_47415_length_244_cov_1.329341	lost	False	3	3	-1
UC093_V3	NODE_3816_length_2001_cov_2.303015	lost	False	2	2	3
UC093_V3	NODE_31724_length_315_cov_16.231092	lost	False	3	3	0
UC093_V3	NODE_22006_length_421_cov_47.938953	lost	False	3	3	0
UC093_V3	NODE_54622_length_107_cov_23.266667	lost	False	3	3	-1
UC093_V3	NODE_20191_length_451_cov_1.141711	lost	False	3	3	0
UC093_V3	NODE_53643_length_165_cov_6.988636	lost	False	3	3	-1
UC093_V3	NODE_1276_length_5972_cov_9.710433	lost	False	3	3	0
UC093_V3	NODE_32115_length_312_cov_2.191489	lost	False	3	3	0
UC093_V3	NODE_17888_length_494_cov_1.115108	lost	False	3	3	0
UC093_V3	NODE_815_length_9562_cov_4.377860	lost	False	3	3	0
UC093_V3	NODE_24232_length_390_cov_5.399361	lost	False	3	3	0
UC093_V3	NODE_53073_length_224_cov_5.156463	lost	False	3	3	0
UC093_V3	NODE_25483_length_374_cov_7.727273	lost	False	3	3	0
UC093_V3	NODE_53151_length_213_cov_34.580882	lost	False	3	3	0
UC093_V3	NODE_43104_length_256_cov_1.240223	lost	False	3	3	-1
UC093_V3	NODE_30574_length_325_cov_1.193548	lost	False	3	3	0
UC093_V3	NODE_7187_length_1051_cov_33.409651	lost	False	3	3	0
UC093_V3	NODE_9135_length_845_cov_1.802083	lost	False	3	3	-1
UC093_V3	NODE_54348_length_122_cov_125.555556	lost	False	3	3	0
UC093_V3	NODE_36240_length_282_cov_72.790244	lost	False	3	3	0
UC093_V3	NODE_29925_length_330_cov_2.339921	lost	False	3	3	0
UC093_V3	NODE_35738_length_285_cov_6.360577	lost	False	3	3	0
UC093_V3	NODE_10063_length_775_cov_10.623209	lost	False	3	3	0
UC093_V3	NODE_34611_length_293_cov_0.810185	lost	False	3	3	-1
UC093_V3	NODE_13501_length_610_cov_1.666041	lost	False	3	3	-1
UC093_V3	NODE_17516_length_502_cov_2.244706	lost	False	3	3	0
UC093_V3	NODE_48997_length_240_cov_0.907975	lost	False	3	3	-1
UC093_V3	NODE_50225_length_236_cov_1.446541	lost	False	3	3	0
UC093_V3	NODE_10427_length_752_cov_6.200000	lost	False	3	3	0
UC093_V3	NODE_42535_length_258_cov_0.817680	lost	False	3	3	0
UC093_V3	NODE_44030_length_254_cov_0.836158	lost	False	3	3	0
UC093_V3	NODE_24373_length_388_cov_2.141479	lost	False	3	3	0
UC093_V3	NODE_41002_length_262_cov_1.189189	lost	False	3	3	0
UC093_V3	NODE_3689_length_2077_cov_5.534000	lost	False	3	3	0
UC093_V3	NODE_47956_length_243_cov_0.807229	lost	False	3	3	0
UC093_V3	NODE_53960_length_149_cov_4.666667	lost	False	3	3	-1
UC093_V3	NODE_54286_length_127_cov_6.960000	lost	False	3	3	-1
UC093_V3	NODE_5539_length_1353_cov_11.377743	lost	False	3	3	0
UC093_V3	NODE_5143_length_1468_cov_2.856219	lost	False	3	3	0
UC093_V3	NODE_33879_length_298_cov_5.601810	lost	False	3	3	0
UC093_V3	NODE_15317_length_554_cov_6.454927	lost	False	3	3	0
UC093_V3	NODE_19027_length_472_cov_1.944304	lost	False	3	3	-1
UC093_V3	NODE_27536_length_353_cov_1.072464	lost	False	3	3	0
UC093_V3	NODE_1659_length_4614_cov_633.471236	lost	False	2	2	3
UC093_V3	NODE_35335_length_288_cov_1.146919	lost	False	3	3	0
UC093_V3	NODE_53792_length_155_cov_6.064103	lost	False	3	3	0
UC093_V3	NODE_38183_length_271_cov_1.108247	lost	False	3	3	0
UC093_V3	NODE_37596_length_274_cov_1.598985	lost	False	3	3	0
UC093_V3	NODE_38461_length_269_cov_1.156250	lost	False	3	3	0
UC093_V3	NODE_53542_length_175_cov_2.826531	lost	False	3	3	0
UC093_V3	NODE_13430_length_612_cov_3.953271	lost	False	3	3	0
UC093_V3	NODE_14000_length_594_cov_1.001934	lost	False	3	3	-1
UC093_V3	NODE_37524_length_275_cov_1.121212	lost	False	3	3	0
UC093_V3	NODE_45814_length_248_cov_9.654971	lost	False	3	3	0
UC093_V3	NODE_37452_length_275_cov_1.494949	lost	False	3	3	-1
UC093_V3	NODE_51170_length_233_cov_3.358974	lost	False	3	3	0
UC093_V3	NODE_6554_length_1148_cov_2.551821	lost	False	3	3	0
UC093_V3	NODE_10377_length_755_cov_51.842183	lost	False	3	3	0
UC093_V3	NODE_53837_length_153_cov_9.644737	lost	False	3	3	0
UC093_V3	NODE_31006_length_322_cov_0.820408	lost	False	3	3	0
UC093_V3	NODE_53021_length_228_cov_4.768212	lost	False	3	3	0
UC093_V3	NODE_35888_length_285_cov_0.836538	lost	False	3	3	0
UC093_V3	NODE_18089_length_490_cov_17.450363	lost	False	3	3	0
UC093_V3	NODE_33684_length_300_cov_1.327354	lost	False	3	3	0
UC093_V3	NODE_19808_length_457_cov_1.942105	lost	False	3	3	0
UC093_V3	NODE_3421_length_2227_cov_11.756744	lost	False	3	3	0
UC093_V3	NODE_21942_length_422_cov_3.576812	lost	False	3	3	0
UC093_V3	NODE_14222_length_586_cov_57.774067	lost	False	3	3	0
UC093_V3	NODE_8640_length_889_cov_9.788177	lost	False	3	3	0
UC093_V3	NODE_53833_length_153_cov_15.697368	lost	False	3	3	-1
UC093_V3	NODE_42107_length_259_cov_1.093407	lost	False	3	3	0
UC093_V3	NODE_32852_length_306_cov_5.532751	lost	False	3	3	-1
UC093_V3	NODE_26237_length_366_cov_23.384083	lost	False	3	3	0
UC093_V3	NODE_1494_length_5145_cov_22.337411	lost	False	2	2	3
UC093_V3	NODE_20227_length_450_cov_1.587131	lost	False	3	3	0
UC093_V3	NODE_29940_length_330_cov_2.047431	lost	False	3	3	0
UC093_V3	NODE_5166_length_1462_cov_2.732852	lost	False	3	3	0
UC093_V3	NODE_34119_length_296_cov_3.452055	lost	False	3	3	-1
UC093_V3	NODE_26424_length_365_cov_0.770833	lost	False	3	3	0
UC093_V3	NODE_4315_length_1763_cov_2.912811	lost	False	3	3	0
UC093_V3	NODE_53639_length_165_cov_63.238636	lost	False	3	3	0
UC093_V3	NODE_3372_length_2262_cov_2.163844	lost	False	3	3	0
UC093_V3	NODE_29432_length_335_cov_1.147287	lost	False	3	3	0
UC093_V3	NODE_12531_length_646_cov_1.226714	lost	False	3	3	0
UC093_V3	NODE_53539_length_175_cov_5.061224	lost	False	3	3	0
UC093_V3	NODE_6126_length_1228_cov_61.070374	lost	False	2	2	3
UC093_V3	NODE_53123_length_218_cov_2.765957	lost	False	3	3	0
UC093_V3	NODE_53906_length_151_cov_3.729730	lost	False	3	3	0
UC093_V3	NODE_23360_length_402_cov_1.861538	lost	False	3	3	0
UC093_V3	NODE_4087_length_1872_cov_4.056267	lost	False	3	3	0
UC093_V3	NODE_36486_length_281_cov_1.411765	lost	False	3	3	0
UC093_V3	NODE_53926_length_150_cov_7.246575	lost	False	3	3	0
UC093_V3	NODE_4001_length_1909_cov_3.051856	lost	False	3	3	0
UC093_V3	NODE_53124_length_218_cov_1.858156	lost	False	3	3	0
UC093_V3	NODE_24437_length_387_cov_137.629032	lost	False	2	2	3
UC093_V3	NODE_41549_length_261_cov_0.701087	lost	False	3	3	0
UC093_V3	NODE_10404_length_754_cov_1.400295	lost	False	3	3	0
UC093_V3	NODE_45983_length_248_cov_0.865497	lost	False	3	3	-1
UC093_V3	NODE_27103_length_357_cov_1.585714	lost	False	3	3	0
UC093_V3	NODE_40524_length_263_cov_1.989247	lost	False	3	3	0
UC093_V3	NODE_24442_length_387_cov_4.877419	lost	False	3	3	0
UC093_V3	NODE_25369_length_376_cov_1.033445	lost	False	3	3	-1
UC093_V3	NODE_1120_length_6729_cov_6.471587	lost	False	3	3	0
UC093_V3	NODE_14686_length_572_cov_5.606061	lost	False	3	3	0
UC093_V3	NODE_8951_length_860_cov_4.699872	lost	False	3	3	0
UC093_V3	NODE_53310_length_195_cov_7.847458	lost	False	3	3	0
UC093_V3	NODE_10497_length_748_cov_4.153502	lost	False	3	3	0
UC093_V3	NODE_43660_length_255_cov_0.831461	lost	False	3	3	0
UC093_V3	NODE_37231_length_276_cov_13.070352	lost	False	3	3	0
UC093_V3	NODE_9877_length_788_cov_8.444444	lost	False	3	3	0
UC093_V3	NODE_48770_length_240_cov_1.815951	lost	False	3	3	0
UC093_V3	NODE_31382_length_318_cov_5.410788	lost	False	3	3	0
UC093_V3	NODE_37406_length_275_cov_1.878788	lost	False	3	3	0
UC093_V3	NODE_54237_length_131_cov_9.240741	lost	False	3	3	-1
UC093_V3	NODE_6761_length_1116_cov_1.994225	lost	False	3	3	0
UC093_V3	NODE_19528_length_462_cov_5.755844	lost	False	3	3	0
UC093_V3	NODE_53521_length_177_cov_3.980000	lost	False	3	3	0
UC093_V3	NODE_1456_length_5278_cov_863.125553	lost	False	2	2	3
UC093_V3	NODE_53896_length_151_cov_6.959459	lost	False	3	3	-1
UC093_V3	NODE_26566_length_363_cov_1.293706	lost	False	3	3	0
UC093_V3	NODE_53817_length_154_cov_5.948052	lost	False	3	3	0
UC093_V3	NODE_24672_length_384_cov_8.511401	lost	False	3	3	0
UC093_V3	NODE_22629_length_412_cov_1.859701	lost	False	3	3	0
UC093_V3	NODE_13332_length_616_cov_1.647495	lost	False	3	3	-1
UC093_V3	NODE_34807_length_291_cov_1.733645	lost	False	3	3	0
UC093_V3	NODE_16834_length_517_cov_1.600000	lost	False	3	3	0
UC093_V3	NODE_35090_length_289_cov_2.443396	lost	False	3	3	0
UC093_V3	NODE_983_length_7755_cov_33.226231	lost	False	3	3	0
UC093_V3	NODE_1373_length_5584_cov_82.901217	lost	False	3	3	0
UC093_V3	NODE_47698_length_243_cov_1.614458	lost	False	3	3	-1
UC093_V3	NODE_35236_length_288_cov_6.274882	lost	False	3	3	0
UC093_V3	NODE_53157_length_213_cov_4.147059	lost	False	3	3	0
UC093_V3	NODE_3396_length_2243_cov_132.174977	lost	False	2	2	3
UC093_V3	NODE_30272_length_327_cov_3.976000	lost	False	3	3	0
UC093_V3	NODE_45614_length_249_cov_1.284884	lost	False	3	3	0
UC093_V3	NODE_12727_length_638_cov_44.010695	lost	False	3	3	0
UC093_V3	NODE_6918_length_1091_cov_1.619329	lost	False	2	2	3
UC093_V3	NODE_15585_length_547_cov_32.397872	lost	False	3	3	0
UC093_V3	NODE_6016_length_1252_cov_39.060426	lost	False	3	3	0
UC093_V3	NODE_12857_length_633_cov_101.151079	lost	False	3	3	0
UC093_V3	NODE_7545_length_1007_cov_14.713978	lost	False	3	3	0
UC093_V3	NODE_42879_length_257_cov_0.822222	lost	False	3	3	0
UC093_V3	NODE_23996_length_393_cov_3.547468	lost	False	3	3	-1
UC093_V3	NODE_54034_length_144_cov_14.507463	lost	False	3	3	0
UC093_V3	NODE_35644_length_286_cov_1.416268	lost	False	3	3	0
UC093_V3	NODE_53822_length_154_cov_4.324675	lost	False	3	3	-1
UC093_V3	NODE_15357_length_553_cov_3.922269	lost	False	3	3	0
UC093_V3	NODE_46162_length_247_cov_2.494118	lost	False	3	3	0
UC093_V3	NODE_36586_length_280_cov_1.581281	lost	False	3	3	-1
UC093_V3	NODE_1351_length_5700_cov_4.654099	lost	False	3	3	0
UC093_V3	NODE_50033_length_237_cov_0.925000	lost	False	3	3	0
UC093_V3	NODE_26428_length_364_cov_20.763066	lost	False	3	3	0
UC093_V3	NODE_4885_length_1552_cov_4.415593	lost	False	3	3	0
UC093_V3	NODE_43730_length_254_cov_2.508475	lost	False	3	3	0
UC093_V3	NODE_16067_length_535_cov_26.362445	lost	False	3	3	0
UC093_V3	NODE_55095_length_84_cov_99.428571	lost	False	3	3	0
UC093_V3	NODE_38922_length_268_cov_0.774869	lost	False	3	3	-1
UC093_V3	NODE_38592_length_269_cov_0.770833	lost	False	3	3	0
UC093_V3	NODE_17554_length_502_cov_0.870588	lost	False	3	3	0
UC093_V3	NODE_53597_length_169_cov_15.130435	lost	False	3	3	0
UC093_V3	NODE_53877_length_152_cov_5.813333	lost	False	3	3	0
UC093_V3	NODE_12945_length_630_cov_1.613020	lost	False	3	3	0
UC093_V3	NODE_53909_length_151_cov_2.662162	lost	False	3	3	0
UC093_V3	NODE_16693_length_520_cov_65.455982	lost	False	3	3	0
UC093_V3	NODE_22144_length_419_cov_1.649123	lost	False	3	3	0
UC093_V3	NODE_5329_length_1408_cov_68.555222	lost	False	3	3	0
UC093_V3	NODE_52276_length_231_cov_0.305195	lost	False	3	3	0
UC093_V3	NODE_5459_length_1374_cov_3.213570	lost	False	3	3	0
UC093_V3	NODE_39056_length_267_cov_4.305263	lost	False	3	3	0
UC093_V3	NODE_13197_length_620_cov_11.701657	lost	False	3	3	0
UC093_V3	NODE_15508_length_549_cov_3.069915	lost	False	3	3	-1
UC093_V3	NODE_27732_length_351_cov_1.270073	lost	False	3	3	-1
UC093_V3	NODE_45119_length_251_cov_0.701149	lost	False	3	3	0
UC093_V3	NODE_33762_length_299_cov_25.995495	lost	False	3	3	0
UC093_V3	NODE_5860_length_1282_cov_58.776763	lost	False	3	3	0
UC093_V3	NODE_16105_length_534_cov_6.199125	lost	False	3	3	0
UC093_V3	NODE_54261_length_129_cov_13.192308	lost	False	3	3	0
UC093_V3	NODE_21363_length_431_cov_19.053672	lost	False	3	3	0
UC093_V3	NODE_30367_length_327_cov_0.888000	lost	False	3	3	0
UC093_V3	NODE_48675_length_241_cov_0.823171	lost	False	3	3	-1
UC093_V3	NODE_21572_length_428_cov_1.897436	lost	False	3	3	0
UC093_V3	NODE_29140_length_337_cov_2.369231	lost	False	3	3	0
UC093_V3	NODE_53819_length_154_cov_5.038961	lost	False	3	3	0
UC093_V3	NODE_31972_length_314_cov_0.860759	lost	False	3	3	0
UC093_V3	NODE_36279_length_282_cov_1.692683	lost	False	3	3	0
UC093_V3	NODE_49784_length_237_cov_5.725000	lost	False	3	3	0
UC093_V3	NODE_40112_length_265_cov_0.680851	lost	False	3	3	-1
UC093_V3	NODE_20996_length_437_cov_2.427778	lost	False	3	3	0
UC093_V3	NODE_14881_length_566_cov_7.938650	lost	False	3	3	0
UC093_V3	NODE_35240_length_288_cov_3.260664	lost	False	3	3	0
UC093_V3	NODE_23448_length_401_cov_1.358025	lost	False	3	3	0
UC093_V3	NODE_21165_length_434_cov_75.165266	lost	False	3	3	0
UC093_V3	NODE_39204_length_267_cov_1.036842	lost	False	3	3	-1
UC093_V3	NODE_20958_length_438_cov_1.229917	lost	False	2	2	3
UC093_V3	NODE_5861_length_1282_cov_4.503734	lost	False	3	3	0
UC093_V3	NODE_27888_length_349_cov_4.220588	lost	False	3	3	0
UC093_V3	NODE_53414_length_186_cov_6.678899	lost	False	3	3	0
UC093_V3	NODE_53954_length_149_cov_7.791667	lost	False	3	3	-1
UC093_V3	NODE_47768_length_243_cov_1.301205	lost	False	3	3	0
UC093_V3	NODE_46367_length_247_cov_0.870588	lost	False	3	3	0
UC093_V3	NODE_47638_length_243_cov_14.331325	lost	False	3	3	0
UC093_V3	NODE_53988_length_147_cov_37.885714	lost	False	3	3	0
UC093_V3	NODE_33398_length_302_cov_5.128889	lost	False	3	3	0
UC093_V3	NODE_19103_length_470_cov_1.882952	lost	False	3	3	0
UC093_V3	NODE_8196_length_934_cov_4.602100	lost	False	3	3	-1
UC093_V3	NODE_34174_length_296_cov_1.136986	lost	False	3	3	0
UC093_V3	NODE_28641_length_342_cov_1.675472	lost	False	3	3	0
UC093_V3	NODE_18496_length_482_cov_2.269136	lost	False	3	3	0
UC093_V3	NODE_5602_length_1339_cov_11.076862	lost	False	3	3	0
UC093_V3	NODE_53154_length_213_cov_9.514706	lost	False	3	3	0
UC093_V3	NODE_53707_length_160_cov_6.120482	lost	False	3	3	0
UC093_V3	NODE_12749_length_637_cov_34.923214	lost	False	3	3	0
UC093_V3	NODE_53963_length_149_cov_4.111111	lost	False	3	3	-1
UC093_V3	NODE_28198_length_346_cov_2.553903	lost	False	3	3	0
UC093_V3	NODE_32896_length_306_cov_1.296943	lost	False	3	3	-1
UC093_V3	NODE_19140_length_469_cov_17.201531	lost	False	3	3	0
UC093_V3	NODE_22408_length_415_cov_2.547337	lost	False	3	3	0
UC093_V3	NODE_54357_length_122_cov_10.044444	lost	False	3	3	-1
UC093_V3	NODE_1514_length_5075_cov_17.250300	lost	False	3	3	0
UC093_V3	NODE_3960_length_1923_cov_3.611593	lost	False	3	3	0
UC093_V3	NODE_38601_length_269_cov_0.770833	lost	False	3	3	0
UC093_V3	NODE_35370_length_288_cov_1.037915	lost	False	3	3	0
UC093_V3	NODE_25450_length_375_cov_1.097315	lost	False	3	3	0
UC093_V3	NODE_33945_length_298_cov_1.239819	lost	False	3	3	0
UC093_V3	NODE_24443_length_387_cov_2.990323	lost	False	3	3	-1
UC093_V3	NODE_22262_length_417_cov_3.623529	lost	False	3	3	0
UC093_V3	NODE_20146_length_451_cov_8.352941	lost	False	3	3	0
UC093_V3	NODE_54016_length_146_cov_4.362319	lost	False	3	3	-1
UC093_V3	NODE_53471_length_182_cov_6.761905	lost	False	3	3	0
UC093_V3	NODE_53474_length_182_cov_4.285714	lost	False	2	2	3
UC093_V3	NODE_2564_length_3006_cov_25.005121	lost	False	3	3	0
UC093_V3	NODE_53105_length_219_cov_19.190141	lost	False	3	3	0
UC093_V3	NODE_53898_length_151_cov_6.378378	lost	False	3	3	0
UC093_V3	NODE_6315_length_1189_cov_3.094424	lost	False	3	3	0
UC093_V3	NODE_12628_length_642_cov_12.807080	lost	False	3	3	0
UC093_V3	NODE_51535_length_232_cov_3.025806	lost	False	3	3	0
UC093_V3	NODE_53982_length_148_cov_3.154930	lost	False	3	3	0
UC093_V3	NODE_37083_length_277_cov_1.850000	lost	False	3	3	0
UC093_V3	NODE_40857_length_262_cov_3.129730	lost	False	3	3	0
UC093_V3	NODE_53602_length_169_cov_2.836957	lost	False	3	3	-1
UC093_V3	NODE_50044_length_237_cov_0.925000	lost	False	3	3	0
UC093_V3	NODE_54170_length_135_cov_8.310345	lost	False	3	3	0
UC093_V3	NODE_54493_length_114_cov_5.405405	lost	False	3	3	0
UC093_V3	NODE_54403_length_119_cov_15.880952	lost	False	3	3	0
UC093_V3	NODE_38374_length_269_cov_8.244792	lost	False	3	3	0
UC093_V3	NODE_53824_length_154_cov_3.324675	lost	False	3	3	-1
UC093_V3	NODE_6827_length_1104_cov_131.496592	lost	False	3	3	0
UC093_V3	NODE_13728_length_602_cov_12.544762	lost	False	3	3	0
UC093_V3	NODE_34693_length_292_cov_1.376744	lost	False	3	3	0
UC093_V3	NODE_31484_length_318_cov_0.780083	lost	False	3	3	0
UC093_V3	NODE_53548_length_174_cov_7.494845	lost	False	3	3	0
UC093_V3	NODE_53641_length_165_cov_21.909091	lost	False	3	3	0
UC093_V3	NODE_17912_length_493_cov_7.942308	lost	False	3	3	0
UC093_V3	NODE_17481_length_503_cov_1.941315	lost	False	3	3	0
UC093_V3	NODE_10180_length_767_cov_2.424638	lost	False	3	3	-1
UC093_V3	NODE_45479_length_249_cov_3.441860	lost	False	3	3	0
UC093_V3	NODE_48482_length_241_cov_1.243902	lost	False	3	3	-1
UC093_V3	NODE_9674_length_801_cov_3.540055	lost	False	3	3	0
UC093_V3	NODE_26526_length_363_cov_5.639860	lost	False	3	3	0
UC093_V3	NODE_31568_length_317_cov_1.004167	lost	False	3	3	0
UC093_V3	NODE_52667_length_229_cov_37.184211	lost	False	3	3	0
UC093_V3	NODE_9603_length_806_cov_34.663923	lost	False	3	3	0
UC093_V3	NODE_47164_length_245_cov_0.880952	lost	False	3	3	-1
UC093_V3	NODE_53958_length_149_cov_6.222222	lost	False	3	3	0
UC093_V3	NODE_388_length_18576_cov_4.624358	lost	False	2	2	3
UC093_V3	NODE_53923_length_150_cov_10.342466	lost	False	3	3	0
UC093_V3	NODE_53867_length_152_cov_7.920000	lost	False	3	3	-1
UC093_V3	NODE_53169_length_211_cov_14.111940	lost	False	3	3	0
UC093_V3	NODE_11277_length_705_cov_4.657643	lost	False	3	3	0
UC093_V3	NODE_53978_length_148_cov_4.422535	lost	False	3	3	0
UC093_V3	NODE_53933_length_150_cov_3.931507	lost	False	3	3	0
UC093_V3	NODE_17818_length_495_cov_2.971292	lost	False	3	3	0
UC093_V3	NODE_53832_length_153_cov_19.565789	lost	False	3	3	-1
UC093_V3	NODE_675_length_11425_cov_4.245065	lost	False	3	3	0
UC093_V3	NODE_53204_length_207_cov_3.607692	lost	False	3	3	0
UC093_V3	NODE_39256_length_267_cov_0.778947	lost	False	3	3	0
UC093_V3	NODE_46226_length_247_cov_1.335294	lost	False	3	3	0
UC093_V3	NODE_10495_length_748_cov_37.543964	lost	False	3	3	0
UC093_V3	NODE_23839_length_396_cov_0.978056	lost	False	3	3	0
UC093_V3	NODE_54110_length_140_cov_3.111111	lost	False	3	3	0
UC093_V3	NODE_18084_length_491_cov_0.893720	lost	False	3	3	0
UC093_V3	NODE_38149_length_271_cov_1.216495	lost	False	3	3	0
UC093_V3	NODE_11857_length_676_cov_1.744574	lost	False	3	3	0
UC093_V3	NODE_31104_length_321_cov_0.909836	lost	False	3	3	-1
UC093_V3	NODE_24696_length_384_cov_1.498371	lost	False	3	3	0
UC093_V3	NODE_31929_length_314_cov_1.135021	lost	False	3	3	0
UC093_V3	NODE_49747_length_238_cov_0.919255	lost	False	3	3	0
UC093_V3	NODE_25749_length_371_cov_3.380952	lost	False	3	3	0
UC093_V3	NODE_11802_length_679_cov_1.287375	lost	False	3	3	0
UC093_V3	NODE_20204_length_450_cov_5.546917	lost	False	3	3	0
UC093_V3	NODE_3472_length_2193_cov_105.232987	lost	False	2	2	3
UC093_V3	NODE_13321_length_616_cov_4.985158	lost	False	3	3	0
UC093_V3	NODE_18964_length_473_cov_6.166667	lost	False	3	3	0
UC093_V3	NODE_51164_length_233_cov_6.435897	lost	False	3	3	0
UC093_V3	NODE_19639_length_460_cov_2.125326	lost	False	3	3	0
UC093_V3	NODE_5371_length_1398_cov_89.268736	lost	False	3	3	0
UC093_V3	NODE_19797_length_457_cov_19.850000	lost	False	3	3	0
UC093_V3	NODE_4808_length_1579_cov_2.087883	lost	False	3	3	0
UC093_V3	NODE_43756_length_254_cov_1.672316	lost	False	3	3	0
UC093_V3	NODE_53248_length_202_cov_93.984000	lost	False	3	3	0
UC093_V3	NODE_53965_length_149_cov_3.958333	lost	False	3	3	-1
UC093_V3	NODE_30768_length_323_cov_11.276423	lost	False	3	3	0
UC093_V3	NODE_8736_length_879_cov_2.255611	lost	False	3	3	0
UC093_V3	NODE_47690_length_243_cov_1.783133	lost	False	3	3	0
UC093_V3	NODE_52618_length_230_cov_0.967320	lost	False	3	3	-1
UC093_V3	NODE_39771_length_265_cov_2.191489	lost	False	3	3	-1
UC093_V3	NODE_9534_length_811_cov_13.735695	lost	False	3	3	0
UC093_V3	NODE_49416_length_238_cov_9.086957	lost	False	3	3	0
UC093_V3	NODE_5808_length_1296_cov_2.594750	lost	False	3	3	0
UC093_V3	NODE_52290_length_230_cov_4.679739	lost	False	3	3	0
UC093_V3	NODE_33767_length_299_cov_3.801802	lost	False	3	3	0
UC093_V3	NODE_27590_length_352_cov_2.152727	lost	False	3	3	0
UC093_V3	NODE_53876_length_152_cov_5.826667	lost	False	3	3	0
UC093_V3	NODE_4853_length_1564_cov_15.921318	lost	False	3	3	0
UC093_V3	NODE_53348_length_192_cov_4.173913	lost	False	3	3	0
UC093_V3	NODE_46221_length_247_cov_1.588235	lost	False	3	3	0
UC093_V3	NODE_53355_length_191_cov_18.464912	lost	False	3	3	0
UC093_V3	NODE_24089_length_392_cov_6.085714	lost	False	3	3	0
UC093_V3	NODE_27989_length_348_cov_3.269373	lost	False	3	3	0
UC093_V3	NODE_25789_length_371_cov_1.357143	lost	False	3	3	0
UC093_V3	NODE_924_length_8334_cov_4.785515	lost	False	3	3	0
UC093_V3	NODE_855_length_8962_cov_6.209904	lost	False	3	3	0
UC093_V3	NODE_20062_length_453_cov_0.984043	lost	False	3	3	0
UC093_V3	NODE_40875_length_262_cov_2.000000	lost	False	3	3	-1
UC093_V3	NODE_33396_length_302_cov_5.800000	lost	False	3	3	0
UC093_V3	NODE_53568_length_171_cov_20.085106	lost	False	3	3	0
UC093_V3	NODE_23993_length_393_cov_7.556962	lost	False	3	3	0
UC093_V3	NODE_4338_length_1752_cov_10.372537	lost	False	3	3	0
UC093_V3	NODE_5073_length_1486_cov_5.669269	lost	False	3	3	0
UC093_V3	NODE_31008_length_321_cov_182.114754	lost	False	3	3	0
UC093_V3	NODE_53968_length_149_cov_2.888889	lost	False	3	3	0
UC093_V3	NODE_37408_length_275_cov_1.868687	lost	False	3	3	-1
UC093_V3	NODE_48478_length_241_cov_1.304878	lost	False	3	3	0
UC093_V3	NODE_53277_length_199_cov_4.442623	lost	False	3	3	0
UC093_V3	NODE_3282_length_2328_cov_8.337183	lost	False	3	3	0
UC093_V3	NODE_21054_length_436_cov_3.974930	lost	False	3	3	0
UC093_V3	NODE_10463_length_750_cov_4.741456	lost	False	3	3	0
UC093_V3	NODE_40623_length_263_cov_1.193548	lost	False	3	3	0
UC093_V3	NODE_41973_length_259_cov_2.016484	lost	False	3	3	0
UC093_V3	NODE_21815_length_424_cov_12.657061	lost	False	3	3	0
UC093_V3	NODE_35905_length_284_cov_6.362319	lost	False	3	3	0
UC093_V3	NODE_27214_length_356_cov_1.326165	lost	False	3	3	-1
UC093_V3	NODE_53834_length_153_cov_14.342105	lost	False	3	3	0
UC093_V3	NODE_5791_length_1299_cov_5.462357	lost	False	3	3	0
UC093_V3	NODE_13266_length_618_cov_1.451017	lost	False	3	3	0
UC093_V3	NODE_13034_length_626_cov_116.076503	lost	False	3	3	0
UC093_V3	NODE_51296_length_233_cov_1.301282	lost	False	3	3	-1
UC093_V3	NODE_47521_length_244_cov_0.886228	lost	False	3	3	0
UC093_V3	NODE_9487_length_815_cov_8.875339	lost	False	3	3	0
UC093_V3	NODE_48071_length_242_cov_1.472727	lost	False	3	3	-1
UC093_V3	NODE_36894_length_278_cov_16.606965	lost	False	3	3	0
UC093_V3	NODE_53280_length_198_cov_20.495868	lost	False	3	3	-1
UC093_V3	NODE_51165_length_233_cov_5.730769	lost	False	3	3	0
UC093_V3	NODE_32895_length_306_cov_1.344978	lost	False	3	3	-1
UC093_V3	NODE_6330_length_1187_cov_3.733333	lost	False	3	3	0
UC093_V3	NODE_1979_length_3831_cov_18.891849	lost	False	3	3	0
UC093_V3	NODE_53943_length_149_cov_21.444444	lost	False	3	3	0
UC093_V3	NODE_20717_length_442_cov_1.419178	lost	False	3	3	0
UC093_V3	NODE_31884_length_314_cov_1.658228	lost	False	3	3	-1
UC093_V3	NODE_6656_length_1131_cov_58.397533	lost	False	3	3	0
UC093_V3	NODE_53956_length_149_cov_6.472222	lost	False	3	3	0
UC093_V3	NODE_16809_length_518_cov_1.126984	lost	False	3	3	0
UC093_V3	NODE_30195_length_328_cov_1.470120	lost	False	3	3	0
UC093_V3	NODE_21053_length_436_cov_4.300836	lost	False	3	3	0
UC093_V3	NODE_8844_length_868_cov_24.342604	lost	False	3	3	0
UC093_V3	NODE_31291_length_319_cov_1.834711	lost	False	3	3	-1
UC093_V3	NODE_50569_length_235_cov_1.405063	lost	False	3	3	0
UC093_V3	NODE_24594_length_385_cov_720.711039	lost	False	3	3	0
UC093_V3	NODE_19844_length_456_cov_52.854881	lost	False	3	3	0
UC093_V3	NODE_52254_length_231_cov_0.850649	lost	False	3	3	0
UC093_V3	NODE_18402_length_484_cov_11.282555	lost	False	3	3	0
UC093_V3	NODE_24163_length_391_cov_5.149682	lost	False	3	3	0
UC093_V3	NODE_32670_length_308_cov_1.445887	lost	False	3	3	0
UC093_V3	NODE_46536_length_246_cov_11.071006	lost	False	3	3	0
UC093_V3	NODE_40155_length_264_cov_1.721925	lost	False	3	3	0
UC093_V3	NODE_1559_length_4911_cov_3.962557	lost	False	3	3	0
UC093_V3	NODE_54299_length_126_cov_8.326531	lost	False	3	3	0
UC093_V3	NODE_9339_length_828_cov_19.159787	lost	False	3	3	0
UC093_V3	NODE_38425_length_269_cov_1.541667	lost	False	3	3	-1
UC093_V3	NODE_54169_length_135_cov_10.103448	lost	False	3	3	0
UC093_V3	NODE_50203_length_236_cov_1.861635	lost	False	3	3	-1
UC093_V3	NODE_48337_length_241_cov_3.707317	lost	False	3	3	0
UC093_V3	NODE_24379_length_388_cov_1.987138	lost	False	3	3	0
UC093_V3	NODE_53364_length_191_cov_4.666667	lost	False	3	3	0
UC093_V3	NODE_53065_length_225_cov_6.243243	lost	False	3	3	0
UC093_V3	NODE_3329_length_2292_cov_1.445147	lost	False	3	3	0
UC093_V3	NODE_8534_length_899_cov_35.496350	lost	False	3	3	0
UC093_V3	NODE_35950_length_284_cov_1.787440	lost	False	3	3	0
UC093_V3	NODE_6404_length_1176_cov_3.551410	lost	False	3	3	0
UC093_V3	NODE_6572_length_1144_cov_122.531396	lost	False	3	3	-1
UC093_V3	NODE_53276_length_199_cov_4.508197	lost	False	3	3	0
UC093_V3	NODE_53904_length_151_cov_4.351351	lost	False	3	3	0
UC093_V3	NODE_52283_length_230_cov_13.176471	lost	False	3	3	0
UC093_V3	NODE_37232_length_276_cov_6.502513	lost	False	3	3	0
UC093_V3	NODE_53830_length_153_cov_26.131579	lost	False	3	3	0
UC093_V3	NODE_37564_length_274_cov_2.629442	lost	False	3	3	0
UC093_V3	NODE_9230_length_837_cov_3.285526	lost	False	3	3	0
UC093_V3	NODE_3193_length_2400_cov_47.707706	lost	False	3	3	0
UC093_V3	NODE_16547_length_524_cov_1.639821	lost	False	3	3	-1
UC093_V3	NODE_30881_length_323_cov_0.691057	lost	False	3	3	0
UC093_V3	NODE_53201_length_207_cov_6.338462	lost	False	3	3	0
UC093_V3	NODE_54952_length_90_cov_12.923077	lost	False	3	3	0
UC093_V3	NODE_53418_length_185_cov_148.064815	lost	False	3	3	0
UC093_V3	NODE_26861_length_360_cov_1.045936	lost	False	3	3	0
UC093_V3	NODE_18979_length_473_cov_1.646465	lost	False	3	3	0
UC093_V3	NODE_35758_length_285_cov_2.134615	lost	False	3	3	0
UC093_V3	NODE_53990_length_147_cov_7.914286	lost	False	3	3	-1
UC093_V3	NODE_41935_length_259_cov_5.824176	lost	False	2	2	3
UC093_V3	NODE_53989_length_147_cov_7.985714	lost	False	3	3	0
UC093_V3	NODE_24770_length_383_cov_1.313725	lost	False	3	3	0
UC093_V3	NODE_49058_length_240_cov_0.791411	lost	False	3	3	-1
UC093_V3	NODE_2234_length_3375_cov_19.354760	lost	False	3	3	0
UC093_V3	NODE_44730_length_252_cov_0.845714	lost	False	3	3	-1
UC093_V3	NODE_43399_length_255_cov_1.662921	lost	False	3	3	0
UC093_V3	NODE_9977_length_781_cov_2.636364	lost	False	3	3	0
UC093_V3	NODE_17505_length_502_cov_22.011765	lost	False	3	3	0
UC093_V3	NODE_53330_length_194_cov_2.649573	lost	False	3	3	0
UC093_V3	NODE_49201_length_239_cov_1.117284	lost	False	3	3	0
UC093_V3	NODE_55367_length_78_cov_83.000000	lost	False	3	3	-1
UC093_V3	NODE_7117_length_1060_cov_8.072228	lost	False	3	3	0
UC093_V3	NODE_53839_length_153_cov_8.105263	lost	False	3	3	0
UC093_V3	NODE_53951_length_149_cov_9.986111	lost	False	3	3	0
UC093_V3	NODE_3420_length_2227_cov_35.727907	lost	False	2	2	3
UC093_V3	NODE_53883_length_152_cov_3.280000	lost	False	3	3	0
UC093_V3	NODE_53852_length_153_cov_2.815789	lost	False	3	3	0
UC093_V3	NODE_24580_length_386_cov_0.957929	lost	False	3	3	0
UC093_V3	NODE_53905_length_151_cov_3.945946	lost	False	3	3	0
UC093_V3	NODE_55116_length_84_cov_3.428571	lost	False	3	3	0
UC093_V3	NODE_22189_length_418_cov_4.589443	lost	False	3	3	0
UC093_V3	NODE_12858_length_633_cov_24.642086	lost	False	3	3	0
UC093_V3	NODE_14453_length_579_cov_43.490040	lost	False	3	3	0
UC093_V3	NODE_14556_length_576_cov_8.951904	lost	False	3	3	0
UC093_V3	NODE_22067_length_420_cov_2.373178	lost	False	3	3	0
UC093_V3	NODE_1283_length_5958_cov_14.830301	lost	False	3	3	0
UC093_V3	NODE_30770_length_323_cov_5.979675	lost	False	3	3	0
UC093_V3	NODE_53651_length_164_cov_7.517241	lost	False	3	3	0
UC093_V3	NODE_53320_length_194_cov_28.794872	lost	False	3	3	0
UC093_V3	NODE_38327_length_270_cov_1.150259	lost	False	3	3	0
UC093_V3	NODE_50145_length_236_cov_66.773585	lost	False	3	3	0
UC093_V3	NODE_29364_length_335_cov_2.298450	lost	False	3	3	0
UC093_V3	NODE_53814_length_154_cov_7.974026	lost	False	3	3	0
UC093_V3	NODE_31621_length_316_cov_3.966527	lost	False	3	3	0
UC093_V3	NODE_53938_length_150_cov_2.972603	lost	False	3	3	0
UC093_V3	NODE_53927_length_150_cov_5.808219	lost	False	3	3	0
UC093_V3	NODE_53251_length_202_cov_19.752000	lost	False	3	3	0
UC093_V3	NODE_3199_length_2396_cov_77.564036	lost	False	2	2	3
UC093_V3	NODE_2741_length_2798_cov_23.271591	lost	False	3	3	0
UC093_V3	NODE_54219_length_132_cov_25.272727	lost	False	3	3	0
UC093_V3	NODE_7330_length_1034_cov_2.294671	lost	False	3	3	0
UC093_V3	NODE_34989_length_290_cov_1.399061	lost	False	3	3	0
UC093_V3	NODE_39460_length_266_cov_1.894180	lost	False	3	3	0
UC093_V3	NODE_7033_length_1075_cov_3.552104	lost	False	3	3	0
UC093_V3	NODE_53365_length_191_cov_3.938596	lost	False	3	3	0
UC093_V3	NODE_53178_length_211_cov_3.649254	lost	False	3	3	0
UC093_V3	NODE_19010_length_472_cov_17.169620	lost	False	3	3	0
UC093_V3	NODE_6026_length_1251_cov_1.825383	lost	False	3	3	-1
UC093_V3	NODE_5086_length_1483_cov_16.980085	lost	False	3	3	0
UC093_V3	NODE_35574_length_286_cov_2.971292	lost	False	3	3	0
UC093_V3	NODE_49541_length_238_cov_1.378882	lost	False	3	3	0
UC093_V3	NODE_14629_length_574_cov_1.637827	lost	False	3	3	0
UC093_V3	NODE_1637_length_4670_cov_10.398215	lost	False	3	3	0
UC093_V3	NODE_15840_length_541_cov_1.709052	lost	False	3	3	0
UC093_V3	NODE_33060_length_305_cov_1.298246	lost	False	3	3	0
UC093_V3	NODE_4144_length_1843_cov_2.136467	lost	False	3	3	0
UC093_V3	NODE_50248_length_236_cov_1.396226	lost	False	3	3	0
UC093_V3	NODE_53191_length_209_cov_9.075758	lost	False	3	3	0
UC093_V3	NODE_12491_length_648_cov_1.227671	lost	False	3	3	0
UC093_V3	NODE_53826_length_154_cov_2.701299	lost	False	3	3	0
UC093_V3	NODE_53740_length_157_cov_4.575000	lost	False	3	3	0
UC093_V3	NODE_2067_length_3644_cov_2.909728	lost	False	3	3	-1
UC093_V3	NODE_20564_length_444_cov_2.643052	lost	False	3	3	0
UC093_V3	NODE_48699_length_240_cov_11.306748	lost	False	3	3	0
UC093_V3	NODE_53653_length_164_cov_5.160920	lost	False	3	3	0
UC093_V3	NODE_31265_length_319_cov_7.301653	lost	False	3	3	-1
UC093_V3	NODE_36430_length_281_cov_2.176471	lost	False	3	3	0
UC093_V3	NODE_18637_length_479_cov_4.664179	lost	False	3	3	0
UC093_V3	NODE_31898_length_314_cov_1.561181	lost	False	3	3	0
UC093_V3	NODE_30523_length_325_cov_2.088710	lost	False	3	3	0
UC093_V3	NODE_53903_length_151_cov_4.851351	lost	False	3	3	0
UC093_V3	NODE_20102_length_452_cov_1.578667	lost	False	3	3	0
UC093_V3	NODE_14553_length_576_cov_31.937876	lost	False	3	3	0
UC093_V3	NODE_2561_length_3011_cov_5.032038	lost	False	3	3	0
UC093_V3	NODE_22121_length_419_cov_11.222222	lost	False	3	3	0
UC093_V3	NODE_44508_length_252_cov_1.691429	lost	False	3	3	0
UC093_V3	NODE_54037_length_144_cov_4.373134	lost	False	3	3	0
UC093_V3	NODE_53443_length_184_cov_4.542056	lost	False	3	3	0
UC093_V3	NODE_38711_length_268_cov_10.314136	lost	False	3	3	0
UC093_V3	NODE_53931_length_150_cov_4.465753	lost	False	3	3	0
UC093_V3	NODE_7950_length_961_cov_24.807692	lost	False	3	3	0
UC093_V3	NODE_44458_length_252_cov_2.114286	lost	False	3	3	0
UC093_V3	NODE_37732_length_273_cov_3.683673	lost	False	3	3	0
UC093_V3	NODE_16674_length_521_cov_1.623874	lost	False	3	3	0
UC093_V3	NODE_22900_length_408_cov_12.356495	lost	False	3	3	0
UC093_V3	NODE_45076_length_251_cov_0.850575	lost	False	3	3	0
UC093_V3	NODE_30667_length_324_cov_1.704453	lost	False	3	3	0
UC093_V3	NODE_16611_length_522_cov_2.822472	lost	False	3	3	0
UC093_V3	NODE_43613_length_255_cov_0.831461	lost	False	3	3	0
UC093_V3	NODE_5936_length_1270_cov_4.989941	lost	False	3	3	0
UC093_V3	NODE_18482_length_482_cov_8.066667	lost	False	3	3	0
UC093_V3	NODE_53540_length_175_cov_3.653061	lost	False	3	3	0
UC093_V3	NODE_32228_length_311_cov_21.388889	lost	False	3	3	0
UC093_V3	NODE_45837_length_248_cov_2.035088	lost	False	3	3	0
UC093_V3	NODE_53347_length_192_cov_5.600000	lost	False	3	3	0
UC093_V3	NODE_53930_length_150_cov_4.698630	lost	False	3	3	0
UC093_V3	NODE_52378_length_230_cov_1.450980	lost	False	3	3	0
UC093_V3	NODE_53825_length_154_cov_2.779221	lost	False	3	3	0
UC093_V3	NODE_4630_length_1642_cov_11.644089	lost	False	3	3	0
UC093_V3	NODE_22547_length_413_cov_2.285714	lost	False	3	3	-1
UC093_V3	NODE_53228_length_204_cov_8.866142	lost	False	3	3	0
UC093_V3	NODE_53033_length_227_cov_38.226667	lost	False	3	3	0
UC093_V3	NODE_19638_length_460_cov_2.167102	lost	False	3	3	0
UC093_V3	NODE_14286_length_584_cov_2.384615	lost	False	3	3	0
UC093_V3	NODE_53132_length_216_cov_8.935252	lost	False	3	3	0
UC093_V3	NODE_4702_length_1615_cov_53.625488	lost	False	3	3	0
UC093_V3	NODE_53849_length_153_cov_3.921053	lost	False	3	3	0
UC093_V3	NODE_30088_length_329_cov_1.468254	lost	False	3	3	0
UC093_V3	NODE_51656_length_232_cov_1.432258	lost	False	3	3	0
UC093_V3	NODE_22498_length_414_cov_1.537092	lost	False	3	3	0
UC093_V3	NODE_6642_length_1133_cov_5.160038	lost	False	3	3	0
UC093_V3	NODE_19158_length_469_cov_1.581633	lost	False	2	2	3
UC093_V3	NODE_53601_length_169_cov_4.326087	lost	False	3	3	0
UC093_V3	NODE_52289_length_230_cov_5.712418	lost	False	3	3	0
UC093_V3	NODE_5849_length_1285_cov_3.118377	lost	False	3	3	0
UC093_V3	NODE_38123_length_271_cov_1.525773	lost	False	3	3	0
UC093_V3	NODE_29136_length_337_cov_3.496154	lost	False	3	3	0
UC093_V3	NODE_2562_length_3009_cov_3.377558	lost	False	3	3	0
UC093_V3	NODE_30454_length_326_cov_1.184739	lost	False	3	3	0
UC093_V3	NODE_31850_length_314_cov_14.181435	lost	False	3	3	0
UC093_V3	NODE_13396_length_613_cov_4.750000	lost	False	3	3	0
UC093_V3	NODE_15155_length_559_cov_1.381743	lost	False	3	3	-1
UC093_V3	NODE_34475_length_293_cov_127.106481	lost	False	3	3	0
UC093_V3	NODE_53078_length_223_cov_36.698630	lost	False	3	3	0
UC093_V3	NODE_44351_length_253_cov_0.840909	lost	False	3	3	0
UC093_V3	NODE_53798_length_155_cov_4.435897	lost	False	3	3	0
UC093_V3	NODE_53110_length_219_cov_4.690141	lost	False	3	3	0
UC093_V3	NODE_7438_length_1021_cov_9.887712	lost	False	3	3	0
UC093_V3	NODE_18211_length_488_cov_23.618005	lost	False	3	3	0
UC093_V3	NODE_9738_length_798_cov_1.642164	lost	False	3	3	-1
UC093_V3	NODE_12272_length_658_cov_1.146299	lost	False	3	3	0
UC093_V3	NODE_46979_length_245_cov_1.321429	lost	False	3	3	-1
UC093_V3	NODE_22093_length_420_cov_1.294461	lost	False	3	3	0
UC093_V3	NODE_14260_length_585_cov_2.023622	lost	False	3	3	-1
UC093_V3	NODE_29817_length_331_cov_3.799213	lost	False	3	3	0
UC093_V3	NODE_21426_length_430_cov_6.016997	lost	False	3	3	0
UC093_V3	NODE_26700_length_361_cov_16.077465	lost	False	3	3	0
UC093_V3	NODE_42358_length_258_cov_1.607735	lost	False	3	3	0
UC093_V3	NODE_5951_length_1266_cov_46.560135	lost	False	3	3	0
UC093_V3	NODE_33878_length_298_cov_12.561086	lost	False	3	3	0
UC093_V3	NODE_22375_length_416_cov_1.224189	lost	False	3	3	0
UC093_V3	NODE_20637_length_443_cov_2.046448	lost	False	3	3	0
UC093_V3	NODE_52278_length_230_cov_64.895425	lost	False	3	3	0
UC093_V3	NODE_2705_length_2838_cov_3.862007	lost	False	3	3	0
UC093_V3	NODE_29199_length_337_cov_1.123077	lost	False	3	3	0
UC093_V3	NODE_29098_length_338_cov_0.908046	lost	False	3	3	0
UC093_V3	NODE_35083_length_289_cov_9.264151	lost	False	3	3	0
UC093_V3	NODE_53148_length_214_cov_1.489051	lost	False	3	3	-1
UC093_V3	NODE_23523_length_400_cov_1.352941	lost	False	3	3	0
UC093_V3	NODE_18826_length_476_cov_1.155388	lost	False	3	3	0
UC093_V3	NODE_7871_length_970_cov_2.753639	lost	False	3	3	0
UC093_V3	NODE_18483_length_482_cov_7.624691	lost	False	3	3	0
UC093_V3	NODE_53846_length_153_cov_5.657895	lost	False	3	3	0
UC093_V3	NODE_8107_length_945_cov_116.190092	lost	False	2	2	3
UC093_V3	NODE_29133_length_337_cov_10.773077	lost	False	3	3	0
UC093_V3	NODE_5680_length_1322_cov_64.112450	lost	False	3	3	0
UC093_V3	NODE_52294_length_230_cov_3.359477	lost	False	3	3	0
UC093_V3	NODE_53878_length_152_cov_5.226667	lost	False	3	3	0
UC093_V3	NODE_17012_length_513_cov_2.784404	lost	False	3	3	0
UC093_V3	NODE_17281_length_507_cov_4.800000	lost	False	3	3	0
UC093_V3	NODE_53516_length_178_cov_9.227723	lost	False	3	3	0
UC093_V3	NODE_7156_length_1055_cov_1.815951	lost	False	3	3	0
UC093_V3	NODE_8060_length_950_cov_217.849943	lost	False	3	3	0
UC093_V3	NODE_53546_length_174_cov_7.680412	lost	False	3	3	0
UC093_V3	NODE_55073_length_85_cov_59.125000	lost	False	3	3	0
UC093_V3	NODE_53979_length_148_cov_4.323944	lost	False	3	3	0
UC093_V3	NODE_53884_length_152_cov_2.600000	lost	False	3	3	0
UC093_V3	NODE_18491_length_482_cov_2.558025	lost	False	3	3	0
UC093_V3	NODE_16762_length_519_cov_1.278281	lost	False	3	3	0
UC093_V3	NODE_53948_length_149_cov_14.930556	lost	False	3	3	0
UC093_V3	NODE_33126_length_305_cov_0.916667	lost	False	3	3	0
UC093_V3	NODE_46538_length_246_cov_8.088757	lost	False	3	3	0
UC093_V3	NODE_3482_length_2191_cov_3.483917	lost	False	3	3	0
UC093_V3	NODE_37229_length_276_cov_25.442211	lost	False	3	3	0
UC093_V3	NODE_22764_length_410_cov_6.171171	lost	False	3	3	0
UC093_V3	NODE_5967_length_1262_cov_2.480169	lost	False	3	3	0
UC093_V3	NODE_42876_length_257_cov_0.822222	lost	False	3	3	-1
UC093_V3	NODE_25315_length_377_cov_0.816667	lost	False	3	3	0
UC093_V3	NODE_25351_length_376_cov_1.244147	lost	False	3	3	0
UC093_V3	NODE_23957_length_394_cov_1.268139	lost	False	3	3	0
UC093_V3	NODE_53278_length_199_cov_2.377049	lost	False	3	3	0
UC093_V3	NODE_1589_length_4824_cov_4.349484	lost	False	3	3	0
UC093_V3	NODE_13250_length_618_cov_4.992606	lost	False	3	3	0
UC093_V3	NODE_47264_length_244_cov_18.287425	lost	False	3	3	0
UC093_V3	NODE_54842_length_95_cov_19.444444	lost	False	3	3	0
UC093_V3	NODE_28007_length_348_cov_1.911439	lost	False	3	3	0
UC093_V3	NODE_53974_length_148_cov_10.760563	lost	False	3	3	0
UC093_V3	NODE_53843_length_153_cov_5.986842	lost	False	3	3	0
UC093_V3	NODE_2397_length_3181_cov_5.331186	lost	False	3	3	0
UC093_V3	NODE_52816_length_229_cov_1.401316	lost	False	3	3	-1
UC093_V3	NODE_12037_length_667_cov_12.200000	lost	False	3	3	0
UC093_V3	NODE_53244_length_203_cov_4.404762	lost	False	3	3	0
UC093_V3	NODE_16312_length_529_cov_19.349558	lost	False	3	3	0
UC093_V3	NODE_53901_length_151_cov_5.337838	lost	False	3	3	0
UC093_V3	NODE_32582_length_309_cov_0.956897	lost	False	3	3	0
UC093_V3	NODE_31934_length_314_cov_1.054852	lost	False	3	3	0
UC093_V3	NODE_53851_length_153_cov_3.052632	lost	False	3	3	0
UC093_V3	NODE_53371_length_190_cov_55.929204	lost	False	3	3	0
UC093_V3	NODE_53866_length_152_cov_8.920000	lost	False	3	3	0
UC093_V3	NODE_53186_length_210_cov_6.285714	lost	False	3	3	-1
UC093_V3	NODE_1953_length_3874_cov_90.173821	lost	False	3	3	0
UC093_V3	NODE_26147_length_367_cov_21.762069	lost	False	3	3	0
UC093_V3	NODE_30137_length_329_cov_0.880952	lost	False	3	3	0
UC093_V3	NODE_47413_length_244_cov_1.329341	lost	False	3	3	0
UC093_V3	NODE_47040_length_245_cov_1.041667	lost	False	3	3	0
UC093_V3	NODE_16661_length_521_cov_4.389640	lost	False	3	3	0
UC093_V3	NODE_51181_length_233_cov_2.602564	lost	False	3	3	0
UC093_V3	NODE_43790_length_254_cov_1.542373	lost	False	3	3	0
UC093_V3	NODE_25127_length_378_cov_17.880399	lost	False	3	3	0
UC093_V3	NODE_3025_length_2537_cov_2.614228	lost	False	3	3	0
UC093_V3	NODE_53271_length_199_cov_14.442623	lost	False	3	3	0
UC093_V3	NODE_54023_length_145_cov_37.691176	lost	False	3	3	-1
UC093_V3	NODE_53871_length_152_cov_7.040000	lost	False	3	3	0
UC093_V3	NODE_55269_length_79_cov_84.000000	lost	False	3	3	-1
UC093_V3	NODE_37194_length_277_cov_1.110000	lost	False	3	3	0
UC093_V3	NODE_3105_length_2477_cov_2.459167	lost	False	3	3	0
UC093_V3	NODE_53237_length_203_cov_20.515873	lost	False	3	3	0
UC093_V3	NODE_52552_length_230_cov_0.967320	lost	False	3	3	0
UC093_V3	NODE_17319_length_506_cov_32.799534	lost	False	3	3	0
UC093_V3	NODE_53818_length_154_cov_5.883117	lost	False	3	3	0
UC093_V3	NODE_53899_length_151_cov_6.324324	lost	False	3	3	-1
UC093_V3	NODE_44425_length_252_cov_4.085714	lost	False	3	3	0
UC093_V3	NODE_6204_length_1209_cov_4.790636	lost	False	3	3	0
UC093_V3	NODE_54275_length_128_cov_14.215686	lost	False	3	3	-1
UC093_V3	NODE_53087_length_222_cov_6.000000	lost	False	3	3	0
UC093_V3	NODE_15244_length_556_cov_4.123173	lost	False	3	3	0
UC093_V3	NODE_53699_length_161_cov_6.392857	lost	False	3	3	0
UC093_V3	NODE_5361_length_1402_cov_1.763774	lost	False	3	3	-1
UC093_V3	NODE_4389_length_1733_cov_7.733092	lost	False	3	3	0
UC093_V3	NODE_54461_length_116_cov_9.794872	lost	False	3	3	0
UC093_V3	NODE_51222_length_233_cov_1.891026	lost	False	3	3	0
UC093_V3	NODE_8197_length_934_cov_4.583431	lost	False	3	3	0
UC093_V3	NODE_987_length_7735_cov_11.933795	lost	False	3	3	0
UC093_V3	NODE_53282_length_198_cov_2.206612	lost	False	3	3	-1
UC093_V3	NODE_53777_length_155_cov_11.884615	lost	False	3	3	-1
UC093_V3	NODE_32858_length_306_cov_2.467249	lost	False	3	3	0
UC093_V3	NODE_16441_length_526_cov_3.881960	lost	False	3	3	0
UC093_V3	NODE_47640_length_243_cov_7.385542	lost	False	3	3	0
UC093_V3	NODE_10199_length_766_cov_3.995646	lost	False	3	3	0
UC093_V3	NODE_53936_length_150_cov_3.356164	lost	False	3	3	0
UC093_V3	NODE_53630_length_166_cov_5.853933	lost	False	3	3	0
UC093_V3	NODE_22542_length_413_cov_2.988095	lost	False	3	3	0
UC093_V3	NODE_25768_length_371_cov_1.860544	lost	False	3	3	0
UC093_V3	NODE_49418_length_238_cov_4.757764	lost	False	3	3	0
UC093_V3	NODE_17214_length_509_cov_1.416667	lost	False	3	3	0
UC093_V3	NODE_44118_length_253_cov_1.681818	lost	False	3	3	-1
UC093_V3	NODE_23035_length_407_cov_0.915152	lost	False	3	3	0
UC093_V3	NODE_43723_length_254_cov_2.774011	lost	False	3	3	0
UC093_V3	NODE_53168_length_211_cov_17.477612	lost	False	3	3	0
UC093_V3	NODE_34885_length_291_cov_1.098131	lost	False	3	3	0
UC093_V3	NODE_6329_length_1187_cov_4.228829	lost	False	3	3	0
UC093_V3	NODE_34121_length_296_cov_3.360731	lost	False	3	3	0
UC093_V3	NODE_18400_length_484_cov_29.771499	lost	False	3	3	0
UC093_V3	NODE_24027_length_393_cov_1.471519	lost	False	3	3	0
UC093_V3	NODE_51983_length_231_cov_1.441558	lost	False	3	3	0
UC093_V3	NODE_27478_length_353_cov_5.862319	lost	False	3	3	0
UC093_V3	NODE_53854_length_153_cov_2.644737	lost	False	3	3	0
UC093_V3	NODE_53070_length_224_cov_8.278912	lost	False	3	3	0
UC093_V3	NODE_3183_length_2404_cov_9.903309	lost	False	2	2	3
UC093_V3	NODE_32846_length_306_cov_17.008734	lost	False	3	3	0
UC093_V3	NODE_2827_length_2723_cov_5.732804	lost	False	3	3	0
UC093_V3	NODE_47140_length_245_cov_0.880952	lost	False	3	3	-1
UC093_V3	NODE_1569_length_4867_cov_48.812735	lost	False	3	3	0
UC093_V3	NODE_53917_length_150_cov_33.931507	lost	False	3	3	0
UC093_V3	NODE_34366_length_294_cov_2.152074	lost	False	3	3	0
UC093_V3	NODE_9498_length_815_cov_1.436314	lost	False	3	3	-1
UC093_V3	NODE_46820_length_246_cov_0.875740	lost	False	3	3	0
UC093_V3	NODE_36283_length_282_cov_1.448780	lost	False	3	3	-1
UC093_V3	NODE_53891_length_151_cov_9.810811	lost	False	3	3	0
UC093_V3	NODE_18941_length_474_cov_1.118388	lost	False	3	3	0
UC093_V3	NODE_53298_length_196_cov_5.285714	lost	False	3	3	0
UC093_V3	NODE_4676_length_1623_cov_6.279431	lost	False	3	3	0
UC093_V3	NODE_9586_length_807_cov_21.475342	lost	False	3	3	0
UC093_V3	NODE_13108_length_623_cov_16.906593	lost	False	3	3	0
UC093_V3	NODE_30047_length_329_cov_3.142857	lost	False	3	3	0
UC093_V3	NODE_18749_length_477_cov_2.020000	lost	False	3	3	0
UC093_V3	NODE_22901_length_408_cov_5.271903	lost	False	3	3	0
UC093_V3	NODE_20010_length_454_cov_1.100796	lost	False	3	3	0
UC093_V3	NODE_939_length_8203_cov_11.106202	lost	False	3	3	0
UC093_V3	NODE_53764_length_155_cov_51.012821	lost	False	3	3	0
UC093_V3	NODE_29760_length_332_cov_1.160784	lost	False	3	3	-1
UC093_V3	NODE_26434_length_364_cov_2.745645	lost	False	3	3	0
UC093_V3	NODE_3135_length_2449_cov_15.779933	lost	False	3	3	0
UC093_V3	NODE_53398_length_188_cov_2.225225	lost	False	3	3	0
UC093_V3	NODE_53445_length_184_cov_3.242991	lost	False	3	3	-1
UC093_V3	NODE_30545_length_325_cov_1.560484	lost	False	3	3	0
UC093_V3	NODE_17098_length_511_cov_2.046083	lost	False	3	3	-1
UC093_V3	NODE_11712_length_683_cov_1.099010	lost	False	3	3	0
UC093_V3	NODE_29813_length_331_cov_10.492126	lost	False	3	3	0
UC093_V3	NODE_14427_length_580_cov_1.518887	lost	False	3	3	0
UC093_V3	NODE_53840_length_153_cov_7.250000	lost	False	3	3	-1
UC093_V3	NODE_30491_length_326_cov_0.871486	lost	False	3	3	0
UC093_V3	NODE_53959_length_149_cov_5.083333	lost	False	3	3	0
UC093_V3	NODE_22614_length_412_cov_46.259701	lost	False	3	3	0
UC093_V3	NODE_31271_length_319_cov_2.747934	lost	False	3	3	0
UC093_V3	NODE_22595_length_413_cov_1.101190	lost	False	3	3	-1
UC093_V3	NODE_53155_length_213_cov_8.044118	lost	False	3	3	0
UC093_V3	NODE_5233_length_1434_cov_2.733235	lost	False	3	3	0
UC093_V3	NODE_47173_length_245_cov_0.880952	lost	False	3	3	-1
UC093_V3	NODE_15141_length_559_cov_1.995851	lost	False	3	3	0
UC093_V3	NODE_24774_length_383_cov_1.274510	lost	False	3	3	0
UC093_V3	NODE_38373_length_269_cov_8.281250	lost	False	3	3	0
UC093_V3	NODE_48911_length_240_cov_0.907975	lost	False	3	3	0
UC093_V3	NODE_31816_length_315_cov_0.932773	lost	False	3	3	0
UC093_V3	NODE_29242_length_336_cov_5.235521	lost	False	3	3	0
UC093_V3	NODE_44182_length_253_cov_1.261364	lost	False	3	3	0
UC093_V3	NODE_47978_length_242_cov_5.993939	lost	False	3	3	0
UC093_V3	NODE_54235_length_131_cov_12.129630	lost	False	3	3	-1
UC093_V3	NODE_2852_length_2700_cov_50.703012	lost	False	2	2	3
UC093_V3	NODE_13764_length_601_cov_2.519084	lost	False	3	3	0
UC093_V3	NODE_1165_length_6449_cov_39.527464	lost	False	3	3	0
UC093_V3	NODE_18339_length_485_cov_4.551471	lost	False	3	3	0
UC093_V3	NODE_13876_length_598_cov_0.994242	lost	False	3	3	0
UC093_V3	NODE_16295_length_530_cov_1.194260	lost	False	3	3	0
UC093_V3	NODE_9362_length_826_cov_2.947931	lost	False	3	3	0
UC093_V3	NODE_31081_length_321_cov_1.209016	lost	False	2	2	3
UC093_V3	NODE_53590_length_169_cov_248.978261	lost	False	3	3	0
UC093_V3	NODE_37755_length_273_cov_1.887755	lost	False	3	3	0
UC093_V3	NODE_2190_length_3438_cov_70.200536	lost	False	3	3	0
UC093_V3	NODE_1235_length_6164_cov_56.446525	lost	False	2	2	3
UC093_V3	NODE_5911_length_1274_cov_2.086884	lost	False	3	3	0
UC093_V3	NODE_27795_length_350_cov_2.710623	lost	False	3	3	0
UC093_V3	NODE_51163_length_233_cov_8.884615	lost	False	3	3	-1
UC093_V3	NODE_50474_length_235_cov_109.468354	lost	False	3	3	0
UC093_V3	NODE_53722_length_159_cov_6.390244	lost	False	3	3	0
UC093_V3	NODE_53349_length_192_cov_3.478261	lost	False	3	3	-1
UC093_V3	NODE_52988_length_229_cov_0.927632	lost	False	3	3	-1
UC093_V3	NODE_33998_length_297_cov_3.086364	lost	False	3	3	-1
UC093_V3	NODE_5749_length_1308_cov_51.493095	lost	False	3	3	0
UC093_V3	NODE_20833_length_440_cov_1.815427	lost	False	3	3	0
UC093_V3	NODE_55365_length_78_cov_84.000000	lost	False	3	3	-1
UC093_V3	NODE_39119_length_267_cov_1.494737	lost	False	3	3	0
UC093_V3	NODE_20315_length_448_cov_4.425876	lost	False	3	3	0
UC093_V3	NODE_53340_length_193_cov_4.948276	lost	False	3	3	0
UC093_V3	NODE_18462_length_483_cov_1.605911	lost	False	3	3	0
UC093_V3	NODE_3207_length_2390_cov_41.672719	lost	False	3	3	0
UC093_V3	NODE_42384_length_258_cov_1.226519	lost	False	3	3	0
UC093_V3	NODE_48004_length_242_cov_2.242424	lost	False	3	3	0
UC093_V3	NODE_45975_length_248_cov_0.865497	lost	False	3	3	-1
UC093_V3	NODE_13059_length_625_cov_4.206204	lost	False	3	3	0
UC093_V3	NODE_14910_length_565_cov_2.909836	lost	False	3	3	0
UC093_V3	NODE_26630_length_362_cov_3.266667	lost	False	3	3	0
UC093_V3	NODE_7150_length_1055_cov_148.456033	lost	False	3	3	0
UC093_V3	NODE_12370_length_653_cov_4.359375	lost	False	3	3	0
UC093_V3	NODE_23876_length_395_cov_1.701258	lost	False	3	3	0
UC093_V3	NODE_31618_length_316_cov_5.255230	lost	False	3	3	0
UC093_V3	NODE_53879_length_152_cov_4.880000	lost	False	3	3	0
UC093_V3	NODE_18050_length_491_cov_1.608696	lost	False	3	3	-1
UC093_V3	NODE_4102_length_1865_cov_2.811521	lost	False	3	3	0
UC093_V3	NODE_14958_length_564_cov_1.063655	lost	False	3	3	0
UC093_V3	NODE_34482_length_293_cov_5.643519	lost	False	3	3	0
UC093_V3	NODE_36549_length_280_cov_7.078818	lost	False	3	3	0
UC093_V3	NODE_857_length_8955_cov_4.855598	lost	False	3	3	0
UC093_V3	NODE_10846_length_727_cov_9.660000	lost	False	3	3	0
UC093_V3	NODE_46348_length_247_cov_0.870588	lost	False	3	3	-1
UC093_V3	NODE_53174_length_211_cov_4.649254	lost	False	3	3	0
UC093_V3	NODE_51910_length_231_cov_25.772727	lost	False	3	3	0
UC093_V3	NODE_14623_length_574_cov_2.241449	lost	False	2	2	3
UC093_V3	NODE_39887_length_265_cov_1.180851	lost	False	3	3	-1
UC093_V3	NODE_27791_length_350_cov_4.575092	lost	False	3	3	0
UC093_V3	NODE_1887_length_4036_cov_8.436221	lost	False	3	3	0
UC093_V3	NODE_54514_length_113_cov_8.694444	lost	False	3	3	0
UC093_V3	NODE_34146_length_296_cov_1.689498	lost	False	3	3	-1
UC093_V3	NODE_20427_length_447_cov_1.121622	lost	False	3	3	0
UC093_V3	NODE_20877_length_439_cov_69.519337	lost	False	3	3	0
UC093_V3	NODE_51508_length_233_cov_0.788462	lost	False	3	3	0
UC093_V3	NODE_29370_length_335_cov_2.054264	lost	False	3	3	0
UC093_V3	NODE_53679_length_162_cov_27.094118	lost	False	3	3	0
UC093_V3	NODE_53897_length_151_cov_6.594595	lost	False	3	3	0
UC093_V3	NODE_4791_length_1587_cov_2.117881	lost	False	3	3	0
UC093_V3	NODE_4068_length_1880_cov_35.679423	lost	False	3	3	0
UC093_V3	NODE_54295_length_126_cov_15.979592	lost	False	3	3	-1
UC093_V3	NODE_14100_length_590_cov_1.727096	lost	False	3	3	0
UC093_V3	NODE_16104_length_534_cov_6.525164	lost	False	3	3	0
UC093_V3	NODE_1529_length_5022_cov_6.176340	lost	False	3	3	0
UC093_V3	NODE_31638_length_316_cov_1.857741	lost	False	3	3	-1
UC093_V3	NODE_23103_length_406_cov_1.124620	lost	False	3	3	0
UC093_V3	NODE_55240_length_80_cov_10.333333	lost	False	3	3	-1
UC093_V3	NODE_6434_length_1171_cov_2.367459	lost	False	3	3	0
UC093_V3	NODE_3315_length_2307_cov_3.127803	lost	False	3	3	0
UC093_V3	NODE_36796_length_279_cov_1.465347	lost	False	3	3	-1
UC093_V3	NODE_30897_length_322_cov_2.526531	lost	False	3	3	0
UC093_V3	NODE_47487_length_244_cov_0.886228	lost	False	3	3	-1
UC093_V3	NODE_37395_length_275_cov_2.398990	lost	False	3	3	0
UC093_V3	NODE_25564_length_373_cov_38.550676	lost	False	3	3	0
UC093_V3	NODE_33469_length_302_cov_1.168889	lost	False	3	3	0
UC093_V3	NODE_32860_length_306_cov_2.262009	lost	False	3	3	0
UC093_V3	NODE_53183_length_210_cov_50.383459	lost	False	3	3	0
UC093_V3	NODE_53605_length_168_cov_115.648352	lost	False	3	3	0
UC093_V3	NODE_32741_length_307_cov_12.447826	lost	False	3	3	0
UC093_V3	NODE_12751_length_637_cov_3.567857	lost	False	3	3	0
UC093_V3	NODE_19635_length_460_cov_4.647520	lost	False	3	3	0
UC093_V3	NODE_36921_length_278_cov_1.940299	lost	False	3	3	0
UC093_V3	NODE_10153_length_769_cov_2.966763	lost	False	3	3	0
UC093_V3	NODE_16883_length_516_cov_1.414579	lost	False	3	3	-1
UC093_V3	NODE_53082_length_223_cov_5.191781	lost	False	3	3	0
UC093_V3	NODE_40495_length_263_cov_11.569892	lost	False	3	3	0
UC093_V3	NODE_39272_length_267_cov_0.778947	lost	False	3	3	-1
UC093_V3	NODE_36529_length_281_cov_1.073529	lost	False	3	3	-1
UC093_V3	NODE_26321_length_365_cov_78.614583	lost	False	3	3	0
UC093_V3	NODE_20775_length_441_cov_1.423077	lost	False	3	3	0
UC093_V3	NODE_28506_length_343_cov_5.191729	lost	False	3	3	0
UC093_V3	NODE_24441_length_387_cov_5.896774	lost	False	3	3	0
UC093_V3	NODE_15920_length_539_cov_2.370130	lost	False	3	3	0
UC093_V3	NODE_22692_length_411_cov_6.338323	lost	False	3	3	0
UC093_V3	NODE_19581_length_461_cov_5.028646	lost	False	3	3	0
UC093_V3	NODE_54752_length_100_cov_13.913043	lost	False	3	3	0
UC093_V3	NODE_25560_length_374_cov_0.848485	lost	False	3	3	0
UC093_V3	NODE_53681_length_162_cov_11.717647	lost	False	3	3	0
UC093_V3	NODE_1904_length_3992_cov_7.668710	lost	False	3	3	0
UC093_V3	NODE_11276_length_705_cov_14.460191	lost	False	3	3	0
UC093_V3	NODE_53821_length_154_cov_4.493506	lost	False	3	3	0
UC093_V3	NODE_9297_length_831_cov_23.049072	lost	False	3	3	0
UC093_V3	NODE_7892_length_968_cov_5.553311	lost	False	3	3	0
UC093_V3	NODE_8754_length_877_cov_44.373750	lost	False	3	3	0
UC093_V3	NODE_45955_length_248_cov_1.111111	lost	False	3	3	0
UC093_V3	NODE_53481_length_181_cov_140.548077	lost	False	3	3	0
UC093_V3	NODE_6629_length_1136_cov_67.847025	lost	False	3	3	0
UC093_V3	NODE_32136_length_312_cov_1.574468	lost	False	3	3	0
UC093_V3	NODE_7250_length_1044_cov_5.288521	lost	False	3	3	0
UC093_V3	NODE_35907_length_284_cov_4.584541	lost	False	3	3	0
UC093_V3	NODE_27282_length_355_cov_2.129496	lost	False	3	3	0
UC093_V3	NODE_30886_length_322_cov_7.636735	lost	False	3	3	-1
UC093_V3	NODE_5575_length_1346_cov_2.249803	lost	False	3	3	0
UC093_V3	NODE_53096_length_221_cov_16.840278	lost	False	3	3	0
UC093_V3	NODE_30766_length_323_cov_13.410569	lost	False	3	3	0
UC093_V3	NODE_14186_length_587_cov_4.766667	lost	False	3	3	-1
UC093_V3	NODE_22397_length_415_cov_132.325444	lost	False	3	3	0
UC093_V3	NODE_53122_length_218_cov_5.425532	lost	False	3	3	0
UC093_V3	NODE_29508_length_334_cov_1.653696	lost	False	3	3	0
UC093_V3	NODE_7801_length_976_cov_60.548387	lost	False	3	3	0
UC093_V3	NODE_8307_length_921_cov_12.548578	lost	False	3	3	0
UC093_V3	NODE_54517_length_113_cov_7.083333	lost	False	3	3	0
UC093_V3	NODE_54271_length_128_cov_27.411765	lost	False	3	3	-1
UC093_V3	NODE_34288_length_295_cov_1.357798	lost	False	3	3	0
UC096_V2	NODE_14435_length_282_cov_1.443902	lost	False	3	3	0
UC096_V2	NODE_3781_length_646_cov_0.880492	lost	False	3	3	0
UC096_V2	NODE_22986_length_230_cov_1.934641	lost	False	3	3	0
UC096_V2	NODE_18773_length_252_cov_6.400000	lost	False	3	3	0
UC096_V2	NODE_9044_length_386_cov_2.087379	lost	False	3	3	0
UC096_V2	NODE_13425_length_296_cov_2.027397	lost	False	3	3	0
UC096_V2	NODE_73_length_7978_cov_5.912922	lost	False	3	3	0
UC096_V2	NODE_12985_length_303_cov_2.292035	lost	False	3	3	0
UC096_V2	NODE_3510_length_674_cov_1.422111	lost	False	3	3	0
UC096_V2	NODE_3648_length_660_cov_1.777015	lost	False	3	3	-1
UC096_V2	NODE_5417_length_530_cov_0.940397	lost	False	3	3	0
UC096_V2	NODE_18987_length_252_cov_0.657143	lost	False	3	3	0
UC096_V2	NODE_20310_length_245_cov_0.880952	lost	False	3	3	0
UC096_V2	NODE_14348_length_283_cov_1.961165	lost	False	3	3	0
UC096_V2	NODE_21228_length_240_cov_1.355828	lost	False	3	3	0
UC096_V2	NODE_179_length_3384_cov_2.771092	lost	False	3	3	0
UC096_V2	NODE_3097_length_722_cov_2.065116	lost	False	3	3	0
UC096_V2	NODE_16241_length_265_cov_1.574468	lost	False	3	3	0
UC096_V2	NODE_7039_length_455_cov_1.761905	lost	False	3	3	0
UC096_V2	NODE_2267_length_855_cov_2.277635	lost	False	3	3	0
UC096_V2	NODE_6925_length_460_cov_1.198433	lost	False	3	3	0
UC096_V2	NODE_12893_length_305_cov_0.973684	lost	False	3	3	0
UC096_V2	NODE_9112_length_384_cov_1.114007	lost	False	3	3	0
UC096_V2	NODE_4656_length_575_cov_1.799197	lost	False	3	3	0
UC096_V2	NODE_2223_length_862_cov_2.478981	lost	False	3	3	0
UC096_V2	NODE_16757_length_263_cov_0.795699	lost	False	3	3	0
UC096_V2	NODE_8801_length_394_cov_0.697161	lost	False	3	3	0
UC096_V2	NODE_20413_length_245_cov_0.744048	lost	False	3	3	0
UC096_V2	NODE_21831_length_237_cov_0.925000	lost	False	3	3	0
UC096_V2	NODE_11313_length_333_cov_0.867188	lost	False	3	3	0
UC096_V2	NODE_7348_length_442_cov_1.621918	lost	False	3	3	0
UC096_V2	NODE_15316_length_270_cov_2.300518	lost	False	3	3	0
UC096_V2	NODE_4677_length_573_cov_1.929435	lost	False	3	3	0
UC096_V2	NODE_9347_length_377_cov_1.433333	lost	False	3	3	0
UC096_V2	NODE_7072_length_454_cov_1.177719	lost	False	3	3	0
UC096_V2	NODE_22110_length_235_cov_1.398734	lost	False	3	3	0
UC096_V2	NODE_3380_length_688_cov_1.736498	lost	False	3	3	0
UC096_V2	NODE_5836_length_508_cov_1.201856	lost	False	3	3	0
UC096_V2	NODE_9558_length_372_cov_1.003390	lost	False	3	3	0
UC096_V2	NODE_2149_length_880_cov_2.161893	lost	False	3	3	0
UC096_V2	NODE_10692_length_345_cov_1.552239	lost	False	3	3	0
UC096_V2	NODE_6458_length_479_cov_1.213930	lost	False	3	3	0
UC096_V2	NODE_12952_length_304_cov_1.215859	lost	False	3	3	0
UC096_V2	NODE_1295_length_1153_cov_1.660781	lost	False	3	3	0
UC096_V2	NODE_338_length_2319_cov_1.479483	lost	False	3	3	0
UC096_V2	NODE_5943_length_502_cov_2.272941	lost	False	3	3	0
UC096_V2	NODE_12623_length_309_cov_1.120690	lost	False	3	3	0
UC096_V2	NODE_14109_length_286_cov_2.124402	lost	False	3	3	0
UC096_V2	NODE_696_length_1604_cov_2.118533	lost	False	3	3	0
UC096_V2	NODE_17048_length_261_cov_1.206522	lost	False	3	3	0
UC096_V2	NODE_7218_length_448_cov_1.210243	lost	False	3	3	0
UC096_V2	NODE_17527_length_259_cov_0.813187	lost	False	3	3	0
UC096_V2	NODE_4228_length_607_cov_3.226415	lost	False	3	3	0
UC096_V2	NODE_302_length_2479_cov_3.956286	lost	False	3	3	0
UC096_V2	NODE_21046_length_241_cov_0.969512	lost	False	3	3	0
UC096_V2	NODE_23025_length_230_cov_1.450980	lost	False	3	3	0
UC096_V2	NODE_8286_length_409_cov_3.629518	lost	False	3	3	0
UC096_V2	NODE_6344_length_484_cov_1.454545	lost	False	3	3	0
UC096_V2	NODE_11935_length_321_cov_1.819672	lost	False	3	3	0
UC096_V2	NODE_16530_length_264_cov_0.791444	lost	False	3	3	0
UC096_V2	NODE_22348_length_234_cov_0.942675	lost	False	3	3	0
UC096_V2	NODE_12224_length_316_cov_1.539749	lost	False	3	3	0
UC096_V2	NODE_23346_length_214_cov_1.642336	lost	False	3	3	0
UC096_V2	NODE_1288_length_1158_cov_1.709528	lost	False	3	3	0
UC096_V2	NODE_23447_length_123_cov_1.152174	lost	False	3	3	-1
UC096_V2	NODE_16638_length_263_cov_1.370968	lost	False	3	3	0
UC096_V2	NODE_15381_length_270_cov_0.761658	lost	False	3	3	0
UC096_V2	NODE_18224_length_255_cov_1.247191	lost	False	3	3	0
UC096_V2	NODE_10870_length_341_cov_2.261364	lost	False	3	3	0
UC096_V2	NODE_4408_length_594_cov_2.005803	lost	False	3	3	0
UC096_V2	NODE_16927_length_262_cov_0.800000	lost	False	3	3	-1
UC096_V2	NODE_17894_length_257_cov_0.822222	lost	False	3	3	0
UC096_V2	NODE_20098_length_246_cov_1.307692	lost	False	3	3	0
UC096_V2	NODE_7515_length_435_cov_1.293296	lost	False	3	3	0
UC096_V2	NODE_7198_length_449_cov_0.994624	lost	False	3	3	0
UC096_V2	NODE_12497_length_311_cov_1.581197	lost	False	3	3	0
UC096_V2	NODE_23340_length_223_cov_3.294521	lost	False	3	3	0
UC096_V2	NODE_16139_length_266_cov_0.783069	lost	False	3	3	0
UC096_V2	NODE_5933_length_503_cov_1.307512	lost	False	3	3	0
UC096_V2	NODE_1256_length_1173_cov_2.949818	lost	False	3	3	0
UC096_V2	NODE_8879_length_391_cov_2.828025	lost	False	3	3	-1
UC096_V2	NODE_19887_length_247_cov_1.182353	lost	False	3	3	0
UC096_V2	NODE_19802_length_248_cov_0.865497	lost	False	3	3	0
UC096_V2	NODE_11679_length_326_cov_1.686747	lost	False	3	3	0
UC096_V2	NODE_21447_length_239_cov_0.913580	lost	False	3	3	0
UC096_V2	NODE_10572_length_348_cov_0.767528	lost	False	3	3	0
UC096_V2	NODE_18439_length_254_cov_0.836158	lost	False	3	3	0
UC096_V2	NODE_22945_length_231_cov_0.954545	lost	False	3	3	0
UC096_V2	NODE_17018_length_261_cov_1.608696	lost	False	3	3	0
UC096_V2	NODE_14210_length_285_cov_1.480769	lost	False	3	3	0
UC096_V2	NODE_2903_length_749_cov_1.604167	lost	False	3	3	0
UC096_V2	NODE_20011_length_247_cov_0.794118	lost	False	3	3	0
UC096_V2	NODE_14149_length_286_cov_1.411483	lost	False	3	3	0
UC096_V2	NODE_7747_length_427_cov_1.577143	lost	False	3	3	0
UC096_V2	NODE_19053_length_251_cov_1.275862	lost	False	3	3	0
UC096_V2	NODE_12320_length_314_cov_1.405063	lost	False	3	3	0
UC096_V2	NODE_1713_length_1001_cov_1.663420	lost	False	2	2	3
UC096_V2	NODE_17687_length_258_cov_1.182320	lost	False	3	3	0
UC096_V2	NODE_22967_length_231_cov_0.733766	lost	False	3	3	0
UC096_V2	NODE_17622_length_258_cov_2.011050	lost	False	3	3	0
UC096_V2	NODE_22823_length_231_cov_1.922078	lost	False	3	3	0
UC096_V2	NODE_16368_length_265_cov_0.787234	lost	False	3	3	0
UC096_V2	NODE_11364_length_332_cov_1.160784	lost	False	3	3	0
UC096_V2	NODE_9350_length_377_cov_1.233333	lost	False	3	3	-1
UC096_V2	NODE_22214_length_235_cov_0.936709	lost	False	3	3	0
UC096_V2	NODE_15301_length_271_cov_1.139175	lost	False	3	3	0
UC096_V2	NODE_15113_length_274_cov_1.050761	lost	False	3	3	0
UC096_V2	NODE_17256_length_260_cov_1.136612	lost	False	3	3	0
UC096_V2	NODE_17248_length_260_cov_1.213115	lost	False	3	3	0
UC096_V2	NODE_9945_length_362_cov_1.557895	lost	False	3	3	-1
UC096_V2	NODE_1949_length_929_cov_2.677230	lost	False	3	3	0
UC096_V2	NODE_8386_length_407_cov_1.090909	lost	False	3	3	0
UC096_V2	NODE_21671_length_238_cov_0.739130	lost	False	3	3	0
UC096_V2	NODE_15861_length_267_cov_1.168421	lost	False	3	3	-1
UC096_V2	NODE_15217_length_272_cov_1.358974	lost	False	3	3	0
UC096_V2	NODE_22696_length_232_cov_0.993548	lost	False	3	3	0
UC096_V2	NODE_19292_length_250_cov_0.855491	lost	False	3	3	0
UC096_V2	NODE_162_length_3536_cov_2.042209	lost	False	3	3	0
UC096_V2	NODE_10153_length_357_cov_1.225000	lost	False	3	3	0
UC096_V2	NODE_8046_length_417_cov_0.870588	lost	False	3	3	0
UC096_V2	NODE_5792_length_510_cov_2.127021	lost	False	3	3	0
UC096_V2	NODE_15853_length_267_cov_1.168421	lost	False	3	3	-1
UC096_V2	NODE_6798_length_465_cov_1.144330	lost	False	3	3	0
UC096_V2	NODE_7264_length_446_cov_1.325203	lost	False	3	3	0
UC096_V2	NODE_11999_length_320_cov_1.522634	lost	False	3	3	0
UC096_V2	NODE_12874_length_305_cov_1.206140	lost	False	3	3	0
UC096_V2	NODE_140_length_3776_cov_8.137605	lost	False	3	3	0
UC096_V2	NODE_21821_length_237_cov_0.925000	lost	False	3	3	0
UC096_V2	NODE_5215_length_540_cov_1.429806	lost	False	3	3	0
UC096_V2	NODE_1947_length_930_cov_1.697538	lost	False	3	3	0
UC096_V2	NODE_5628_length_519_cov_1.339367	lost	False	3	3	0
UC096_V2	NODE_6775_length_466_cov_1.138817	lost	False	3	3	0
UC096_V2	NODE_5446_length_528_cov_1.740576	lost	False	3	3	0
UC096_V2	NODE_6480_length_478_cov_1.476309	lost	False	3	3	-1
UC096_V2	NODE_6015_length_499_cov_1.184834	lost	False	3	3	0
UC096_V2	NODE_9841_length_365_cov_0.923611	lost	False	3	3	0
UC096_V2	NODE_15120_length_274_cov_0.644670	lost	False	3	3	0
UC096_V2	NODE_9002_length_387_cov_57.780645	lost	False	2	2	3
UC096_V2	NODE_8501_length_402_cov_1.366154	lost	False	3	3	0
UC096_V2	NODE_10670_length_346_cov_0.825279	lost	False	3	3	-1
UC096_V2	NODE_11902_length_322_cov_1.208163	lost	False	3	3	0
UC096_V2	NODE_81_length_7358_cov_4.508309	lost	False	3	3	0
UC096_V2	NODE_15142_length_273_cov_1.510204	lost	False	3	3	0
UC096_V2	NODE_14588_length_280_cov_1.926108	lost	False	3	3	0
UC096_V2	NODE_17209_length_260_cov_1.617486	lost	False	3	3	0
UC096_V2	NODE_19582_length_249_cov_0.860465	lost	False	3	3	0
UC096_V2	NODE_21698_length_237_cov_1.706250	lost	False	3	3	0
UC096_V2	NODE_17523_length_259_cov_0.813187	lost	False	3	3	0
UC096_V2	NODE_855_length_1425_cov_1.316766	lost	False	3	3	0
UC096_V2	NODE_2593_length_793_cov_1.650838	lost	False	3	3	0
UC096_V2	NODE_12584_length_310_cov_0.952790	lost	False	3	3	0
UC096_V2	NODE_13105_length_302_cov_0.986667	lost	False	3	3	0
UC096_V2	NODE_3721_length_653_cov_1.300347	lost	False	3	3	0
UC096_V2	NODE_20274_length_245_cov_1.250000	lost	False	3	3	0
UC096_V2	NODE_1714_length_1000_cov_2.252438	lost	False	3	3	0
UC096_V2	NODE_9427_length_375_cov_1.241611	lost	False	3	3	0
UC096_V2	NODE_1669_length_1016_cov_1.467519	lost	False	3	3	0
UC096_V2	NODE_18970_length_252_cov_0.845714	lost	False	3	3	0
UC096_V2	NODE_20122_length_246_cov_0.875740	lost	False	3	3	0
UC096_V2	NODE_20493_length_244_cov_0.886228	lost	False	3	3	0
UC096_V2	NODE_764_length_1518_cov_46.793199	lost	False	2	2	3
UC096_V2	NODE_1247_length_1176_cov_4.948135	lost	False	3	3	0
UC096_V2	NODE_14784_length_278_cov_1.462687	lost	False	3	3	0
UC096_V2	NODE_3622_length_663_cov_1.515358	lost	False	3	3	-1
UC115_V2	NODE_2067_length_695_cov_119.506472	lost	False	2	2	3
UC115_V2	NODE_8535_length_191_cov_106.078947	lost	False	3	3	0
UC115_V2	NODE_5073_length_301_cov_1.906250	lost	False	3	3	0
UC115_V2	NODE_1066_length_1147_cov_2.282243	lost	False	3	3	0
UC115_V2	NODE_3318_length_458_cov_1873.973753	lost	False	2	2	3
UC115_V2	NODE_5190_length_295_cov_0.995413	lost	False	3	3	-1
UC115_V2	NODE_5513_length_281_cov_1.450980	lost	False	3	3	0
UC115_V2	NODE_8594_length_152_cov_79.866667	lost	False	3	3	0
UC115_V2	NODE_3498_length_437_cov_1.230556	lost	False	3	3	0
UC115_V2	NODE_2570_length_577_cov_0.922000	lost	False	3	3	0
UC115_V2	NODE_8509_length_221_cov_172.937500	lost	False	2	2	3
UC115_V2	NODE_8589_length_153_cov_36.947368	lost	False	3	3	0
UC115_V2	NODE_3238_length_470_cov_0.725191	lost	False	3	3	-1
UC115_V2	NODE_1730_length_794_cov_1.444909	lost	False	3	3	0
UC115_V2	NODE_1495_length_902_cov_1.863030	lost	False	3	3	0
UC115_V2	NODE_8541_length_186_cov_141.366972	lost	False	3	3	0
UC115_V2	NODE_8583_length_153_cov_264.486842	lost	False	3	3	0
UC115_V2	NODE_8608_length_151_cov_63.905405	lost	False	3	3	0
UC115_V2	NODE_8591_length_153_cov_20.631579	lost	False	3	3	0
UC115_V2	NODE_7899_length_239_cov_0.882716	lost	False	3	3	-1
UC115_V2	NODE_8609_length_150_cov_229.493151	lost	False	3	3	0
UC115_V2	NODE_5895_length_268_cov_0.968586	lost	False	3	3	0
UC115_V2	NODE_8629_length_146_cov_59.637681	lost	False	3	3	0
UC115_V2	NODE_6074_length_266_cov_0.783069	lost	False	3	3	-1
UC115_V2	NODE_8613_length_149_cov_72.486111	lost	False	3	3	0
UC115_V2	NODE_968_length_1225_cov_1.993031	lost	False	3	3	0
UC115_V2	NODE_7725_length_241_cov_1.469512	lost	False	3	3	0
UC115_V2	NODE_8607_length_151_cov_63.932432	lost	False	3	3	0
UC115_V2	NODE_4684_length_326_cov_1.461847	lost	False	3	3	0
UC115_V2	NODE_4937_length_309_cov_1.129310	lost	False	3	3	0
UC115_V2	NODE_8616_length_149_cov_25.916667	lost	False	3	3	0
UC115_V2	NODE_3228_length_471_cov_197.923858	lost	False	3	3	0
UC115_V2	NODE_8522_length_206_cov_106.038760	lost	False	3	3	0
UC115_V2	NODE_2608_length_569_cov_204.774390	lost	False	3	3	0
UC115_V2	NODE_8597_length_152_cov_44.813333	lost	False	3	3	0
UC115_V2	NODE_6812_length_255_cov_0.831461	lost	False	3	3	-1
UC115_V2	NODE_2716_length_551_cov_2.143460	lost	False	3	3	0
UC115_V2	NODE_3901_length_391_cov_1.738854	lost	False	3	3	0
UC115_V2	NODE_4982_length_306_cov_0.768559	lost	False	3	3	0
UC115_V2	NODE_8606_length_151_cov_74.972973	lost	False	3	3	0
UC115_V2	NODE_8584_length_153_cov_204.921053	lost	False	3	3	0
UC115_V2	NODE_4529_length_336_cov_147.138996	lost	False	3	3	0
UC115_V2	NODE_8593_length_152_cov_114.680000	lost	False	3	3	0
UC115_V2	NODE_8100_length_235_cov_1.405063	lost	False	3	3	-1
UC115_V2	NODE_8587_length_153_cov_60.078947	lost	False	3	3	0
UC115_V2	NODE_7038_length_252_cov_0.765714	lost	False	3	3	-1
UC115_V2	NODE_3177_length_477_cov_2.002500	lost	False	3	3	0
UC115_V2	NODE_8604_length_151_cov_113.500000	lost	False	3	3	0
UC115_V2	NODE_8424_length_230_cov_0.967320	lost	False	3	3	0
UC115_V2	NODE_8890_length_81_cov_150.750000	lost	False	3	3	0
UC115_V2	NODE_8934_length_79_cov_253.000000	lost	False	3	3	0
UC115_V2	NODE_8537_length_188_cov_93.675676	lost	False	3	3	0
UC115_V2	NODE_83_length_8692_cov_135.061985	lost	False	2	2	3
UC115_V2	NODE_8590_length_153_cov_31.736842	lost	False	3	3	0
UC115_V2	NODE_5434_length_284_cov_2.144928	lost	False	3	3	0
UC115_V2	NODE_5432_length_284_cov_123.719807	lost	False	3	3	0
UC115_V2	NODE_6927_length_253_cov_1.613636	lost	False	3	3	0
UC115_V2	NODE_2192_length_666_cov_1.884550	lost	False	3	3	0
UC115_V2	NODE_3090_length_491_cov_101.806763	lost	False	2	2	3
UC115_V2	NODE_4727_length_323_cov_0.902439	lost	False	3	3	-1
UC115_V2	NODE_3903_length_391_cov_1.178344	lost	False	3	3	0
UC115_V2	NODE_2856_length_528_cov_0.984479	lost	False	3	3	0
UC115_V2	NODE_6569_length_258_cov_2.038674	lost	False	3	3	0
UC115_V2	NODE_4931_length_309_cov_1.594828	lost	False	3	3	-1
UC115_V2	NODE_8654_length_134_cov_31.491228	lost	False	3	3	0
UC115_V2	NODE_8610_length_150_cov_79.684932	lost	False	3	3	0
UC115_V2	NODE_8621_length_147_cov_79.785714	lost	False	3	3	0
UC115_V2	NODE_8588_length_153_cov_38.184211	lost	False	3	3	0
UC115_V2	NODE_7815_length_240_cov_0.907975	lost	False	3	3	-1
UC115_V2	NODE_8674_length_123_cov_123.500000	lost	False	3	3	0
UC115_V2	NODE_3159_length_480_cov_208.451613	lost	False	3	3	0
UC115_V2	NODE_7122_length_250_cov_1.184971	lost	False	3	3	0
UC115_V2	NODE_7975_length_237_cov_0.925000	lost	False	3	3	0
UC115_V2	NODE_2720_length_551_cov_1.092827	lost	False	3	3	0
UC115_V2	NODE_8540_length_187_cov_126.018182	lost	False	3	3	0
UC115_V2	NODE_8671_length_124_cov_47.297872	lost	False	3	3	0
UC115_V2	NODE_8294_length_232_cov_0.954839	lost	False	3	3	0
UC115_V2	NODE_8620_length_148_cov_71.704225	lost	False	3	3	0
UC115_V2	NODE_1912_length_738_cov_40.630862	lost	False	3	3	0
UC115_V2	NODE_3922_length_389_cov_1.660256	lost	False	3	3	0
UC115_V2	NODE_8504_length_229_cov_0.888158	lost	False	3	3	0
UC115_V2	NODE_5658_length_275_cov_160.207071	lost	False	3	3	0
UC115_V2	NODE_1983_length_717_cov_137.251563	lost	False	3	3	0
UC115_V2	NODE_4634_length_330_cov_0.782609	lost	False	3	3	0
UC115_V2	NODE_3168_length_479_cov_1.467662	lost	False	3	3	0
UC115_V2	NODE_3796_length_403_cov_363.923313	lost	False	3	3	0
UC115_V2	NODE_7105_length_250_cov_1.710983	lost	False	3	3	0
UC115_V2	NODE_4414_length_346_cov_1.501859	lost	False	3	3	0
UC115_V2	NODE_8599_length_152_cov_34.586667	lost	False	3	3	0
UC115_V2	NODE_4335_length_352_cov_158.756364	lost	False	3	3	0
UC115_V2	NODE_579_length_1697_cov_2.179630	lost	False	3	3	0
UC115_V2	NODE_8603_length_151_cov_142.432432	lost	False	3	3	0
UC115_V2	NODE_3069_length_495_cov_2.227273	lost	False	3	3	0
UC115_V2	NODE_6381_length_261_cov_0.804348	lost	False	3	3	0
UC115_V2	NODE_7072_length_251_cov_0.850575	lost	False	3	3	-1
UC115_V2	NODE_8171_length_234_cov_1.337580	lost	False	3	3	-1
UC115_V2	NODE_8524_length_203_cov_150.865079	lost	False	3	3	0
UC115_V2	NODE_6773_length_256_cov_0.776536	lost	False	3	3	0
UC115_V2	NODE_8628_length_146_cov_62.579710	lost	False	3	3	0
UC115_V2	NODE_7205_length_249_cov_0.860465	lost	False	3	3	0
UC115_V2	NODE_667_length_1588_cov_1550.324289	lost	False	2	2	3
UC115_V2	NODE_3919_length_389_cov_7.096154	lost	False	3	3	0
UC115_V2	NODE_8614_length_149_cov_57.375000	lost	False	3	3	0
UC115_V2	NODE_8527_length_201_cov_129.064516	lost	False	3	3	0
UC115_V2	NODE_8602_length_151_cov_209.945946	lost	False	3	3	0
UC115_V2	NODE_8555_length_166_cov_123.258427	lost	False	3	3	0
UC115_V2	NODE_1112_length_1116_cov_109.095284	lost	False	3	3	0
UC115_V2	NODE_7202_length_249_cov_0.860465	lost	False	3	3	-1
UC115_V2	NODE_8521_length_209_cov_170.984848	lost	False	3	3	0
UC115_V2	NODE_8515_length_217_cov_221.778571	lost	False	3	3	0
UC115_V2	NODE_8586_length_153_cov_135.750000	lost	False	3	3	0
UC115_V2	NODE_8615_length_149_cov_32.486111	lost	False	3	3	0
UC115_V2	NODE_1040_length_1168_cov_2.034830	lost	False	3	3	0
UC115_V2	NODE_8623_length_147_cov_47.285714	lost	False	3	3	0
UC115_V2	NODE_4580_length_333_cov_188.437500	lost	False	3	3	0
UC139_V2	NODE_23597_length_495_cov_1.239234	lost	False	3	3	-1
UC139_V2	NODE_26671_length_464_cov_2.286822	lost	False	3	3	0
UC139_V2	NODE_92393_length_242_cov_1.484848	lost	False	3	3	0
UC139_V2	NODE_27220_length_459_cov_2.049738	lost	False	3	3	0
UC139_V2	NODE_42479_length_359_cov_1.312057	lost	False	3	3	0
UC139_V2	NODE_55796_length_305_cov_2.451754	lost	False	3	3	0
UC139_V2	NODE_45753_length_344_cov_1.704120	lost	False	3	3	0
UC139_V2	NODE_21348_length_521_cov_2.162162	lost	False	3	3	0
UC139_V2	NODE_75526_length_262_cov_0.800000	lost	False	3	3	0
UC139_V2	NODE_18422_length_562_cov_1.068041	lost	False	3	3	0
UC139_V2	NODE_1067_length_2564_cov_2.696421	lost	False	2	2	3
UC139_V2	NODE_70677_length_267_cov_1.168421	lost	False	3	3	0
UC139_V2	NODE_6141_length_982_cov_2.213260	lost	False	3	3	-1
UC139_V2	NODE_14752_length_629_cov_1.695652	lost	False	3	3	0
UC139_V2	NODE_94616_length_240_cov_0.907975	lost	False	3	3	-1
UC139_V2	NODE_46949_length_339_cov_1.194656	lost	False	3	3	0
UC139_V2	NODE_76583_length_260_cov_2.426230	lost	False	3	3	0
UC139_V2	NODE_27181_length_460_cov_0.966057	lost	False	3	3	0
UC139_V2	NODE_276_length_7206_cov_4.457287	lost	False	3	3	0
UC139_V2	NODE_10993_length_732_cov_2.290076	lost	False	3	3	0
UC139_V2	NODE_62107_length_286_cov_1.540670	lost	False	3	3	0
UC139_V2	NODE_13813_length_650_cov_5.621291	lost	False	3	3	0
UC139_V2	NODE_19010_length_552_cov_17.707368	lost	False	3	3	0
UC139_V2	NODE_33900_length_408_cov_1.030211	lost	False	3	3	0
UC139_V2	NODE_62399_length_285_cov_2.230769	lost	False	3	3	0
UC139_V2	NODE_55007_length_308_cov_1.376623	lost	False	3	3	0
UC139_V2	NODE_52695_length_317_cov_0.670833	lost	False	3	3	0
UC139_V2	NODE_85718_length_250_cov_1.092486	lost	False	3	3	0
UC139_V2	NODE_62109_length_286_cov_1.464115	lost	False	3	3	0
UC139_V2	NODE_36674_length_390_cov_2.424920	lost	False	3	3	0
UC139_V2	NODE_8339_length_841_cov_1.594241	lost	False	3	3	-1
UC139_V2	NODE_58662_length_296_cov_1.013699	lost	False	3	3	-1
UC139_V2	NODE_19725_length_542_cov_1.739785	lost	False	3	3	0
UC139_V2	NODE_65299_length_278_cov_1.213930	lost	False	3	3	-1
UC139_V2	NODE_47164_length_338_cov_1.521073	lost	False	3	3	0
UC139_V2	NODE_60438_length_291_cov_0.873832	lost	False	3	3	-1
UC139_V2	NODE_82648_length_254_cov_0.830508	lost	False	3	3	-1
UC139_V2	NODE_95637_length_238_cov_2.223602	lost	False	3	3	0
UC139_V2	NODE_42595_length_359_cov_0.755319	lost	False	3	3	-1
UC139_V2	NODE_76282_length_261_cov_0.804348	lost	False	3	3	0
UC139_V2	NODE_103151_length_229_cov_1.460526	lost	False	3	3	-1
UC139_V2	NODE_8859_length_815_cov_2.126016	lost	False	3	3	0
UC139_V2	NODE_31436_length_425_cov_1.488506	lost	False	3	3	0
UC139_V2	NODE_99717_length_233_cov_2.910256	lost	False	3	3	0
UC139_V2	NODE_7848_length_868_cov_2.338812	lost	False	3	3	0
UC139_V2	NODE_96745_length_237_cov_1.056250	lost	False	3	3	0
UC139_V2	NODE_36330_length_392_cov_1.841270	lost	False	3	3	0
UC139_V2	NODE_64712_length_279_cov_2.529703	lost	False	3	3	0
UC139_V2	NODE_3738_length_1278_cov_129.697752	lost	False	3	3	0
UC139_V2	NODE_104012_length_152_cov_1.453333	lost	False	3	3	0
UC139_V2	NODE_43174_length_356_cov_1.060932	lost	False	3	3	0
UC139_V2	NODE_17487_length_577_cov_1.302000	lost	False	3	3	0
UC139_V2	NODE_103534_length_229_cov_0.973684	lost	False	3	3	-1
UC139_V2	NODE_58402_length_297_cov_1.009091	lost	False	3	3	-1
UC139_V2	NODE_100879_length_232_cov_1.012903	lost	False	3	3	0
UC139_V2	NODE_85412_length_250_cov_1.890173	lost	False	3	3	0
UC139_V2	NODE_61210_length_288_cov_2.104265	lost	False	3	3	-1
UC139_V2	NODE_68083_length_271_cov_1.144330	lost	False	3	3	0
UC139_V2	NODE_86243_length_250_cov_0.589595	lost	False	3	3	0
UC139_V2	NODE_28823_length_445_cov_1.211957	lost	False	3	3	-1
UC139_V2	NODE_49066_length_330_cov_2.339921	lost	False	3	3	0
UC139_V2	NODE_11080_length_729_cov_1.753067	lost	False	3	3	0
UC139_V2	NODE_90828_length_244_cov_1.305389	lost	False	3	3	-1
UC139_V2	NODE_5188_length_1074_cov_6.388164	lost	False	3	3	0
UC139_V2	NODE_43358_length_355_cov_1.579137	lost	False	3	3	-1
UC139_V2	NODE_100432_length_233_cov_0.903846	lost	False	3	3	0
UC139_V2	NODE_27947_length_452_cov_2.008000	lost	False	3	3	0
UC139_V2	NODE_45929_length_343_cov_2.225564	lost	False	3	3	0
UC139_V2	NODE_94089_length_240_cov_1.687117	lost	False	3	3	0
UC139_V2	NODE_90446_length_245_cov_0.827381	lost	False	3	3	0
UC139_V2	NODE_48814_length_331_cov_2.220472	lost	False	3	3	0
UC139_V2	NODE_85728_length_250_cov_0.988439	lost	False	3	3	0
UC139_V2	NODE_86544_length_249_cov_1.151163	lost	False	3	3	0
UC139_V2	NODE_94186_length_240_cov_1.361963	lost	False	3	3	-1
UC139_V2	NODE_90017_length_245_cov_0.880952	lost	False	3	3	0
UC139_V2	NODE_26249_length_468_cov_2.081841	lost	False	3	3	-1
UC139_V2	NODE_94893_length_239_cov_1.827160	lost	False	3	3	0
UC139_V2	NODE_18237_length_564_cov_2.948665	lost	False	3	3	0
UC139_V2	NODE_51452_length_321_cov_2.028689	lost	False	3	3	0
UC139_V2	NODE_50578_length_324_cov_2.506073	lost	False	3	3	0
UC139_V2	NODE_91582_length_243_cov_1.337349	lost	False	3	3	-1
UC139_V2	NODE_42603_length_358_cov_2.861210	lost	False	3	3	0
UC139_V2	NODE_63098_length_284_cov_0.980676	lost	False	3	3	0
UC139_V2	NODE_63001_length_284_cov_1.086957	lost	False	3	3	0
UC139_V2	NODE_11444_length_717_cov_3.251562	lost	False	3	3	-1
UC139_V2	NODE_86421_length_249_cov_1.290698	lost	False	3	3	0
UC139_V2	NODE_79249_length_257_cov_2.055556	lost	False	3	3	0
UC139_V2	NODE_46503_length_341_cov_1.121212	lost	False	3	3	0
UC139_V2	NODE_100931_length_232_cov_0.954839	lost	False	3	3	0
UC139_V2	NODE_3720_length_1282_cov_1.412448	lost	False	3	3	0
UC139_V2	NODE_44416_length_350_cov_2.168498	lost	False	3	3	-1
UC139_V2	NODE_89866_length_245_cov_1.321429	lost	False	3	3	0
UC139_V2	NODE_12674_length_679_cov_3.612957	lost	False	3	3	0
UC139_V2	NODE_21002_length_525_cov_2.468750	lost	False	3	3	0
UC139_V2	NODE_48799_length_331_cov_2.913386	lost	False	3	3	-1
UC139_V2	NODE_65116_length_278_cov_1.840796	lost	False	3	3	-1
UC139_V2	NODE_47610_length_336_cov_1.992278	lost	False	3	3	0
UC139_V2	NODE_81982_length_254_cov_1.615819	lost	False	3	3	0
UC139_V2	NODE_39204_length_376_cov_0.769231	lost	False	3	3	0
UC139_V2	NODE_93251_length_241_cov_1.713415	lost	False	3	3	0
UC139_V2	NODE_95849_length_238_cov_1.378882	lost	False	3	3	-1
UC139_V2	NODE_81059_length_255_cov_1.662921	lost	False	2	2	3
UC139_V2	NODE_36716_length_390_cov_1.428115	lost	False	3	3	0
UC139_V2	NODE_52544_length_317_cov_1.233333	lost	False	3	3	-1
UC139_V2	NODE_1819_length_1883_cov_2.215947	lost	False	3	3	0
UC139_V2	NODE_90249_length_245_cov_0.880952	lost	False	3	3	-1
UC139_V2	NODE_103905_length_189_cov_2.294643	lost	False	3	3	-1
UC139_V2	NODE_96755_length_237_cov_0.956250	lost	False	3	3	0
UC139_V2	NODE_71545_length_266_cov_1.328042	lost	False	3	3	-1
UC139_V2	NODE_59454_length_293_cov_1.712963	lost	False	3	3	0
UC139_V2	NODE_37598_length_384_cov_2.364821	lost	False	3	3	0
UC139_V2	NODE_103829_length_226_cov_0.744966	lost	False	3	3	0
UC139_V2	NODE_1055_length_2578_cov_3.572571	lost	False	3	3	0
UC139_V2	NODE_26807_length_463_cov_1.725389	lost	False	3	3	0
UC139_V2	NODE_58708_length_296_cov_0.908676	lost	False	3	3	0
UC139_V2	NODE_29605_length_439_cov_0.953039	lost	False	3	3	0
UC139_V2	NODE_39397_length_374_cov_2.235690	lost	False	3	3	0
UC139_V2	NODE_103836_length_221_cov_0.854167	lost	False	3	3	0
UC139_V2	NODE_2702_length_1524_cov_3.201106	lost	False	2	2	3
UC139_V2	NODE_31733_length_423_cov_1.277457	lost	False	3	3	0
UC139_V2	NODE_47131_length_338_cov_1.800766	lost	False	3	3	0
UC139_V2	NODE_34145_length_406_cov_1.574468	lost	False	3	3	0
UC139_V2	NODE_80072_length_257_cov_0.711111	lost	False	3	3	0
UC139_V2	NODE_47853_length_335_cov_1.810078	lost	False	3	3	0
UC139_V2	NODE_15273_length_618_cov_1.367837	lost	False	3	3	0
UC139_V2	NODE_92551_length_242_cov_1.193939	lost	False	3	3	0
UC139_V2	NODE_63522_length_283_cov_0.718447	lost	False	3	3	0
UC139_V2	NODE_59710_length_293_cov_0.680556	lost	False	3	3	0
UC139_V2	NODE_4876_length_1112_cov_2.231884	lost	False	3	3	0
UC139_V2	NODE_41982_length_361_cov_1.830986	lost	False	3	3	0
UC139_V2	NODE_93608_length_241_cov_0.902439	lost	False	3	3	0
UC139_V2	NODE_93207_length_241_cov_1.804878	lost	False	3	3	0
UC139_V2	NODE_20742_length_529_cov_1.243363	lost	False	3	3	0
UC139_V2	NODE_39379_length_375_cov_0.677852	lost	False	3	3	-1
UC139_V2	NODE_44292_length_351_cov_1.197080	lost	False	3	3	-1
UC139_V2	NODE_7946_length_863_cov_1.572519	lost	False	3	3	0
UC139_V2	NODE_78815_length_258_cov_0.817680	lost	False	3	3	0
UC139_V2	NODE_49820_length_327_cov_1.744000	lost	False	3	3	0
UC139_V2	NODE_96397_length_238_cov_0.782609	lost	False	3	3	0
UC139_V2	NODE_63348_length_283_cov_1.436893	lost	False	3	3	0
UC139_V2	NODE_94226_length_240_cov_1.361963	lost	False	3	3	-1
UC139_V2	NODE_40424_length_369_cov_1.520548	lost	False	3	3	-1
UC139_V2	NODE_33955_length_407_cov_1.990909	lost	False	3	3	0
UC139_V2	NODE_28640_length_446_cov_2.504065	lost	False	3	3	0
UC139_V2	NODE_33346_length_411_cov_4.706587	lost	False	3	3	0
UC139_V2	NODE_81870_length_254_cov_2.090395	lost	False	3	3	0
UC139_V2	NODE_62202_length_286_cov_1.416268	lost	False	3	3	0
UC139_V2	NODE_15687_length_610_cov_1.257036	lost	False	3	3	0
UC139_V2	NODE_37566_length_385_cov_0.961039	lost	False	3	3	0
UC139_V2	NODE_103359_length_229_cov_0.973684	lost	False	3	3	0
UC139_V2	NODE_48144_length_334_cov_1.264591	lost	False	3	3	0
UC139_V2	NODE_49579_length_328_cov_1.629482	lost	False	3	3	-1
UC139_V2	NODE_63875_length_282_cov_1.029268	lost	False	3	3	0
UC139_V2	NODE_65921_length_276_cov_1.984925	lost	False	3	3	0
UC139_V2	NODE_95287_length_239_cov_0.913580	lost	False	3	3	0
UC139_V2	NODE_47014_length_339_cov_0.988550	lost	False	3	3	0
UC139_V2	NODE_55901_length_305_cov_1.298246	lost	False	3	3	-1
UC139_V2	NODE_46018_length_343_cov_1.300752	lost	False	3	3	0
UC139_V2	NODE_53131_length_315_cov_1.121849	lost	False	3	3	0
UC139_V2	NODE_22250_length_510_cov_1.323326	lost	False	3	3	0
UC139_V2	NODE_38798_length_378_cov_0.986711	lost	False	3	3	0
UC139_V2	NODE_9937_length_770_cov_8.297258	lost	False	3	3	0
UC139_V2	NODE_41996_length_361_cov_1.661972	lost	False	3	3	0
UC139_V2	NODE_83622_length_252_cov_2.114286	lost	False	3	3	0
UC139_V2	NODE_87712_length_248_cov_0.865497	lost	False	3	3	0
UC139_V2	NODE_16152_length_601_cov_1.175573	lost	False	3	3	0
UC139_V2	NODE_20666_length_530_cov_1.304636	lost	False	3	3	-1
UC139_V2	NODE_48738_length_332_cov_0.937255	lost	False	3	3	0
UC139_V2	NODE_46474_length_341_cov_1.257576	lost	False	3	3	0
UC139_V2	NODE_41790_length_362_cov_2.115789	lost	False	3	3	0
UC139_V2	NODE_1703_length_1948_cov_3.208979	lost	False	3	3	-1
UC139_V2	NODE_39857_length_372_cov_1.491525	lost	False	3	3	0
UC139_V2	NODE_84808_length_251_cov_1.270115	lost	False	3	3	-1
UC139_V2	NODE_43476_length_355_cov_0.913669	lost	False	3	3	0
UC139_V2	NODE_56692_length_302_cov_2.302222	lost	False	3	3	0
UC139_V2	NODE_103984_length_155_cov_37.487179	lost	False	3	3	0
UC139_V2	NODE_97650_length_236_cov_0.930818	lost	False	3	3	-1
UC139_V2	NODE_103857_length_209_cov_3.704545	lost	False	3	3	0
UC139_V2	NODE_103860_length_208_cov_2.511450	lost	False	3	3	0
UC139_V2	NODE_74089_length_263_cov_1.602151	lost	False	3	3	0
UC139_V2	NODE_96433_length_237_cov_2.787500	lost	False	3	3	0
UC139_V2	NODE_97513_length_236_cov_1.389937	lost	False	3	3	0
UC139_V2	NODE_73139_length_264_cov_2.374332	lost	False	3	3	0
UC139_V2	NODE_37887_length_383_cov_0.967320	lost	False	3	3	-1
UC139_V2	NODE_102196_length_230_cov_2.418301	lost	False	3	3	-1
UC139_V2	NODE_15213_length_619_cov_1.826568	lost	False	3	3	0
UC139_V2	NODE_58792_length_295_cov_1.775229	lost	False	3	3	0
UC139_V2	NODE_93145_length_241_cov_2.024390	lost	False	3	3	0
UC139_V2	NODE_42824_length_357_cov_1.992857	lost	False	3	3	0
UC139_V2	NODE_23149_length_499_cov_2.988152	lost	False	3	3	0
UC139_V2	NODE_71637_length_266_cov_1.174603	lost	False	3	3	0
UC139_V2	NODE_25751_length_473_cov_1.376263	lost	False	3	3	0
UC139_V2	NODE_48942_length_331_cov_1.165354	lost	False	3	3	-1
UC139_V2	NODE_13077_length_668_cov_2.927242	lost	False	3	3	0
UC139_V2	NODE_67516_length_272_cov_1.897436	lost	False	3	3	0
UC139_V2	NODE_89375_length_246_cov_0.875740	lost	False	3	3	0
UC139_V2	NODE_43010_length_357_cov_0.992857	lost	False	3	3	0
UC139_V2	NODE_75403_length_262_cov_0.800000	lost	False	3	3	-1
UC139_V2	NODE_104171_length_121_cov_3.159091	lost	False	3	3	0
UC139_V2	NODE_45601_length_345_cov_1.205224	lost	False	3	3	-1
UC139_V2	NODE_45758_length_344_cov_1.662921	lost	False	3	3	0
UC139_V2	NODE_85677_length_250_cov_1.283237	lost	False	3	3	-1
UC139_V2	NODE_64791_length_279_cov_1.678218	lost	False	3	3	0
UC139_V2	NODE_82757_length_253_cov_1.892045	lost	False	3	3	0
UC139_V2	NODE_25693_length_473_cov_2.989899	lost	False	3	3	0
UC139_V2	NODE_94285_length_240_cov_1.134969	lost	False	3	3	0
UC139_V2	NODE_99211_length_234_cov_1.242038	lost	False	3	3	-1
UC139_V2	NODE_58432_length_297_cov_0.977273	lost	False	3	3	0
UC139_V2	NODE_35433_length_398_cov_1.183801	lost	False	3	3	-1
UC139_V2	NODE_98510_length_235_cov_0.936709	lost	False	3	3	-1
UC139_V2	NODE_30060_length_435_cov_1.363128	lost	False	3	3	0
UC139_V2	NODE_6069_length_988_cov_0.980241	lost	False	3	3	0
UC139_V2	NODE_26282_length_468_cov_1.521739	lost	False	3	3	0
UC139_V2	NODE_61934_length_287_cov_1.000000	lost	False	3	3	0
UC139_V2	NODE_2677_length_1535_cov_6.648834	lost	False	3	3	0
UC139_V2	NODE_5973_length_995_cov_1.994553	lost	False	3	3	0
UC139_V2	NODE_17611_length_574_cov_2.287726	lost	False	3	3	0
UC139_V2	NODE_397_length_5296_cov_14.532477	lost	False	3	3	0
UC139_V2	NODE_47973_length_335_cov_1.015504	lost	False	3	3	0
UC139_V2	NODE_64288_length_281_cov_0.725490	lost	False	3	3	-1
UC139_V2	NODE_20965_length_526_cov_1.398664	lost	False	3	3	-1
UC139_V2	NODE_99790_length_233_cov_1.897436	lost	False	3	3	-1
UC139_V2	NODE_57901_length_298_cov_2.330317	lost	False	3	3	0
UC139_V2	NODE_9005_length_810_cov_1.312415	lost	False	3	3	-1
UC139_V2	NODE_93190_length_241_cov_1.804878	lost	False	3	3	0
UC139_V2	NODE_3032_length_1427_cov_3.506667	lost	False	3	3	0
UC139_V2	NODE_76123_length_261_cov_0.804348	lost	False	3	3	-1
UC139_V2	NODE_64753_length_279_cov_1.831683	lost	False	3	3	-1
UC139_V2	NODE_79189_length_258_cov_0.685083	lost	False	3	3	0
UC139_V2	NODE_91091_length_244_cov_0.886228	lost	False	3	3	0
UC139_V2	NODE_93731_length_241_cov_0.902439	lost	False	3	3	-1
UC139_V2	NODE_33799_length_408_cov_2.181269	lost	False	3	3	0
UC139_V2	NODE_76559_length_260_cov_87.808743	lost	False	3	3	0
UC139_V2	NODE_100827_length_232_cov_1.400000	lost	False	3	3	-1
UC139_V2	NODE_42615_length_358_cov_2.007117	lost	False	3	3	-1
UC139_V2	NODE_72980_length_265_cov_0.787234	lost	False	3	3	0
UC139_V2	NODE_39573_length_373_cov_4.000000	lost	False	3	3	0
UC139_V2	NODE_89244_length_246_cov_0.875740	lost	False	3	3	-1
UC139_V2	NODE_2038_length_1780_cov_3.091603	lost	False	3	3	-1
UC139_V2	NODE_95201_length_239_cov_0.913580	lost	False	3	3	-1
UC139_V2	NODE_47101_length_338_cov_2.777778	lost	False	3	3	-1
UC139_V2	NODE_1167_length_2422_cov_5.191045	lost	False	3	3	0
UC139_V2	NODE_60835_length_289_cov_2.452830	lost	False	3	3	0
UC139_V2	NODE_1405_length_2173_cov_3.712309	lost	False	3	3	0
UC139_V2	NODE_86292_length_249_cov_2.029070	lost	False	3	3	0
UC139_V2	NODE_63516_length_283_cov_0.762136	lost	False	3	3	0
UC139_V2	NODE_94741_length_240_cov_0.809816	lost	False	3	3	0
UC139_V2	NODE_53221_length_315_cov_0.882353	lost	False	3	3	-1
UC139_V2	NODE_48367_length_333_cov_1.445312	lost	False	3	3	-1
UC139_V2	NODE_91525_length_243_cov_1.765060	lost	False	3	3	-1
UC139_V2	NODE_58535_length_296_cov_1.680365	lost	False	3	3	0
UC139_V2	NODE_29149_length_442_cov_1.715068	lost	False	3	3	-1
UC139_V2	NODE_30740_length_430_cov_1.337110	lost	False	3	3	-1
UC139_V2	NODE_104000_length_153_cov_26.578947	lost	False	3	3	0
UC139_V2	NODE_8721_length_823_cov_1.091153	lost	False	3	3	-1
UC139_V2	NODE_92769_length_242_cov_0.896970	lost	False	3	3	0
UC139_V2	NODE_31366_length_426_cov_1.037249	lost	False	3	3	0
UC139_V2	NODE_57331_length_300_cov_1.910314	lost	False	3	3	0
UC139_V2	NODE_33601_length_410_cov_0.888889	lost	False	3	3	0
UC139_V2	NODE_34988_length_401_cov_0.817901	lost	False	3	3	0
UC139_V2	NODE_61266_length_288_cov_1.753555	lost	False	3	3	-1
UC139_V2	NODE_66934_length_274_cov_1.126904	lost	False	3	3	0
UC139_V2	NODE_93092_length_241_cov_14.506098	lost	False	3	3	0
UC139_V2	NODE_75561_length_262_cov_0.800000	lost	False	3	3	-1
UC139_V2	NODE_89956_length_245_cov_1.178571	lost	False	3	3	0
UC139_V2	NODE_57328_length_300_cov_1.937220	lost	False	3	3	0
UC139_V2	NODE_90696_length_244_cov_1.491018	lost	False	3	3	-1
UC139_V2	NODE_41069_length_366_cov_1.235294	lost	False	3	3	0
UC139_V2	NODE_67297_length_273_cov_1.132653	lost	False	3	3	0
UC139_V2	NODE_44408_length_350_cov_2.380952	lost	False	3	3	0
UC139_V2	NODE_100871_length_232_cov_1.070968	lost	False	3	3	0
UC139_V2	NODE_11321_length_721_cov_2.149068	lost	False	3	3	0
UC139_V2	NODE_68669_length_269_cov_1.927083	lost	False	3	3	0
UC139_V2	NODE_89021_length_246_cov_1.313609	lost	False	3	3	0
UC139_V2	NODE_11214_length_724_cov_2.618238	lost	False	3	3	0
UC139_V2	NODE_13552_length_657_cov_1.075862	lost	False	3	3	0
UC139_V2	NODE_45437_length_346_cov_0.951673	lost	False	3	3	0
UC139_V2	NODE_27111_length_460_cov_1.859008	lost	False	3	3	0
UC139_V2	NODE_53960_length_312_cov_1.046809	lost	False	3	3	0
UC139_V2	NODE_39890_length_372_cov_1.193220	lost	False	3	3	0
UC139_V2	NODE_36995_length_388_cov_113.871383	lost	False	3	3	0
UC139_V2	NODE_72925_length_265_cov_0.787234	lost	False	3	3	0
UC139_V2	NODE_8135_length_853_cov_1.106959	lost	False	3	3	0
UC139_V2	NODE_3469_length_1325_cov_2.300481	lost	False	3	3	0
UC139_V2	NODE_77596_length_259_cov_1.543956	lost	False	3	3	0
UC139_V2	NODE_79444_length_257_cov_1.233333	lost	False	3	3	0
UC139_V2	NODE_43488_length_355_cov_0.809353	lost	False	3	3	0
UC139_V2	NODE_42890_length_357_cov_1.475000	lost	False	3	3	0
UC139_V2	NODE_49953_length_327_cov_0.952000	lost	False	3	3	0
UC139_V2	NODE_85697_length_250_cov_1.219653	lost	False	3	3	0
UC139_V2	NODE_63438_length_283_cov_1.077670	lost	False	3	3	0
UC139_V2	NODE_90698_length_244_cov_1.485030	lost	False	3	3	0
UC139_V2	NODE_74481_length_263_cov_0.795699	lost	False	3	3	0
UC139_V2	NODE_71740_length_266_cov_0.783069	lost	False	3	3	-1
UC139_V2	NODE_70059_length_268_cov_0.774869	lost	False	3	3	-1
UC139_V2	NODE_40482_length_369_cov_1.195205	lost	False	3	3	0
UC139_V2	NODE_28870_length_444_cov_8.604905	lost	False	3	3	0
UC139_V2	NODE_68233_length_270_cov_2.243523	lost	False	3	3	0
UC139_V2	NODE_43794_length_353_cov_1.855072	lost	False	3	3	0
UC139_V2	NODE_23427_length_496_cov_2.279236	lost	False	3	3	0
UC139_V2	NODE_34253_length_405_cov_3.420732	lost	False	3	3	0
UC139_V2	NODE_87176_length_248_cov_1.730994	lost	False	3	3	0
UC139_V2	NODE_37333_length_386_cov_1.621359	lost	False	3	3	0
UC139_V2	NODE_51004_length_323_cov_1.203252	lost	False	3	3	0
UC139_V2	NODE_90029_length_245_cov_0.880952	lost	False	3	3	-1
UC139_V2	NODE_95976_length_238_cov_0.919255	lost	False	3	3	-1
UC139_V2	NODE_3739_length_1278_cov_4.132390	lost	False	3	3	0
UC139_V2	NODE_16046_length_603_cov_0.851711	lost	False	3	3	0
UC139_V2	NODE_89971_length_245_cov_1.059524	lost	False	3	3	0
UC139_V2	NODE_11828_length_705_cov_1.581210	lost	False	3	3	0
UC139_V2	NODE_24232_length_488_cov_1.296837	lost	False	3	3	0
UC139_V2	NODE_81923_length_254_cov_1.672316	lost	False	3	3	-1
UC139_V2	NODE_82904_length_253_cov_1.261364	lost	False	3	3	-1
UC139_V2	NODE_6969_length_921_cov_4.060427	lost	False	3	3	0
UC139_V2	NODE_101951_length_231_cov_0.961039	lost	False	3	3	0
UC139_V2	NODE_103903_length_189_cov_5.767857	lost	False	3	3	0
UC139_V2	NODE_91185_length_244_cov_0.886228	lost	False	3	3	-1
UC139_V2	NODE_16840_length_588_cov_1.477495	lost	False	3	3	0
UC139_V2	NODE_43657_length_354_cov_1.212996	lost	False	3	3	0
UC139_V2	NODE_53332_length_314_cov_1.561181	lost	False	3	3	0
UC139_V2	NODE_6687_length_941_cov_1.863426	lost	False	3	3	0
UC139_V2	NODE_34128_length_406_cov_1.753799	lost	False	3	3	0
UC139_V2	NODE_75929_length_261_cov_1.516304	lost	False	3	3	0
UC139_V2	NODE_30549_length_432_cov_0.766197	lost	False	3	3	0
UC139_V2	NODE_64662_length_280_cov_0.852217	lost	False	3	3	-1
UC139_V2	NODE_42013_length_361_cov_1.563380	lost	False	3	3	-1
UC139_V2	NODE_46860_length_339_cov_1.977099	lost	False	3	3	0
UC139_V2	NODE_38596_length_379_cov_1.221854	lost	False	3	3	0
UC139_V2	NODE_79162_length_258_cov_0.790055	lost	False	3	3	0
UC139_V2	NODE_99473_length_234_cov_0.942675	lost	False	3	3	-1
UC139_V2	NODE_91384_length_243_cov_2.674699	lost	False	3	3	0
UC139_V2	NODE_73061_length_265_cov_0.787234	lost	False	3	3	0
UC139_V2	NODE_18451_length_561_cov_1.892562	lost	False	3	3	0
UC139_V2	NODE_104008_length_152_cov_21.106667	lost	False	3	3	0
UC139_V2	NODE_54208_length_311_cov_1.123932	lost	False	3	3	0
UC139_V2	NODE_50862_length_323_cov_4.817073	lost	False	3	3	0
UC139_V2	NODE_71008_length_267_cov_0.778947	lost	False	3	3	-1
UC139_V2	NODE_67363_length_273_cov_1.122449	lost	False	3	3	0
UC139_V2	NODE_56542_length_303_cov_1.137168	lost	False	3	3	0
UC139_V2	NODE_82276_length_254_cov_0.836158	lost	False	3	3	0
UC139_V2	NODE_53999_length_312_cov_0.944681	lost	False	3	3	0
UC139_V2	NODE_13656_length_654_cov_1.937608	lost	False	3	3	0
UC139_V2	NODE_37908_length_383_cov_0.950980	lost	False	3	3	0
UC139_V2	NODE_53945_length_312_cov_1.187234	lost	False	3	3	0
UC139_V2	NODE_103958_length_164_cov_12.689655	lost	False	3	3	0
UC139_V2	NODE_24036_length_490_cov_1.791768	lost	False	3	3	0
UC139_V2	NODE_19082_length_552_cov_1.031579	lost	False	3	3	0
UC139_V2	NODE_76620_length_260_cov_2.016393	lost	False	3	3	-1
UC139_V2	NODE_11508_length_715_cov_1.241379	lost	False	3	3	0
UC139_V2	NODE_35679_length_396_cov_2.416928	lost	False	3	3	0
UC139_V2	NODE_353_length_5834_cov_5.270106	lost	False	3	3	0
UC139_V2	NODE_34545_length_404_cov_0.883792	lost	False	3	3	0
UC139_V2	NODE_11405_length_719_cov_1.042056	lost	False	3	3	-1
UC139_V2	NODE_52458_length_317_cov_1.820833	lost	False	3	3	0
UC139_V2	NODE_104022_length_149_cov_109.361111	lost	False	3	3	0
UC139_V2	NODE_57395_length_300_cov_1.493274	lost	False	3	3	0
UC139_V2	NODE_99885_length_233_cov_1.423077	lost	False	3	3	-1
UC139_V2	NODE_76702_length_260_cov_1.617486	lost	False	3	3	0
UC139_V2	NODE_23921_length_491_cov_2.270531	lost	False	3	3	0
UC139_V2	NODE_77690_length_259_cov_1.219780	lost	False	3	3	-1
UC139_V2	NODE_48081_length_334_cov_1.727626	lost	False	3	3	0
UC139_V2	NODE_773_length_3177_cov_5.543548	lost	False	3	3	0
UC139_V2	NODE_75857_length_261_cov_1.608696	lost	False	3	3	0
UC139_V2	NODE_56679_length_302_cov_3.675556	lost	False	3	3	0
UC139_V2	NODE_33822_length_408_cov_1.580060	lost	False	3	3	-1
UC139_V2	NODE_57842_length_299_cov_0.981982	lost	False	3	3	0
UC139_V2	NODE_29782_length_437_cov_1.536111	lost	False	3	3	0
UC139_V2	NODE_93448_length_241_cov_1.201220	lost	False	3	3	0
UC139_V2	NODE_54598_length_310_cov_0.536481	lost	False	3	3	-1
UC139_V2	NODE_99310_length_234_cov_0.942675	lost	False	3	3	-1
UC139_V2	NODE_94457_length_240_cov_0.907975	lost	False	3	3	0
UC139_V2	NODE_67759_length_272_cov_0.912821	lost	False	3	3	0
UC139_V2	NODE_27743_length_454_cov_3.023873	lost	False	3	3	0
UC139_V2	NODE_62170_length_286_cov_1.416268	lost	False	3	3	0
UC139_V2	NODE_23515_length_496_cov_0.653938	lost	False	3	3	0
UC139_V2	NODE_39241_length_375_cov_1.986577	lost	False	3	3	-1
UC139_V2	NODE_102218_length_230_cov_1.934641	lost	False	3	3	0
UC139_V2	NODE_26822_length_463_cov_1.533679	lost	False	3	3	0
UC139_V2	NODE_56781_length_302_cov_1.417778	lost	False	3	3	0
UC139_V2	NODE_54792_length_309_cov_0.956897	lost	False	3	3	0
UC139_V2	NODE_103851_length_211_cov_3.358209	lost	False	3	3	0
UC139_V2	NODE_95535_length_239_cov_0.827160	lost	False	3	3	0
UC139_V2	NODE_65890_length_276_cov_3.025126	lost	False	3	3	0
UC139_V2	NODE_28148_length_450_cov_19.337802	lost	False	3	3	0
UC139_V2	NODE_44458_length_350_cov_1.586081	lost	False	3	3	0
UC139_V2	NODE_373_length_5540_cov_4.691928	lost	False	3	3	0
UC139_V2	NODE_45836_length_344_cov_1.108614	lost	False	3	3	0
UC139_V2	NODE_103999_length_153_cov_64.289474	lost	False	3	3	0
UC139_V2	NODE_44608_length_350_cov_0.813187	lost	False	3	3	-1
UC139_V2	NODE_50040_length_326_cov_3.566265	lost	False	3	3	-1
UC139_V2	NODE_38582_length_379_cov_1.225166	lost	False	3	3	0
UC139_V2	NODE_53311_length_314_cov_1.658228	lost	False	3	3	-1
UC139_V2	NODE_47247_length_338_cov_1.134100	lost	False	3	3	0
UC139_V2	NODE_11545_length_714_cov_1.045526	lost	False	3	3	0
UC139_V2	NODE_27850_length_453_cov_2.478723	lost	False	3	3	0
UC139_V2	NODE_87873_length_248_cov_0.847953	lost	False	3	3	-1
UC139_V2	NODE_36657_length_391_cov_0.818471	lost	False	3	3	0
UC139_V2	NODE_65196_length_278_cov_1.472637	lost	False	3	3	0
UC139_V2	NODE_86244_length_249_cov_24.244186	lost	False	3	3	0
UC139_V2	NODE_65919_length_276_cov_2.090452	lost	False	3	3	0
UC139_V2	NODE_12458_length_685_cov_1.853618	lost	False	3	3	0
UC139_V2	NODE_33103_length_413_cov_1.351190	lost	False	3	3	0
UC139_V2	NODE_69557_length_268_cov_2.324607	lost	False	3	3	0
UC139_V2	NODE_72676_length_265_cov_0.787234	lost	False	3	3	-1
UC139_V2	NODE_89720_length_245_cov_1.761905	lost	False	3	3	0
UC139_V2	NODE_10173_length_762_cov_1.175182	lost	False	3	3	-1
UC139_V2	NODE_85410_length_250_cov_1.942197	lost	False	3	3	0
UC139_V2	NODE_96335_length_238_cov_0.919255	lost	False	3	3	0
UC139_V2	NODE_36623_length_391_cov_0.942675	lost	False	3	3	0
UC139_V2	NODE_93053_length_242_cov_0.781818	lost	False	3	3	0
UC139_V2	NODE_60812_length_290_cov_0.661972	lost	False	3	3	0
UC139_V2	NODE_51166_length_322_cov_2.416327	lost	False	3	3	0
UC139_V2	NODE_22352_length_509_cov_1.085648	lost	False	3	3	0
UC139_V2	NODE_1356_length_2217_cov_3.280374	lost	False	3	3	0
UC139_V2	NODE_21872_length_515_cov_0.817352	lost	False	3	3	0
UC139_V2	NODE_91541_length_243_cov_1.620482	lost	False	3	3	0
UC139_V2	NODE_51694_length_320_cov_2.131687	lost	False	3	3	0
UC139_V2	NODE_2366_length_1646_cov_2.996813	lost	False	3	3	0
UC139_V2	NODE_56432_length_303_cov_1.637168	lost	False	3	3	-1
UC139_V2	NODE_12826_length_675_cov_2.408027	lost	False	3	3	0
UC139_V2	NODE_34582_length_403_cov_1.815951	lost	False	3	3	-1
UC139_V2	NODE_1531_length_2067_cov_11.328141	lost	False	3	3	0
UC139_V2	NODE_53055_length_315_cov_1.554622	lost	False	3	3	-1
UC139_V2	NODE_103834_length_223_cov_0.828767	lost	False	3	3	0
UC139_V2	NODE_90529_length_244_cov_3.293413	lost	False	3	3	0
UC139_V2	NODE_67040_length_274_cov_0.710660	lost	False	3	3	0
UC139_V2	NODE_5639_length_1024_cov_7.035903	lost	False	3	3	0
UC139_V2	NODE_85777_length_250_cov_0.855491	lost	False	3	3	0
UC139_V2	NODE_103846_length_214_cov_2.700730	lost	False	3	3	0
UC139_V2	NODE_40374_length_369_cov_2.534247	lost	False	3	3	-1
UC139_V2	NODE_53204_length_315_cov_0.932773	lost	False	3	3	-1
UC139_V2	NODE_79043_length_258_cov_0.817680	lost	False	3	3	0
UC139_V2	NODE_104006_length_152_cov_27.746667	lost	False	3	3	0
UC139_V2	NODE_85534_length_250_cov_1.352601	lost	False	3	3	-1
UC139_V2	NODE_9227_length_799_cov_2.451524	lost	False	3	3	0
UC139_V2	NODE_90642_length_244_cov_1.772455	lost	False	3	3	0
UC139_V2	NODE_22931_length_502_cov_1.277647	lost	False	3	3	0
UC139_V2	NODE_42349_length_360_cov_0.872792	lost	False	3	3	0
UC139_V2	NODE_83583_length_252_cov_2.708571	lost	False	3	3	0
UC139_V2	NODE_42807_length_357_cov_2.535714	lost	False	3	3	0
UC139_V2	NODE_77058_length_260_cov_0.808743	lost	False	3	3	-1
UC139_V2	NODE_67651_length_272_cov_1.241026	lost	False	3	3	0
UC139_V2	NODE_23403_length_497_cov_1.230952	lost	False	3	3	0
UC139_V2	NODE_58494_length_296_cov_2.031963	lost	False	3	3	0
UC139_V2	NODE_73120_length_264_cov_3.165775	lost	False	3	3	-1
UC139_V2	NODE_72203_length_266_cov_0.777778	lost	False	3	3	0
UC139_V2	NODE_6081_length_986_cov_4.448845	lost	False	3	3	0
UC139_V2	NODE_9115_length_804_cov_2.156809	lost	False	3	3	0
UC139_V2	NODE_62021_length_286_cov_2.239234	lost	False	3	3	0
UC139_V2	NODE_14261_length_640_cov_1.296625	lost	False	3	3	-1
UC139_V2	NODE_103848_length_214_cov_0.978102	lost	False	3	3	0
UC139_V2	NODE_38327_length_380_cov_1.891089	lost	False	3	3	0
UC139_V2	NODE_80439_length_256_cov_1.005587	lost	False	3	3	0
UC139_V2	NODE_61588_length_288_cov_0.672986	lost	False	3	3	0
UC139_V2	NODE_45476_length_346_cov_0.825279	lost	False	3	3	0
UC139_V2	NODE_8863_length_815_cov_1.895664	lost	False	3	3	-1
UC139_V2	NODE_98078_length_235_cov_2.341772	lost	False	3	3	-1
UC139_V2	NODE_96307_length_238_cov_0.919255	lost	False	3	3	0
UC139_V2	NODE_15433_length_615_cov_0.918216	lost	False	3	3	0
UC139_V2	NODE_10346_length_755_cov_2.820059	lost	False	3	3	0
UC139_V2	NODE_48621_length_332_cov_1.450980	lost	False	3	3	0
UC139_V2	NODE_71436_length_266_cov_1.613757	lost	False	3	3	0
UC139_V2	NODE_85424_length_250_cov_1.710983	lost	False	3	3	-1
UC139_V2	NODE_94996_length_239_cov_1.370370	lost	False	3	3	-1
UC139_V2	NODE_5501_length_1039_cov_1.760915	lost	False	3	3	-1
UC139_V2	NODE_852_length_2968_cov_2.904531	lost	False	2	2	3
UC139_V2	NODE_8026_length_858_cov_2.843790	lost	False	3	3	0
UC139_V2	NODE_30199_length_434_cov_1.450980	lost	False	3	3	0
UC139_V2	NODE_74028_length_263_cov_2.768817	lost	False	3	3	0
UC139_V2	NODE_102852_length_230_cov_0.967320	lost	False	3	3	0
UC139_V2	NODE_918_length_2824_cov_3.443757	lost	False	3	3	0
UC139_V2	NODE_20934_length_526_cov_1.977728	lost	False	3	3	-1
UC139_V2	NODE_54394_length_310_cov_1.587983	lost	False	3	3	0
UC139_V2	NODE_55196_length_308_cov_0.597403	lost	False	3	3	0
UC139_V2	NODE_97249_length_236_cov_2.534591	lost	False	3	3	0
UC139_V2	NODE_62101_length_286_cov_1.665072	lost	False	3	3	-1
UC139_V2	NODE_37911_length_383_cov_0.911765	lost	False	3	3	0
UC139_V2	NODE_1078_length_2547_cov_8.570040	lost	False	3	3	0
UC139_V2	NODE_21308_length_522_cov_1.328090	lost	False	3	3	0
UC139_V2	NODE_16111_length_601_cov_2.477099	lost	False	3	3	0
UC139_V2	NODE_68820_length_269_cov_1.442708	lost	False	3	3	-1
UC139_V2	NODE_410_length_5140_cov_2.913293	lost	False	3	3	0
UC139_V2	NODE_16410_length_595_cov_2.403475	lost	False	3	3	0
UC139_V2	NODE_996_length_2673_cov_8.333590	lost	False	3	3	0
UC139_V2	NODE_51529_length_321_cov_1.225410	lost	False	3	3	0
UC139_V2	NODE_27937_length_452_cov_3.738667	lost	False	3	3	0
UC139_V2	NODE_14436_length_635_cov_33.865591	lost	False	3	3	0
UC139_V2	NODE_59786_length_292_cov_1.720930	lost	False	3	3	0
UC139_V2	NODE_79976_length_257_cov_0.822222	lost	False	3	3	0
UC139_V2	NODE_73477_length_264_cov_1.149733	lost	False	3	3	0
UC139_V2	NODE_21853_length_515_cov_1.013699	lost	False	3	3	0
UC139_V2	NODE_86022_length_250_cov_0.855491	lost	False	3	3	0
UC139_V2	NODE_61791_length_287_cov_1.385714	lost	False	3	3	0
UC139_V2	NODE_35306_length_399_cov_0.931677	lost	False	3	3	0
UC139_V2	NODE_47400_length_337_cov_1.707692	lost	False	3	3	0
UC139_V2	NODE_29498_length_439_cov_7.585635	lost	False	3	3	0
UC139_V2	NODE_2748_length_1508_cov_2.573026	lost	False	3	3	0
UC139_V2	NODE_100704_length_232_cov_1.432258	lost	False	3	3	0
UC139_V2	NODE_88673_length_247_cov_0.864706	lost	False	3	3	0
UC139_V2	NODE_70118_length_268_cov_0.774869	lost	False	3	3	-1
UC139_V2	NODE_43604_length_354_cov_1.436823	lost	False	3	3	0
UC139_V2	NODE_45260_length_347_cov_0.751852	lost	False	3	3	0
UC139_V2	NODE_89954_length_245_cov_1.196429	lost	False	3	3	0
UC139_V2	NODE_75923_length_261_cov_1.581522	lost	False	3	3	0
UC139_V2	NODE_103113_length_229_cov_1.460526	lost	False	3	3	-1
UC139_V2	NODE_22741_length_504_cov_1.599532	lost	False	3	3	0
UC139_V2	NODE_59100_length_294_cov_4.073733	lost	False	3	3	0
UC139_V2	NODE_22799_length_503_cov_2.671362	lost	False	3	3	0
UC139_V2	NODE_88130_length_247_cov_1.305882	lost	False	3	3	0
UC139_V2	NODE_40605_length_368_cov_1.738832	lost	False	3	3	0
UC139_V2	NODE_31448_length_425_cov_1.419540	lost	False	3	3	0
UC139_V2	NODE_28745_length_445_cov_37.793478	lost	False	3	3	0
UC139_V2	NODE_91724_length_243_cov_1.265060	lost	False	3	3	0
UC139_V2	NODE_81782_length_255_cov_0.797753	lost	False	3	3	0
UC139_V2	NODE_27172_length_460_cov_1.114883	lost	False	3	3	0
UC139_V2	NODE_70770_length_267_cov_1.084211	lost	False	3	3	0
UC139_V2	NODE_13655_length_654_cov_1.958406	lost	False	3	3	0
UC139_V2	NODE_3821_length_1264_cov_2.566976	lost	False	3	3	0
UC139_V2	NODE_54522_length_310_cov_0.952790	lost	False	3	3	0
UC139_V2	NODE_19550_length_545_cov_0.938034	lost	False	3	3	-1
UC139_V2	NODE_23815_length_492_cov_2.226506	lost	False	3	3	0
UC139_V2	NODE_70533_length_267_cov_1.557895	lost	False	3	3	0
UC139_V2	NODE_29195_length_442_cov_1.284932	lost	False	3	3	0
UC139_V2	NODE_21133_length_524_cov_1.438479	lost	False	3	3	0
UC139_V2	NODE_13165_length_666_cov_3.578947	lost	False	3	3	0
UC139_V2	NODE_103018_length_229_cov_1.947368	lost	False	3	3	-1
UC139_V2	NODE_23647_length_494_cov_1.774580	lost	False	3	3	0
UC139_V2	NODE_19015_length_552_cov_2.648421	lost	False	3	3	0
UC139_V2	NODE_80198_length_256_cov_1.653631	lost	False	3	3	0
UC139_V2	NODE_67450_length_272_cov_2.774359	lost	False	3	3	0
UC139_V2	NODE_30352_length_433_cov_1.292135	lost	False	3	3	0
UC139_V2	NODE_97373_length_236_cov_1.679245	lost	False	3	3	0
UC139_V2	NODE_54508_length_310_cov_0.952790	lost	False	3	3	0
UC139_V2	NODE_74760_length_263_cov_0.795699	lost	False	3	3	-1
UC139_V2	NODE_78701_length_258_cov_0.955801	lost	False	3	3	0
UC139_V2	NODE_18453_length_561_cov_1.853306	lost	False	3	3	0
UC139_V2	NODE_30423_length_432_cov_2.084507	lost	False	3	3	0
UC139_V2	NODE_86645_length_249_cov_0.860465	lost	False	3	3	-1
UC139_V2	NODE_71672_length_266_cov_1.174603	lost	False	3	3	0
UC139_V2	NODE_16844_length_588_cov_1.405088	lost	False	3	3	0
UC139_V2	NODE_91549_length_243_cov_1.536145	lost	False	3	3	0
UC139_V2	NODE_20212_length_536_cov_1.612200	lost	False	3	3	-1
UC139_V2	NODE_13291_length_663_cov_2.443686	lost	False	3	3	0
UC139_V2	NODE_73383_length_264_cov_1.187166	lost	False	3	3	-1
UC139_V2	NODE_73224_length_264_cov_1.582888	lost	False	3	3	0
UC139_V2	NODE_62470_length_285_cov_1.423077	lost	False	3	3	0
UC139_V2	NODE_26613_length_465_cov_1.314433	lost	False	3	3	-1
UC139_V2	NODE_48605_length_332_cov_1.741176	lost	False	3	3	0
UC139_V2	NODE_80076_length_257_cov_0.661111	lost	False	3	3	0
UC139_V2	NODE_48037_length_335_cov_0.771318	lost	False	3	3	0
UC139_V2	NODE_62461_length_285_cov_1.576923	lost	False	3	3	0
UC139_V2	NODE_19490_length_545_cov_2.410256	lost	False	3	3	0
UC139_V2	NODE_27744_length_454_cov_2.750663	lost	False	3	3	0
UC139_V2	NODE_59528_length_293_cov_1.370370	lost	False	3	3	0
UC139_V2	NODE_36281_length_393_cov_0.857595	lost	False	3	3	0
UC139_V2	NODE_104014_length_151_cov_26.067568	lost	False	3	3	0
UC139_V2	NODE_23831_length_492_cov_1.783133	lost	False	3	3	0
UC139_V2	NODE_1425_length_2150_cov_2.610709	lost	False	3	3	0
UC139_V2	NODE_4203_length_1201_cov_16.125445	lost	False	3	3	0
UC139_V2	NODE_74006_length_264_cov_0.695187	lost	False	3	3	0
UC139_V2	NODE_41818_length_362_cov_1.557895	lost	False	3	3	0
UC139_V2	NODE_32105_length_420_cov_1.510204	lost	False	3	3	0
UC139_V2	NODE_50224_length_326_cov_0.955823	lost	False	3	3	0
UC139_V2	NODE_469_length_4554_cov_4.100290	lost	False	3	3	0
UC139_V2	NODE_103887_length_195_cov_33.686441	lost	False	3	3	0
UC139_V2	NODE_40091_length_371_cov_1.017007	lost	False	3	3	-1
UC139_V2	NODE_91372_length_244_cov_0.443114	lost	False	3	3	-1
UC139_V2	NODE_80340_length_256_cov_1.240223	lost	False	3	3	-1
UC139_V2	NODE_79999_length_257_cov_0.822222	lost	False	3	3	-1
UC139_V2	NODE_48201_length_334_cov_1.077821	lost	False	3	3	0
UC139_V2	NODE_56522_length_303_cov_1.287611	lost	False	3	3	0
UC139_V2	NODE_91320_length_244_cov_0.808383	lost	False	3	3	0
UC139_V2	NODE_9538_length_786_cov_3.448519	lost	False	3	3	0
UC139_V2	NODE_51370_length_322_cov_0.906122	lost	False	3	3	0
UC139_V2	NODE_68289_length_270_cov_1.637306	lost	False	3	3	0
UC139_V2	NODE_24216_length_488_cov_1.620438	lost	False	3	3	0
UC139_V2	NODE_43142_length_356_cov_1.326165	lost	False	3	3	0
UC139_V2	NODE_34584_length_403_cov_1.800613	lost	False	3	3	0
UC139_V2	NODE_103789_length_229_cov_0.717105	lost	False	3	3	0
UC139_V2	NODE_25135_length_479_cov_0.920398	lost	False	3	3	0
UC139_V2	NODE_79433_length_257_cov_1.233333	lost	False	3	3	0
UC139_V2	NODE_22169_length_511_cov_1.205069	lost	False	3	3	0
UC139_V2	NODE_51496_length_321_cov_1.516393	lost	False	3	3	0
UC139_V2	NODE_52598_length_317_cov_1.000000	lost	False	3	3	-1
UC139_V2	NODE_75463_length_262_cov_0.800000	lost	False	3	3	0
UC139_V2	NODE_18134_length_566_cov_1.349693	lost	False	3	3	0
UC139_V2	NODE_37251_length_387_cov_1.141935	lost	False	3	3	0
UC139_V2	NODE_92305_length_242_cov_1.793939	lost	False	3	3	-1
UC139_V2	NODE_55110_length_308_cov_0.961039	lost	False	3	3	0
UC139_V2	NODE_68229_length_270_cov_2.300518	lost	False	3	3	-1
UC139_V2	NODE_30932_length_429_cov_0.994318	lost	False	3	3	0
UC139_V2	NODE_49375_length_329_cov_1.468254	lost	False	3	3	0
UC139_V2	NODE_90200_length_245_cov_0.880952	lost	False	3	3	0
UC139_V2	NODE_98146_length_235_cov_1.873418	lost	False	3	3	-1
UC139_V2	NODE_86748_length_249_cov_0.860465	lost	False	3	3	0
UC139_V2	NODE_6447_length_958_cov_17.893303	lost	False	3	3	0
UC139_V2	NODE_17017_length_585_cov_1.395669	lost	False	3	3	0
UC139_V2	NODE_26266_length_468_cov_1.797954	lost	False	3	3	-1
UC139_V2	NODE_78337_length_258_cov_2.176796	lost	False	3	3	0
UC139_V2	NODE_68978_length_269_cov_1.151042	lost	False	3	3	0
UC139_V2	NODE_25227_length_478_cov_1.107232	lost	False	3	3	0
UC139_V2	NODE_103943_length_172_cov_26.452632	lost	False	3	3	0
UC139_V2	NODE_475_length_4522_cov_4.683690	lost	False	3	3	0
UC139_V2	NODE_3552_length_1310_cov_11.284672	lost	False	3	3	0
UC139_V2	NODE_29177_length_442_cov_1.419178	lost	False	3	3	0
UC139_V2	NODE_88901_length_246_cov_1.721893	lost	False	3	3	-1
UC139_V2	NODE_41424_length_364_cov_1.547038	lost	False	3	3	0
UC139_V2	NODE_67061_length_273_cov_2.265306	lost	False	3	3	-1
UC139_V2	NODE_37504_length_385_cov_1.441558	lost	False	3	3	0
UC139_V2	NODE_67010_length_274_cov_0.939086	lost	False	3	3	0
UC139_V2	NODE_30744_length_430_cov_1.280453	lost	False	3	3	0
UC139_V2	NODE_96504_length_237_cov_1.850000	lost	False	3	3	0
UC139_V2	NODE_101532_length_231_cov_1.441558	lost	False	3	3	0
UC139_V2	NODE_37779_length_383_cov_2.183007	lost	False	3	3	0
UC139_V2	NODE_104023_length_149_cov_33.652778	lost	False	3	3	0
UC139_V2	NODE_9733_length_778_cov_1.800285	lost	False	3	3	0
UC139_V2	NODE_33260_length_412_cov_1.304478	lost	False	3	3	-1
UC139_V2	NODE_77091_length_260_cov_0.808743	lost	False	3	3	0
UC139_V2	NODE_61601_length_287_cov_2.852381	lost	False	3	3	0
UC139_V2	NODE_5610_length_1026_cov_3.032666	lost	False	3	3	0
UC139_V2	NODE_59424_length_293_cov_2.212963	lost	False	3	3	0
UC139_V2	NODE_104020_length_150_cov_2.808219	lost	False	3	3	0
UC139_V2	NODE_70591_length_267_cov_1.447368	lost	False	3	3	0
UC139_V2	NODE_79796_length_257_cov_0.822222	lost	False	3	3	-1
UC139_V2	NODE_103952_length_169_cov_3.130435	lost	False	3	3	-1
UC139_V2	NODE_6614_length_945_cov_3.305300	lost	False	3	3	0
UC139_V2	NODE_22587_length_506_cov_1.207459	lost	False	3	3	0
UC139_V2	NODE_76621_length_260_cov_2.016393	lost	False	3	3	0
UC139_V2	NODE_65288_length_278_cov_1.288557	lost	False	3	3	0
UC139_V2	NODE_9613_length_783_cov_27.868272	lost	False	3	3	0
UC139_V2	NODE_54455_length_310_cov_1.270386	lost	False	3	3	-1
UC139_V2	NODE_25331_length_477_cov_1.110000	lost	False	3	3	-1
UC139_V2	NODE_66949_length_274_cov_1.126904	lost	False	3	3	0
UC139_V2	NODE_13833_length_650_cov_1.715532	lost	False	3	3	0
UC139_V2	NODE_7267_length_902_cov_1.883636	lost	False	3	3	0
UC139_V2	NODE_95568_length_239_cov_0.753086	lost	False	3	3	-1
UC139_V2	NODE_78940_length_258_cov_0.817680	lost	False	3	3	-1
UC139_V2	NODE_99858_length_233_cov_1.653846	lost	False	3	3	-1
UC139_V2	NODE_27187_length_460_cov_0.916449	lost	False	3	3	0
UC139_V2	NODE_13213_length_665_cov_1.765306	lost	False	3	3	0
UC139_V2	NODE_57230_length_301_cov_0.991071	lost	False	3	3	-1
UC139_V2	NODE_53770_length_313_cov_0.868644	lost	False	3	3	0
UC139_V2	NODE_37851_length_383_cov_1.290850	lost	False	3	3	0
UC139_V2	NODE_71698_length_266_cov_1.026455	lost	False	3	3	0
UC139_V2	NODE_7358_length_896_cov_1.621490	lost	False	3	3	0
UC139_V2	NODE_41567_length_363_cov_34.209790	lost	False	3	3	0
UC139_V2	NODE_34556_length_403_cov_64.110429	lost	False	3	3	0
UC139_V2	NODE_101261_length_232_cov_0.929032	lost	False	3	3	0
UC139_V2	NODE_88794_length_246_cov_2.189349	lost	False	3	3	-1
UC139_V2	NODE_89063_length_246_cov_1.284024	lost	False	3	3	0
UC139_V2	NODE_2229_length_1696_cov_2.187770	lost	False	3	3	-1
UC139_V2	NODE_54559_length_310_cov_0.922747	lost	False	3	3	0
UC139_V2	NODE_63238_length_283_cov_1.689320	lost	False	3	3	0
UC139_V2	NODE_89668_length_245_cov_2.184524	lost	False	3	3	0
UC139_V2	NODE_33219_length_412_cov_1.767164	lost	False	3	3	0
UC139_V2	NODE_15352_length_616_cov_1.933210	lost	False	3	3	0
UC139_V2	NODE_90600_length_244_cov_1.796407	lost	False	3	3	0
UC139_V2	NODE_28324_length_449_cov_1.416667	lost	False	3	3	0
UC139_V2	NODE_102883_length_230_cov_0.869281	lost	False	3	3	-1
UC139_V2	NODE_39961_length_372_cov_0.728814	lost	False	3	3	0
UC139_V2	NODE_44661_length_349_cov_1.904412	lost	False	3	3	0
UC139_V2	NODE_25910_length_471_cov_23.951777	lost	False	3	3	0
UC139_V2	NODE_93259_length_241_cov_1.615854	lost	False	3	3	0
UC139_V2	NODE_95901_length_238_cov_1.198758	lost	False	3	3	0
UC139_V2	NODE_88071_length_247_cov_1.629412	lost	False	3	3	0
UC139_V2	NODE_48863_length_331_cov_1.527559	lost	False	3	3	0
UC139_V2	NODE_52343_length_318_cov_0.987552	lost	False	2	2	3
UC139_V2	NODE_46843_length_339_cov_3.015267	lost	False	3	3	0
UC139_V2	NODE_21030_length_525_cov_1.524554	lost	False	3	3	0
UC139_V2	NODE_43831_length_353_cov_1.561594	lost	False	3	3	0
UC139_V2	NODE_7057_length_916_cov_1.539928	lost	False	3	3	0
UC139_V2	NODE_103920_length_184_cov_31.785047	lost	False	3	3	0
UC139_V2	NODE_26619_length_465_cov_1.216495	lost	False	3	3	0
UC139_V2	NODE_53259_length_314_cov_2.687764	lost	False	3	3	0
UC139_V2	NODE_53791_length_313_cov_0.661017	lost	False	3	3	0
UC139_V2	NODE_41484_length_364_cov_1.195122	lost	False	3	3	0
UC139_V2	NODE_96731_length_237_cov_1.193750	lost	False	3	3	0
UC139_V2	NODE_58344_length_297_cov_1.245455	lost	False	3	3	0
UC139_V2	NODE_1008_length_2655_cov_2.923196	lost	False	3	3	0
UC139_V2	NODE_93576_length_241_cov_0.902439	lost	False	3	3	0
UC139_V2	NODE_98019_length_236_cov_0.748428	lost	False	3	3	0
UC139_V2	NODE_4382_length_1175_cov_2.244080	lost	False	3	3	0
UC139_V2	NODE_36797_length_390_cov_0.945687	lost	False	3	3	0
UC139_V2	NODE_104111_length_132_cov_269.327273	lost	False	3	3	0
UC139_V2	NODE_103873_length_202_cov_37.528000	lost	False	3	3	0
UC139_V2	NODE_34785_length_402_cov_1.301538	lost	False	3	3	0
UC139_V2	NODE_38315_length_380_cov_2.198020	lost	False	3	3	0
UC139_V2	NODE_66583_length_275_cov_1.121212	lost	False	3	3	0
UC139_V2	NODE_33530_length_410_cov_1.555556	lost	False	3	3	0
UC139_V2	NODE_94999_length_239_cov_1.370370	lost	False	3	3	0
UC139_V2	NODE_50564_length_324_cov_3.526316	lost	False	3	3	0
UC139_V2	NODE_104033_length_148_cov_4.408451	lost	False	3	3	0
UC139_V2	NODE_41253_length_365_cov_1.284722	lost	False	3	3	0
UC139_V2	NODE_66837_length_274_cov_1.502538	lost	False	3	3	0
UC139_V2	NODE_31081_length_428_cov_0.977208	lost	False	3	3	0
UC139_V2	NODE_43406_length_355_cov_1.276978	lost	False	3	3	0
UC139_V2	NODE_53670_length_313_cov_1.250000	lost	False	3	3	0
UC139_V2	NODE_48440_length_333_cov_1.156250	lost	False	3	3	-1
UC139_V2	NODE_10049_length_766_cov_1.870827	lost	False	3	3	0
UC139_V2	NODE_21906_length_514_cov_1.569794	lost	False	3	3	-1
UC139_V2	NODE_50223_length_326_cov_0.963855	lost	False	3	3	0
UC139_V2	NODE_104101_length_135_cov_1.844828	lost	False	3	3	0
UC139_V2	NODE_1071_length_2557_cov_8.793952	lost	False	3	3	0
UC139_V2	NODE_50528_length_325_cov_0.895161	lost	False	3	3	0
UC139_V2	NODE_43557_length_354_cov_1.870036	lost	False	3	3	0
UC139_V2	NODE_5115_length_1083_cov_2.044732	lost	False	3	3	-1
UC139_V2	NODE_5804_length_1011_cov_1.917559	lost	False	3	3	0
UC139_V2	NODE_29762_length_437_cov_1.819444	lost	False	3	3	0
UC139_V2	NODE_38915_length_377_cov_1.463333	lost	False	3	3	-1
UC139_V2	NODE_74131_length_263_cov_1.591398	lost	False	3	3	0
UC139_V2	NODE_103880_length_199_cov_2.655738	lost	False	3	3	0
UC139_V2	NODE_9134_length_803_cov_2.221763	lost	False	3	3	0
UC139_V2	NODE_71695_length_266_cov_1.031746	lost	False	3	3	0
UC139_V2	NODE_74106_length_263_cov_1.591398	lost	False	3	3	0
UC139_V2	NODE_5864_length_1005_cov_2.878233	lost	False	3	3	0
UC139_V2	NODE_10686_length_743_cov_1.555556	lost	False	3	3	-1
UC139_V2	NODE_27663_length_455_cov_1.560847	lost	False	3	3	0
UC139_V2	NODE_5143_length_1079_cov_9.926148	lost	False	3	3	0
UC139_V2	NODE_22509_length_507_cov_1.204651	lost	False	3	3	-1
UC139_V2	NODE_47418_length_337_cov_1.676923	lost	False	3	3	0
UC139_V2	NODE_86567_length_249_cov_1.017442	lost	False	3	3	-1
UC139_V2	NODE_38897_length_377_cov_1.530000	lost	False	3	3	0
UC139_V2	NODE_77466_length_259_cov_2.032967	lost	False	3	3	0
UC139_V2	NODE_62209_length_286_cov_1.416268	lost	False	3	3	0
UC139_V2	NODE_11776_length_706_cov_3.082671	lost	False	3	3	0
UC139_V2	NODE_37902_length_383_cov_0.967320	lost	False	3	3	0
UC139_V2	NODE_39029_length_376_cov_3.408027	lost	False	3	3	0
UC139_V2	NODE_67133_length_273_cov_1.510204	lost	False	3	3	0
UC139_V2	NODE_103959_length_164_cov_4.356322	lost	False	3	3	0
UC139_V2	NODE_58607_length_296_cov_1.347032	lost	False	3	3	0
UC139_V2	NODE_64485_length_280_cov_1.458128	lost	False	3	3	0
UC139_V2	NODE_54452_length_310_cov_1.270386	lost	False	3	3	-1
UC139_V2	NODE_71548_length_266_cov_1.312169	lost	False	3	3	0
UC139_V2	NODE_18549_length_560_cov_1.175983	lost	False	3	3	0
UC139_V2	NODE_35229_length_399_cov_1.459627	lost	False	2	2	3
UC139_V2	NODE_20789_length_528_cov_1.740576	lost	False	3	3	0
UC139_V2	NODE_92918_length_242_cov_0.896970	lost	False	3	3	0
UC139_V2	NODE_98197_length_235_cov_1.493671	lost	False	3	3	0
UC139_V2	NODE_31409_length_425_cov_1.821839	lost	False	3	3	0
UC139_V2	NODE_55813_length_305_cov_2.013158	lost	False	3	3	0
UC139_V2	NODE_1589_length_2033_cov_3.598671	lost	False	3	3	0
UC139_V2	NODE_2806_length_1491_cov_2.878359	lost	False	3	3	0
UC139_V2	NODE_80542_length_256_cov_0.826816	lost	False	3	3	0
UC139_V2	NODE_103694_length_229_cov_0.940789	lost	False	3	3	-1
UC164_V2	NODE_2899_length_913_cov_1.525120	lost	False	3	3	0
UC164_V2	NODE_20919_length_272_cov_1.517949	lost	False	3	3	0
UC164_V2	NODE_11534_length_399_cov_1.838509	lost	False	3	3	0
UC164_V2	NODE_8835_length_474_cov_0.881612	lost	False	3	3	0
UC164_V2	NODE_19331_length_285_cov_1.423077	lost	False	3	3	-1
UC164_V2	NODE_2933_length_906_cov_2.077201	lost	False	3	3	0
UC164_V2	NODE_19024_length_288_cov_0.919431	lost	False	3	3	0
UC164_V2	NODE_25538_length_256_cov_1.653631	lost	False	3	3	0
UC164_V2	NODE_16691_length_314_cov_1.873418	lost	False	3	3	0
UC164_V2	NODE_2386_length_1016_cov_2.351438	lost	False	3	3	0
UC164_V2	NODE_7958_length_506_cov_1.230769	lost	False	3	3	0
UC164_V2	NODE_21795_length_268_cov_0.774869	lost	False	3	3	0
UC164_V2	NODE_27727_length_249_cov_1.290698	lost	False	3	3	-1
UC164_V2	NODE_28509_length_247_cov_0.870588	lost	False	3	3	0
UC164_V2	NODE_12442_length_380_cov_1.056106	lost	False	3	3	0
UC164_V2	NODE_11834_length_392_cov_35.514286	lost	False	3	3	0
UC164_V2	NODE_13483_length_361_cov_1.042254	lost	False	3	3	0
UC164_V2	NODE_18869_length_289_cov_1.344340	lost	False	3	3	0
UC164_V2	NODE_7988_length_504_cov_15.927400	lost	False	3	3	0
UC164_V2	NODE_13328_length_364_cov_0.874564	lost	False	3	3	-1
UC164_V2	NODE_8755_length_476_cov_1.100251	lost	False	3	3	-1
UC164_V2	NODE_33734_length_149_cov_52.472222	lost	False	3	3	0
UC164_V2	NODE_17560_length_303_cov_1.309735	lost	False	3	3	0
UC164_V2	NODE_10780_length_417_cov_1.523529	lost	False	3	3	0
UC164_V2	NODE_8977_length_469_cov_0.943878	lost	False	3	3	0
UC164_V2	NODE_33654_length_186_cov_48.256881	lost	False	3	3	0
UC164_V2	NODE_12425_length_380_cov_1.709571	lost	False	3	3	0
UC164_V2	NODE_16828_length_313_cov_0.741525	lost	False	3	3	0
UC164_V2	NODE_24296_length_260_cov_1.617486	lost	False	3	3	0
UC164_V2	NODE_28064_length_248_cov_1.187135	lost	False	3	3	0
UC164_V2	NODE_33722_length_151_cov_64.540541	lost	False	3	3	0
UC164_V2	NODE_32283_length_233_cov_1.897436	lost	False	3	3	-1
UC164_V2	NODE_10610_length_421_cov_1.720930	lost	False	3	3	-1
UC164_V2	NODE_820_length_1801_cov_2.295244	lost	False	3	3	0
UC164_V2	NODE_17320_length_306_cov_0.969432	lost	False	3	3	-1
UC164_V2	NODE_1874_length_1170_cov_1.691674	lost	False	3	3	0
UC164_V2	NODE_18759_length_290_cov_1.342723	lost	False	3	3	0
UC164_V2	NODE_6528_length_569_cov_75.851626	lost	False	3	3	0
UC164_V2	NODE_11765_length_394_cov_2.037855	lost	False	3	3	0
UC164_V2	NODE_27001_length_252_cov_0.845714	lost	False	3	3	-1
UC164_V2	NODE_9249_length_459_cov_1.937173	lost	False	3	3	0
UC164_V2	NODE_548_length_2173_cov_3.850668	lost	False	3	3	0
UC164_V2	NODE_13778_length_356_cov_1.964158	lost	False	3	3	0
UC164_V2	NODE_335_length_2943_cov_5.852059	lost	False	3	3	0
UC164_V2	NODE_33684_length_165_cov_48.647727	lost	False	3	3	0
UC164_V2	NODE_52_length_20561_cov_3.540568	lost	False	3	3	0
UC164_V2	NODE_2889_length_915_cov_1.559666	lost	False	3	3	-1
UC164_V2	NODE_23427_length_263_cov_0.795699	lost	False	3	3	0
UC164_V2	NODE_30256_length_241_cov_0.902439	lost	False	3	3	0
UC164_V2	NODE_22618_length_265_cov_1.180851	lost	False	3	3	-1
UC164_V2	NODE_3746_length_790_cov_8.328191	lost	False	3	3	0
UC164_V2	NODE_11712_length_396_cov_0.836991	lost	False	3	3	0
UC164_V2	NODE_3659_length_800_cov_2.863071	lost	False	3	3	0
UC164_V2	NODE_16513_length_317_cov_0.762500	lost	False	3	3	-1
UC164_V2	NODE_29282_length_244_cov_1.173653	lost	False	3	3	0
UC164_V2	NODE_8209_length_496_cov_1.589499	lost	False	3	3	0
UC164_V2	NODE_26590_length_253_cov_0.840909	lost	False	3	3	-1
UC164_V2	NODE_3316_length_849_cov_1.341969	lost	False	3	3	0
UC164_V2	NODE_14869_length_339_cov_78.038168	lost	False	3	3	0
UC164_V2	NODE_21893_length_267_cov_2.784211	lost	False	3	3	0
UC164_V2	NODE_23654_length_262_cov_1.600000	lost	False	3	3	0
UC164_V2	NODE_27113_length_251_cov_1.568966	lost	False	3	3	0
UC164_V2	NODE_4610_length_699_cov_45.792605	lost	False	3	3	0
UC164_V2	NODE_33759_length_143_cov_3.500000	lost	False	3	3	0
UC164_V2	NODE_26493_length_253_cov_1.681818	lost	False	3	3	-1
UC164_V2	NODE_10316_length_428_cov_2.102564	lost	False	3	3	0
UC164_V2	NODE_27274_length_251_cov_0.850575	lost	False	3	3	0
UC164_V2	NODE_28749_length_246_cov_0.875740	lost	False	3	3	0
UC164_V2	NODE_6449_length_573_cov_1.046371	lost	False	3	3	0
UC164_V2	NODE_869_length_1741_cov_7.333534	lost	False	3	3	0
UC164_V2	NODE_12251_length_384_cov_0.957655	lost	False	3	3	0
UC164_V2	NODE_19057_length_287_cov_1.880952	lost	False	3	3	0
UC164_V2	NODE_6099_length_592_cov_1.860194	lost	False	3	3	0
UC164_V2	NODE_33728_length_150_cov_34.890411	lost	False	3	3	0
UC164_V2	NODE_25605_length_256_cov_1.229050	lost	False	3	3	-1
UC164_V2	NODE_33648_length_195_cov_38.932203	lost	False	3	3	0
UC164_V2	NODE_14338_length_347_cov_72.592593	lost	False	3	3	0
UC164_V2	NODE_7884_length_509_cov_1.196759	lost	False	3	3	0
UC164_V2	NODE_33787_length_132_cov_3.472727	lost	False	3	3	0
UC164_V2	NODE_12538_length_378_cov_1.475083	lost	False	3	3	0
UC164_V2	NODE_30823_length_239_cov_0.913580	lost	False	3	3	0
UC164_V2	NODE_21386_length_269_cov_0.770833	lost	False	3	3	0
UC164_V2	NODE_32273_length_233_cov_3.205128	lost	False	3	3	0
UC164_V2	NODE_3651_length_801_cov_2.041436	lost	False	3	3	0
UC164_V2	NODE_33723_length_151_cov_62.972973	lost	False	3	3	0
UC164_V2	NODE_15150_length_335_cov_1.360465	lost	False	3	3	0
UC164_V2	NODE_750_length_1882_cov_1.976177	lost	False	3	3	0
UC164_V2	NODE_33769_length_140_cov_3.111111	lost	False	3	3	0
UC164_V2	NODE_23940_length_261_cov_2.815217	lost	False	3	3	0
UC164_V2	NODE_33709_length_153_cov_68.000000	lost	False	3	3	0
UC164_V2	NODE_2019_length_1116_cov_46.231954	lost	False	3	3	0
UC164_V2	NODE_33725_length_151_cov_2.864865	lost	False	3	3	0
UC164_V2	NODE_30708_length_239_cov_1.092593	lost	False	3	3	0
UC164_V2	NODE_4290_length_730_cov_1.494640	lost	False	3	3	0
UC164_V2	NODE_229_length_4051_cov_4.658782	lost	False	3	3	0
UC164_V2	NODE_12013_length_388_cov_12.180064	lost	False	3	3	0
UC164_V2	NODE_18037_length_297_cov_1.663636	lost	False	3	3	0
UC164_V2	NODE_20788_length_273_cov_1.510204	lost	False	3	3	0
UC164_V2	NODE_5059_length_662_cov_1.897436	lost	False	3	3	0
UC164_V2	NODE_22278_length_266_cov_1.174603	lost	False	3	3	0
UC164_V2	NODE_1558_length_1287_cov_2.786777	lost	False	3	3	0
UC164_V2	NODE_10115_length_433_cov_1.528090	lost	False	3	3	0
UC164_V2	NODE_22993_length_264_cov_1.187166	lost	False	3	3	0
UC164_V2	NODE_33711_length_153_cov_54.934211	lost	False	3	3	0
UC164_V2	NODE_13965_length_353_cov_1.608696	lost	False	3	3	0
UC164_V2	NODE_3257_length_857_cov_4.644872	lost	False	3	3	0
UC164_V2	NODE_23975_length_261_cov_1.608696	lost	False	3	3	0
UC164_V2	NODE_17105_length_309_cov_0.823276	lost	False	3	3	0
UC164_V2	NODE_31458_length_236_cov_1.861635	lost	False	3	3	0
UC164_V2	NODE_30101_length_241_cov_1.500000	lost	False	3	3	0
UC164_V2	NODE_22908_length_264_cov_1.941176	lost	False	3	3	0
UC164_V2	NODE_628_length_2052_cov_3.030380	lost	False	3	3	0
UC164_V2	NODE_27761_length_249_cov_0.860465	lost	False	3	3	0
UC164_V2	NODE_5822_length_608_cov_1.672316	lost	False	3	3	0
UC164_V2	NODE_18407_length_293_cov_1.199074	lost	False	3	3	0
UC164_V2	NODE_27378_length_251_cov_0.747126	lost	False	3	3	0
UC164_V2	NODE_7223_length_537_cov_0.793478	lost	False	3	3	0
UC164_V2	NODE_9201_length_461_cov_1.726562	lost	False	3	3	0
UC164_V2	NODE_20642_length_274_cov_1.517766	lost	False	3	3	0
UC164_V2	NODE_19778_length_281_cov_1.691176	lost	False	3	3	-1
UC164_V2	NODE_4621_length_699_cov_1.245981	lost	False	3	3	0
UC164_V2	NODE_7184_length_538_cov_1.611714	lost	False	3	3	0
UC164_V2	NODE_9818_length_442_cov_1.216438	lost	False	3	3	0
UC164_V2	NODE_12832_length_372_cov_1.755932	lost	False	3	3	-1
UC164_V2	NODE_26568_length_253_cov_0.960227	lost	False	3	3	0
UC164_V2	NODE_15272_length_333_cov_68.601562	lost	False	3	3	0
UC164_V2	NODE_7109_length_541_cov_2.191810	lost	False	3	3	0
UC164_V2	NODE_19493_length_284_cov_1.072464	lost	False	3	3	0
UC164_V2	NODE_19961_length_280_cov_1.270936	lost	False	3	3	0
UC164_V2	NODE_8505_length_484_cov_2.000000	lost	False	3	3	0
UC164_V2	NODE_6971_length_547_cov_2.046809	lost	False	3	3	-1
UC164_V2	NODE_3335_length_845_cov_1.881510	lost	False	3	3	0
UC164_V2	NODE_19279_length_285_cov_2.235577	lost	False	3	3	0
UC164_V2	NODE_15830_length_325_cov_2.387097	lost	False	3	3	0
UC164_V2	NODE_17914_length_299_cov_0.662162	lost	False	3	3	-1
UC164_V2	NODE_8701_length_478_cov_1.087282	lost	False	3	3	0
UC164_V2	NODE_12625_length_376_cov_2.939799	lost	False	3	3	0
UC164_V2	NODE_14976_length_338_cov_0.938697	lost	False	3	3	0
UC164_V2	NODE_16623_length_315_cov_1.571429	lost	False	3	3	0
UC164_V2	NODE_24000_length_261_cov_1.608696	lost	False	3	3	0
UC164_V2	NODE_9230_length_460_cov_1.404700	lost	False	3	3	0
UC164_V2	NODE_15538_length_330_cov_1.158103	lost	False	3	3	-1
UC164_V2	NODE_2745_length_941_cov_3.193287	lost	False	3	3	0
UC164_V2	NODE_2123_length_1086_cov_2.201189	lost	False	3	3	0
UC164_V2	NODE_1242_length_1444_cov_1.654718	lost	False	3	3	0
UC164_V2	NODE_1483_length_1316_cov_1.878935	lost	False	3	3	0
UC164_V2	NODE_8238_length_495_cov_1.332536	lost	False	3	3	0
UC164_V2	NODE_7887_length_509_cov_1.041667	lost	False	3	3	0
UC164_V2	NODE_28087_length_248_cov_0.865497	lost	False	3	3	0
UC164_V2	NODE_2243_length_1049_cov_7.632716	lost	False	3	3	0
UC164_V2	NODE_11347_length_403_cov_143.831288	lost	False	3	3	0
UC164_V2	NODE_16249_length_320_cov_1.218107	lost	False	3	3	0
UC164_V2	NODE_28470_length_247_cov_0.870588	lost	False	3	3	0
UC164_V2	NODE_13511_length_360_cov_1.452297	lost	False	3	3	0
UC164_V2	NODE_2527_length_990_cov_1.864184	lost	False	3	3	0
UC164_V2	NODE_33726_length_150_cov_57.506849	lost	False	3	3	0
UC164_V2	NODE_2518_length_992_cov_1.536612	lost	False	3	3	0
UC164_V2	NODE_14995_length_337_cov_2.561538	lost	False	3	3	0
UC164_V2	NODE_17374_length_305_cov_1.622807	lost	False	3	3	-1
UC164_V2	NODE_9114_length_464_cov_1.586563	lost	False	3	3	0
UC164_V2	NODE_10287_length_429_cov_1.295455	lost	False	3	3	0
UC164_V2	NODE_16457_length_317_cov_1.541667	lost	False	3	3	-1
UC164_V2	NODE_784_length_1854_cov_2.230163	lost	False	3	3	0
UC164_V2	NODE_4616_length_699_cov_1.540193	lost	False	3	3	0
UC164_V2	NODE_5665_length_617_cov_1.620370	lost	False	3	3	0
UC164_V2	NODE_20808_length_273_cov_1.510204	lost	False	3	3	0
UC164_V2	NODE_12050_length_388_cov_1.189711	lost	False	3	3	0
UC164_V2	NODE_18862_length_289_cov_1.396226	lost	False	3	3	0
UC164_V2	NODE_11358_length_403_cov_1.610429	lost	False	3	3	-1
UC164_V2	NODE_758_length_1877_cov_2.106667	lost	False	3	3	0
UC164_V2	NODE_32039_length_234_cov_1.598726	lost	False	3	3	0
UC164_V2	NODE_648_length_2032_cov_2.633760	lost	False	3	3	0
UC164_V2	NODE_29083_length_245_cov_0.880952	lost	False	3	3	0
UC164_V2	NODE_1826_length_1185_cov_1.736462	lost	False	3	3	0
UC164_V2	NODE_1352_length_1378_cov_1.963874	lost	False	3	3	0
UC164_V2	NODE_5989_length_597_cov_2.703846	lost	False	3	3	0
UC164_V2	NODE_9167_length_463_cov_0.834197	lost	False	2	2	3
UC164_V2	NODE_27424_length_250_cov_1.699422	lost	False	3	3	-1
UC164_V2	NODE_9380_length_455_cov_1.283069	lost	False	3	3	0
UC164_V2	NODE_28963_length_245_cov_1.321429	lost	False	3	3	0
UC164_V2	NODE_11936_length_390_cov_1.437700	lost	False	3	3	0
UC164_V2	NODE_21946_length_267_cov_1.221053	lost	False	3	3	0
UC164_V2	NODE_33900_length_107_cov_16.000000	lost	False	3	3	0
UC164_V2	NODE_15603_length_329_cov_1.238095	lost	False	3	3	0
UC164_V2	NODE_9581_length_449_cov_0.900538	lost	False	3	3	0
UC164_V2	NODE_10475_length_424_cov_1.919308	lost	False	3	3	0
UC164_V2	NODE_2640_length_964_cov_18.509583	lost	False	3	3	0
UC164_V2	NODE_14960_length_338_cov_1.337165	lost	False	3	3	0
UC164_V2	NODE_8962_length_469_cov_1.923469	lost	False	3	3	0
UC164_V2	NODE_17457_length_304_cov_1.885463	lost	False	3	3	0
UC164_V2	NODE_20450_length_276_cov_1.115578	lost	False	3	3	0
UC164_V2	NODE_23961_length_261_cov_1.722826	lost	False	3	3	0
UC164_V2	NODE_29443_length_244_cov_0.886228	lost	False	3	3	-1
UC164_V2	NODE_7225_length_536_cov_2.808279	lost	False	3	3	0
UC164_V2	NODE_11226_length_407_cov_0.684848	lost	False	3	3	0
UC164_V2	NODE_2081_length_1100_cov_3.365591	lost	False	3	3	0
UC164_V2	NODE_9953_length_439_cov_0.814917	lost	False	3	3	0
UC164_V2	NODE_12704_length_375_cov_1.241611	lost	False	3	3	0
UC164_V2	NODE_18369_length_293_cov_2.398148	lost	False	3	3	0
UC164_V2	NODE_26811_length_252_cov_1.691429	lost	False	3	3	0
UC164_V2	NODE_29822_length_242_cov_1.345455	lost	False	3	3	0
UC164_V2	NODE_9338_length_456_cov_1.688654	lost	False	3	3	0
UC164_V2	NODE_28568_length_246_cov_2.627219	lost	False	3	3	0
UC164_V2	NODE_33721_length_151_cov_83.864865	lost	False	3	3	0
UC164_V2	NODE_27581_length_250_cov_0.855491	lost	False	3	3	0
UC164_V2	NODE_20765_length_273_cov_1.887755	lost	False	3	3	0
UC164_V2	NODE_2239_length_1050_cov_3.609455	lost	False	3	3	0
UC164_V2	NODE_7795_length_512_cov_1.990805	lost	False	3	3	0
UC164_V2	NODE_8135_length_499_cov_1.741706	lost	False	3	3	0
UC164_V2	NODE_6792_length_556_cov_1.438413	lost	False	3	3	0
UC164_V2	NODE_33727_length_150_cov_36.041096	lost	False	3	3	0
UC164_V2	NODE_8497_length_485_cov_1.088235	lost	False	3	3	0
UC164_V2	NODE_1698_length_1227_cov_2.125217	lost	False	3	3	0
UC164_V2	NODE_16389_length_318_cov_1.535270	lost	False	3	3	-1
UC164_V2	NODE_15799_length_326_cov_1.188755	lost	False	3	3	-1
UC164_V2	NODE_29703_length_243_cov_0.891566	lost	False	3	3	0
UC164_V2	NODE_8841_length_473_cov_1.868687	lost	False	3	3	-1
UC164_V2	NODE_5690_length_615_cov_1.726766	lost	False	3	3	0
UC164_V2	NODE_21241_length_269_cov_1.541667	lost	False	3	3	0
UC164_V2	NODE_8804_length_474_cov_2.017632	lost	False	3	3	0
UC164_V2	NODE_9622_length_447_cov_2.470270	lost	False	3	3	0
UC164_V2	NODE_7538_length_523_cov_1.825112	lost	False	3	3	-1
UC164_V2	NODE_26271_length_254_cov_0.836158	lost	False	3	3	-1
UC164_V2	NODE_22907_length_264_cov_1.978610	lost	False	3	3	-1
UC164_V2	NODE_30817_length_239_cov_0.913580	lost	False	3	3	0
UC164_V2	NODE_22453_length_266_cov_0.783069	lost	False	3	3	0
UC164_V2	NODE_5004_length_667_cov_1.586441	lost	False	3	3	0
UC164_V2	NODE_14445_length_346_cov_0.825279	lost	False	3	3	0
UC164_V2	NODE_15019_length_337_cov_1.280769	lost	False	3	3	0
UC164_V2	NODE_11101_length_409_cov_2.783133	lost	False	3	3	0
UC164_V2	NODE_1620_length_1259_cov_1.538071	lost	False	3	3	0
UC164_V2	NODE_25504_length_257_cov_0.772222	lost	False	3	3	-1
UC164_V2	NODE_29464_length_244_cov_0.814371	lost	False	3	3	0
UC164_V2	NODE_29113_length_245_cov_0.880952	lost	False	3	3	-1
UC164_V2	NODE_5926_length_601_cov_1.387405	lost	False	3	3	-1
UC164_V2	NODE_2471_length_1000_cov_1.661972	lost	False	3	3	0
UC164_V2	NODE_5589_length_622_cov_1.222018	lost	False	3	3	-1
UC164_V2	NODE_425_length_2546_cov_3.025111	lost	False	3	3	0
UC164_V2	NODE_20247_length_278_cov_0.731343	lost	False	3	3	-1
UC164_V2	NODE_338_length_2927_cov_3.168421	lost	False	3	3	0
UC164_V2	NODE_2157_length_1078_cov_128.450549	lost	False	3	3	0
UC164_V2	NODE_696_length_1962_cov_8.561804	lost	False	3	3	0
UC164_V2	NODE_2229_length_1053_cov_2.432377	lost	False	3	3	-1
UC164_V2	NODE_32144_length_234_cov_0.942675	lost	False	3	3	0
UC164_V2	NODE_4341_length_725_cov_1.529321	lost	False	3	3	0
UC164_V2	NODE_1441_length_1339_cov_1.946117	lost	False	3	3	0
UC164_V2	NODE_25914_length_255_cov_1.151685	lost	False	3	3	0
UC164_V2	NODE_33766_length_140_cov_21.714286	lost	False	3	3	0
UC164_V2	NODE_12210_length_384_cov_4.664495	lost	False	3	3	0
UC164_V2	NODE_15103_length_336_cov_1.142857	lost	False	3	3	-1
UC164_V2	NODE_20629_length_274_cov_1.918782	lost	False	3	3	0
UC164_V2	NODE_19401_length_284_cov_2.144928	lost	False	3	3	0
UC164_V2	NODE_25299_length_257_cov_0.966667	lost	False	3	3	0
UC164_V2	NODE_33433_length_229_cov_1.361842	lost	False	3	3	0
UC164_V2	NODE_30419_length_240_cov_1.361963	lost	False	3	3	-1
UC164_V2	NODE_4345_length_724_cov_3.417311	lost	False	3	3	0
UC164_V2	NODE_6496_length_571_cov_1.348178	lost	False	3	3	-1
UC164_V2	NODE_3323_length_847_cov_1.514286	lost	False	3	3	0
UC164_V2	NODE_11244_length_406_cov_1.328267	lost	False	3	3	0
UC164_V2	NODE_26575_length_253_cov_0.840909	lost	False	3	3	-1
UC164_V2	NODE_28582_length_246_cov_1.816568	lost	False	3	3	0
UC164_V2	NODE_4379_length_720_cov_2.416796	lost	False	3	3	0
UC164_V2	NODE_15731_length_327_cov_1.184000	lost	False	3	3	-1
UC164_V2	NODE_18040_length_297_cov_1.559091	lost	False	3	3	0
UC164_V2	NODE_9802_length_442_cov_2.167123	lost	False	3	3	0
UC164_V2	NODE_22957_length_264_cov_1.336898	lost	False	3	3	0
UC164_V2	NODE_24253_length_260_cov_2.426230	lost	False	3	3	-1
UC164_V2	NODE_13600_length_359_cov_1.049645	lost	False	3	3	-1
UC164_V2	NODE_16785_length_313_cov_1.406780	lost	False	3	3	0
UC164_V2	NODE_1219_length_1464_cov_3.627253	lost	False	3	3	0
UC164_V2	NODE_16247_length_320_cov_1.218107	lost	False	3	3	0
UC164_V2	NODE_33753_length_143_cov_29.227273	lost	False	3	3	0
UC164_V2	NODE_27916_length_249_cov_0.860465	lost	False	3	3	0
UC164_V2	NODE_3328_length_846_cov_2.153446	lost	False	3	3	0
UC164_V2	NODE_8142_length_499_cov_1.473934	lost	False	3	3	0
UC164_V2	NODE_8529_length_483_cov_3.359606	lost	False	3	3	0
UC164_V2	NODE_19010_length_288_cov_1.052133	lost	False	3	3	-1
UC164_V2	NODE_8076_length_501_cov_1.745283	lost	False	3	3	0
UC164_V2	NODE_33653_length_187_cov_39.745455	lost	False	3	3	0
UC164_V2	NODE_16522_length_316_cov_2.221757	lost	False	3	3	0
UC164_V2	NODE_4767_length_686_cov_2.251232	lost	False	3	3	0
UC164_V2	NODE_19332_length_285_cov_1.423077	lost	False	3	3	0
UC164_V2	NODE_14522_length_345_cov_0.787313	lost	False	3	3	0
UC164_V2	NODE_33634_length_214_cov_3.087591	lost	False	3	3	0
UC164_V2	NODE_11117_length_409_cov_1.337349	lost	False	3	3	0
UC164_V2	NODE_20404_length_276_cov_1.512563	lost	False	3	3	0
UC164_V2	NODE_31787_length_235_cov_1.405063	lost	False	3	3	0
UC164_V2	NODE_8234_length_495_cov_1.593301	lost	False	3	3	0
UC164_V2	NODE_4903_length_676_cov_1.115192	lost	False	3	3	0
UC164_V2	NODE_4022_length_756_cov_1.533137	lost	False	3	3	-1
UC164_V2	NODE_13485_length_361_cov_0.961268	lost	False	3	3	0
UC164_V2	NODE_33632_length_222_cov_67.193103	lost	False	3	3	0
UC164_V2	NODE_13116_length_367_cov_1.275862	lost	False	3	3	-1
UC164_V2	NODE_5633_length_619_cov_2.586716	lost	False	3	3	-1
UC164_V2	NODE_17257_length_307_cov_0.847826	lost	False	3	3	0
UC164_V2	NODE_33639_length_204_cov_2.000000	lost	False	3	3	0
UC164_V2	NODE_6296_length_582_cov_0.930693	lost	False	3	3	0
UC164_V2	NODE_17233_length_307_cov_1.226087	lost	False	3	3	0
UC164_V2	NODE_7206_length_537_cov_1.476087	lost	False	3	3	-1
UC164_V2	NODE_8761_length_475_cov_2.776382	lost	False	3	3	0
UC164_V2	NODE_33652_length_187_cov_66.463636	lost	False	3	3	0
UC164_V2	NODE_22968_length_264_cov_1.187166	lost	False	3	3	0
UC164_V2	NODE_32712_length_232_cov_0.954839	lost	False	3	3	0
UC164_V2	NODE_11137_length_409_cov_0.888554	lost	False	3	3	0
UC164_V2	NODE_13337_length_363_cov_25.664336	lost	False	3	3	0
UC164_V2	NODE_14278_length_348_cov_3.003690	lost	False	3	3	0
UC164_V2	NODE_33696_length_158_cov_51.012346	lost	False	3	3	0
UC164_V2	NODE_29950_length_242_cov_0.896970	lost	False	3	3	0
UC164_V2	NODE_33716_length_152_cov_77.480000	lost	False	3	3	0
UC164_V2	NODE_32098_length_234_cov_1.070064	lost	False	3	3	0
UC164_V2	NODE_16161_length_321_cov_1.663934	lost	False	3	3	0
UC164_V2	NODE_3933_length_767_cov_2.123188	lost	False	3	3	0
UC164_V2	NODE_32401_length_233_cov_0.948718	lost	False	3	3	0
UC164_V2	NODE_30792_length_239_cov_0.913580	lost	False	3	3	0
UC164_V2	NODE_2560_length_983_cov_1.558499	lost	False	3	3	0
UC164_V2	NODE_19180_length_286_cov_1.650718	lost	False	3	3	0
UC164_V2	NODE_18312_length_294_cov_1.705069	lost	False	3	3	0
UC164_V2	NODE_3658_length_800_cov_3.283541	lost	False	3	3	0
UC164_V2	NODE_31523_length_236_cov_1.295597	lost	False	3	3	0
UC164_V2	NODE_8271_length_493_cov_5.245192	lost	False	3	3	0
UC164_V2	NODE_4485_length_711_cov_1.847003	lost	False	3	3	0
UC164_V2	NODE_18580_length_291_cov_1.728972	lost	False	3	3	0
UC164_V2	NODE_3276_length_855_cov_2.758355	lost	False	3	3	-1
UC164_V2	NODE_30442_length_240_cov_1.110429	lost	False	3	3	0
UC164_V2	NODE_3958_length_764_cov_1.279476	lost	False	3	3	0
UC164_V2	NODE_9285_length_458_cov_1.359580	lost	False	3	3	0
UC164_V2	NODE_17710_length_301_cov_1.714286	lost	False	3	3	0
UC164_V2	NODE_8020_length_503_cov_1.544601	lost	False	3	3	0
UC164_V2	NODE_12918_length_370_cov_2.389078	lost	False	3	3	0
UC164_V2	NODE_33027_length_231_cov_0.961039	lost	False	3	3	-1
UC164_V2	NODE_11384_length_403_cov_1.082822	lost	False	3	3	0
UC164_V2	NODE_32931_length_231_cov_0.961039	lost	False	3	3	-1
UC164_V2	NODE_11982_length_389_cov_1.618590	lost	False	3	3	0
UC164_V2	NODE_12775_length_373_cov_63.260135	lost	False	3	3	0
UC164_V2	NODE_4960_length_671_cov_1.506734	lost	False	3	3	0
UC164_V2	NODE_18201_length_295_cov_2.344037	lost	False	3	3	0
UC164_V2	NODE_3251_length_858_cov_2.368758	lost	False	3	3	0
UC164_V2	NODE_23190_length_264_cov_0.791444	lost	False	3	3	-1
UC164_V2	NODE_26835_length_252_cov_1.268571	lost	False	3	3	0
UC164_V2	NODE_8270_length_493_cov_77.593750	lost	False	3	3	0
UC164_V2	NODE_12554_length_378_cov_1.215947	lost	False	3	3	0
UC164_V2	NODE_23297_length_263_cov_1.575269	lost	False	3	3	-1
UC164_V2	NODE_29713_length_243_cov_0.891566	lost	False	3	3	-1
UC164_V2	NODE_18318_length_294_cov_1.608295	lost	False	3	3	-1
UC164_V2	NODE_32527_length_233_cov_0.858974	lost	False	3	3	0
UC164_V2	NODE_33641_length_201_cov_47.475806	lost	False	3	3	0
UC164_V2	NODE_17358_length_305_cov_3.263158	lost	False	3	3	0
UC164_V2	NODE_11507_length_400_cov_1.374613	lost	False	3	3	0
UC164_V2	NODE_8123_length_500_cov_1.382979	lost	False	3	3	0
UC164_V2	NODE_11716_length_395_cov_9.336478	lost	False	3	3	0
UC164_V2	NODE_1295_length_1412_cov_2.704869	lost	False	3	3	0
UC164_V2	NODE_31293_length_237_cov_0.925000	lost	False	3	3	-1
UC164_V2	NODE_25700_length_256_cov_0.826816	lost	False	3	3	-1
UC164_V2	NODE_12835_length_372_cov_1.579661	lost	False	3	3	0
UC164_V2	NODE_32066_length_234_cov_1.414013	lost	False	3	3	0
UC164_V2	NODE_21886_length_268_cov_0.701571	lost	False	3	3	0
UC164_V2	NODE_3353_length_842_cov_1.435294	lost	False	3	3	0
UC164_V2	NODE_10468_length_424_cov_3.533141	lost	False	3	3	0
UC164_V2	NODE_12466_length_379_cov_5.841060	lost	False	3	3	0
UC164_V2	NODE_29451_length_244_cov_0.886228	lost	False	3	3	-1
UC164_V2	NODE_32406_length_233_cov_0.948718	lost	False	3	3	0
UC164_V2	NODE_29681_length_243_cov_0.891566	lost	False	3	3	0
UC164_V2	NODE_14617_length_343_cov_1.748120	lost	False	3	3	0
UC164_V2	NODE_27076_length_251_cov_2.126437	lost	False	3	3	-1
UC164_V2	NODE_13733_length_357_cov_1.321429	lost	False	3	3	0
UC164_V2	NODE_21563_length_268_cov_1.937173	lost	False	3	3	-1
UC164_V2	NODE_2709_length_950_cov_1.033219	lost	False	3	3	0
UC164_V2	NODE_31343_length_237_cov_0.925000	lost	False	3	3	0
UC164_V2	NODE_16593_length_316_cov_0.895397	lost	False	3	3	0
UC164_V2	NODE_3873_length_776_cov_1.616595	lost	False	3	3	0
UC164_V2	NODE_33698_length_157_cov_36.937500	lost	False	3	3	0
UC164_V2	NODE_10203_length_431_cov_1.853107	lost	False	3	3	-1
UC164_V2	NODE_17297_length_306_cov_1.580786	lost	False	3	3	0
UC164_V2	NODE_11056_length_410_cov_2.534535	lost	False	3	3	0
UC164_V2	NODE_1004_length_1620_cov_1.983798	lost	False	3	3	0
UC164_V2	NODE_1230_length_1456_cov_2.976795	lost	False	3	3	0
UC164_V2	NODE_18944_length_288_cov_1.753555	lost	False	3	3	0
UC164_V2	NODE_19425_length_284_cov_1.429952	lost	False	3	3	0
UC164_V2	NODE_1216_length_1466_cov_1.498920	lost	False	3	3	0
UC164_V2	NODE_6701_length_561_cov_0.917355	lost	False	3	3	0
UC164_V2	NODE_32879_length_231_cov_1.220779	lost	False	3	3	0
UC164_V2	NODE_8707_length_477_cov_2.220000	lost	False	3	3	0
UC164_V2	NODE_18751_length_290_cov_1.389671	lost	False	3	3	0
UC164_V2	NODE_16104_length_322_cov_1.208163	lost	False	2	2	3
UC164_V2	NODE_28569_length_246_cov_2.627219	lost	False	3	3	0
UC164_V2	NODE_32659_length_232_cov_0.954839	lost	False	3	3	0
UC164_V2	NODE_29685_length_243_cov_0.891566	lost	False	3	3	0
UC164_V2	NODE_22240_length_266_cov_1.566138	lost	False	3	3	0
UC164_V2	NODE_9522_length_451_cov_0.839572	lost	False	3	3	0
UC164_V2	NODE_33375_length_229_cov_1.842105	lost	False	3	3	0
UC164_V2	NODE_33678_length_170_cov_2.645161	lost	False	3	3	0
