fragment_id	source_genome	category	label	fragment_length	source_genome_length
novel_Faec_phage_04_frag_1_L1500	novel_Faec_phage_04	novel_Faec_phage	viral	1500	56842
novel_Faec_phage_04_frag_2_L1500	novel_Faec_phage_04	novel_Faec_phage	viral	1500	56842
novel_Faec_phage_04_frag_3_L1500	novel_Faec_phage_04	novel_Faec_phage	viral	1500	56842
novel_Faec_phage_04_frag_4_L1500	novel_Faec_phage_04	novel_Faec_phage	viral	1500	56842
novel_Faec_phage_04_frag_5_L1500	novel_Faec_phage_04	novel_Faec_phage	viral	1500	56842
novel_Faec_phage_04_frag_6_L1500	novel_Faec_phage_04	novel_Faec_phage	viral	1500	56842
novel_Faec_phage_04_frag_7_L1500	novel_Faec_phage_04	novel_Faec_phage	viral	1500	56842
novel_Faec_phage_04_frag_8_L1500	novel_Faec_phage_04	novel_Faec_phage	viral	1500	56842
novel_Faec_phage_04_frag_9_L1500	novel_Faec_phage_04	novel_Faec_phage	viral	1500	56842
novel_Faec_phage_04_frag_10_L1500	novel_Faec_phage_04	novel_Faec_phage	viral	1500	56842
novel_Faec_phage_04_frag_11_L1500	novel_Faec_phage_04	novel_Faec_phage	viral	1500	56842
novel_Faec_phage_04_frag_12_L1500	novel_Faec_phage_04	novel_Faec_phage	viral	1500	56842
novel_Faec_phage_04_frag_13_L1500	novel_Faec_phage_04	novel_Faec_phage	viral	1500	56842
novel_Faec_phage_04_frag_14_L1500	novel_Faec_phage_04	novel_Faec_phage	viral	1500	56842
novel_Faec_phage_04_frag_15_L1500	novel_Faec_phage_04	novel_Faec_phage	viral	1500	56842
novel_Faec_phage_04_frag_16_L1500	novel_Faec_phage_04	novel_Faec_phage	viral	1500	56842
novel_Faec_phage_04_frag_17_L1500	novel_Faec_phage_04	novel_Faec_phage	viral	1500	56842
novel_Faec_phage_04_frag_18_L1500	novel_Faec_phage_04	novel_Faec_phage	viral	1500	56842
novel_Faec_phage_04_frag_19_L1500	novel_Faec_phage_04	novel_Faec_phage	viral	1500	56842
novel_Faec_phage_04_frag_20_L1500	novel_Faec_phage_04	novel_Faec_phage	viral	1500	56842
novel_Faec_phage_04_frag_21_L1500	novel_Faec_phage_04	novel_Faec_phage	viral	1500	56842
novel_Faec_phage_04_frag_22_L1500	novel_Faec_phage_04	novel_Faec_phage	viral	1500	56842
novel_Faec_phage_04_frag_23_L1500	novel_Faec_phage_04	novel_Faec_phage	viral	1500	56842
novel_Faec_phage_04_frag_24_L1500	novel_Faec_phage_04	novel_Faec_phage	viral	1500	56842
novel_Faec_phage_04_frag_25_L1500	novel_Faec_phage_04	novel_Faec_phage	viral	1500	56842
novel_Faec_phage_04_frag_26_L1500	novel_Faec_phage_04	novel_Faec_phage	viral	1500	56842
novel_Faec_phage_04_frag_27_L1500	novel_Faec_phage_04	novel_Faec_phage	viral	1500	56842
novel_Faec_phage_04_frag_28_L1500	novel_Faec_phage_04	novel_Faec_phage	viral	1500	56842
novel_Faec_phage_04_frag_29_L1500	novel_Faec_phage_04	novel_Faec_phage	viral	1500	56842
novel_Faec_phage_04_frag_30_L1500	novel_Faec_phage_04	novel_Faec_phage	viral	1500	56842
novel_Faec_phage_04_frag_31_L1500	novel_Faec_phage_04	novel_Faec_phage	viral	1500	56842
novel_Faec_phage_04_frag_32_L1500	novel_Faec_phage_04	novel_Faec_phage	viral	1500	56842
novel_Faec_phage_04_frag_33_L1500	novel_Faec_phage_04	novel_Faec_phage	viral	1500	56842
novel_Faec_phage_04_frag_34_L1500	novel_Faec_phage_04	novel_Faec_phage	viral	1500	56842
novel_Faec_phage_04_frag_35_L1500	novel_Faec_phage_04	novel_Faec_phage	viral	1500	56842
novel_Faec_phage_04_frag_36_L1500	novel_Faec_phage_04	novel_Faec_phage	viral	1500	56842
novel_Faec_phage_04_frag_37_L1500	novel_Faec_phage_04	novel_Faec_phage	viral	1500	56842
novel_Arth_phage_13_frag_1_L1500	novel_Arth_phage_13	novel_Arth_phage	viral	1500	39239
novel_Arth_phage_13_frag_2_L1500	novel_Arth_phage_13	novel_Arth_phage	viral	1500	39239
novel_Arth_phage_13_frag_3_L1500	novel_Arth_phage_13	novel_Arth_phage	viral	1500	39239
novel_Arth_phage_13_frag_4_L1500	novel_Arth_phage_13	novel_Arth_phage	viral	1500	39239
novel_Arth_phage_13_frag_5_L1500	novel_Arth_phage_13	novel_Arth_phage	viral	1500	39239
novel_Arth_phage_13_frag_6_L1500	novel_Arth_phage_13	novel_Arth_phage	viral	1500	39239
novel_Arth_phage_13_frag_7_L1500	novel_Arth_phage_13	novel_Arth_phage	viral	1500	39239
novel_Arth_phage_13_frag_8_L1500	novel_Arth_phage_13	novel_Arth_phage	viral	1500	39239
novel_Arth_phage_13_frag_9_L1500	novel_Arth_phage_13	novel_Arth_phage	viral	1500	39239
novel_Arth_phage_13_frag_10_L1500	novel_Arth_phage_13	novel_Arth_phage	viral	1500	39239
novel_Arth_phage_13_frag_11_L1500	novel_Arth_phage_13	novel_Arth_phage	viral	1500	39239
novel_Arth_phage_13_frag_12_L1500	novel_Arth_phage_13	novel_Arth_phage	viral	1500	39239
novel_Arth_phage_13_frag_13_L1500	novel_Arth_phage_13	novel_Arth_phage	viral	1500	39239
novel_Arth_phage_13_frag_14_L1500	novel_Arth_phage_13	novel_Arth_phage	viral	1500	39239
novel_Arth_phage_13_frag_15_L1500	novel_Arth_phage_13	novel_Arth_phage	viral	1500	39239
novel_Arth_phage_13_frag_16_L1500	novel_Arth_phage_13	novel_Arth_phage	viral	1500	39239
novel_Arth_phage_13_frag_17_L1500	novel_Arth_phage_13	novel_Arth_phage	viral	1500	39239
novel_Arth_phage_13_frag_18_L1500	novel_Arth_phage_13	novel_Arth_phage	viral	1500	39239
novel_Arth_phage_13_frag_19_L1500	novel_Arth_phage_13	novel_Arth_phage	viral	1500	39239
novel_Arth_phage_13_frag_20_L1500	novel_Arth_phage_13	novel_Arth_phage	viral	1500	39239
novel_Arth_phage_13_frag_21_L1500	novel_Arth_phage_13	novel_Arth_phage	viral	1500	39239
novel_Arth_phage_13_frag_22_L1500	novel_Arth_phage_13	novel_Arth_phage	viral	1500	39239
novel_Arth_phage_13_frag_23_L1500	novel_Arth_phage_13	novel_Arth_phage	viral	1500	39239
novel_Arth_phage_13_frag_24_L1500	novel_Arth_phage_13	novel_Arth_phage	viral	1500	39239
novel_Arth_phage_13_frag_25_L1500	novel_Arth_phage_13	novel_Arth_phage	viral	1500	39239
novel_Arth_phage_13_frag_26_L1500	novel_Arth_phage_13	novel_Arth_phage	viral	1500	39239
novel_Clos_phage_10_frag_1_L1500	novel_Clos_phage_10	novel_Clos_phage	viral	1500	40330
novel_Clos_phage_10_frag_2_L1500	novel_Clos_phage_10	novel_Clos_phage	viral	1500	40330
novel_Clos_phage_10_frag_3_L1500	novel_Clos_phage_10	novel_Clos_phage	viral	1500	40330
novel_Clos_phage_10_frag_4_L1500	novel_Clos_phage_10	novel_Clos_phage	viral	1500	40330
novel_Clos_phage_10_frag_5_L1500	novel_Clos_phage_10	novel_Clos_phage	viral	1500	40330
novel_Clos_phage_10_frag_6_L1500	novel_Clos_phage_10	novel_Clos_phage	viral	1500	40330
novel_Clos_phage_10_frag_7_L1500	novel_Clos_phage_10	novel_Clos_phage	viral	1500	40330
novel_Clos_phage_10_frag_8_L1500	novel_Clos_phage_10	novel_Clos_phage	viral	1500	40330
novel_Clos_phage_10_frag_9_L1500	novel_Clos_phage_10	novel_Clos_phage	viral	1500	40330
novel_Clos_phage_10_frag_10_L1500	novel_Clos_phage_10	novel_Clos_phage	viral	1500	40330
novel_Clos_phage_10_frag_11_L1500	novel_Clos_phage_10	novel_Clos_phage	viral	1500	40330
novel_Clos_phage_10_frag_12_L1500	novel_Clos_phage_10	novel_Clos_phage	viral	1500	40330
novel_Clos_phage_10_frag_13_L1500	novel_Clos_phage_10	novel_Clos_phage	viral	1500	40330
novel_Clos_phage_10_frag_14_L1500	novel_Clos_phage_10	novel_Clos_phage	viral	1500	40330
novel_Clos_phage_10_frag_15_L1500	novel_Clos_phage_10	novel_Clos_phage	viral	1500	40330
novel_Clos_phage_10_frag_16_L1500	novel_Clos_phage_10	novel_Clos_phage	viral	1500	40330
novel_Clos_phage_10_frag_17_L1500	novel_Clos_phage_10	novel_Clos_phage	viral	1500	40330
novel_Clos_phage_10_frag_18_L1500	novel_Clos_phage_10	novel_Clos_phage	viral	1500	40330
novel_Clos_phage_10_frag_19_L1500	novel_Clos_phage_10	novel_Clos_phage	viral	1500	40330
novel_Clos_phage_10_frag_20_L1500	novel_Clos_phage_10	novel_Clos_phage	viral	1500	40330
novel_Clos_phage_10_frag_21_L1500	novel_Clos_phage_10	novel_Clos_phage	viral	1500	40330
novel_Clos_phage_10_frag_22_L1500	novel_Clos_phage_10	novel_Clos_phage	viral	1500	40330
novel_Clos_phage_10_frag_23_L1500	novel_Clos_phage_10	novel_Clos_phage	viral	1500	40330
novel_Clos_phage_10_frag_24_L1500	novel_Clos_phage_10	novel_Clos_phage	viral	1500	40330
novel_Clos_phage_10_frag_25_L1500	novel_Clos_phage_10	novel_Clos_phage	viral	1500	40330
novel_Clos_phage_10_frag_26_L1500	novel_Clos_phage_10	novel_Clos_phage	viral	1500	40330
novel_Bac_phage_01_frag_1_L1500	novel_Bac_phage_01	novel_Bac_phage	viral	1500	65142
novel_Bac_phage_01_frag_2_L1500	novel_Bac_phage_01	novel_Bac_phage	viral	1500	65142
novel_Bac_phage_01_frag_3_L1500	novel_Bac_phage_01	novel_Bac_phage	viral	1500	65142
novel_Bac_phage_01_frag_4_L1500	novel_Bac_phage_01	novel_Bac_phage	viral	1500	65142
novel_Bac_phage_01_frag_5_L1500	novel_Bac_phage_01	novel_Bac_phage	viral	1500	65142
novel_Bac_phage_01_frag_6_L1500	novel_Bac_phage_01	novel_Bac_phage	viral	1500	65142
novel_Bac_phage_01_frag_7_L1500	novel_Bac_phage_01	novel_Bac_phage	viral	1500	65142
novel_Bac_phage_01_frag_8_L1500	novel_Bac_phage_01	novel_Bac_phage	viral	1500	65142
novel_Bac_phage_01_frag_9_L1500	novel_Bac_phage_01	novel_Bac_phage	viral	1500	65142
novel_Bac_phage_01_frag_10_L1500	novel_Bac_phage_01	novel_Bac_phage	viral	1500	65142
novel_Bac_phage_01_frag_11_L1500	novel_Bac_phage_01	novel_Bac_phage	viral	1500	65142
novel_Bac_phage_01_frag_12_L1500	novel_Bac_phage_01	novel_Bac_phage	viral	1500	65142
novel_Bac_phage_01_frag_13_L1500	novel_Bac_phage_01	novel_Bac_phage	viral	1500	65142
novel_Bac_phage_01_frag_14_L1500	novel_Bac_phage_01	novel_Bac_phage	viral	1500	65142
novel_Bac_phage_01_frag_15_L1500	novel_Bac_phage_01	novel_Bac_phage	viral	1500	65142
novel_Bac_phage_01_frag_16_L1500	novel_Bac_phage_01	novel_Bac_phage	viral	1500	65142
novel_Bac_phage_01_frag_17_L1500	novel_Bac_phage_01	novel_Bac_phage	viral	1500	65142
novel_Bac_phage_01_frag_18_L1500	novel_Bac_phage_01	novel_Bac_phage	viral	1500	65142
novel_Bac_phage_01_frag_19_L1500	novel_Bac_phage_01	novel_Bac_phage	viral	1500	65142
novel_Bac_phage_01_frag_20_L1500	novel_Bac_phage_01	novel_Bac_phage	viral	1500	65142
novel_Bac_phage_01_frag_21_L1500	novel_Bac_phage_01	novel_Bac_phage	viral	1500	65142
novel_Bac_phage_01_frag_22_L1500	novel_Bac_phage_01	novel_Bac_phage	viral	1500	65142
novel_Bac_phage_01_frag_23_L1500	novel_Bac_phage_01	novel_Bac_phage	viral	1500	65142
novel_Bac_phage_01_frag_24_L1500	novel_Bac_phage_01	novel_Bac_phage	viral	1500	65142
novel_Bac_phage_01_frag_25_L1500	novel_Bac_phage_01	novel_Bac_phage	viral	1500	65142
novel_Bac_phage_01_frag_26_L1500	novel_Bac_phage_01	novel_Bac_phage	viral	1500	65142
novel_Bac_phage_01_frag_27_L1500	novel_Bac_phage_01	novel_Bac_phage	viral	1500	65142
novel_Bac_phage_01_frag_28_L1500	novel_Bac_phage_01	novel_Bac_phage	viral	1500	65142
novel_Bac_phage_01_frag_29_L1500	novel_Bac_phage_01	novel_Bac_phage	viral	1500	65142
novel_Bac_phage_01_frag_30_L1500	novel_Bac_phage_01	novel_Bac_phage	viral	1500	65142
novel_Bac_phage_01_frag_31_L1500	novel_Bac_phage_01	novel_Bac_phage	viral	1500	65142
novel_Bac_phage_01_frag_32_L1500	novel_Bac_phage_01	novel_Bac_phage	viral	1500	65142
novel_Bac_phage_01_frag_33_L1500	novel_Bac_phage_01	novel_Bac_phage	viral	1500	65142
novel_Bac_phage_01_frag_34_L1500	novel_Bac_phage_01	novel_Bac_phage	viral	1500	65142
novel_Bac_phage_01_frag_35_L1500	novel_Bac_phage_01	novel_Bac_phage	viral	1500	65142
novel_Bac_phage_01_frag_36_L1500	novel_Bac_phage_01	novel_Bac_phage	viral	1500	65142
novel_Bac_phage_01_frag_37_L1500	novel_Bac_phage_01	novel_Bac_phage	viral	1500	65142
novel_Bac_phage_01_frag_38_L1500	novel_Bac_phage_01	novel_Bac_phage	viral	1500	65142
novel_Bac_phage_01_frag_39_L1500	novel_Bac_phage_01	novel_Bac_phage	viral	1500	65142
novel_Bac_phage_01_frag_40_L1500	novel_Bac_phage_01	novel_Bac_phage	viral	1500	65142
novel_Bac_phage_01_frag_41_L1500	novel_Bac_phage_01	novel_Bac_phage	viral	1500	65142
novel_Bac_phage_01_frag_42_L1500	novel_Bac_phage_01	novel_Bac_phage	viral	1500	65142
novel_Bac_phage_01_frag_43_L1500	novel_Bac_phage_01	novel_Bac_phage	viral	1500	65142
novel_Cory_phage_02_frag_1_L1500	novel_Cory_phage_02	novel_Cory_phage	viral	1500	65965
novel_Cory_phage_02_frag_2_L1500	novel_Cory_phage_02	novel_Cory_phage	viral	1500	65965
novel_Cory_phage_02_frag_3_L1500	novel_Cory_phage_02	novel_Cory_phage	viral	1500	65965
novel_Cory_phage_02_frag_4_L1500	novel_Cory_phage_02	novel_Cory_phage	viral	1500	65965
novel_Cory_phage_02_frag_5_L1500	novel_Cory_phage_02	novel_Cory_phage	viral	1500	65965
novel_Cory_phage_02_frag_6_L1500	novel_Cory_phage_02	novel_Cory_phage	viral	1500	65965
novel_Cory_phage_02_frag_7_L1500	novel_Cory_phage_02	novel_Cory_phage	viral	1500	65965
novel_Cory_phage_02_frag_8_L1500	novel_Cory_phage_02	novel_Cory_phage	viral	1500	65965
novel_Cory_phage_02_frag_9_L1500	novel_Cory_phage_02	novel_Cory_phage	viral	1500	65965
novel_Cory_phage_02_frag_10_L1500	novel_Cory_phage_02	novel_Cory_phage	viral	1500	65965
novel_Cory_phage_02_frag_11_L1500	novel_Cory_phage_02	novel_Cory_phage	viral	1500	65965
novel_Cory_phage_02_frag_12_L1500	novel_Cory_phage_02	novel_Cory_phage	viral	1500	65965
novel_Cory_phage_02_frag_13_L1500	novel_Cory_phage_02	novel_Cory_phage	viral	1500	65965
novel_Cory_phage_02_frag_14_L1500	novel_Cory_phage_02	novel_Cory_phage	viral	1500	65965
novel_Cory_phage_02_frag_15_L1500	novel_Cory_phage_02	novel_Cory_phage	viral	1500	65965
novel_Cory_phage_02_frag_16_L1500	novel_Cory_phage_02	novel_Cory_phage	viral	1500	65965
novel_Cory_phage_02_frag_17_L1500	novel_Cory_phage_02	novel_Cory_phage	viral	1500	65965
novel_Cory_phage_02_frag_18_L1500	novel_Cory_phage_02	novel_Cory_phage	viral	1500	65965
novel_Cory_phage_02_frag_19_L1500	novel_Cory_phage_02	novel_Cory_phage	viral	1500	65965
novel_Cory_phage_02_frag_20_L1500	novel_Cory_phage_02	novel_Cory_phage	viral	1500	65965
novel_Cory_phage_02_frag_21_L1500	novel_Cory_phage_02	novel_Cory_phage	viral	1500	65965
novel_Cory_phage_02_frag_22_L1500	novel_Cory_phage_02	novel_Cory_phage	viral	1500	65965
novel_Cory_phage_02_frag_23_L1500	novel_Cory_phage_02	novel_Cory_phage	viral	1500	65965
novel_Cory_phage_02_frag_24_L1500	novel_Cory_phage_02	novel_Cory_phage	viral	1500	65965
novel_Cory_phage_02_frag_25_L1500	novel_Cory_phage_02	novel_Cory_phage	viral	1500	65965
novel_Cory_phage_02_frag_26_L1500	novel_Cory_phage_02	novel_Cory_phage	viral	1500	65965
novel_Cory_phage_02_frag_27_L1500	novel_Cory_phage_02	novel_Cory_phage	viral	1500	65965
novel_Cory_phage_02_frag_28_L1500	novel_Cory_phage_02	novel_Cory_phage	viral	1500	65965
novel_Cory_phage_02_frag_29_L1500	novel_Cory_phage_02	novel_Cory_phage	viral	1500	65965
novel_Cory_phage_02_frag_30_L1500	novel_Cory_phage_02	novel_Cory_phage	viral	1500	65965
novel_Cory_phage_02_frag_31_L1500	novel_Cory_phage_02	novel_Cory_phage	viral	1500	65965
novel_Cory_phage_02_frag_32_L1500	novel_Cory_phage_02	novel_Cory_phage	viral	1500	65965
novel_Cory_phage_02_frag_33_L1500	novel_Cory_phage_02	novel_Cory_phage	viral	1500	65965
novel_Cory_phage_02_frag_34_L1500	novel_Cory_phage_02	novel_Cory_phage	viral	1500	65965
novel_Cory_phage_02_frag_35_L1500	novel_Cory_phage_02	novel_Cory_phage	viral	1500	65965
novel_Cory_phage_02_frag_36_L1500	novel_Cory_phage_02	novel_Cory_phage	viral	1500	65965
novel_Cory_phage_02_frag_37_L1500	novel_Cory_phage_02	novel_Cory_phage	viral	1500	65965
novel_Cory_phage_02_frag_38_L1500	novel_Cory_phage_02	novel_Cory_phage	viral	1500	65965
novel_Cory_phage_02_frag_39_L1500	novel_Cory_phage_02	novel_Cory_phage	viral	1500	65965
novel_Cory_phage_02_frag_40_L1500	novel_Cory_phage_02	novel_Cory_phage	viral	1500	65965
novel_Cory_phage_02_frag_41_L1500	novel_Cory_phage_02	novel_Cory_phage	viral	1500	65965
novel_Cory_phage_02_frag_42_L1500	novel_Cory_phage_02	novel_Cory_phage	viral	1500	65965
novel_Cory_phage_02_frag_43_L1500	novel_Cory_phage_02	novel_Cory_phage	viral	1500	65965
novel_Cory_phage_08_frag_1_L1500	novel_Cory_phage_08	novel_Cory_phage	viral	1500	50560
novel_Cory_phage_08_frag_2_L1500	novel_Cory_phage_08	novel_Cory_phage	viral	1500	50560
novel_Cory_phage_08_frag_3_L1500	novel_Cory_phage_08	novel_Cory_phage	viral	1500	50560
novel_Cory_phage_08_frag_4_L1500	novel_Cory_phage_08	novel_Cory_phage	viral	1500	50560
novel_Cory_phage_08_frag_5_L1500	novel_Cory_phage_08	novel_Cory_phage	viral	1500	50560
novel_Cory_phage_08_frag_6_L1500	novel_Cory_phage_08	novel_Cory_phage	viral	1500	50560
novel_Cory_phage_08_frag_7_L1500	novel_Cory_phage_08	novel_Cory_phage	viral	1500	50560
novel_Cory_phage_08_frag_8_L1500	novel_Cory_phage_08	novel_Cory_phage	viral	1500	50560
novel_Cory_phage_08_frag_9_L1500	novel_Cory_phage_08	novel_Cory_phage	viral	1500	50560
novel_Cory_phage_08_frag_10_L1500	novel_Cory_phage_08	novel_Cory_phage	viral	1500	50560
novel_Cory_phage_08_frag_11_L1500	novel_Cory_phage_08	novel_Cory_phage	viral	1500	50560
novel_Cory_phage_08_frag_12_L1500	novel_Cory_phage_08	novel_Cory_phage	viral	1500	50560
novel_Cory_phage_08_frag_13_L1500	novel_Cory_phage_08	novel_Cory_phage	viral	1500	50560
novel_Cory_phage_08_frag_14_L1500	novel_Cory_phage_08	novel_Cory_phage	viral	1500	50560
novel_Cory_phage_08_frag_15_L1500	novel_Cory_phage_08	novel_Cory_phage	viral	1500	50560
novel_Cory_phage_08_frag_16_L1500	novel_Cory_phage_08	novel_Cory_phage	viral	1500	50560
novel_Cory_phage_08_frag_17_L1500	novel_Cory_phage_08	novel_Cory_phage	viral	1500	50560
novel_Cory_phage_08_frag_18_L1500	novel_Cory_phage_08	novel_Cory_phage	viral	1500	50560
novel_Cory_phage_08_frag_19_L1500	novel_Cory_phage_08	novel_Cory_phage	viral	1500	50560
novel_Cory_phage_08_frag_20_L1500	novel_Cory_phage_08	novel_Cory_phage	viral	1500	50560
novel_Cory_phage_08_frag_21_L1500	novel_Cory_phage_08	novel_Cory_phage	viral	1500	50560
novel_Cory_phage_08_frag_22_L1500	novel_Cory_phage_08	novel_Cory_phage	viral	1500	50560
novel_Cory_phage_08_frag_23_L1500	novel_Cory_phage_08	novel_Cory_phage	viral	1500	50560
novel_Cory_phage_08_frag_24_L1500	novel_Cory_phage_08	novel_Cory_phage	viral	1500	50560
novel_Cory_phage_08_frag_25_L1500	novel_Cory_phage_08	novel_Cory_phage	viral	1500	50560
novel_Cory_phage_08_frag_26_L1500	novel_Cory_phage_08	novel_Cory_phage	viral	1500	50560
novel_Cory_phage_08_frag_27_L1500	novel_Cory_phage_08	novel_Cory_phage	viral	1500	50560
novel_Cory_phage_08_frag_28_L1500	novel_Cory_phage_08	novel_Cory_phage	viral	1500	50560
novel_Cory_phage_08_frag_29_L1500	novel_Cory_phage_08	novel_Cory_phage	viral	1500	50560
novel_Cory_phage_08_frag_30_L1500	novel_Cory_phage_08	novel_Cory_phage	viral	1500	50560
novel_Cory_phage_08_frag_31_L1500	novel_Cory_phage_08	novel_Cory_phage	viral	1500	50560
novel_Cory_phage_08_frag_32_L1500	novel_Cory_phage_08	novel_Cory_phage	viral	1500	50560
novel_Cory_phage_08_frag_33_L1500	novel_Cory_phage_08	novel_Cory_phage	viral	1500	50560
novel_Clos_phage_05_frag_1_L1500	novel_Clos_phage_05	novel_Clos_phage	viral	1500	45320
novel_Clos_phage_05_frag_2_L1500	novel_Clos_phage_05	novel_Clos_phage	viral	1500	45320
novel_Clos_phage_05_frag_3_L1500	novel_Clos_phage_05	novel_Clos_phage	viral	1500	45320
novel_Clos_phage_05_frag_4_L1500	novel_Clos_phage_05	novel_Clos_phage	viral	1500	45320
novel_Clos_phage_05_frag_5_L1500	novel_Clos_phage_05	novel_Clos_phage	viral	1500	45320
novel_Clos_phage_05_frag_6_L1500	novel_Clos_phage_05	novel_Clos_phage	viral	1500	45320
novel_Clos_phage_05_frag_7_L1500	novel_Clos_phage_05	novel_Clos_phage	viral	1500	45320
novel_Clos_phage_05_frag_8_L1500	novel_Clos_phage_05	novel_Clos_phage	viral	1500	45320
novel_Clos_phage_05_frag_9_L1500	novel_Clos_phage_05	novel_Clos_phage	viral	1500	45320
novel_Clos_phage_05_frag_10_L1500	novel_Clos_phage_05	novel_Clos_phage	viral	1500	45320
novel_Clos_phage_05_frag_11_L1500	novel_Clos_phage_05	novel_Clos_phage	viral	1500	45320
novel_Clos_phage_05_frag_12_L1500	novel_Clos_phage_05	novel_Clos_phage	viral	1500	45320
novel_Clos_phage_05_frag_13_L1500	novel_Clos_phage_05	novel_Clos_phage	viral	1500	45320
novel_Clos_phage_05_frag_14_L1500	novel_Clos_phage_05	novel_Clos_phage	viral	1500	45320
novel_Clos_phage_05_frag_15_L1500	novel_Clos_phage_05	novel_Clos_phage	viral	1500	45320
novel_Clos_phage_05_frag_16_L1500	novel_Clos_phage_05	novel_Clos_phage	viral	1500	45320
novel_Clos_phage_05_frag_17_L1500	novel_Clos_phage_05	novel_Clos_phage	viral	1500	45320
novel_Clos_phage_05_frag_18_L1500	novel_Clos_phage_05	novel_Clos_phage	viral	1500	45320
novel_Clos_phage_05_frag_19_L1500	novel_Clos_phage_05	novel_Clos_phage	viral	1500	45320
novel_Clos_phage_05_frag_20_L1500	novel_Clos_phage_05	novel_Clos_phage	viral	1500	45320
novel_Clos_phage_05_frag_21_L1500	novel_Clos_phage_05	novel_Clos_phage	viral	1500	45320
novel_Clos_phage_05_frag_22_L1500	novel_Clos_phage_05	novel_Clos_phage	viral	1500	45320
novel_Clos_phage_05_frag_23_L1500	novel_Clos_phage_05	novel_Clos_phage	viral	1500	45320
novel_Clos_phage_05_frag_24_L1500	novel_Clos_phage_05	novel_Clos_phage	viral	1500	45320
novel_Clos_phage_05_frag_25_L1500	novel_Clos_phage_05	novel_Clos_phage	viral	1500	45320
novel_Clos_phage_05_frag_26_L1500	novel_Clos_phage_05	novel_Clos_phage	viral	1500	45320
novel_Clos_phage_05_frag_27_L1500	novel_Clos_phage_05	novel_Clos_phage	viral	1500	45320
novel_Clos_phage_05_frag_28_L1500	novel_Clos_phage_05	novel_Clos_phage	viral	1500	45320
novel_Clos_phage_05_frag_29_L1500	novel_Clos_phage_05	novel_Clos_phage	viral	1500	45320
novel_Clos_phage_05_frag_30_L1500	novel_Clos_phage_05	novel_Clos_phage	viral	1500	45320
novel_Lcoc_phage_15_frag_1_L1500	novel_Lcoc_phage_15	novel_Lcoc_phage	viral	1500	49152
novel_Lcoc_phage_15_frag_2_L1500	novel_Lcoc_phage_15	novel_Lcoc_phage	viral	1500	49152
novel_Lcoc_phage_15_frag_3_L1500	novel_Lcoc_phage_15	novel_Lcoc_phage	viral	1500	49152
novel_Lcoc_phage_15_frag_4_L1500	novel_Lcoc_phage_15	novel_Lcoc_phage	viral	1500	49152
novel_Lcoc_phage_15_frag_5_L1500	novel_Lcoc_phage_15	novel_Lcoc_phage	viral	1500	49152
novel_Lcoc_phage_15_frag_6_L1500	novel_Lcoc_phage_15	novel_Lcoc_phage	viral	1500	49152
novel_Lcoc_phage_15_frag_7_L1500	novel_Lcoc_phage_15	novel_Lcoc_phage	viral	1500	49152
novel_Lcoc_phage_15_frag_8_L1500	novel_Lcoc_phage_15	novel_Lcoc_phage	viral	1500	49152
novel_Lcoc_phage_15_frag_9_L1500	novel_Lcoc_phage_15	novel_Lcoc_phage	viral	1500	49152
novel_Lcoc_phage_15_frag_10_L1500	novel_Lcoc_phage_15	novel_Lcoc_phage	viral	1500	49152
novel_Lcoc_phage_15_frag_11_L1500	novel_Lcoc_phage_15	novel_Lcoc_phage	viral	1500	49152
novel_Lcoc_phage_15_frag_12_L1500	novel_Lcoc_phage_15	novel_Lcoc_phage	viral	1500	49152
novel_Lcoc_phage_15_frag_13_L1500	novel_Lcoc_phage_15	novel_Lcoc_phage	viral	1500	49152
novel_Lcoc_phage_15_frag_14_L1500	novel_Lcoc_phage_15	novel_Lcoc_phage	viral	1500	49152
novel_Lcoc_phage_15_frag_15_L1500	novel_Lcoc_phage_15	novel_Lcoc_phage	viral	1500	49152
novel_Lcoc_phage_15_frag_16_L1500	novel_Lcoc_phage_15	novel_Lcoc_phage	viral	1500	49152
novel_Lcoc_phage_15_frag_17_L1500	novel_Lcoc_phage_15	novel_Lcoc_phage	viral	1500	49152
novel_Lcoc_phage_15_frag_18_L1500	novel_Lcoc_phage_15	novel_Lcoc_phage	viral	1500	49152
novel_Lcoc_phage_15_frag_19_L1500	novel_Lcoc_phage_15	novel_Lcoc_phage	viral	1500	49152
novel_Lcoc_phage_15_frag_20_L1500	novel_Lcoc_phage_15	novel_Lcoc_phage	viral	1500	49152
novel_Lcoc_phage_15_frag_21_L1500	novel_Lcoc_phage_15	novel_Lcoc_phage	viral	1500	49152
novel_Lcoc_phage_15_frag_22_L1500	novel_Lcoc_phage_15	novel_Lcoc_phage	viral	1500	49152
novel_Lcoc_phage_15_frag_23_L1500	novel_Lcoc_phage_15	novel_Lcoc_phage	viral	1500	49152
novel_Lcoc_phage_15_frag_24_L1500	novel_Lcoc_phage_15	novel_Lcoc_phage	viral	1500	49152
novel_Lcoc_phage_15_frag_25_L1500	novel_Lcoc_phage_15	novel_Lcoc_phage	viral	1500	49152
novel_Lcoc_phage_15_frag_26_L1500	novel_Lcoc_phage_15	novel_Lcoc_phage	viral	1500	49152
novel_Lcoc_phage_15_frag_27_L1500	novel_Lcoc_phage_15	novel_Lcoc_phage	viral	1500	49152
novel_Lcoc_phage_15_frag_28_L1500	novel_Lcoc_phage_15	novel_Lcoc_phage	viral	1500	49152
novel_Lcoc_phage_15_frag_29_L1500	novel_Lcoc_phage_15	novel_Lcoc_phage	viral	1500	49152
novel_Lcoc_phage_15_frag_30_L1500	novel_Lcoc_phage_15	novel_Lcoc_phage	viral	1500	49152
novel_Lcoc_phage_15_frag_31_L1500	novel_Lcoc_phage_15	novel_Lcoc_phage	viral	1500	49152
novel_Lcoc_phage_15_frag_32_L1500	novel_Lcoc_phage_15	novel_Lcoc_phage	viral	1500	49152
novel_Faec_phage_03_frag_1_L1500	novel_Faec_phage_03	novel_Faec_phage	viral	1500	56958
novel_Faec_phage_03_frag_2_L1500	novel_Faec_phage_03	novel_Faec_phage	viral	1500	56958
novel_Faec_phage_03_frag_3_L1500	novel_Faec_phage_03	novel_Faec_phage	viral	1500	56958
novel_Faec_phage_03_frag_4_L1500	novel_Faec_phage_03	novel_Faec_phage	viral	1500	56958
novel_Faec_phage_03_frag_5_L1500	novel_Faec_phage_03	novel_Faec_phage	viral	1500	56958
novel_Faec_phage_03_frag_6_L1500	novel_Faec_phage_03	novel_Faec_phage	viral	1500	56958
novel_Faec_phage_03_frag_7_L1500	novel_Faec_phage_03	novel_Faec_phage	viral	1500	56958
novel_Faec_phage_03_frag_8_L1500	novel_Faec_phage_03	novel_Faec_phage	viral	1500	56958
novel_Faec_phage_03_frag_9_L1500	novel_Faec_phage_03	novel_Faec_phage	viral	1500	56958
novel_Faec_phage_03_frag_10_L1500	novel_Faec_phage_03	novel_Faec_phage	viral	1500	56958
novel_Faec_phage_03_frag_11_L1500	novel_Faec_phage_03	novel_Faec_phage	viral	1500	56958
novel_Faec_phage_03_frag_12_L1500	novel_Faec_phage_03	novel_Faec_phage	viral	1500	56958
novel_Faec_phage_03_frag_13_L1500	novel_Faec_phage_03	novel_Faec_phage	viral	1500	56958
novel_Faec_phage_03_frag_14_L1500	novel_Faec_phage_03	novel_Faec_phage	viral	1500	56958
novel_Faec_phage_03_frag_15_L1500	novel_Faec_phage_03	novel_Faec_phage	viral	1500	56958
novel_Faec_phage_03_frag_16_L1500	novel_Faec_phage_03	novel_Faec_phage	viral	1500	56958
novel_Faec_phage_03_frag_17_L1500	novel_Faec_phage_03	novel_Faec_phage	viral	1500	56958
novel_Faec_phage_03_frag_18_L1500	novel_Faec_phage_03	novel_Faec_phage	viral	1500	56958
novel_Faec_phage_03_frag_19_L1500	novel_Faec_phage_03	novel_Faec_phage	viral	1500	56958
novel_Faec_phage_03_frag_20_L1500	novel_Faec_phage_03	novel_Faec_phage	viral	1500	56958
novel_Faec_phage_03_frag_21_L1500	novel_Faec_phage_03	novel_Faec_phage	viral	1500	56958
novel_Faec_phage_03_frag_22_L1500	novel_Faec_phage_03	novel_Faec_phage	viral	1500	56958
novel_Faec_phage_03_frag_23_L1500	novel_Faec_phage_03	novel_Faec_phage	viral	1500	56958
novel_Faec_phage_03_frag_24_L1500	novel_Faec_phage_03	novel_Faec_phage	viral	1500	56958
novel_Faec_phage_03_frag_25_L1500	novel_Faec_phage_03	novel_Faec_phage	viral	1500	56958
novel_Faec_phage_03_frag_26_L1500	novel_Faec_phage_03	novel_Faec_phage	viral	1500	56958
novel_Faec_phage_03_frag_27_L1500	novel_Faec_phage_03	novel_Faec_phage	viral	1500	56958
novel_Faec_phage_03_frag_28_L1500	novel_Faec_phage_03	novel_Faec_phage	viral	1500	56958
novel_Faec_phage_03_frag_29_L1500	novel_Faec_phage_03	novel_Faec_phage	viral	1500	56958
novel_Faec_phage_03_frag_30_L1500	novel_Faec_phage_03	novel_Faec_phage	viral	1500	56958
novel_Faec_phage_03_frag_31_L1500	novel_Faec_phage_03	novel_Faec_phage	viral	1500	56958
novel_Faec_phage_03_frag_32_L1500	novel_Faec_phage_03	novel_Faec_phage	viral	1500	56958
novel_Faec_phage_03_frag_33_L1500	novel_Faec_phage_03	novel_Faec_phage	viral	1500	56958
novel_Faec_phage_03_frag_34_L1500	novel_Faec_phage_03	novel_Faec_phage	viral	1500	56958
novel_Faec_phage_03_frag_35_L1500	novel_Faec_phage_03	novel_Faec_phage	viral	1500	56958
novel_Faec_phage_03_frag_36_L1500	novel_Faec_phage_03	novel_Faec_phage	viral	1500	56958
novel_Faec_phage_03_frag_37_L1500	novel_Faec_phage_03	novel_Faec_phage	viral	1500	56958
novel_Cory_phage_06_frag_1_L1500	novel_Cory_phage_06	novel_Cory_phage	viral	1500	51909
novel_Cory_phage_06_frag_2_L1500	novel_Cory_phage_06	novel_Cory_phage	viral	1500	51909
novel_Cory_phage_06_frag_3_L1500	novel_Cory_phage_06	novel_Cory_phage	viral	1500	51909
novel_Cory_phage_06_frag_4_L1500	novel_Cory_phage_06	novel_Cory_phage	viral	1500	51909
novel_Cory_phage_06_frag_5_L1500	novel_Cory_phage_06	novel_Cory_phage	viral	1500	51909
novel_Cory_phage_06_frag_6_L1500	novel_Cory_phage_06	novel_Cory_phage	viral	1500	51909
novel_Cory_phage_06_frag_7_L1500	novel_Cory_phage_06	novel_Cory_phage	viral	1500	51909
novel_Cory_phage_06_frag_8_L1500	novel_Cory_phage_06	novel_Cory_phage	viral	1500	51909
novel_Cory_phage_06_frag_9_L1500	novel_Cory_phage_06	novel_Cory_phage	viral	1500	51909
novel_Cory_phage_06_frag_10_L1500	novel_Cory_phage_06	novel_Cory_phage	viral	1500	51909
novel_Cory_phage_06_frag_11_L1500	novel_Cory_phage_06	novel_Cory_phage	viral	1500	51909
novel_Cory_phage_06_frag_12_L1500	novel_Cory_phage_06	novel_Cory_phage	viral	1500	51909
novel_Cory_phage_06_frag_13_L1500	novel_Cory_phage_06	novel_Cory_phage	viral	1500	51909
novel_Cory_phage_06_frag_14_L1500	novel_Cory_phage_06	novel_Cory_phage	viral	1500	51909
novel_Cory_phage_06_frag_15_L1500	novel_Cory_phage_06	novel_Cory_phage	viral	1500	51909
novel_Cory_phage_06_frag_16_L1500	novel_Cory_phage_06	novel_Cory_phage	viral	1500	51909
novel_Cory_phage_06_frag_17_L1500	novel_Cory_phage_06	novel_Cory_phage	viral	1500	51909
novel_Cory_phage_06_frag_18_L1500	novel_Cory_phage_06	novel_Cory_phage	viral	1500	51909
novel_Cory_phage_06_frag_19_L1500	novel_Cory_phage_06	novel_Cory_phage	viral	1500	51909
novel_Cory_phage_06_frag_20_L1500	novel_Cory_phage_06	novel_Cory_phage	viral	1500	51909
novel_Cory_phage_06_frag_21_L1500	novel_Cory_phage_06	novel_Cory_phage	viral	1500	51909
novel_Cory_phage_06_frag_22_L1500	novel_Cory_phage_06	novel_Cory_phage	viral	1500	51909
novel_Cory_phage_06_frag_23_L1500	novel_Cory_phage_06	novel_Cory_phage	viral	1500	51909
novel_Cory_phage_06_frag_24_L1500	novel_Cory_phage_06	novel_Cory_phage	viral	1500	51909
novel_Cory_phage_06_frag_25_L1500	novel_Cory_phage_06	novel_Cory_phage	viral	1500	51909
novel_Cory_phage_06_frag_26_L1500	novel_Cory_phage_06	novel_Cory_phage	viral	1500	51909
novel_Cory_phage_06_frag_27_L1500	novel_Cory_phage_06	novel_Cory_phage	viral	1500	51909
novel_Cory_phage_06_frag_28_L1500	novel_Cory_phage_06	novel_Cory_phage	viral	1500	51909
novel_Cory_phage_06_frag_29_L1500	novel_Cory_phage_06	novel_Cory_phage	viral	1500	51909
novel_Cory_phage_06_frag_30_L1500	novel_Cory_phage_06	novel_Cory_phage	viral	1500	51909
novel_Cory_phage_06_frag_31_L1500	novel_Cory_phage_06	novel_Cory_phage	viral	1500	51909
novel_Cory_phage_06_frag_32_L1500	novel_Cory_phage_06	novel_Cory_phage	viral	1500	51909
novel_Cory_phage_06_frag_33_L1500	novel_Cory_phage_06	novel_Cory_phage	viral	1500	51909
novel_Cory_phage_06_frag_34_L1500	novel_Cory_phage_06	novel_Cory_phage	viral	1500	51909
novel_Lcoc_phage_14_frag_1_L1500	novel_Lcoc_phage_14	novel_Lcoc_phage	viral	1500	49739
novel_Lcoc_phage_14_frag_2_L1500	novel_Lcoc_phage_14	novel_Lcoc_phage	viral	1500	49739
novel_Lcoc_phage_14_frag_3_L1500	novel_Lcoc_phage_14	novel_Lcoc_phage	viral	1500	49739
novel_Lcoc_phage_14_frag_4_L1500	novel_Lcoc_phage_14	novel_Lcoc_phage	viral	1500	49739
novel_Lcoc_phage_14_frag_5_L1500	novel_Lcoc_phage_14	novel_Lcoc_phage	viral	1500	49739
novel_Lcoc_phage_14_frag_6_L1500	novel_Lcoc_phage_14	novel_Lcoc_phage	viral	1500	49739
novel_Lcoc_phage_14_frag_7_L1500	novel_Lcoc_phage_14	novel_Lcoc_phage	viral	1500	49739
novel_Lcoc_phage_14_frag_8_L1500	novel_Lcoc_phage_14	novel_Lcoc_phage	viral	1500	49739
novel_Lcoc_phage_14_frag_9_L1500	novel_Lcoc_phage_14	novel_Lcoc_phage	viral	1500	49739
novel_Lcoc_phage_14_frag_10_L1500	novel_Lcoc_phage_14	novel_Lcoc_phage	viral	1500	49739
novel_Lcoc_phage_14_frag_11_L1500	novel_Lcoc_phage_14	novel_Lcoc_phage	viral	1500	49739
novel_Lcoc_phage_14_frag_12_L1500	novel_Lcoc_phage_14	novel_Lcoc_phage	viral	1500	49739
novel_Lcoc_phage_14_frag_13_L1500	novel_Lcoc_phage_14	novel_Lcoc_phage	viral	1500	49739
novel_Lcoc_phage_14_frag_14_L1500	novel_Lcoc_phage_14	novel_Lcoc_phage	viral	1500	49739
novel_Lcoc_phage_14_frag_15_L1500	novel_Lcoc_phage_14	novel_Lcoc_phage	viral	1500	49739
novel_Lcoc_phage_14_frag_16_L1500	novel_Lcoc_phage_14	novel_Lcoc_phage	viral	1500	49739
novel_Lcoc_phage_14_frag_17_L1500	novel_Lcoc_phage_14	novel_Lcoc_phage	viral	1500	49739
novel_Lcoc_phage_14_frag_18_L1500	novel_Lcoc_phage_14	novel_Lcoc_phage	viral	1500	49739
novel_Lcoc_phage_14_frag_19_L1500	novel_Lcoc_phage_14	novel_Lcoc_phage	viral	1500	49739
novel_Lcoc_phage_14_frag_20_L1500	novel_Lcoc_phage_14	novel_Lcoc_phage	viral	1500	49739
novel_Lcoc_phage_14_frag_21_L1500	novel_Lcoc_phage_14	novel_Lcoc_phage	viral	1500	49739
novel_Lcoc_phage_14_frag_22_L1500	novel_Lcoc_phage_14	novel_Lcoc_phage	viral	1500	49739
novel_Lcoc_phage_14_frag_23_L1500	novel_Lcoc_phage_14	novel_Lcoc_phage	viral	1500	49739
novel_Lcoc_phage_14_frag_24_L1500	novel_Lcoc_phage_14	novel_Lcoc_phage	viral	1500	49739
novel_Lcoc_phage_14_frag_25_L1500	novel_Lcoc_phage_14	novel_Lcoc_phage	viral	1500	49739
novel_Lcoc_phage_14_frag_26_L1500	novel_Lcoc_phage_14	novel_Lcoc_phage	viral	1500	49739
novel_Lcoc_phage_14_frag_27_L1500	novel_Lcoc_phage_14	novel_Lcoc_phage	viral	1500	49739
novel_Lcoc_phage_14_frag_28_L1500	novel_Lcoc_phage_14	novel_Lcoc_phage	viral	1500	49739
novel_Lcoc_phage_14_frag_29_L1500	novel_Lcoc_phage_14	novel_Lcoc_phage	viral	1500	49739
novel_Lcoc_phage_14_frag_30_L1500	novel_Lcoc_phage_14	novel_Lcoc_phage	viral	1500	49739
novel_Lcoc_phage_14_frag_31_L1500	novel_Lcoc_phage_14	novel_Lcoc_phage	viral	1500	49739
novel_Lcoc_phage_14_frag_32_L1500	novel_Lcoc_phage_14	novel_Lcoc_phage	viral	1500	49739
novel_Lcoc_phage_14_frag_33_L1500	novel_Lcoc_phage_14	novel_Lcoc_phage	viral	1500	49739
novel_Cory_phage_07_frag_1_L1500	novel_Cory_phage_07	novel_Cory_phage	viral	1500	47724
novel_Cory_phage_07_frag_2_L1500	novel_Cory_phage_07	novel_Cory_phage	viral	1500	47724
novel_Cory_phage_07_frag_3_L1500	novel_Cory_phage_07	novel_Cory_phage	viral	1500	47724
novel_Cory_phage_07_frag_4_L1500	novel_Cory_phage_07	novel_Cory_phage	viral	1500	47724
novel_Cory_phage_07_frag_5_L1500	novel_Cory_phage_07	novel_Cory_phage	viral	1500	47724
novel_Cory_phage_07_frag_6_L1500	novel_Cory_phage_07	novel_Cory_phage	viral	1500	47724
novel_Cory_phage_07_frag_7_L1500	novel_Cory_phage_07	novel_Cory_phage	viral	1500	47724
novel_Cory_phage_07_frag_8_L1500	novel_Cory_phage_07	novel_Cory_phage	viral	1500	47724
novel_Cory_phage_07_frag_9_L1500	novel_Cory_phage_07	novel_Cory_phage	viral	1500	47724
novel_Cory_phage_07_frag_10_L1500	novel_Cory_phage_07	novel_Cory_phage	viral	1500	47724
novel_Cory_phage_07_frag_11_L1500	novel_Cory_phage_07	novel_Cory_phage	viral	1500	47724
novel_Cory_phage_07_frag_12_L1500	novel_Cory_phage_07	novel_Cory_phage	viral	1500	47724
novel_Cory_phage_07_frag_13_L1500	novel_Cory_phage_07	novel_Cory_phage	viral	1500	47724
novel_Cory_phage_07_frag_14_L1500	novel_Cory_phage_07	novel_Cory_phage	viral	1500	47724
novel_Cory_phage_07_frag_15_L1500	novel_Cory_phage_07	novel_Cory_phage	viral	1500	47724
novel_Cory_phage_07_frag_16_L1500	novel_Cory_phage_07	novel_Cory_phage	viral	1500	47724
novel_Cory_phage_07_frag_17_L1500	novel_Cory_phage_07	novel_Cory_phage	viral	1500	47724
novel_Cory_phage_07_frag_18_L1500	novel_Cory_phage_07	novel_Cory_phage	viral	1500	47724
novel_Cory_phage_07_frag_19_L1500	novel_Cory_phage_07	novel_Cory_phage	viral	1500	47724
novel_Cory_phage_07_frag_20_L1500	novel_Cory_phage_07	novel_Cory_phage	viral	1500	47724
novel_Cory_phage_07_frag_21_L1500	novel_Cory_phage_07	novel_Cory_phage	viral	1500	47724
novel_Cory_phage_07_frag_22_L1500	novel_Cory_phage_07	novel_Cory_phage	viral	1500	47724
novel_Cory_phage_07_frag_23_L1500	novel_Cory_phage_07	novel_Cory_phage	viral	1500	47724
novel_Cory_phage_07_frag_24_L1500	novel_Cory_phage_07	novel_Cory_phage	viral	1500	47724
novel_Cory_phage_07_frag_25_L1500	novel_Cory_phage_07	novel_Cory_phage	viral	1500	47724
novel_Cory_phage_07_frag_26_L1500	novel_Cory_phage_07	novel_Cory_phage	viral	1500	47724
novel_Cory_phage_07_frag_27_L1500	novel_Cory_phage_07	novel_Cory_phage	viral	1500	47724
novel_Cory_phage_07_frag_28_L1500	novel_Cory_phage_07	novel_Cory_phage	viral	1500	47724
novel_Cory_phage_07_frag_29_L1500	novel_Cory_phage_07	novel_Cory_phage	viral	1500	47724
novel_Cory_phage_07_frag_30_L1500	novel_Cory_phage_07	novel_Cory_phage	viral	1500	47724
novel_Cory_phage_07_frag_31_L1500	novel_Cory_phage_07	novel_Cory_phage	viral	1500	47724
novel_Lcoc_phage_09_frag_1_L1500	novel_Lcoc_phage_09	novel_Lcoc_phage	viral	1500	39676
novel_Lcoc_phage_09_frag_2_L1500	novel_Lcoc_phage_09	novel_Lcoc_phage	viral	1500	39676
novel_Lcoc_phage_09_frag_3_L1500	novel_Lcoc_phage_09	novel_Lcoc_phage	viral	1500	39676
novel_Lcoc_phage_09_frag_4_L1500	novel_Lcoc_phage_09	novel_Lcoc_phage	viral	1500	39676
novel_Lcoc_phage_09_frag_5_L1500	novel_Lcoc_phage_09	novel_Lcoc_phage	viral	1500	39676
novel_Lcoc_phage_09_frag_6_L1500	novel_Lcoc_phage_09	novel_Lcoc_phage	viral	1500	39676
novel_Lcoc_phage_09_frag_7_L1500	novel_Lcoc_phage_09	novel_Lcoc_phage	viral	1500	39676
novel_Lcoc_phage_09_frag_8_L1500	novel_Lcoc_phage_09	novel_Lcoc_phage	viral	1500	39676
novel_Lcoc_phage_09_frag_9_L1500	novel_Lcoc_phage_09	novel_Lcoc_phage	viral	1500	39676
novel_Lcoc_phage_09_frag_10_L1500	novel_Lcoc_phage_09	novel_Lcoc_phage	viral	1500	39676
novel_Lcoc_phage_09_frag_11_L1500	novel_Lcoc_phage_09	novel_Lcoc_phage	viral	1500	39676
novel_Lcoc_phage_09_frag_12_L1500	novel_Lcoc_phage_09	novel_Lcoc_phage	viral	1500	39676
novel_Lcoc_phage_09_frag_13_L1500	novel_Lcoc_phage_09	novel_Lcoc_phage	viral	1500	39676
novel_Lcoc_phage_09_frag_14_L1500	novel_Lcoc_phage_09	novel_Lcoc_phage	viral	1500	39676
novel_Lcoc_phage_09_frag_15_L1500	novel_Lcoc_phage_09	novel_Lcoc_phage	viral	1500	39676
novel_Lcoc_phage_09_frag_16_L1500	novel_Lcoc_phage_09	novel_Lcoc_phage	viral	1500	39676
novel_Lcoc_phage_09_frag_17_L1500	novel_Lcoc_phage_09	novel_Lcoc_phage	viral	1500	39676
novel_Lcoc_phage_09_frag_18_L1500	novel_Lcoc_phage_09	novel_Lcoc_phage	viral	1500	39676
novel_Lcoc_phage_09_frag_19_L1500	novel_Lcoc_phage_09	novel_Lcoc_phage	viral	1500	39676
novel_Lcoc_phage_09_frag_20_L1500	novel_Lcoc_phage_09	novel_Lcoc_phage	viral	1500	39676
novel_Lcoc_phage_09_frag_21_L1500	novel_Lcoc_phage_09	novel_Lcoc_phage	viral	1500	39676
novel_Lcoc_phage_09_frag_22_L1500	novel_Lcoc_phage_09	novel_Lcoc_phage	viral	1500	39676
novel_Lcoc_phage_09_frag_23_L1500	novel_Lcoc_phage_09	novel_Lcoc_phage	viral	1500	39676
novel_Lcoc_phage_09_frag_24_L1500	novel_Lcoc_phage_09	novel_Lcoc_phage	viral	1500	39676
novel_Lcoc_phage_09_frag_25_L1500	novel_Lcoc_phage_09	novel_Lcoc_phage	viral	1500	39676
novel_Lcoc_phage_09_frag_26_L1500	novel_Lcoc_phage_09	novel_Lcoc_phage	viral	1500	39676
novel_Gord_phage_11_frag_1_L1500	novel_Gord_phage_11	novel_Gord_phage	viral	1500	49659
novel_Gord_phage_11_frag_2_L1500	novel_Gord_phage_11	novel_Gord_phage	viral	1500	49659
novel_Gord_phage_11_frag_3_L1500	novel_Gord_phage_11	novel_Gord_phage	viral	1500	49659
novel_Gord_phage_11_frag_4_L1500	novel_Gord_phage_11	novel_Gord_phage	viral	1500	49659
novel_Gord_phage_11_frag_5_L1500	novel_Gord_phage_11	novel_Gord_phage	viral	1500	49659
novel_Gord_phage_11_frag_6_L1500	novel_Gord_phage_11	novel_Gord_phage	viral	1500	49659
novel_Gord_phage_11_frag_7_L1500	novel_Gord_phage_11	novel_Gord_phage	viral	1500	49659
novel_Gord_phage_11_frag_8_L1500	novel_Gord_phage_11	novel_Gord_phage	viral	1500	49659
novel_Gord_phage_11_frag_9_L1500	novel_Gord_phage_11	novel_Gord_phage	viral	1500	49659
novel_Gord_phage_11_frag_10_L1500	novel_Gord_phage_11	novel_Gord_phage	viral	1500	49659
novel_Gord_phage_11_frag_11_L1500	novel_Gord_phage_11	novel_Gord_phage	viral	1500	49659
novel_Gord_phage_11_frag_12_L1500	novel_Gord_phage_11	novel_Gord_phage	viral	1500	49659
novel_Gord_phage_11_frag_13_L1500	novel_Gord_phage_11	novel_Gord_phage	viral	1500	49659
novel_Gord_phage_11_frag_14_L1500	novel_Gord_phage_11	novel_Gord_phage	viral	1500	49659
novel_Gord_phage_11_frag_15_L1500	novel_Gord_phage_11	novel_Gord_phage	viral	1500	49659
novel_Gord_phage_11_frag_16_L1500	novel_Gord_phage_11	novel_Gord_phage	viral	1500	49659
novel_Gord_phage_11_frag_17_L1500	novel_Gord_phage_11	novel_Gord_phage	viral	1500	49659
novel_Gord_phage_11_frag_18_L1500	novel_Gord_phage_11	novel_Gord_phage	viral	1500	49659
novel_Gord_phage_11_frag_19_L1500	novel_Gord_phage_11	novel_Gord_phage	viral	1500	49659
novel_Gord_phage_11_frag_20_L1500	novel_Gord_phage_11	novel_Gord_phage	viral	1500	49659
novel_Gord_phage_11_frag_21_L1500	novel_Gord_phage_11	novel_Gord_phage	viral	1500	49659
novel_Gord_phage_11_frag_22_L1500	novel_Gord_phage_11	novel_Gord_phage	viral	1500	49659
novel_Gord_phage_11_frag_23_L1500	novel_Gord_phage_11	novel_Gord_phage	viral	1500	49659
novel_Gord_phage_11_frag_24_L1500	novel_Gord_phage_11	novel_Gord_phage	viral	1500	49659
novel_Gord_phage_11_frag_25_L1500	novel_Gord_phage_11	novel_Gord_phage	viral	1500	49659
novel_Gord_phage_11_frag_26_L1500	novel_Gord_phage_11	novel_Gord_phage	viral	1500	49659
novel_Gord_phage_11_frag_27_L1500	novel_Gord_phage_11	novel_Gord_phage	viral	1500	49659
novel_Gord_phage_11_frag_28_L1500	novel_Gord_phage_11	novel_Gord_phage	viral	1500	49659
novel_Gord_phage_11_frag_29_L1500	novel_Gord_phage_11	novel_Gord_phage	viral	1500	49659
novel_Gord_phage_11_frag_30_L1500	novel_Gord_phage_11	novel_Gord_phage	viral	1500	49659
novel_Gord_phage_11_frag_31_L1500	novel_Gord_phage_11	novel_Gord_phage	viral	1500	49659
novel_Gord_phage_11_frag_32_L1500	novel_Gord_phage_11	novel_Gord_phage	viral	1500	49659
novel_Gord_phage_11_frag_33_L1500	novel_Gord_phage_11	novel_Gord_phage	viral	1500	49659
novel_Riem_phage_12_frag_1_L1500	novel_Riem_phage_12	novel_Riem_phage	viral	1500	42100
novel_Riem_phage_12_frag_2_L1500	novel_Riem_phage_12	novel_Riem_phage	viral	1500	42100
novel_Riem_phage_12_frag_3_L1500	novel_Riem_phage_12	novel_Riem_phage	viral	1500	42100
novel_Riem_phage_12_frag_4_L1500	novel_Riem_phage_12	novel_Riem_phage	viral	1500	42100
novel_Riem_phage_12_frag_5_L1500	novel_Riem_phage_12	novel_Riem_phage	viral	1500	42100
novel_Riem_phage_12_frag_6_L1500	novel_Riem_phage_12	novel_Riem_phage	viral	1500	42100
novel_Riem_phage_12_frag_7_L1500	novel_Riem_phage_12	novel_Riem_phage	viral	1500	42100
novel_Riem_phage_12_frag_8_L1500	novel_Riem_phage_12	novel_Riem_phage	viral	1500	42100
novel_Riem_phage_12_frag_9_L1500	novel_Riem_phage_12	novel_Riem_phage	viral	1500	42100
novel_Riem_phage_12_frag_10_L1500	novel_Riem_phage_12	novel_Riem_phage	viral	1500	42100
novel_Riem_phage_12_frag_11_L1500	novel_Riem_phage_12	novel_Riem_phage	viral	1500	42100
novel_Riem_phage_12_frag_12_L1500	novel_Riem_phage_12	novel_Riem_phage	viral	1500	42100
novel_Riem_phage_12_frag_13_L1500	novel_Riem_phage_12	novel_Riem_phage	viral	1500	42100
novel_Riem_phage_12_frag_14_L1500	novel_Riem_phage_12	novel_Riem_phage	viral	1500	42100
novel_Riem_phage_12_frag_15_L1500	novel_Riem_phage_12	novel_Riem_phage	viral	1500	42100
novel_Riem_phage_12_frag_16_L1500	novel_Riem_phage_12	novel_Riem_phage	viral	1500	42100
novel_Riem_phage_12_frag_17_L1500	novel_Riem_phage_12	novel_Riem_phage	viral	1500	42100
novel_Riem_phage_12_frag_18_L1500	novel_Riem_phage_12	novel_Riem_phage	viral	1500	42100
novel_Riem_phage_12_frag_19_L1500	novel_Riem_phage_12	novel_Riem_phage	viral	1500	42100
novel_Riem_phage_12_frag_20_L1500	novel_Riem_phage_12	novel_Riem_phage	viral	1500	42100
novel_Riem_phage_12_frag_21_L1500	novel_Riem_phage_12	novel_Riem_phage	viral	1500	42100
novel_Riem_phage_12_frag_22_L1500	novel_Riem_phage_12	novel_Riem_phage	viral	1500	42100
novel_Riem_phage_12_frag_23_L1500	novel_Riem_phage_12	novel_Riem_phage	viral	1500	42100
novel_Riem_phage_12_frag_24_L1500	novel_Riem_phage_12	novel_Riem_phage	viral	1500	42100
novel_Riem_phage_12_frag_25_L1500	novel_Riem_phage_12	novel_Riem_phage	viral	1500	42100
novel_Riem_phage_12_frag_26_L1500	novel_Riem_phage_12	novel_Riem_phage	viral	1500	42100
novel_Riem_phage_12_frag_27_L1500	novel_Riem_phage_12	novel_Riem_phage	viral	1500	42100
novel_Riem_phage_12_frag_28_L1500	novel_Riem_phage_12	novel_Riem_phage	viral	1500	42100
NZ_CP049230.1_frag_814_L1500	NZ_CP049230.1	negative_control	bacterial	1500	1318700
NZ_AFIJ01000007.1_frag_51_L1500	NZ_AFIJ01000007.1	negative_control	bacterial	1500	148045
NZ_AFIJ01000038.1_frag_32_L1500	NZ_AFIJ01000038.1	negative_control	bacterial	1500	96055
NZ_CP065631.1_frag_771_L1500	NZ_CP065631.1	negative_control	bacterial	1500	1447017
NZ_AP012332.1_frag_298_L1500	NZ_AP012332.1	negative_control	bacterial	1500	1667406
NZ_AP012332.1_frag_51_L1500	NZ_AP012332.1	negative_control	bacterial	1500	1667406
NZ_CP011280.1_frag_759_L1500	NZ_CP011280.1	negative_control	bacterial	1500	1330224
NZ_CP011280.1_frag_74_L1500	NZ_CP011280.1	negative_control	bacterial	1500	1330224
NZ_CP065631.1_frag_730_L1500	NZ_CP065631.1	negative_control	bacterial	1500	1447017
NZ_AFIJ01000008.1_frag_77_L1500	NZ_AFIJ01000008.1	negative_control	bacterial	1500	149073
NZ_CP065631.1_frag_240_L1500	NZ_CP065631.1	negative_control	bacterial	1500	1447017
NZ_CP065631.1_frag_764_L1500	NZ_CP065631.1	negative_control	bacterial	1500	1447017
NZ_CP049230.1_frag_43_L1500	NZ_CP049230.1	negative_control	bacterial	1500	1318700
NZ_AFIJ01000014.1_frag_5_L1500	NZ_AFIJ01000014.1	negative_control	bacterial	1500	11574
NZ_CP049230.1_frag_413_L1500	NZ_CP049230.1	negative_control	bacterial	1500	1318700
NZ_CP039266.1_frag_390_L1500	NZ_CP039266.1	negative_control	bacterial	1500	2023061
NZ_AFIJ01000036.1_frag_24_L1500	NZ_AFIJ01000036.1	negative_control	bacterial	1500	38748
NZ_AFIJ01000036.1_frag_8_L1500	NZ_AFIJ01000036.1	negative_control	bacterial	1500	38748
NZ_AFIJ01000008.1_frag_5_L1500	NZ_AFIJ01000008.1	negative_control	bacterial	1500	149073
NZ_CP011280.1_frag_722_L1500	NZ_CP011280.1	negative_control	bacterial	1500	1330224
NZ_CP011280.1_frag_836_L1500	NZ_CP011280.1	negative_control	bacterial	1500	1330224
NZ_CP039266.1_frag_1073_L1500	NZ_CP039266.1	negative_control	bacterial	1500	2023061
NZ_CP049230.1_frag_507_L1500	NZ_CP049230.1	negative_control	bacterial	1500	1318700
NZ_AFIJ01000038.1_frag_45_L1500	NZ_AFIJ01000038.1	negative_control	bacterial	1500	96055
NZ_CP049230.1_frag_173_L1500	NZ_CP049230.1	negative_control	bacterial	1500	1318700
NZ_CP011280.1_frag_559_L1500	NZ_CP011280.1	negative_control	bacterial	1500	1330224
NZ_CP065631.1_frag_562_L1500	NZ_CP065631.1	negative_control	bacterial	1500	1447017
NZ_CP065631.1_frag_20_L1500	NZ_CP065631.1	negative_control	bacterial	1500	1447017
NZ_CP065631.1_frag_442_L1500	NZ_CP065631.1	negative_control	bacterial	1500	1447017
NZ_CP049230.1_frag_40_L1500	NZ_CP049230.1	negative_control	bacterial	1500	1318700
NZ_CP039266.1_frag_370_L1500	NZ_CP039266.1	negative_control	bacterial	1500	2023061
NZ_CP011280.1_frag_736_L1500	NZ_CP011280.1	negative_control	bacterial	1500	1330224
NZ_CP039266.1_frag_613_L1500	NZ_CP039266.1	negative_control	bacterial	1500	2023061
NZ_CP049230.1_frag_403_L1500	NZ_CP049230.1	negative_control	bacterial	1500	1318700
NZ_AP012332.1_frag_323_L1500	NZ_AP012332.1	negative_control	bacterial	1500	1667406
NZ_AFIJ01000045.1_frag_54_L1500	NZ_AFIJ01000045.1	negative_control	bacterial	1500	114466
NZ_CP065631.1_frag_913_L1500	NZ_CP065631.1	negative_control	bacterial	1500	1447017
NZ_CP011280.1_frag_238_L1500	NZ_CP011280.1	negative_control	bacterial	1500	1330224
NZ_CP065631.1_frag_416_L1500	NZ_CP065631.1	negative_control	bacterial	1500	1447017
NZ_CP039266.1_frag_396_L1500	NZ_CP039266.1	negative_control	bacterial	1500	2023061
NZ_AP012332.1_frag_832_L1500	NZ_AP012332.1	negative_control	bacterial	1500	1667406
NZ_AP012332.1_frag_321_L1500	NZ_AP012332.1	negative_control	bacterial	1500	1667406
NZ_CP011280.1_frag_204_L1500	NZ_CP011280.1	negative_control	bacterial	1500	1330224
NZ_CP011280.1_frag_694_L1500	NZ_CP011280.1	negative_control	bacterial	1500	1330224
NZ_AP012332.1_frag_802_L1500	NZ_AP012332.1	negative_control	bacterial	1500	1667406
NZ_AFIJ01000008.1_frag_75_L1500	NZ_AFIJ01000008.1	negative_control	bacterial	1500	149073
NZ_AFIJ01000009.1_frag_16_L1500	NZ_AFIJ01000009.1	negative_control	bacterial	1500	28506
NZ_CP039266.1_frag_46_L1500	NZ_CP039266.1	negative_control	bacterial	1500	2023061
NZ_AFIJ01000008.1_frag_30_L1500	NZ_AFIJ01000008.1	negative_control	bacterial	1500	149073
NZ_AP012332.1_frag_985_L1500	NZ_AP012332.1	negative_control	bacterial	1500	1667406
NZ_AP012332.1_frag_862_L1500	NZ_AP012332.1	negative_control	bacterial	1500	1667406
NZ_CP049230.1_frag_521_L1500	NZ_CP049230.1	negative_control	bacterial	1500	1318700
NZ_AP012332.1_frag_211_L1500	NZ_AP012332.1	negative_control	bacterial	1500	1667406
NZ_AFIJ01000032.1_frag_4_L1500	NZ_AFIJ01000032.1	negative_control	bacterial	1500	123176
NZ_CP065631.1_frag_674_L1500	NZ_CP065631.1	negative_control	bacterial	1500	1447017
NZ_CP039266.1_frag_697_L1500	NZ_CP039266.1	negative_control	bacterial	1500	2023061
NZ_CP039266.1_frag_1326_L1500	NZ_CP039266.1	negative_control	bacterial	1500	2023061
NZ_AFIJ01000004.1_frag_34_L1500	NZ_AFIJ01000004.1	negative_control	bacterial	1500	100595
NZ_CP039266.1_frag_34_L1500	NZ_CP039266.1	negative_control	bacterial	1500	2023061
NZ_AFIJ01000020.1_frag_42_L1500	NZ_AFIJ01000020.1	negative_control	bacterial	1500	80676
NZ_CP049230.1_frag_98_L1500	NZ_CP049230.1	negative_control	bacterial	1500	1318700
NZ_AP012332.1_frag_446_L1500	NZ_AP012332.1	negative_control	bacterial	1500	1667406
NZ_CP049230.1_frag_725_L1500	NZ_CP049230.1	negative_control	bacterial	1500	1318700
NZ_CP049230.1_frag_642_L1500	NZ_CP049230.1	negative_control	bacterial	1500	1318700
NZ_AP012332.1_frag_1007_L1500	NZ_AP012332.1	negative_control	bacterial	1500	1667406
NZ_CP049230.1_frag_305_L1500	NZ_CP049230.1	negative_control	bacterial	1500	1318700
NZ_CP011280.1_frag_506_L1500	NZ_CP011280.1	negative_control	bacterial	1500	1330224
NZ_CP065631.1_frag_468_L1500	NZ_CP065631.1	negative_control	bacterial	1500	1447017
NZ_AFIJ01000023.1_frag_15_L1500	NZ_AFIJ01000023.1	negative_control	bacterial	1500	71554
NZ_AFIJ01000032.1_frag_24_L1500	NZ_AFIJ01000032.1	negative_control	bacterial	1500	123176
NZ_CP065631.1_frag_114_L1500	NZ_CP065631.1	negative_control	bacterial	1500	1447017
NZ_CP011280.1_frag_797_L1500	NZ_CP011280.1	negative_control	bacterial	1500	1330224
NZ_AP012332.1_frag_415_L1500	NZ_AP012332.1	negative_control	bacterial	1500	1667406
NZ_AFIJ01000020.1_frag_50_L1500	NZ_AFIJ01000020.1	negative_control	bacterial	1500	80676
NZ_CP011280.1_frag_838_L1500	NZ_CP011280.1	negative_control	bacterial	1500	1330224
NZ_AFIJ01000008.1_frag_65_L1500	NZ_AFIJ01000008.1	negative_control	bacterial	1500	149073
NZ_CP039266.1_frag_47_L1500	NZ_CP039266.1	negative_control	bacterial	1500	2023061
NZ_AP012332.1_frag_322_L1500	NZ_AP012332.1	negative_control	bacterial	1500	1667406
NZ_CP039266.1_frag_648_L1500	NZ_CP039266.1	negative_control	bacterial	1500	2023061
NZ_CP049230.1_frag_783_L1500	NZ_CP049230.1	negative_control	bacterial	1500	1318700
NZ_AP012332.1_frag_1033_L1500	NZ_AP012332.1	negative_control	bacterial	1500	1667406
NZ_CP011280.1_frag_263_L1500	NZ_CP011280.1	negative_control	bacterial	1500	1330224
NZ_AP012332.1_frag_1077_L1500	NZ_AP012332.1	negative_control	bacterial	1500	1667406
NZ_AP012332.1_frag_955_L1500	NZ_AP012332.1	negative_control	bacterial	1500	1667406
NZ_CP011280.1_frag_647_L1500	NZ_CP011280.1	negative_control	bacterial	1500	1330224
NZ_CP065631.1_frag_187_L1500	NZ_CP065631.1	negative_control	bacterial	1500	1447017
NZ_AP012332.1_frag_232_L1500	NZ_AP012332.1	negative_control	bacterial	1500	1667406
NZ_CP065631.1_frag_446_L1500	NZ_CP065631.1	negative_control	bacterial	1500	1447017
NZ_CP065631.1_frag_296_L1500	NZ_CP065631.1	negative_control	bacterial	1500	1447017
NZ_CP065631.1_frag_5_L1500	NZ_CP065631.1	negative_control	bacterial	1500	1447017
NZ_AFIJ01000023.1_frag_30_L1500	NZ_AFIJ01000023.1	negative_control	bacterial	1500	71554
NZ_CP049230.1_frag_566_L1500	NZ_CP049230.1	negative_control	bacterial	1500	1318700
NZ_CP049230.1_frag_777_L1500	NZ_CP049230.1	negative_control	bacterial	1500	1318700
NZ_CP011280.1_frag_332_L1500	NZ_CP011280.1	negative_control	bacterial	1500	1330224
NZ_CP039266.1_frag_1309_L1500	NZ_CP039266.1	negative_control	bacterial	1500	2023061
NZ_CP065631.1_frag_670_L1500	NZ_CP065631.1	negative_control	bacterial	1500	1447017
NZ_AP012332.1_frag_50_L1500	NZ_AP012332.1	negative_control	bacterial	1500	1667406
NZ_CP011280.1_frag_269_L1500	NZ_CP011280.1	negative_control	bacterial	1500	1330224
NZ_CP039266.1_frag_720_L1500	NZ_CP039266.1	negative_control	bacterial	1500	2023061
NZ_CP039266.1_frag_42_L1500	NZ_CP039266.1	negative_control	bacterial	1500	2023061
NZ_AP012332.1_frag_256_L1500	NZ_AP012332.1	negative_control	bacterial	1500	1667406
NZ_CP049230.1_frag_818_L1500	NZ_CP049230.1	negative_control	bacterial	1500	1318700
NZ_CP065631.1_frag_334_L1500	NZ_CP065631.1	negative_control	bacterial	1500	1447017
NZ_CP049230.1_frag_138_L1500	NZ_CP049230.1	negative_control	bacterial	1500	1318700
NZ_CP011280.1_frag_730_L1500	NZ_CP011280.1	negative_control	bacterial	1500	1330224
NZ_CP065631.1_frag_305_L1500	NZ_CP065631.1	negative_control	bacterial	1500	1447017
NZ_AP012332.1_frag_701_L1500	NZ_AP012332.1	negative_control	bacterial	1500	1667406
NZ_AFIJ01000029.1_frag_24_L1500	NZ_AFIJ01000029.1	negative_control	bacterial	1500	104968
NZ_CP011280.1_frag_807_L1500	NZ_CP011280.1	negative_control	bacterial	1500	1330224
NZ_AFIJ01000035.1_frag_1_L1500	NZ_AFIJ01000035.1	negative_control	bacterial	1500	55251
NZ_AP012332.1_frag_629_L1500	NZ_AP012332.1	negative_control	bacterial	1500	1667406
NZ_CP039266.1_frag_220_L1500	NZ_CP039266.1	negative_control	bacterial	1500	2023061
NZ_AP012332.1_frag_238_L1500	NZ_AP012332.1	negative_control	bacterial	1500	1667406
NZ_AFIJ01000026.1_frag_29_L1500	NZ_AFIJ01000026.1	negative_control	bacterial	1500	50184
NZ_CP011280.1_frag_659_L1500	NZ_CP011280.1	negative_control	bacterial	1500	1330224
NZ_CP049230.1_frag_222_L1500	NZ_CP049230.1	negative_control	bacterial	1500	1318700
NZ_CP065631.1_frag_578_L1500	NZ_CP065631.1	negative_control	bacterial	1500	1447017
NZ_AP012332.1_frag_622_L1500	NZ_AP012332.1	negative_control	bacterial	1500	1667406
NZ_CP011280.1_frag_672_L1500	NZ_CP011280.1	negative_control	bacterial	1500	1330224
NZ_CP065631.1_frag_66_L1500	NZ_CP065631.1	negative_control	bacterial	1500	1447017
NZ_CP039266.1_frag_1023_L1500	NZ_CP039266.1	negative_control	bacterial	1500	2023061
NZ_CP039266.1_frag_175_L1500	NZ_CP039266.1	negative_control	bacterial	1500	2023061
NZ_CP049230.1_frag_842_L1500	NZ_CP049230.1	negative_control	bacterial	1500	1318700
NZ_CP039266.1_frag_692_L1500	NZ_CP039266.1	negative_control	bacterial	1500	2023061
NZ_CP011280.1_frag_101_L1500	NZ_CP011280.1	negative_control	bacterial	1500	1330224
NZ_AP012332.1_frag_214_L1500	NZ_AP012332.1	negative_control	bacterial	1500	1667406
NZ_CP065631.1_frag_957_L1500	NZ_CP065631.1	negative_control	bacterial	1500	1447017
NZ_AP012332.1_frag_65_L1500	NZ_AP012332.1	negative_control	bacterial	1500	1667406
NZ_CP065631.1_frag_799_L1500	NZ_CP065631.1	negative_control	bacterial	1500	1447017
NZ_CP049230.1_frag_174_L1500	NZ_CP049230.1	negative_control	bacterial	1500	1318700
NZ_CP039267.1_frag_1_L1500	NZ_CP039267.1	negative_control	bacterial	1500	16343
NZ_AP012332.1_frag_197_L1500	NZ_AP012332.1	negative_control	bacterial	1500	1667406
NZ_CP065631.1_frag_816_L1500	NZ_CP065631.1	negative_control	bacterial	1500	1447017
NZ_CP049230.1_frag_364_L1500	NZ_CP049230.1	negative_control	bacterial	1500	1318700
NZ_CP039266.1_frag_443_L1500	NZ_CP039266.1	negative_control	bacterial	1500	2023061
NZ_CP049230.1_frag_356_L1500	NZ_CP049230.1	negative_control	bacterial	1500	1318700
NZ_CP039266.1_frag_205_L1500	NZ_CP039266.1	negative_control	bacterial	1500	2023061
NZ_AP012332.1_frag_1010_L1500	NZ_AP012332.1	negative_control	bacterial	1500	1667406
NZ_CP011280.1_frag_727_L1500	NZ_CP011280.1	negative_control	bacterial	1500	1330224
NZ_CP011280.1_frag_64_L1500	NZ_CP011280.1	negative_control	bacterial	1500	1330224
NZ_CP039266.1_frag_1108_L1500	NZ_CP039266.1	negative_control	bacterial	1500	2023061
NZ_CP039266.1_frag_976_L1500	NZ_CP039266.1	negative_control	bacterial	1500	2023061
NZ_AFIJ01000009.1_frag_1_L1500	NZ_AFIJ01000009.1	negative_control	bacterial	1500	28506
NZ_AFIJ01000032.1_frag_34_L1500	NZ_AFIJ01000032.1	negative_control	bacterial	1500	123176
NZ_AFIJ01000007.1_frag_37_L1500	NZ_AFIJ01000007.1	negative_control	bacterial	1500	148045
NZ_CP011280.1_frag_183_L1500	NZ_CP011280.1	negative_control	bacterial	1500	1330224
NZ_CP049230.1_frag_716_L1500	NZ_CP049230.1	negative_control	bacterial	1500	1318700
NZ_CP011280.1_frag_241_L1500	NZ_CP011280.1	negative_control	bacterial	1500	1330224
NZ_CP065631.1_frag_271_L1500	NZ_CP065631.1	negative_control	bacterial	1500	1447017
NZ_CP039266.1_frag_392_L1500	NZ_CP039266.1	negative_control	bacterial	1500	2023061
NZ_CP049230.1_frag_461_L1500	NZ_CP049230.1	negative_control	bacterial	1500	1318700
NZ_AFIJ01000026.1_frag_7_L1500	NZ_AFIJ01000026.1	negative_control	bacterial	1500	50184
NZ_CP039266.1_frag_86_L1500	NZ_CP039266.1	negative_control	bacterial	1500	2023061
NZ_CP039266.1_frag_60_L1500	NZ_CP039266.1	negative_control	bacterial	1500	2023061
NZ_CP049230.1_frag_457_L1500	NZ_CP049230.1	negative_control	bacterial	1500	1318700
NZ_CP039266.1_frag_768_L1500	NZ_CP039266.1	negative_control	bacterial	1500	2023061
NZ_CP039266.1_frag_1268_L1500	NZ_CP039266.1	negative_control	bacterial	1500	2023061
NZ_AP012332.1_frag_104_L1500	NZ_AP012332.1	negative_control	bacterial	1500	1667406
NZ_CP049230.1_frag_108_L1500	NZ_CP049230.1	negative_control	bacterial	1500	1318700
NZ_AFIJ01000039.1_frag_3_L1500	NZ_AFIJ01000039.1	negative_control	bacterial	1500	122540
NZ_CP065631.1_frag_269_L1500	NZ_CP065631.1	negative_control	bacterial	1500	1447017
NZ_CP065631.1_frag_601_L1500	NZ_CP065631.1	negative_control	bacterial	1500	1447017
NZ_AFIJ01000007.1_frag_77_L1500	NZ_AFIJ01000007.1	negative_control	bacterial	1500	148045
NZ_CP065631.1_frag_281_L1500	NZ_CP065631.1	negative_control	bacterial	1500	1447017
NZ_CP039266.1_frag_1332_L1500	NZ_CP039266.1	negative_control	bacterial	1500	2023061
NZ_AP012332.1_frag_230_L1500	NZ_AP012332.1	negative_control	bacterial	1500	1667406
NZ_CP049230.1_frag_826_L1500	NZ_CP049230.1	negative_control	bacterial	1500	1318700
NZ_AP012332.1_frag_831_L1500	NZ_AP012332.1	negative_control	bacterial	1500	1667406
NZ_AFIJ01000007.1_frag_52_L1500	NZ_AFIJ01000007.1	negative_control	bacterial	1500	148045
NZ_AP012332.1_frag_449_L1500	NZ_AP012332.1	negative_control	bacterial	1500	1667406
NZ_CP039266.1_frag_495_L1500	NZ_CP039266.1	negative_control	bacterial	1500	2023061
NZ_CP011280.1_frag_226_L1500	NZ_CP011280.1	negative_control	bacterial	1500	1330224
NZ_CP039266.1_frag_650_L1500	NZ_CP039266.1	negative_control	bacterial	1500	2023061
NZ_AFIJ01000045.1_frag_27_L1500	NZ_AFIJ01000045.1	negative_control	bacterial	1500	114466
NZ_CP065631.1_frag_612_L1500	NZ_CP065631.1	negative_control	bacterial	1500	1447017
NZ_CP065631.1_frag_592_L1500	NZ_CP065631.1	negative_control	bacterial	1500	1447017
NZ_AP012332.1_frag_202_L1500	NZ_AP012332.1	negative_control	bacterial	1500	1667406
NZ_CP039266.1_frag_1034_L1500	NZ_CP039266.1	negative_control	bacterial	1500	2023061
NZ_CP011280.1_frag_394_L1500	NZ_CP011280.1	negative_control	bacterial	1500	1330224
NZ_CP039266.1_frag_1092_L1500	NZ_CP039266.1	negative_control	bacterial	1500	2023061
NZ_AFIJ01000007.1_frag_10_L1500	NZ_AFIJ01000007.1	negative_control	bacterial	1500	148045
NZ_CP049230.1_frag_698_L1500	NZ_CP049230.1	negative_control	bacterial	1500	1318700
NZ_AP012332.1_frag_489_L1500	NZ_AP012332.1	negative_control	bacterial	1500	1667406
NZ_CP049230.1_frag_810_L1500	NZ_CP049230.1	negative_control	bacterial	1500	1318700
NZ_CP065631.1_frag_785_L1500	NZ_CP065631.1	negative_control	bacterial	1500	1447017
NZ_CP049230.1_frag_564_L1500	NZ_CP049230.1	negative_control	bacterial	1500	1318700
NZ_CP011280.1_frag_560_L1500	NZ_CP011280.1	negative_control	bacterial	1500	1330224
NZ_CP065631.1_frag_819_L1500	NZ_CP065631.1	negative_control	bacterial	1500	1447017
NZ_AP012332.1_frag_1108_L1500	NZ_AP012332.1	negative_control	bacterial	1500	1667406
NZ_CP011280.1_frag_254_L1500	NZ_CP011280.1	negative_control	bacterial	1500	1330224
NZ_CP039267.1_frag_4_L1500	NZ_CP039267.1	negative_control	bacterial	1500	16343
NZ_CP039266.1_frag_1278_L1500	NZ_CP039266.1	negative_control	bacterial	1500	2023061
NZ_AFIJ01000045.1_frag_5_L1500	NZ_AFIJ01000045.1	negative_control	bacterial	1500	114466
NZ_CP049230.1_frag_482_L1500	NZ_CP049230.1	negative_control	bacterial	1500	1318700
NZ_AP012332.1_frag_700_L1500	NZ_AP012332.1	negative_control	bacterial	1500	1667406
NZ_CP039266.1_frag_936_L1500	NZ_CP039266.1	negative_control	bacterial	1500	2023061
NZ_AFIJ01000039.1_frag_68_L1500	NZ_AFIJ01000039.1	negative_control	bacterial	1500	122540
NZ_AFIJ01000007.1_frag_55_L1500	NZ_AFIJ01000007.1	negative_control	bacterial	1500	148045
NZ_AP012332.1_frag_1018_L1500	NZ_AP012332.1	negative_control	bacterial	1500	1667406
NZ_AP012332.1_frag_564_L1500	NZ_AP012332.1	negative_control	bacterial	1500	1667406
NZ_AP012332.1_frag_6_L1500	NZ_AP012332.1	negative_control	bacterial	1500	1667406
NZ_AFIJ01000029.1_frag_40_L1500	NZ_AFIJ01000029.1	negative_control	bacterial	1500	104968
NZ_AP012332.1_frag_18_L1500	NZ_AP012332.1	negative_control	bacterial	1500	1667406
NZ_CP049230.1_frag_223_L1500	NZ_CP049230.1	negative_control	bacterial	1500	1318700
NZ_CP065631.1_frag_905_L1500	NZ_CP065631.1	negative_control	bacterial	1500	1447017
NZ_AFIJ01000017.1_frag_10_L1500	NZ_AFIJ01000017.1	negative_control	bacterial	1500	21892
NZ_CP065631.1_frag_692_L1500	NZ_CP065631.1	negative_control	bacterial	1500	1447017
NZ_CP039266.1_frag_915_L1500	NZ_CP039266.1	negative_control	bacterial	1500	2023061
NZ_AFIJ01000023.1_frag_12_L1500	NZ_AFIJ01000023.1	negative_control	bacterial	1500	71554
NZ_CP039266.1_frag_1297_L1500	NZ_CP039266.1	negative_control	bacterial	1500	2023061
NZ_AFIJ01000004.1_frag_42_L1500	NZ_AFIJ01000004.1	negative_control	bacterial	1500	100595
NZ_AFIJ01000004.1_frag_63_L1500	NZ_AFIJ01000004.1	negative_control	bacterial	1500	100595
NZ_CP065631.1_frag_101_L1500	NZ_CP065631.1	negative_control	bacterial	1500	1447017
NZ_CP039266.1_frag_827_L1500	NZ_CP039266.1	negative_control	bacterial	1500	2023061
NZ_CP049230.1_frag_79_L1500	NZ_CP049230.1	negative_control	bacterial	1500	1318700
NZ_CP011280.1_frag_283_L1500	NZ_CP011280.1	negative_control	bacterial	1500	1330224
NZ_AP012332.1_frag_216_L1500	NZ_AP012332.1	negative_control	bacterial	1500	1667406
NZ_CP039266.1_frag_1256_L1500	NZ_CP039266.1	negative_control	bacterial	1500	2023061
NZ_CP049230.1_frag_545_L1500	NZ_CP049230.1	negative_control	bacterial	1500	1318700
NZ_CP039266.1_frag_400_L1500	NZ_CP039266.1	negative_control	bacterial	1500	2023061
NZ_CP011280.1_frag_666_L1500	NZ_CP011280.1	negative_control	bacterial	1500	1330224
NZ_CP039267.1_frag_3_L1500	NZ_CP039267.1	negative_control	bacterial	1500	16343
NZ_CP065631.1_frag_676_L1500	NZ_CP065631.1	negative_control	bacterial	1500	1447017
NZ_CP065631.1_frag_348_L1500	NZ_CP065631.1	negative_control	bacterial	1500	1447017
NZ_CP011280.1_frag_578_L1500	NZ_CP011280.1	negative_control	bacterial	1500	1330224
NZ_CP065631.1_frag_537_L1500	NZ_CP065631.1	negative_control	bacterial	1500	1447017
NZ_AP012332.1_frag_598_L1500	NZ_AP012332.1	negative_control	bacterial	1500	1667406
NZ_CP039266.1_frag_202_L1500	NZ_CP039266.1	negative_control	bacterial	1500	2023061
NZ_CP065631.1_frag_199_L1500	NZ_CP065631.1	negative_control	bacterial	1500	1447017
NZ_CP065631.1_frag_937_L1500	NZ_CP065631.1	negative_control	bacterial	1500	1447017
NZ_AP012332.1_frag_1104_L1500	NZ_AP012332.1	negative_control	bacterial	1500	1667406
NZ_CP039266.1_frag_522_L1500	NZ_CP039266.1	negative_control	bacterial	1500	2023061
NZ_CP039266.1_frag_1173_L1500	NZ_CP039266.1	negative_control	bacterial	1500	2023061
NZ_CP039266.1_frag_632_L1500	NZ_CP039266.1	negative_control	bacterial	1500	2023061
NZ_AFIJ01000004.1_frag_3_L1500	NZ_AFIJ01000004.1	negative_control	bacterial	1500	100595
NZ_AP012332.1_frag_75_L1500	NZ_AP012332.1	negative_control	bacterial	1500	1667406
NZ_CP011280.1_frag_771_L1500	NZ_CP011280.1	negative_control	bacterial	1500	1330224
NZ_AFIJ01000026.1_frag_11_L1500	NZ_AFIJ01000026.1	negative_control	bacterial	1500	50184
NZ_AP012332.1_frag_814_L1500	NZ_AP012332.1	negative_control	bacterial	1500	1667406
NZ_AFIJ01000039.1_frag_81_L1500	NZ_AFIJ01000039.1	negative_control	bacterial	1500	122540
NZ_CP049230.1_frag_395_L1500	NZ_CP049230.1	negative_control	bacterial	1500	1318700
NZ_CP049230.1_frag_113_L1500	NZ_CP049230.1	negative_control	bacterial	1500	1318700
NZ_CP011280.1_frag_816_L1500	NZ_CP011280.1	negative_control	bacterial	1500	1330224
NZ_CP049230.1_frag_396_L1500	NZ_CP049230.1	negative_control	bacterial	1500	1318700
NZ_CP011280.1_frag_735_L1500	NZ_CP011280.1	negative_control	bacterial	1500	1330224
NZ_AFIJ01000045.1_frag_59_L1500	NZ_AFIJ01000045.1	negative_control	bacterial	1500	114466
NZ_AFIJ01000023.1_frag_27_L1500	NZ_AFIJ01000023.1	negative_control	bacterial	1500	71554
NZ_CP065631.1_frag_495_L1500	NZ_CP065631.1	negative_control	bacterial	1500	1447017
NZ_CP049230.1_frag_745_L1500	NZ_CP049230.1	negative_control	bacterial	1500	1318700
NZ_AFIJ01000029.1_frag_48_L1500	NZ_AFIJ01000029.1	negative_control	bacterial	1500	104968
NZ_CP011280.1_frag_806_L1500	NZ_CP011280.1	negative_control	bacterial	1500	1330224
NZ_AFIJ01000025.1_frag_6_L1500	NZ_AFIJ01000025.1	negative_control	bacterial	1500	12101
NZ_AFIJ01000036.1_frag_21_L1500	NZ_AFIJ01000036.1	negative_control	bacterial	1500	38748
NZ_AP012332.1_frag_751_L1500	NZ_AP012332.1	negative_control	bacterial	1500	1667406
NZ_AFIJ01000023.1_frag_26_L1500	NZ_AFIJ01000023.1	negative_control	bacterial	1500	71554
NZ_CP039266.1_frag_1145_L1500	NZ_CP039266.1	negative_control	bacterial	1500	2023061
NZ_CP011280.1_frag_880_L1500	NZ_CP011280.1	negative_control	bacterial	1500	1330224
NZ_AP012332.1_frag_326_L1500	NZ_AP012332.1	negative_control	bacterial	1500	1667406
NZ_CP065631.1_frag_177_L1500	NZ_CP065631.1	negative_control	bacterial	1500	1447017
NZ_CP039266.1_frag_910_L1500	NZ_CP039266.1	negative_control	bacterial	1500	2023061
NZ_CP011280.1_frag_686_L1500	NZ_CP011280.1	negative_control	bacterial	1500	1330224
NZ_CP065631.1_frag_743_L1500	NZ_CP065631.1	negative_control	bacterial	1500	1447017
NZ_CP011280.1_frag_14_L1500	NZ_CP011280.1	negative_control	bacterial	1500	1330224
NZ_CP065631.1_frag_622_L1500	NZ_CP065631.1	negative_control	bacterial	1500	1447017
NZ_CP049230.1_frag_253_L1500	NZ_CP049230.1	negative_control	bacterial	1500	1318700
NZ_CP049230.1_frag_296_L1500	NZ_CP049230.1	negative_control	bacterial	1500	1318700
NZ_CP039266.1_frag_806_L1500	NZ_CP039266.1	negative_control	bacterial	1500	2023061
NZ_AP012332.1_frag_35_L1500	NZ_AP012332.1	negative_control	bacterial	1500	1667406
NZ_CP039266.1_frag_808_L1500	NZ_CP039266.1	negative_control	bacterial	1500	2023061
NZ_CP039266.1_frag_268_L1500	NZ_CP039266.1	negative_control	bacterial	1500	2023061
NZ_CP011280.1_frag_490_L1500	NZ_CP011280.1	negative_control	bacterial	1500	1330224
NZ_AFIJ01000008.1_frag_10_L1500	NZ_AFIJ01000008.1	negative_control	bacterial	1500	149073
NZ_AFIJ01000008.1_frag_32_L1500	NZ_AFIJ01000008.1	negative_control	bacterial	1500	149073
NZ_CP065631.1_frag_95_L1500	NZ_CP065631.1	negative_control	bacterial	1500	1447017
NZ_CP039266.1_frag_465_L1500	NZ_CP039266.1	negative_control	bacterial	1500	2023061
NZ_AP012332.1_frag_947_L1500	NZ_AP012332.1	negative_control	bacterial	1500	1667406
NZ_CP039266.1_frag_403_L1500	NZ_CP039266.1	negative_control	bacterial	1500	2023061
NZ_CP039266.1_frag_301_L1500	NZ_CP039266.1	negative_control	bacterial	1500	2023061
NZ_CP039266.1_frag_759_L1500	NZ_CP039266.1	negative_control	bacterial	1500	2023061
NZ_CP065631.1_frag_669_L1500	NZ_CP065631.1	negative_control	bacterial	1500	1447017
NZ_AFIJ01000029.1_frag_9_L1500	NZ_AFIJ01000029.1	negative_control	bacterial	1500	104968
NZ_CP065631.1_frag_213_L1500	NZ_CP065631.1	negative_control	bacterial	1500	1447017
NZ_CP065631.1_frag_50_L1500	NZ_CP065631.1	negative_control	bacterial	1500	1447017
NZ_CP049230.1_frag_869_L1500	NZ_CP049230.1	negative_control	bacterial	1500	1318700
NZ_AFIJ01000008.1_frag_44_L1500	NZ_AFIJ01000008.1	negative_control	bacterial	1500	149073
NZ_AFIJ01000029.1_frag_62_L1500	NZ_AFIJ01000029.1	negative_control	bacterial	1500	104968
NZ_CP039266.1_frag_232_L1500	NZ_CP039266.1	negative_control	bacterial	1500	2023061
NZ_CP065631.1_frag_662_L1500	NZ_CP065631.1	negative_control	bacterial	1500	1447017
NZ_AP012332.1_frag_824_L1500	NZ_AP012332.1	negative_control	bacterial	1500	1667406
NZ_AFIJ01000007.1_frag_34_L1500	NZ_AFIJ01000007.1	negative_control	bacterial	1500	148045
NZ_AP012332.1_frag_81_L1500	NZ_AP012332.1	negative_control	bacterial	1500	1667406
NZ_CP011280.1_frag_500_L1500	NZ_CP011280.1	negative_control	bacterial	1500	1330224
NZ_CP011280.1_frag_489_L1500	NZ_CP011280.1	negative_control	bacterial	1500	1330224
NZ_CP039266.1_frag_1327_L1500	NZ_CP039266.1	negative_control	bacterial	1500	2023061
NZ_CP039266.1_frag_609_L1500	NZ_CP039266.1	negative_control	bacterial	1500	2023061
NZ_CP011280.1_frag_79_L1500	NZ_CP011280.1	negative_control	bacterial	1500	1330224
NZ_CP065631.1_frag_949_L1500	NZ_CP065631.1	negative_control	bacterial	1500	1447017
NZ_CP011280.1_frag_434_L1500	NZ_CP011280.1	negative_control	bacterial	1500	1330224
NZ_CP065631.1_frag_707_L1500	NZ_CP065631.1	negative_control	bacterial	1500	1447017
NZ_CP039266.1_frag_723_L1500	NZ_CP039266.1	negative_control	bacterial	1500	2023061
NZ_AP012332.1_frag_91_L1500	NZ_AP012332.1	negative_control	bacterial	1500	1667406
NZ_AFIJ01000020.1_frag_14_L1500	NZ_AFIJ01000020.1	negative_control	bacterial	1500	80676
NZ_CP039266.1_frag_564_L1500	NZ_CP039266.1	negative_control	bacterial	1500	2023061
NZ_CP049230.1_frag_84_L1500	NZ_CP049230.1	negative_control	bacterial	1500	1318700
NZ_AFIJ01000008.1_frag_40_L1500	NZ_AFIJ01000008.1	negative_control	bacterial	1500	149073
NZ_AFIJ01000032.1_frag_63_L1500	NZ_AFIJ01000032.1	negative_control	bacterial	1500	123176
NZ_CP065631.1_frag_39_L1500	NZ_CP065631.1	negative_control	bacterial	1500	1447017
NZ_CP049230.1_frag_4_L1500	NZ_CP049230.1	negative_control	bacterial	1500	1318700
NZ_AFIJ01000039.1_frag_29_L1500	NZ_AFIJ01000039.1	negative_control	bacterial	1500	122540
NZ_AFIJ01000008.1_frag_2_L1500	NZ_AFIJ01000008.1	negative_control	bacterial	1500	149073
NZ_CP011280.1_frag_867_L1500	NZ_CP011280.1	negative_control	bacterial	1500	1330224
NZ_CP011280.1_frag_293_L1500	NZ_CP011280.1	negative_control	bacterial	1500	1330224
NZ_CP039266.1_frag_263_L1500	NZ_CP039266.1	negative_control	bacterial	1500	2023061
NZ_CP039266.1_frag_912_L1500	NZ_CP039266.1	negative_control	bacterial	1500	2023061
NZ_CP039266.1_frag_877_L1500	NZ_CP039266.1	negative_control	bacterial	1500	2023061
NZ_CP011280.1_frag_682_L1500	NZ_CP011280.1	negative_control	bacterial	1500	1330224
NZ_CP039266.1_frag_219_L1500	NZ_CP039266.1	negative_control	bacterial	1500	2023061
NZ_AFIJ01000029.1_frag_46_L1500	NZ_AFIJ01000029.1	negative_control	bacterial	1500	104968
NZ_CP011280.1_frag_279_L1500	NZ_CP011280.1	negative_control	bacterial	1500	1330224
NZ_CP039266.1_frag_38_L1500	NZ_CP039266.1	negative_control	bacterial	1500	2023061
NZ_AFIJ01000045.1_frag_18_L1500	NZ_AFIJ01000045.1	negative_control	bacterial	1500	114466
NZ_CP039266.1_frag_132_L1500	NZ_CP039266.1	negative_control	bacterial	1500	2023061
NZ_AP012332.1_frag_217_L1500	NZ_AP012332.1	negative_control	bacterial	1500	1667406
NZ_CP039266.1_frag_661_L1500	NZ_CP039266.1	negative_control	bacterial	1500	2023061
NZ_AP012332.1_frag_381_L1500	NZ_AP012332.1	negative_control	bacterial	1500	1667406
NZ_CP039266.1_frag_399_L1500	NZ_CP039266.1	negative_control	bacterial	1500	2023061
NZ_CP065631.1_frag_403_L1500	NZ_CP065631.1	negative_control	bacterial	1500	1447017
NZ_CP049230.1_frag_128_L1500	NZ_CP049230.1	negative_control	bacterial	1500	1318700
NZ_CP065631.1_frag_119_L1500	NZ_CP065631.1	negative_control	bacterial	1500	1447017
NZ_CP065631.1_frag_582_L1500	NZ_CP065631.1	negative_control	bacterial	1500	1447017
NZ_CP039266.1_frag_920_L1500	NZ_CP039266.1	negative_control	bacterial	1500	2023061
NZ_CP011280.1_frag_199_L1500	NZ_CP011280.1	negative_control	bacterial	1500	1330224
NZ_CP011280.1_frag_486_L1500	NZ_CP011280.1	negative_control	bacterial	1500	1330224
NZ_AP012332.1_frag_475_L1500	NZ_AP012332.1	negative_control	bacterial	1500	1667406
NZ_CP011280.1_frag_714_L1500	NZ_CP011280.1	negative_control	bacterial	1500	1330224
NZ_AFIJ01000029.1_frag_45_L1500	NZ_AFIJ01000029.1	negative_control	bacterial	1500	104968
NZ_CP049230.1_frag_320_L1500	NZ_CP049230.1	negative_control	bacterial	1500	1318700
NZ_CP049230.1_frag_17_L1500	NZ_CP049230.1	negative_control	bacterial	1500	1318700
NZ_AFIJ01000029.1_frag_65_L1500	NZ_AFIJ01000029.1	negative_control	bacterial	1500	104968
NZ_AP012332.1_frag_614_L1500	NZ_AP012332.1	negative_control	bacterial	1500	1667406
NZ_AFIJ01000029.1_frag_34_L1500	NZ_AFIJ01000029.1	negative_control	bacterial	1500	104968
NZ_AFIJ01000032.1_frag_59_L1500	NZ_AFIJ01000032.1	negative_control	bacterial	1500	123176
NZ_CP049230.1_frag_361_L1500	NZ_CP049230.1	negative_control	bacterial	1500	1318700
NZ_CP039266.1_frag_839_L1500	NZ_CP039266.1	negative_control	bacterial	1500	2023061
NZ_CP039266.1_frag_1053_L1500	NZ_CP039266.1	negative_control	bacterial	1500	2023061
NZ_CP039266.1_frag_1284_L1500	NZ_CP039266.1	negative_control	bacterial	1500	2023061
NZ_CP011280.1_frag_220_L1500	NZ_CP011280.1	negative_control	bacterial	1500	1330224
NZ_AFIJ01000029.1_frag_31_L1500	NZ_AFIJ01000029.1	negative_control	bacterial	1500	104968
NZ_CP039266.1_frag_1094_L1500	NZ_CP039266.1	negative_control	bacterial	1500	2023061
NZ_AFIJ01000020.1_frag_53_L1500	NZ_AFIJ01000020.1	negative_control	bacterial	1500	80676
NZ_CP011280.1_frag_453_L1500	NZ_CP011280.1	negative_control	bacterial	1500	1330224
NZ_AFIJ01000023.1_frag_7_L1500	NZ_AFIJ01000023.1	negative_control	bacterial	1500	71554
NZ_CP049230.1_frag_450_L1500	NZ_CP049230.1	negative_control	bacterial	1500	1318700
NZ_AFIJ01000023.1_frag_2_L1500	NZ_AFIJ01000023.1	negative_control	bacterial	1500	71554
NZ_CP065631.1_frag_228_L1500	NZ_CP065631.1	negative_control	bacterial	1500	1447017
NZ_CP011280.1_frag_857_L1500	NZ_CP011280.1	negative_control	bacterial	1500	1330224
NZ_CP039266.1_frag_241_L1500	NZ_CP039266.1	negative_control	bacterial	1500	2023061
NZ_AFIJ01000006.1_frag_23_L1500	NZ_AFIJ01000006.1	negative_control	bacterial	1500	35744
NZ_CP049230.1_frag_242_L1500	NZ_CP049230.1	negative_control	bacterial	1500	1318700
NZ_AP012332.1_frag_61_L1500	NZ_AP012332.1	negative_control	bacterial	1500	1667406
NZ_CP049230.1_frag_318_L1500	NZ_CP049230.1	negative_control	bacterial	1500	1318700
NZ_CP049230.1_frag_446_L1500	NZ_CP049230.1	negative_control	bacterial	1500	1318700
NZ_AFIJ01000033.1_frag_28_L1500	NZ_AFIJ01000033.1	negative_control	bacterial	1500	81962
NZ_CP049230.1_frag_649_L1500	NZ_CP049230.1	negative_control	bacterial	1500	1318700
NZ_AFIJ01000018.1_frag_8_L1500	NZ_AFIJ01000018.1	negative_control	bacterial	1500	43361
NZ_CP039266.1_frag_368_L1500	NZ_CP039266.1	negative_control	bacterial	1500	2023061
NZ_CP065631.1_frag_82_L1500	NZ_CP065631.1	negative_control	bacterial	1500	1447017
NZ_CP049230.1_frag_357_L1500	NZ_CP049230.1	negative_control	bacterial	1500	1318700
NZ_CP049230.1_frag_206_L1500	NZ_CP049230.1	negative_control	bacterial	1500	1318700
NZ_CP039266.1_frag_1216_L1500	NZ_CP039266.1	negative_control	bacterial	1500	2023061
NZ_AP012332.1_frag_636_L1500	NZ_AP012332.1	negative_control	bacterial	1500	1667406
NZ_AP012332.1_frag_181_L1500	NZ_AP012332.1	negative_control	bacterial	1500	1667406
NZ_CP011280.1_frag_604_L1500	NZ_CP011280.1	negative_control	bacterial	1500	1330224
NZ_CP065631.1_frag_183_L1500	NZ_CP065631.1	negative_control	bacterial	1500	1447017
NZ_CP065631.1_frag_564_L1500	NZ_CP065631.1	negative_control	bacterial	1500	1447017
NZ_AP012332.1_frag_618_L1500	NZ_AP012332.1	negative_control	bacterial	1500	1667406
NZ_CP011280.1_frag_886_L1500	NZ_CP011280.1	negative_control	bacterial	1500	1330224
NZ_AP012332.1_frag_220_L1500	NZ_AP012332.1	negative_control	bacterial	1500	1667406
NZ_CP039266.1_frag_176_L1500	NZ_CP039266.1	negative_control	bacterial	1500	2023061
NZ_CP011280.1_frag_3_L1500	NZ_CP011280.1	negative_control	bacterial	1500	1330224
NZ_CP065631.1_frag_736_L1500	NZ_CP065631.1	negative_control	bacterial	1500	1447017
NZ_CP049230.1_frag_863_L1500	NZ_CP049230.1	negative_control	bacterial	1500	1318700
NZ_AP012332.1_frag_502_L1500	NZ_AP012332.1	negative_control	bacterial	1500	1667406
NZ_CP039266.1_frag_679_L1500	NZ_CP039266.1	negative_control	bacterial	1500	2023061
NZ_AP012332.1_frag_635_L1500	NZ_AP012332.1	negative_control	bacterial	1500	1667406
NZ_AFIJ01000023.1_frag_40_L1500	NZ_AFIJ01000023.1	negative_control	bacterial	1500	71554
NZ_AFIJ01000044.1_frag_1_L1500	NZ_AFIJ01000044.1	negative_control	bacterial	1500	23508
NZ_CP039266.1_frag_688_L1500	NZ_CP039266.1	negative_control	bacterial	1500	2023061
NZ_CP049230.1_frag_664_L1500	NZ_CP049230.1	negative_control	bacterial	1500	1318700
NZ_CP049230.1_frag_188_L1500	NZ_CP049230.1	negative_control	bacterial	1500	1318700
NZ_AFIJ01000008.1_frag_57_L1500	NZ_AFIJ01000008.1	negative_control	bacterial	1500	149073
NZ_AFIJ01000023.1_frag_46_L1500	NZ_AFIJ01000023.1	negative_control	bacterial	1500	71554
NZ_CP039266.1_frag_1338_L1500	NZ_CP039266.1	negative_control	bacterial	1500	2023061
NZ_CP011280.1_frag_677_L1500	NZ_CP011280.1	negative_control	bacterial	1500	1330224
NZ_CP039266.1_frag_1078_L1500	NZ_CP039266.1	negative_control	bacterial	1500	2023061
NZ_CP065631.1_frag_642_L1500	NZ_CP065631.1	negative_control	bacterial	1500	1447017
NZ_CP011280.1_frag_16_L1500	NZ_CP011280.1	negative_control	bacterial	1500	1330224
NZ_AP012332.1_frag_904_L1500	NZ_AP012332.1	negative_control	bacterial	1500	1667406
NZ_AFIJ01000023.1_frag_9_L1500	NZ_AFIJ01000023.1	negative_control	bacterial	1500	71554
NZ_AP012332.1_frag_46_L1500	NZ_AP012332.1	negative_control	bacterial	1500	1667406
NZ_AP012332.1_frag_1072_L1500	NZ_AP012332.1	negative_control	bacterial	1500	1667406
NZ_AP012332.1_frag_379_L1500	NZ_AP012332.1	negative_control	bacterial	1500	1667406
NZ_CP011280.1_frag_223_L1500	NZ_CP011280.1	negative_control	bacterial	1500	1330224
NZ_CP039266.1_frag_523_L1500	NZ_CP039266.1	negative_control	bacterial	1500	2023061
NZ_CP049230.1_frag_26_L1500	NZ_CP049230.1	negative_control	bacterial	1500	1318700
NZ_CP065631.1_frag_460_L1500	NZ_CP065631.1	negative_control	bacterial	1500	1447017
NZ_AP012332.1_frag_523_L1500	NZ_AP012332.1	negative_control	bacterial	1500	1667406
NZ_CP049230.1_frag_586_L1500	NZ_CP049230.1	negative_control	bacterial	1500	1318700
NZ_CP065631.1_frag_54_L1500	NZ_CP065631.1	negative_control	bacterial	1500	1447017
NZ_CP039266.1_frag_1267_L1500	NZ_CP039266.1	negative_control	bacterial	1500	2023061
NZ_AFIJ01000045.1_frag_65_L1500	NZ_AFIJ01000045.1	negative_control	bacterial	1500	114466
NZ_CP065631.1_frag_168_L1500	NZ_CP065631.1	negative_control	bacterial	1500	1447017
NZ_CP049230.1_frag_119_L1500	NZ_CP049230.1	negative_control	bacterial	1500	1318700
NZ_AP012332.1_frag_497_L1500	NZ_AP012332.1	negative_control	bacterial	1500	1667406
NZ_CP065631.1_frag_131_L1500	NZ_CP065631.1	negative_control	bacterial	1500	1447017
NZ_AFIJ01000008.1_frag_86_L1500	NZ_AFIJ01000008.1	negative_control	bacterial	1500	149073
NZ_CP011280.1_frag_31_L1500	NZ_CP011280.1	negative_control	bacterial	1500	1330224
NZ_CP065631.1_frag_912_L1500	NZ_CP065631.1	negative_control	bacterial	1500	1447017
NZ_AFIJ01000007.1_frag_84_L1500	NZ_AFIJ01000007.1	negative_control	bacterial	1500	148045
NZ_AFIJ01000007.1_frag_15_L1500	NZ_AFIJ01000007.1	negative_control	bacterial	1500	148045
NZ_CP065631.1_frag_806_L1500	NZ_CP065631.1	negative_control	bacterial	1500	1447017
NZ_CP065631.1_frag_922_L1500	NZ_CP065631.1	negative_control	bacterial	1500	1447017
NZ_AP012332.1_frag_276_L1500	NZ_AP012332.1	negative_control	bacterial	1500	1667406
NZ_AP012332.1_frag_353_L1500	NZ_AP012332.1	negative_control	bacterial	1500	1667406
NZ_CP049230.1_frag_530_L1500	NZ_CP049230.1	negative_control	bacterial	1500	1318700
NZ_CP011280.1_frag_656_L1500	NZ_CP011280.1	negative_control	bacterial	1500	1330224
NZ_AP012332.1_frag_853_L1500	NZ_AP012332.1	negative_control	bacterial	1500	1667406
NZ_CP011280.1_frag_598_L1500	NZ_CP011280.1	negative_control	bacterial	1500	1330224
NZ_CP065631.1_frag_328_L1500	NZ_CP065631.1	negative_control	bacterial	1500	1447017
NZ_CP049230.1_frag_771_L1500	NZ_CP049230.1	negative_control	bacterial	1500	1318700
NZ_AP012332.1_frag_207_L1500	NZ_AP012332.1	negative_control	bacterial	1500	1667406
NZ_CP039266.1_frag_1074_L1500	NZ_CP039266.1	negative_control	bacterial	1500	2023061
NZ_CP065631.1_frag_769_L1500	NZ_CP065631.1	negative_control	bacterial	1500	1447017
NZ_AP012332.1_frag_102_L1500	NZ_AP012332.1	negative_control	bacterial	1500	1667406
NZ_AFIJ01000032.1_frag_65_L1500	NZ_AFIJ01000032.1	negative_control	bacterial	1500	123176
NZ_AFIJ01000009.1_frag_13_L1500	NZ_AFIJ01000009.1	negative_control	bacterial	1500	28506
NZ_CP049230.1_frag_772_L1500	NZ_CP049230.1	negative_control	bacterial	1500	1318700
NZ_CP065631.1_frag_688_L1500	NZ_CP065631.1	negative_control	bacterial	1500	1447017
NZ_AP012332.1_frag_311_L1500	NZ_AP012332.1	negative_control	bacterial	1500	1667406
NZ_AFIJ01000032.1_frag_10_L1500	NZ_AFIJ01000032.1	negative_control	bacterial	1500	123176
NZ_AFIJ01000045.1_frag_30_L1500	NZ_AFIJ01000045.1	negative_control	bacterial	1500	114466
NZ_AP012332.1_frag_777_L1500	NZ_AP012332.1	negative_control	bacterial	1500	1667406
NZ_CP011280.1_frag_2_L1500	NZ_CP011280.1	negative_control	bacterial	1500	1330224
NZ_CP049230.1_frag_795_L1500	NZ_CP049230.1	negative_control	bacterial	1500	1318700
NZ_AP012332.1_frag_190_L1500	NZ_AP012332.1	negative_control	bacterial	1500	1667406
NZ_CP065631.1_frag_775_L1500	NZ_CP065631.1	negative_control	bacterial	1500	1447017
NZ_CP039266.1_frag_553_L1500	NZ_CP039266.1	negative_control	bacterial	1500	2023061
NZ_CP049230.1_frag_95_L1500	NZ_CP049230.1	negative_control	bacterial	1500	1318700
NZ_CP065631.1_frag_477_L1500	NZ_CP065631.1	negative_control	bacterial	1500	1447017
NZ_CP039266.1_frag_437_L1500	NZ_CP039266.1	negative_control	bacterial	1500	2023061
NZ_CP049230.1_frag_170_L1500	NZ_CP049230.1	negative_control	bacterial	1500	1318700
NZ_AFIJ01000044.1_frag_4_L1500	NZ_AFIJ01000044.1	negative_control	bacterial	1500	23508
NZ_CP065631.1_frag_767_L1500	NZ_CP065631.1	negative_control	bacterial	1500	1447017
NZ_AFIJ01000020.1_frag_13_L1500	NZ_AFIJ01000020.1	negative_control	bacterial	1500	80676
NZ_CP065631.1_frag_357_L1500	NZ_CP065631.1	negative_control	bacterial	1500	1447017
NZ_CP011280.1_frag_152_L1500	NZ_CP011280.1	negative_control	bacterial	1500	1330224
NZ_CP049230.1_frag_45_L1500	NZ_CP049230.1	negative_control	bacterial	1500	1318700
NZ_AFIJ01000035.1_frag_34_L1500	NZ_AFIJ01000035.1	negative_control	bacterial	1500	55251
NZ_AP012332.1_frag_1069_L1500	NZ_AP012332.1	negative_control	bacterial	1500	1667406
NZ_CP049230.1_frag_347_L1500	NZ_CP049230.1	negative_control	bacterial	1500	1318700
NZ_CP049230.1_frag_102_L1500	NZ_CP049230.1	negative_control	bacterial	1500	1318700
NZ_CP011280.1_frag_144_L1500	NZ_CP011280.1	negative_control	bacterial	1500	1330224
NZ_CP039266.1_frag_454_L1500	NZ_CP039266.1	negative_control	bacterial	1500	2023061
NZ_AFIJ01000004.1_frag_56_L1500	NZ_AFIJ01000004.1	negative_control	bacterial	1500	100595
NZ_AFIJ01000033.1_frag_45_L1500	NZ_AFIJ01000033.1	negative_control	bacterial	1500	81962
NZ_AP012332.1_frag_570_L1500	NZ_AP012332.1	negative_control	bacterial	1500	1667406
NZ_AP012332.1_frag_1032_L1500	NZ_AP012332.1	negative_control	bacterial	1500	1667406
NZ_AFIJ01000033.1_frag_29_L1500	NZ_AFIJ01000033.1	negative_control	bacterial	1500	81962
NZ_AP012332.1_frag_976_L1500	NZ_AP012332.1	negative_control	bacterial	1500	1667406
NZ_CP011280.1_frag_651_L1500	NZ_CP011280.1	negative_control	bacterial	1500	1330224
NZ_CP065631.1_frag_284_L1500	NZ_CP065631.1	negative_control	bacterial	1500	1447017
NZ_AP012332.1_frag_89_L1500	NZ_AP012332.1	negative_control	bacterial	1500	1667406
NZ_CP065631.1_frag_160_L1500	NZ_CP065631.1	negative_control	bacterial	1500	1447017
NZ_AFIJ01000008.1_frag_80_L1500	NZ_AFIJ01000008.1	negative_control	bacterial	1500	149073
NZ_AP012332.1_frag_942_L1500	NZ_AP012332.1	negative_control	bacterial	1500	1667406
NZ_CP049230.1_frag_162_L1500	NZ_CP049230.1	negative_control	bacterial	1500	1318700
NZ_CP065631.1_frag_652_L1500	NZ_CP065631.1	negative_control	bacterial	1500	1447017
NZ_CP049230.1_frag_660_L1500	NZ_CP049230.1	negative_control	bacterial	1500	1318700
NZ_CP011280.1_frag_197_L1500	NZ_CP011280.1	negative_control	bacterial	1500	1330224
NZ_CP011280.1_frag_870_L1500	NZ_CP011280.1	negative_control	bacterial	1500	1330224
NZ_CP011280.1_frag_262_L1500	NZ_CP011280.1	negative_control	bacterial	1500	1330224
NZ_CP011280.1_frag_381_L1500	NZ_CP011280.1	negative_control	bacterial	1500	1330224
NZ_CP039266.1_frag_311_L1500	NZ_CP039266.1	negative_control	bacterial	1500	2023061
NZ_AFIJ01000038.1_frag_31_L1500	NZ_AFIJ01000038.1	negative_control	bacterial	1500	96055
NZ_CP011280.1_frag_400_L1500	NZ_CP011280.1	negative_control	bacterial	1500	1330224
NZ_AP012332.1_frag_766_L1500	NZ_AP012332.1	negative_control	bacterial	1500	1667406
NZ_CP039266.1_frag_306_L1500	NZ_CP039266.1	negative_control	bacterial	1500	2023061
NZ_CP065631.1_frag_184_L1500	NZ_CP065631.1	negative_control	bacterial	1500	1447017
NZ_AP012332.1_frag_77_L1500	NZ_AP012332.1	negative_control	bacterial	1500	1667406
NZ_CP065631.1_frag_836_L1500	NZ_CP065631.1	negative_control	bacterial	1500	1447017
NZ_CP011280.1_frag_235_L1500	NZ_CP011280.1	negative_control	bacterial	1500	1330224
NZ_CP065631.1_frag_441_L1500	NZ_CP065631.1	negative_control	bacterial	1500	1447017
NZ_AFIJ01000007.1_frag_24_L1500	NZ_AFIJ01000007.1	negative_control	bacterial	1500	148045
NZ_CP039266.1_frag_67_L1500	NZ_CP039266.1	negative_control	bacterial	1500	2023061
NZ_AFIJ01000033.1_frag_20_L1500	NZ_AFIJ01000033.1	negative_control	bacterial	1500	81962
NZ_CP039266.1_frag_789_L1500	NZ_CP039266.1	negative_control	bacterial	1500	2023061
NZ_CP011280.1_frag_753_L1500	NZ_CP011280.1	negative_control	bacterial	1500	1330224
NZ_CP011280.1_frag_565_L1500	NZ_CP011280.1	negative_control	bacterial	1500	1330224
NZ_CP039266.1_frag_704_L1500	NZ_CP039266.1	negative_control	bacterial	1500	2023061
NZ_AP012332.1_frag_909_L1500	NZ_AP012332.1	negative_control	bacterial	1500	1667406
NZ_AP012332.1_frag_545_L1500	NZ_AP012332.1	negative_control	bacterial	1500	1667406
NZ_CP011280.1_frag_795_L1500	NZ_CP011280.1	negative_control	bacterial	1500	1330224
NZ_CP011280.1_frag_757_L1500	NZ_CP011280.1	negative_control	bacterial	1500	1330224
NZ_AFIJ01000038.1_frag_21_L1500	NZ_AFIJ01000038.1	negative_control	bacterial	1500	96055
NZ_CP065631.1_frag_103_L1500	NZ_CP065631.1	negative_control	bacterial	1500	1447017
NZ_CP011280.1_frag_513_L1500	NZ_CP011280.1	negative_control	bacterial	1500	1330224
NZ_CP039266.1_frag_198_L1500	NZ_CP039266.1	negative_control	bacterial	1500	2023061
NZ_AP012332.1_frag_734_L1500	NZ_AP012332.1	negative_control	bacterial	1500	1667406
NZ_AP012332.1_frag_327_L1500	NZ_AP012332.1	negative_control	bacterial	1500	1667406
NZ_AFIJ01000023.1_frag_14_L1500	NZ_AFIJ01000023.1	negative_control	bacterial	1500	71554
NZ_AP012332.1_frag_331_L1500	NZ_AP012332.1	negative_control	bacterial	1500	1667406
NZ_AP012332.1_frag_921_L1500	NZ_AP012332.1	negative_control	bacterial	1500	1667406
NZ_CP049230.1_frag_831_L1500	NZ_CP049230.1	negative_control	bacterial	1500	1318700
NZ_CP039266.1_frag_1107_L1500	NZ_CP039266.1	negative_control	bacterial	1500	2023061
NZ_CP039266.1_frag_208_L1500	NZ_CP039266.1	negative_control	bacterial	1500	2023061
NZ_CP065631.1_frag_263_L1500	NZ_CP065631.1	negative_control	bacterial	1500	1447017
NZ_CP065631.1_frag_908_L1500	NZ_CP065631.1	negative_control	bacterial	1500	1447017
NZ_AP012332.1_frag_757_L1500	NZ_AP012332.1	negative_control	bacterial	1500	1667406
NZ_AFIJ01000038.1_frag_54_L1500	NZ_AFIJ01000038.1	negative_control	bacterial	1500	96055
NZ_AFIJ01000007.1_frag_83_L1500	NZ_AFIJ01000007.1	negative_control	bacterial	1500	148045
NZ_AP012332.1_frag_184_L1500	NZ_AP012332.1	negative_control	bacterial	1500	1667406
NZ_CP011280.1_frag_393_L1500	NZ_CP011280.1	negative_control	bacterial	1500	1330224
NZ_CP049230.1_frag_332_L1500	NZ_CP049230.1	negative_control	bacterial	1500	1318700
NZ_AP012332.1_frag_219_L1500	NZ_AP012332.1	negative_control	bacterial	1500	1667406
NZ_AFIJ01000033.1_frag_16_L1500	NZ_AFIJ01000033.1	negative_control	bacterial	1500	81962
NZ_AFIJ01000007.1_frag_27_L1500	NZ_AFIJ01000007.1	negative_control	bacterial	1500	148045
NZ_CP049230.1_frag_463_L1500	NZ_CP049230.1	negative_control	bacterial	1500	1318700
NZ_CP039266.1_frag_493_L1500	NZ_CP039266.1	negative_control	bacterial	1500	2023061
NZ_AP012332.1_frag_876_L1500	NZ_AP012332.1	negative_control	bacterial	1500	1667406
NZ_CP065631.1_frag_625_L1500	NZ_CP065631.1	negative_control	bacterial	1500	1447017
NZ_CP039266.1_frag_508_L1500	NZ_CP039266.1	negative_control	bacterial	1500	2023061
NZ_CP049230.1_frag_542_L1500	NZ_CP049230.1	negative_control	bacterial	1500	1318700
NZ_CP039266.1_frag_1123_L1500	NZ_CP039266.1	negative_control	bacterial	1500	2023061
NZ_AFIJ01000007.1_frag_86_L1500	NZ_AFIJ01000007.1	negative_control	bacterial	1500	148045
NZ_CP039266.1_frag_89_L1500	NZ_CP039266.1	negative_control	bacterial	1500	2023061
NZ_CP049230.1_frag_299_L1500	NZ_CP049230.1	negative_control	bacterial	1500	1318700
NZ_CP011280.1_frag_488_L1500	NZ_CP011280.1	negative_control	bacterial	1500	1330224
NZ_AP012332.1_frag_131_L1500	NZ_AP012332.1	negative_control	bacterial	1500	1667406
NZ_AFIJ01000032.1_frag_12_L1500	NZ_AFIJ01000032.1	negative_control	bacterial	1500	123176
NZ_CP039266.1_frag_506_L1500	NZ_CP039266.1	negative_control	bacterial	1500	2023061
NZ_AFIJ01000045.1_frag_14_L1500	NZ_AFIJ01000045.1	negative_control	bacterial	1500	114466
NZ_CP039266.1_frag_1193_L1500	NZ_CP039266.1	negative_control	bacterial	1500	2023061
NZ_CP039266.1_frag_1344_L1500	NZ_CP039266.1	negative_control	bacterial	1500	2023061
NZ_CP065631.1_frag_323_L1500	NZ_CP065631.1	negative_control	bacterial	1500	1447017
NZ_CP065631.1_frag_190_L1500	NZ_CP065631.1	negative_control	bacterial	1500	1447017
NZ_CP011280.1_frag_545_L1500	NZ_CP011280.1	negative_control	bacterial	1500	1330224
NZ_AP012332.1_frag_1028_L1500	NZ_AP012332.1	negative_control	bacterial	1500	1667406
NZ_CP039266.1_frag_467_L1500	NZ_CP039266.1	negative_control	bacterial	1500	2023061
NZ_AFIJ01000023.1_frag_19_L1500	NZ_AFIJ01000023.1	negative_control	bacterial	1500	71554
NZ_CP065631.1_frag_138_L1500	NZ_CP065631.1	negative_control	bacterial	1500	1447017
NZ_AP012332.1_frag_749_L1500	NZ_AP012332.1	negative_control	bacterial	1500	1667406
NZ_CP049230.1_frag_680_L1500	NZ_CP049230.1	negative_control	bacterial	1500	1318700
NZ_AP012332.1_frag_616_L1500	NZ_AP012332.1	negative_control	bacterial	1500	1667406
NZ_CP065631.1_frag_550_L1500	NZ_CP065631.1	negative_control	bacterial	1500	1447017
NZ_AFIJ01000004.1_frag_32_L1500	NZ_AFIJ01000004.1	negative_control	bacterial	1500	100595
NZ_AP012332.1_frag_505_L1500	NZ_AP012332.1	negative_control	bacterial	1500	1667406
NZ_CP039266.1_frag_1088_L1500	NZ_CP039266.1	negative_control	bacterial	1500	2023061
NZ_AP012332.1_frag_578_L1500	NZ_AP012332.1	negative_control	bacterial	1500	1667406
NZ_CP065631.1_frag_492_L1500	NZ_CP065631.1	negative_control	bacterial	1500	1447017
NZ_CP039266.1_frag_279_L1500	NZ_CP039266.1	negative_control	bacterial	1500	2023061
NZ_AP012332.1_frag_717_L1500	NZ_AP012332.1	negative_control	bacterial	1500	1667406
NZ_CP039266.1_frag_230_L1500	NZ_CP039266.1	negative_control	bacterial	1500	2023061
NZ_AP012332.1_frag_467_L1500	NZ_AP012332.1	negative_control	bacterial	1500	1667406
NZ_CP049230.1_frag_117_L1500	NZ_CP049230.1	negative_control	bacterial	1500	1318700
NZ_AFIJ01000004.1_frag_54_L1500	NZ_AFIJ01000004.1	negative_control	bacterial	1500	100595
NZ_CP011280.1_frag_502_L1500	NZ_CP011280.1	negative_control	bacterial	1500	1330224
NZ_CP039266.1_frag_378_L1500	NZ_CP039266.1	negative_control	bacterial	1500	2023061
NZ_CP065631.1_frag_144_L1500	NZ_CP065631.1	negative_control	bacterial	1500	1447017
NZ_CP039266.1_frag_39_L1500	NZ_CP039266.1	negative_control	bacterial	1500	2023061
NZ_CP065631.1_frag_245_L1500	NZ_CP065631.1	negative_control	bacterial	1500	1447017
NZ_CP011280.1_frag_356_L1500	NZ_CP011280.1	negative_control	bacterial	1500	1330224
NZ_CP049230.1_frag_618_L1500	NZ_CP049230.1	negative_control	bacterial	1500	1318700
NZ_CP049230.1_frag_238_L1500	NZ_CP049230.1	negative_control	bacterial	1500	1318700
NZ_AP012332.1_frag_510_L1500	NZ_AP012332.1	negative_control	bacterial	1500	1667406
NZ_CP039266.1_frag_260_L1500	NZ_CP039266.1	negative_control	bacterial	1500	2023061
NZ_CP049230.1_frag_64_L1500	NZ_CP049230.1	negative_control	bacterial	1500	1318700
NZ_AFIJ01000045.1_frag_4_L1500	NZ_AFIJ01000045.1	negative_control	bacterial	1500	114466
NZ_AP012332.1_frag_534_L1500	NZ_AP012332.1	negative_control	bacterial	1500	1667406
NZ_AP012332.1_frag_395_L1500	NZ_AP012332.1	negative_control	bacterial	1500	1667406
NZ_CP011280.1_frag_652_L1500	NZ_CP011280.1	negative_control	bacterial	1500	1330224
NZ_CP039266.1_frag_455_L1500	NZ_CP039266.1	negative_control	bacterial	1500	2023061
NZ_CP049230.1_frag_327_L1500	NZ_CP049230.1	negative_control	bacterial	1500	1318700
NZ_CP065631.1_frag_746_L1500	NZ_CP065631.1	negative_control	bacterial	1500	1447017
NZ_CP065631.1_frag_60_L1500	NZ_CP065631.1	negative_control	bacterial	1500	1447017
NZ_AP012332.1_frag_684_L1500	NZ_AP012332.1	negative_control	bacterial	1500	1667406
NZ_CP039266.1_frag_743_L1500	NZ_CP039266.1	negative_control	bacterial	1500	2023061
NZ_CP065631.1_frag_518_L1500	NZ_CP065631.1	negative_control	bacterial	1500	1447017
NZ_CP039266.1_frag_556_L1500	NZ_CP039266.1	negative_control	bacterial	1500	2023061
NZ_CP065631.1_frag_231_L1500	NZ_CP065631.1	negative_control	bacterial	1500	1447017
NZ_CP011280.1_frag_681_L1500	NZ_CP011280.1	negative_control	bacterial	1500	1330224
NZ_CP039266.1_frag_1121_L1500	NZ_CP039266.1	negative_control	bacterial	1500	2023061
NZ_CP039266.1_frag_810_L1500	NZ_CP039266.1	negative_control	bacterial	1500	2023061
NZ_CP011280.1_frag_321_L1500	NZ_CP011280.1	negative_control	bacterial	1500	1330224
NZ_CP065631.1_frag_94_L1500	NZ_CP065631.1	negative_control	bacterial	1500	1447017
NZ_AFIJ01000017.1_frag_3_L1500	NZ_AFIJ01000017.1	negative_control	bacterial	1500	21892
NZ_AP012332.1_frag_369_L1500	NZ_AP012332.1	negative_control	bacterial	1500	1667406
NZ_CP039266.1_frag_1156_L1500	NZ_CP039266.1	negative_control	bacterial	1500	2023061
NZ_CP065631.1_frag_135_L1500	NZ_CP065631.1	negative_control	bacterial	1500	1447017
NZ_CP049230.1_frag_761_L1500	NZ_CP049230.1	negative_control	bacterial	1500	1318700
NZ_CP049230.1_frag_648_L1500	NZ_CP049230.1	negative_control	bacterial	1500	1318700
NZ_AP012332.1_frag_790_L1500	NZ_AP012332.1	negative_control	bacterial	1500	1667406
NZ_AFIJ01000008.1_frag_3_L1500	NZ_AFIJ01000008.1	negative_control	bacterial	1500	149073
NZ_CP011280.1_frag_855_L1500	NZ_CP011280.1	negative_control	bacterial	1500	1330224
NZ_CP065631.1_frag_208_L1500	NZ_CP065631.1	negative_control	bacterial	1500	1447017
NZ_AP012332.1_frag_587_L1500	NZ_AP012332.1	negative_control	bacterial	1500	1667406
NZ_CP065631.1_frag_728_L1500	NZ_CP065631.1	negative_control	bacterial	1500	1447017
NZ_CP011280.1_frag_562_L1500	NZ_CP011280.1	negative_control	bacterial	1500	1330224
NZ_CP011280.1_frag_138_L1500	NZ_CP011280.1	negative_control	bacterial	1500	1330224
NZ_AFIJ01000038.1_frag_28_L1500	NZ_AFIJ01000038.1	negative_control	bacterial	1500	96055
NZ_AFIJ01000032.1_frag_27_L1500	NZ_AFIJ01000032.1	negative_control	bacterial	1500	123176
NZ_CP065631.1_frag_868_L1500	NZ_CP065631.1	negative_control	bacterial	1500	1447017
NZ_CP039266.1_frag_826_L1500	NZ_CP039266.1	negative_control	bacterial	1500	2023061
NZ_CP049230.1_frag_583_L1500	NZ_CP049230.1	negative_control	bacterial	1500	1318700
NZ_AFIJ01000023.1_frag_42_L1500	NZ_AFIJ01000023.1	negative_control	bacterial	1500	71554
NZ_CP039266.1_frag_664_L1500	NZ_CP039266.1	negative_control	bacterial	1500	2023061
NZ_CP039266.1_frag_329_L1500	NZ_CP039266.1	negative_control	bacterial	1500	2023061
NZ_CP049230.1_frag_735_L1500	NZ_CP049230.1	negative_control	bacterial	1500	1318700
NZ_CP049230.1_frag_291_L1500	NZ_CP049230.1	negative_control	bacterial	1500	1318700
NZ_CP011280.1_frag_523_L1500	NZ_CP011280.1	negative_control	bacterial	1500	1330224
NZ_CP039266.1_frag_79_L1500	NZ_CP039266.1	negative_control	bacterial	1500	2023061
NZ_CP039266.1_frag_983_L1500	NZ_CP039266.1	negative_control	bacterial	1500	2023061
NZ_CP039266.1_frag_207_L1500	NZ_CP039266.1	negative_control	bacterial	1500	2023061
NZ_AP012332.1_frag_43_L1500	NZ_AP012332.1	negative_control	bacterial	1500	1667406
NZ_CP011280.1_frag_139_L1500	NZ_CP011280.1	negative_control	bacterial	1500	1330224
NZ_CP065631.1_frag_71_L1500	NZ_CP065631.1	negative_control	bacterial	1500	1447017
NZ_CP065631.1_frag_330_L1500	NZ_CP065631.1	negative_control	bacterial	1500	1447017
NZ_AFIJ01000045.1_frag_46_L1500	NZ_AFIJ01000045.1	negative_control	bacterial	1500	114466
NZ_AFIJ01000007.1_frag_12_L1500	NZ_AFIJ01000007.1	negative_control	bacterial	1500	148045
NZ_CP039266.1_frag_416_L1500	NZ_CP039266.1	negative_control	bacterial	1500	2023061
NZ_CP011280.1_frag_723_L1500	NZ_CP011280.1	negative_control	bacterial	1500	1330224
NZ_CP011280.1_frag_371_L1500	NZ_CP011280.1	negative_control	bacterial	1500	1330224
NZ_CP039266.1_frag_1177_L1500	NZ_CP039266.1	negative_control	bacterial	1500	2023061
NZ_CP039266.1_frag_739_L1500	NZ_CP039266.1	negative_control	bacterial	1500	2023061
NZ_AFIJ01000032.1_frag_60_L1500	NZ_AFIJ01000032.1	negative_control	bacterial	1500	123176
NZ_CP049230.1_frag_142_L1500	NZ_CP049230.1	negative_control	bacterial	1500	1318700
NZ_AP012332.1_frag_86_L1500	NZ_AP012332.1	negative_control	bacterial	1500	1667406
NZ_AFIJ01000004.1_frag_6_L1500	NZ_AFIJ01000004.1	negative_control	bacterial	1500	100595
NZ_CP039266.1_frag_673_L1500	NZ_CP039266.1	negative_control	bacterial	1500	2023061
NZ_CP011280.1_frag_23_L1500	NZ_CP011280.1	negative_control	bacterial	1500	1330224
NZ_CP039266.1_frag_740_L1500	NZ_CP039266.1	negative_control	bacterial	1500	2023061
NZ_CP065631.1_frag_165_L1500	NZ_CP065631.1	negative_control	bacterial	1500	1447017
NZ_CP039266.1_frag_1285_L1500	NZ_CP039266.1	negative_control	bacterial	1500	2023061
NZ_CP049230.1_frag_154_L1500	NZ_CP049230.1	negative_control	bacterial	1500	1318700
NZ_CP049230.1_frag_453_L1500	NZ_CP049230.1	negative_control	bacterial	1500	1318700
NZ_AP012332.1_frag_644_L1500	NZ_AP012332.1	negative_control	bacterial	1500	1667406
NZ_CP039266.1_frag_559_L1500	NZ_CP039266.1	negative_control	bacterial	1500	2023061
NZ_CP049230.1_frag_594_L1500	NZ_CP049230.1	negative_control	bacterial	1500	1318700
NZ_CP039266.1_frag_1069_L1500	NZ_CP039266.1	negative_control	bacterial	1500	2023061
NZ_CP039266.1_frag_429_L1500	NZ_CP039266.1	negative_control	bacterial	1500	2023061
NZ_CP065631.1_frag_389_L1500	NZ_CP065631.1	negative_control	bacterial	1500	1447017
NZ_CP039266.1_frag_586_L1500	NZ_CP039266.1	negative_control	bacterial	1500	2023061
NZ_CP011280.1_frag_234_L1500	NZ_CP011280.1	negative_control	bacterial	1500	1330224
NZ_CP039266.1_frag_822_L1500	NZ_CP039266.1	negative_control	bacterial	1500	2023061
NZ_CP039266.1_frag_620_L1500	NZ_CP039266.1	negative_control	bacterial	1500	2023061
NZ_AP012332.1_frag_168_L1500	NZ_AP012332.1	negative_control	bacterial	1500	1667406
NZ_AP012332.1_frag_70_L1500	NZ_AP012332.1	negative_control	bacterial	1500	1667406
NZ_CP049230.1_frag_799_L1500	NZ_CP049230.1	negative_control	bacterial	1500	1318700
NZ_AP012332.1_frag_316_L1500	NZ_AP012332.1	negative_control	bacterial	1500	1667406
NZ_CP039266.1_frag_1204_L1500	NZ_CP039266.1	negative_control	bacterial	1500	2023061
NZ_CP039266.1_frag_903_L1500	NZ_CP039266.1	negative_control	bacterial	1500	2023061
NZ_CP049230.1_frag_710_L1500	NZ_CP049230.1	negative_control	bacterial	1500	1318700
NZ_AP012332.1_frag_4_L1500	NZ_AP012332.1	negative_control	bacterial	1500	1667406
NZ_AP012332.1_frag_294_L1500	NZ_AP012332.1	negative_control	bacterial	1500	1667406
NZ_CP039266.1_frag_537_L1500	NZ_CP039266.1	negative_control	bacterial	1500	2023061
NZ_AFIJ01000020.1_frag_31_L1500	NZ_AFIJ01000020.1	negative_control	bacterial	1500	80676
NZ_AP012332.1_frag_385_L1500	NZ_AP012332.1	negative_control	bacterial	1500	1667406
NZ_CP011280.1_frag_851_L1500	NZ_CP011280.1	negative_control	bacterial	1500	1330224
NZ_AP012332.1_frag_270_L1500	NZ_AP012332.1	negative_control	bacterial	1500	1667406
NZ_AP012332.1_frag_796_L1500	NZ_AP012332.1	negative_control	bacterial	1500	1667406
NZ_AP012332.1_frag_664_L1500	NZ_AP012332.1	negative_control	bacterial	1500	1667406
NZ_CP039267.1_frag_10_L1500	NZ_CP039267.1	negative_control	bacterial	1500	16343
NZ_AFIJ01000019.1_frag_4_L1500	NZ_AFIJ01000019.1	negative_control	bacterial	1500	11839
NZ_CP065631.1_frag_825_L1500	NZ_CP065631.1	negative_control	bacterial	1500	1447017
NZ_CP011280.1_frag_166_L1500	NZ_CP011280.1	negative_control	bacterial	1500	1330224
NZ_CP011280.1_frag_825_L1500	NZ_CP011280.1	negative_control	bacterial	1500	1330224
NZ_CP039266.1_frag_71_L1500	NZ_CP039266.1	negative_control	bacterial	1500	2023061
NZ_CP011280.1_frag_182_L1500	NZ_CP011280.1	negative_control	bacterial	1500	1330224
NZ_CP011280.1_frag_683_L1500	NZ_CP011280.1	negative_control	bacterial	1500	1330224
NZ_AFIJ01000026.1_frag_13_L1500	NZ_AFIJ01000026.1	negative_control	bacterial	1500	50184
NZ_CP039266.1_frag_332_L1500	NZ_CP039266.1	negative_control	bacterial	1500	2023061
NZ_CP039266.1_frag_273_L1500	NZ_CP039266.1	negative_control	bacterial	1500	2023061
NZ_AP012332.1_frag_755_L1500	NZ_AP012332.1	negative_control	bacterial	1500	1667406
NZ_CP049230.1_frag_21_L1500	NZ_CP049230.1	negative_control	bacterial	1500	1318700
NZ_CP039266.1_frag_750_L1500	NZ_CP039266.1	negative_control	bacterial	1500	2023061
NZ_CP039266.1_frag_340_L1500	NZ_CP039266.1	negative_control	bacterial	1500	2023061
NZ_AFIJ01000027.1_frag_5_L1500	NZ_AFIJ01000027.1	negative_control	bacterial	1500	12043
NZ_CP011280.1_frag_625_L1500	NZ_CP011280.1	negative_control	bacterial	1500	1330224
NZ_CP039266.1_frag_375_L1500	NZ_CP039266.1	negative_control	bacterial	1500	2023061
NZ_CP039266.1_frag_124_L1500	NZ_CP039266.1	negative_control	bacterial	1500	2023061
NZ_CP049230.1_frag_360_L1500	NZ_CP049230.1	negative_control	bacterial	1500	1318700
NZ_AFIJ01000039.1_frag_69_L1500	NZ_AFIJ01000039.1	negative_control	bacterial	1500	122540
NZ_CP049230.1_frag_292_L1500	NZ_CP049230.1	negative_control	bacterial	1500	1318700
NZ_CP039266.1_frag_50_L1500	NZ_CP039266.1	negative_control	bacterial	1500	2023061
NZ_CP039266.1_frag_841_L1500	NZ_CP039266.1	negative_control	bacterial	1500	2023061
NZ_AFIJ01000045.1_frag_49_L1500	NZ_AFIJ01000045.1	negative_control	bacterial	1500	114466
NZ_AP012332.1_frag_926_L1500	NZ_AP012332.1	negative_control	bacterial	1500	1667406
NZ_AP012332.1_frag_491_L1500	NZ_AP012332.1	negative_control	bacterial	1500	1667406
NZ_CP039266.1_frag_128_L1500	NZ_CP039266.1	negative_control	bacterial	1500	2023061
NZ_CP039266.1_frag_366_L1500	NZ_CP039266.1	negative_control	bacterial	1500	2023061
NZ_CP039266.1_frag_1343_L1500	NZ_CP039266.1	negative_control	bacterial	1500	2023061
NZ_CP049230.1_frag_49_L1500	NZ_CP049230.1	negative_control	bacterial	1500	1318700
NZ_CP049230.1_frag_517_L1500	NZ_CP049230.1	negative_control	bacterial	1500	1318700
NZ_CP011280.1_frag_737_L1500	NZ_CP011280.1	negative_control	bacterial	1500	1330224
NZ_CP039266.1_frag_933_L1500	NZ_CP039266.1	negative_control	bacterial	1500	2023061
NZ_CP011280.1_frag_728_L1500	NZ_CP011280.1	negative_control	bacterial	1500	1330224
NZ_AP012332.1_frag_280_L1500	NZ_AP012332.1	negative_control	bacterial	1500	1667406
NZ_CP039266.1_frag_504_L1500	NZ_CP039266.1	negative_control	bacterial	1500	2023061
NZ_CP065631.1_frag_651_L1500	NZ_CP065631.1	negative_control	bacterial	1500	1447017
NZ_AFIJ01000036.1_frag_1_L1500	NZ_AFIJ01000036.1	negative_control	bacterial	1500	38748
NZ_CP039266.1_frag_119_L1500	NZ_CP039266.1	negative_control	bacterial	1500	2023061
NZ_AP012332.1_frag_798_L1500	NZ_AP012332.1	negative_control	bacterial	1500	1667406
NZ_CP065631.1_frag_176_L1500	NZ_CP065631.1	negative_control	bacterial	1500	1447017
NZ_CP039266.1_frag_246_L1500	NZ_CP039266.1	negative_control	bacterial	1500	2023061
NZ_CP065631.1_frag_749_L1500	NZ_CP065631.1	negative_control	bacterial	1500	1447017
NZ_CP039266.1_frag_762_L1500	NZ_CP039266.1	negative_control	bacterial	1500	2023061
NZ_AFIJ01000004.1_frag_57_L1500	NZ_AFIJ01000004.1	negative_control	bacterial	1500	100595
NZ_CP049230.1_frag_673_L1500	NZ_CP049230.1	negative_control	bacterial	1500	1318700
NZ_CP065631.1_frag_870_L1500	NZ_CP065631.1	negative_control	bacterial	1500	1447017
NZ_AFIJ01000038.1_frag_48_L1500	NZ_AFIJ01000038.1	negative_control	bacterial	1500	96055
NZ_CP039266.1_frag_161_L1500	NZ_CP039266.1	negative_control	bacterial	1500	2023061
NZ_CP049230.1_frag_424_L1500	NZ_CP049230.1	negative_control	bacterial	1500	1318700
NZ_CP049230.1_frag_199_L1500	NZ_CP049230.1	negative_control	bacterial	1500	1318700
NZ_CP065631.1_frag_128_L1500	NZ_CP065631.1	negative_control	bacterial	1500	1447017
NZ_AFIJ01000038.1_frag_50_L1500	NZ_AFIJ01000038.1	negative_control	bacterial	1500	96055
NZ_AFIJ01000018.1_frag_24_L1500	NZ_AFIJ01000018.1	negative_control	bacterial	1500	43361
NZ_CP049230.1_frag_841_L1500	NZ_CP049230.1	negative_control	bacterial	1500	1318700
NZ_CP039266.1_frag_445_L1500	NZ_CP039266.1	negative_control	bacterial	1500	2023061
NZ_CP011280.1_frag_42_L1500	NZ_CP011280.1	negative_control	bacterial	1500	1330224
NZ_CP039266.1_frag_716_L1500	NZ_CP039266.1	negative_control	bacterial	1500	2023061
NZ_CP011280.1_frag_419_L1500	NZ_CP011280.1	negative_control	bacterial	1500	1330224
NZ_CP065631.1_frag_331_L1500	NZ_CP065631.1	negative_control	bacterial	1500	1447017
NZ_AP012332.1_frag_176_L1500	NZ_AP012332.1	negative_control	bacterial	1500	1667406
NZ_CP065631.1_frag_396_L1500	NZ_CP065631.1	negative_control	bacterial	1500	1447017
NZ_AP012332.1_frag_726_L1500	NZ_AP012332.1	negative_control	bacterial	1500	1667406
NZ_CP011280.1_frag_664_L1500	NZ_CP011280.1	negative_control	bacterial	1500	1330224
NZ_CP039266.1_frag_658_L1500	NZ_CP039266.1	negative_control	bacterial	1500	2023061
NZ_AP012332.1_frag_722_L1500	NZ_AP012332.1	negative_control	bacterial	1500	1667406
NZ_AP012332.1_frag_809_L1500	NZ_AP012332.1	negative_control	bacterial	1500	1667406
NZ_CP065631.1_frag_232_L1500	NZ_CP065631.1	negative_control	bacterial	1500	1447017
NZ_AP012332.1_frag_324_L1500	NZ_AP012332.1	negative_control	bacterial	1500	1667406
NZ_CP039266.1_frag_387_L1500	NZ_CP039266.1	negative_control	bacterial	1500	2023061
NZ_AP012332.1_frag_111_L1500	NZ_AP012332.1	negative_control	bacterial	1500	1667406
NZ_AFIJ01000018.1_frag_7_L1500	NZ_AFIJ01000018.1	negative_control	bacterial	1500	43361
NZ_CP039266.1_frag_786_L1500	NZ_CP039266.1	negative_control	bacterial	1500	2023061
NZ_AFIJ01000039.1_frag_67_L1500	NZ_AFIJ01000039.1	negative_control	bacterial	1500	122540
NZ_CP065631.1_frag_774_L1500	NZ_CP065631.1	negative_control	bacterial	1500	1447017
NZ_AFIJ01000032.1_frag_75_L1500	NZ_AFIJ01000032.1	negative_control	bacterial	1500	123176
NZ_AP012332.1_frag_911_L1500	NZ_AP012332.1	negative_control	bacterial	1500	1667406
NZ_CP011280.1_frag_767_L1500	NZ_CP011280.1	negative_control	bacterial	1500	1330224
NZ_CP065631.1_frag_22_L1500	NZ_CP065631.1	negative_control	bacterial	1500	1447017
NZ_AFIJ01000023.1_frag_8_L1500	NZ_AFIJ01000023.1	negative_control	bacterial	1500	71554
NZ_CP065631.1_frag_36_L1500	NZ_CP065631.1	negative_control	bacterial	1500	1447017
NZ_AFIJ01000033.1_frag_32_L1500	NZ_AFIJ01000033.1	negative_control	bacterial	1500	81962
NZ_AFIJ01000036.1_frag_18_L1500	NZ_AFIJ01000036.1	negative_control	bacterial	1500	38748
NZ_CP065631.1_frag_309_L1500	NZ_CP065631.1	negative_control	bacterial	1500	1447017
NZ_CP011280.1_frag_564_L1500	NZ_CP011280.1	negative_control	bacterial	1500	1330224
NZ_AFIJ01000039.1_frag_75_L1500	NZ_AFIJ01000039.1	negative_control	bacterial	1500	122540
NZ_CP049230.1_frag_665_L1500	NZ_CP049230.1	negative_control	bacterial	1500	1318700
NZ_CP011280.1_frag_179_L1500	NZ_CP011280.1	negative_control	bacterial	1500	1330224
NZ_CP011280.1_frag_885_L1500	NZ_CP011280.1	negative_control	bacterial	1500	1330224
NZ_AFIJ01000004.1_frag_46_L1500	NZ_AFIJ01000004.1	negative_control	bacterial	1500	100595
NZ_CP039266.1_frag_813_L1500	NZ_CP039266.1	negative_control	bacterial	1500	2023061
NZ_CP065631.1_frag_181_L1500	NZ_CP065631.1	negative_control	bacterial	1500	1447017
NZ_AFIJ01000007.1_frag_76_L1500	NZ_AFIJ01000007.1	negative_control	bacterial	1500	148045
NZ_CP049230.1_frag_196_L1500	NZ_CP049230.1	negative_control	bacterial	1500	1318700
NZ_CP011280.1_frag_716_L1500	NZ_CP011280.1	negative_control	bacterial	1500	1330224
NZ_CP065631.1_frag_379_L1500	NZ_CP065631.1	negative_control	bacterial	1500	1447017
NZ_AP012332.1_frag_144_L1500	NZ_AP012332.1	negative_control	bacterial	1500	1667406
NZ_AP012332.1_frag_1066_L1500	NZ_AP012332.1	negative_control	bacterial	1500	1667406
NZ_CP011280.1_frag_305_L1500	NZ_CP011280.1	negative_control	bacterial	1500	1330224
NZ_CP049230.1_frag_539_L1500	NZ_CP049230.1	negative_control	bacterial	1500	1318700
NZ_CP049230.1_frag_550_L1500	NZ_CP049230.1	negative_control	bacterial	1500	1318700
NZ_CP065631.1_frag_802_L1500	NZ_CP065631.1	negative_control	bacterial	1500	1447017
NZ_CP011280.1_frag_272_L1500	NZ_CP011280.1	negative_control	bacterial	1500	1330224
NZ_AP012332.1_frag_593_L1500	NZ_AP012332.1	negative_control	bacterial	1500	1667406
NZ_CP065631.1_frag_472_L1500	NZ_CP065631.1	negative_control	bacterial	1500	1447017
NZ_CP049230.1_frag_316_L1500	NZ_CP049230.1	negative_control	bacterial	1500	1318700
NZ_AFIJ01000038.1_frag_38_L1500	NZ_AFIJ01000038.1	negative_control	bacterial	1500	96055
NZ_AP012332.1_frag_600_L1500	NZ_AP012332.1	negative_control	bacterial	1500	1667406
NZ_CP065631.1_frag_273_L1500	NZ_CP065631.1	negative_control	bacterial	1500	1447017
NZ_CP039266.1_frag_8_L1500	NZ_CP039266.1	negative_control	bacterial	1500	2023061
NZ_CP039266.1_frag_183_L1500	NZ_CP039266.1	negative_control	bacterial	1500	2023061
NZ_CP011280.1_frag_555_L1500	NZ_CP011280.1	negative_control	bacterial	1500	1330224
NZ_AFIJ01000020.1_frag_19_L1500	NZ_AFIJ01000020.1	negative_control	bacterial	1500	80676
NZ_CP049230.1_frag_426_L1500	NZ_CP049230.1	negative_control	bacterial	1500	1318700
NZ_CP049230.1_frag_714_L1500	NZ_CP049230.1	negative_control	bacterial	1500	1318700
NZ_AP012332.1_frag_34_L1500	NZ_AP012332.1	negative_control	bacterial	1500	1667406
NZ_AFIJ01000008.1_frag_72_L1500	NZ_AFIJ01000008.1	negative_control	bacterial	1500	149073
NZ_AP012332.1_frag_515_L1500	NZ_AP012332.1	negative_control	bacterial	1500	1667406
NZ_CP049230.1_frag_494_L1500	NZ_CP049230.1	negative_control	bacterial	1500	1318700
NZ_CP065631.1_frag_956_L1500	NZ_CP065631.1	negative_control	bacterial	1500	1447017
NZ_CP049230.1_frag_212_L1500	NZ_CP049230.1	negative_control	bacterial	1500	1318700
NZ_AFIJ01000033.1_frag_39_L1500	NZ_AFIJ01000033.1	negative_control	bacterial	1500	81962
NZ_AP012332.1_frag_889_L1500	NZ_AP012332.1	negative_control	bacterial	1500	1667406
NZ_CP039266.1_frag_1298_L1500	NZ_CP039266.1	negative_control	bacterial	1500	2023061
NZ_CP065631.1_frag_830_L1500	NZ_CP065631.1	negative_control	bacterial	1500	1447017
NZ_CP065631.1_frag_116_L1500	NZ_CP065631.1	negative_control	bacterial	1500	1447017
NZ_AP012332.1_frag_1080_L1500	NZ_AP012332.1	negative_control	bacterial	1500	1667406
NZ_AFIJ01000023.1_frag_10_L1500	NZ_AFIJ01000023.1	negative_control	bacterial	1500	71554
NZ_CP065631.1_frag_570_L1500	NZ_CP065631.1	negative_control	bacterial	1500	1447017
NZ_CP065631.1_frag_1_L1500	NZ_CP065631.1	negative_control	bacterial	1500	1447017
NZ_AP012332.1_frag_840_L1500	NZ_AP012332.1	negative_control	bacterial	1500	1667406
NZ_AFIJ01000039.1_frag_12_L1500	NZ_AFIJ01000039.1	negative_control	bacterial	1500	122540
NZ_CP065631.1_frag_277_L1500	NZ_CP065631.1	negative_control	bacterial	1500	1447017
NZ_CP039266.1_frag_949_L1500	NZ_CP039266.1	negative_control	bacterial	1500	2023061
NZ_AFIJ01000007.1_frag_3_L1500	NZ_AFIJ01000007.1	negative_control	bacterial	1500	148045
NZ_CP039266.1_frag_485_L1500	NZ_CP039266.1	negative_control	bacterial	1500	2023061
NZ_AP012332.1_frag_1012_L1500	NZ_AP012332.1	negative_control	bacterial	1500	1667406
NZ_CP049230.1_frag_782_L1500	NZ_CP049230.1	negative_control	bacterial	1500	1318700
NZ_CP039266.1_frag_700_L1500	NZ_CP039266.1	negative_control	bacterial	1500	2023061
NZ_CP011280.1_frag_184_L1500	NZ_CP011280.1	negative_control	bacterial	1500	1330224
NZ_CP039266.1_frag_501_L1500	NZ_CP039266.1	negative_control	bacterial	1500	2023061
NZ_CP011280.1_frag_373_L1500	NZ_CP011280.1	negative_control	bacterial	1500	1330224
NZ_CP039266.1_frag_1208_L1500	NZ_CP039266.1	negative_control	bacterial	1500	2023061
NZ_CP065631.1_frag_25_L1500	NZ_CP065631.1	negative_control	bacterial	1500	1447017
NZ_AP012332.1_frag_257_L1500	NZ_AP012332.1	negative_control	bacterial	1500	1667406
NZ_CP049230.1_frag_621_L1500	NZ_CP049230.1	negative_control	bacterial	1500	1318700
NZ_CP039266.1_frag_1342_L1500	NZ_CP039266.1	negative_control	bacterial	1500	2023061
NZ_CP039266.1_frag_894_L1500	NZ_CP039266.1	negative_control	bacterial	1500	2023061
NZ_CP039266.1_frag_742_L1500	NZ_CP039266.1	negative_control	bacterial	1500	2023061
NZ_CP039266.1_frag_502_L1500	NZ_CP039266.1	negative_control	bacterial	1500	2023061
NZ_CP049230.1_frag_429_L1500	NZ_CP049230.1	negative_control	bacterial	1500	1318700
NZ_AP012332.1_frag_243_L1500	NZ_AP012332.1	negative_control	bacterial	1500	1667406
NZ_AP012332.1_frag_685_L1500	NZ_AP012332.1	negative_control	bacterial	1500	1667406
NZ_AP012332.1_frag_56_L1500	NZ_AP012332.1	negative_control	bacterial	1500	1667406
NZ_AFIJ01000014.1_frag_2_L1500	NZ_AFIJ01000014.1	negative_control	bacterial	1500	11574
NZ_AP012332.1_frag_329_L1500	NZ_AP012332.1	negative_control	bacterial	1500	1667406
NZ_CP039266.1_frag_626_L1500	NZ_CP039266.1	negative_control	bacterial	1500	2023061
NZ_AP012332.1_frag_42_L1500	NZ_AP012332.1	negative_control	bacterial	1500	1667406
NZ_CP065631.1_frag_325_L1500	NZ_CP065631.1	negative_control	bacterial	1500	1447017
NZ_CP049230.1_frag_244_L1500	NZ_CP049230.1	negative_control	bacterial	1500	1318700
NZ_CP049230.1_frag_575_L1500	NZ_CP049230.1	negative_control	bacterial	1500	1318700
NZ_CP065631.1_frag_645_L1500	NZ_CP065631.1	negative_control	bacterial	1500	1447017
NZ_AP012332.1_frag_800_L1500	NZ_AP012332.1	negative_control	bacterial	1500	1667406
NZ_AFIJ01000038.1_frag_63_L1500	NZ_AFIJ01000038.1	negative_control	bacterial	1500	96055
NZ_CP065631.1_frag_344_L1500	NZ_CP065631.1	negative_control	bacterial	1500	1447017
NZ_AP012332.1_frag_707_L1500	NZ_AP012332.1	negative_control	bacterial	1500	1667406
NZ_CP011280.1_frag_420_L1500	NZ_CP011280.1	negative_control	bacterial	1500	1330224
NZ_CP039266.1_frag_928_L1500	NZ_CP039266.1	negative_control	bacterial	1500	2023061
NZ_CP011280.1_frag_668_L1500	NZ_CP011280.1	negative_control	bacterial	1500	1330224
NZ_AP012332.1_frag_951_L1500	NZ_AP012332.1	negative_control	bacterial	1500	1667406
NZ_AP012332.1_frag_161_L1500	NZ_AP012332.1	negative_control	bacterial	1500	1667406
NZ_AP012332.1_frag_833_L1500	NZ_AP012332.1	negative_control	bacterial	1500	1667406
NZ_AP012332.1_frag_335_L1500	NZ_AP012332.1	negative_control	bacterial	1500	1667406
NZ_CP049230.1_frag_459_L1500	NZ_CP049230.1	negative_control	bacterial	1500	1318700
NZ_AP012332.1_frag_308_L1500	NZ_AP012332.1	negative_control	bacterial	1500	1667406
NZ_CP049230.1_frag_129_L1500	NZ_CP049230.1	negative_control	bacterial	1500	1318700
NZ_AFIJ01000044.1_frag_8_L1500	NZ_AFIJ01000044.1	negative_control	bacterial	1500	23508
NZ_CP039266.1_frag_1166_L1500	NZ_CP039266.1	negative_control	bacterial	1500	2023061
NZ_CP011280.1_frag_496_L1500	NZ_CP011280.1	negative_control	bacterial	1500	1330224
NZ_CP065631.1_frag_759_L1500	NZ_CP065631.1	negative_control	bacterial	1500	1447017
NZ_AP012332.1_frag_22_L1500	NZ_AP012332.1	negative_control	bacterial	1500	1667406
NZ_CP065631.1_frag_488_L1500	NZ_CP065631.1	negative_control	bacterial	1500	1447017
NZ_CP065631.1_frag_532_L1500	NZ_CP065631.1	negative_control	bacterial	1500	1447017
NZ_CP049230.1_frag_124_L1500	NZ_CP049230.1	negative_control	bacterial	1500	1318700
NZ_AP012332.1_frag_13_L1500	NZ_AP012332.1	negative_control	bacterial	1500	1667406
NZ_CP039266.1_frag_834_L1500	NZ_CP039266.1	negative_control	bacterial	1500	2023061
NZ_CP049230.1_frag_867_L1500	NZ_CP049230.1	negative_control	bacterial	1500	1318700
NZ_CP039266.1_frag_954_L1500	NZ_CP039266.1	negative_control	bacterial	1500	2023061
NZ_CP039266.1_frag_605_L1500	NZ_CP039266.1	negative_control	bacterial	1500	2023061
NZ_AFIJ01000039.1_frag_50_L1500	NZ_AFIJ01000039.1	negative_control	bacterial	1500	122540
NZ_AFIJ01000009.1_frag_19_L1500	NZ_AFIJ01000009.1	negative_control	bacterial	1500	28506
NZ_AP012332.1_frag_455_L1500	NZ_AP012332.1	negative_control	bacterial	1500	1667406
NZ_CP011280.1_frag_746_L1500	NZ_CP011280.1	negative_control	bacterial	1500	1330224
NZ_CP065631.1_frag_252_L1500	NZ_CP065631.1	negative_control	bacterial	1500	1447017
NZ_AP012332.1_frag_38_L1500	NZ_AP012332.1	negative_control	bacterial	1500	1667406
NZ_AP012332.1_frag_553_L1500	NZ_AP012332.1	negative_control	bacterial	1500	1667406
NZ_CP049230.1_frag_340_L1500	NZ_CP049230.1	negative_control	bacterial	1500	1318700
NZ_AP012332.1_frag_1068_L1500	NZ_AP012332.1	negative_control	bacterial	1500	1667406
NZ_CP065631.1_frag_373_L1500	NZ_CP065631.1	negative_control	bacterial	1500	1447017
NZ_CP049230.1_frag_110_L1500	NZ_CP049230.1	negative_control	bacterial	1500	1318700
NZ_CP039266.1_frag_1283_L1500	NZ_CP039266.1	negative_control	bacterial	1500	2023061
NZ_AP012332.1_frag_861_L1500	NZ_AP012332.1	negative_control	bacterial	1500	1667406
NZ_CP039266.1_frag_419_L1500	NZ_CP039266.1	negative_control	bacterial	1500	2023061
NZ_CP065631.1_frag_661_L1500	NZ_CP065631.1	negative_control	bacterial	1500	1447017
NZ_AP012332.1_frag_754_L1500	NZ_AP012332.1	negative_control	bacterial	1500	1667406
NZ_AP012332.1_frag_927_L1500	NZ_AP012332.1	negative_control	bacterial	1500	1667406
NZ_CP039266.1_frag_651_L1500	NZ_CP039266.1	negative_control	bacterial	1500	2023061
NZ_AP012332.1_frag_264_L1500	NZ_AP012332.1	negative_control	bacterial	1500	1667406
NZ_AP012332.1_frag_556_L1500	NZ_AP012332.1	negative_control	bacterial	1500	1667406
NZ_CP065631.1_frag_807_L1500	NZ_CP065631.1	negative_control	bacterial	1500	1447017
NZ_CP011280.1_frag_819_L1500	NZ_CP011280.1	negative_control	bacterial	1500	1330224
NZ_AFIJ01000005.1_frag_6_L1500	NZ_AFIJ01000005.1	negative_control	bacterial	1500	10272
NZ_CP011280.1_frag_508_L1500	NZ_CP011280.1	negative_control	bacterial	1500	1330224
NZ_CP065631.1_frag_854_L1500	NZ_CP065631.1	negative_control	bacterial	1500	1447017
NZ_AFIJ01000006.1_frag_20_L1500	NZ_AFIJ01000006.1	negative_control	bacterial	1500	35744
NZ_CP039266.1_frag_1323_L1500	NZ_CP039266.1	negative_control	bacterial	1500	2023061
NZ_CP011280.1_frag_447_L1500	NZ_CP011280.1	negative_control	bacterial	1500	1330224
NZ_CP065631.1_frag_673_L1500	NZ_CP065631.1	negative_control	bacterial	1500	1447017
NZ_CP011280.1_frag_703_L1500	NZ_CP011280.1	negative_control	bacterial	1500	1330224
NZ_CP039266.1_frag_900_L1500	NZ_CP039266.1	negative_control	bacterial	1500	2023061
NZ_AP012332.1_frag_310_L1500	NZ_AP012332.1	negative_control	bacterial	1500	1667406
NZ_CP049230.1_frag_405_L1500	NZ_CP049230.1	negative_control	bacterial	1500	1318700
NZ_CP039266.1_frag_1231_L1500	NZ_CP039266.1	negative_control	bacterial	1500	2023061
NZ_CP049230.1_frag_464_L1500	NZ_CP049230.1	negative_control	bacterial	1500	1318700
NZ_AP012332.1_frag_363_L1500	NZ_AP012332.1	negative_control	bacterial	1500	1667406
NZ_AFIJ01000008.1_frag_61_L1500	NZ_AFIJ01000008.1	negative_control	bacterial	1500	149073
NZ_CP011280.1_frag_521_L1500	NZ_CP011280.1	negative_control	bacterial	1500	1330224
NZ_AP012332.1_frag_471_L1500	NZ_AP012332.1	negative_control	bacterial	1500	1667406
NZ_CP011280.1_frag_794_L1500	NZ_CP011280.1	negative_control	bacterial	1500	1330224
NZ_AP012332.1_frag_1001_L1500	NZ_AP012332.1	negative_control	bacterial	1500	1667406
NZ_CP065631.1_frag_480_L1500	NZ_CP065631.1	negative_control	bacterial	1500	1447017
NZ_AP012332.1_frag_521_L1500	NZ_AP012332.1	negative_control	bacterial	1500	1667406
NZ_AFIJ01000039.1_frag_24_L1500	NZ_AFIJ01000039.1	negative_control	bacterial	1500	122540
NZ_CP065631.1_frag_247_L1500	NZ_CP065631.1	negative_control	bacterial	1500	1447017
NZ_AFIJ01000004.1_frag_48_L1500	NZ_AFIJ01000004.1	negative_control	bacterial	1500	100595
NZ_AP012332.1_frag_292_L1500	NZ_AP012332.1	negative_control	bacterial	1500	1667406
NZ_AFIJ01000032.1_frag_21_L1500	NZ_AFIJ01000032.1	negative_control	bacterial	1500	123176
NZ_AFIJ01000029.1_frag_12_L1500	NZ_AFIJ01000029.1	negative_control	bacterial	1500	104968
NZ_CP049230.1_frag_109_L1500	NZ_CP049230.1	negative_control	bacterial	1500	1318700
NZ_AP012332.1_frag_438_L1500	NZ_AP012332.1	negative_control	bacterial	1500	1667406
NZ_CP065631.1_frag_204_L1500	NZ_CP065631.1	negative_control	bacterial	1500	1447017
NZ_CP049230.1_frag_801_L1500	NZ_CP049230.1	negative_control	bacterial	1500	1318700
NZ_CP039266.1_frag_955_L1500	NZ_CP039266.1	negative_control	bacterial	1500	2023061
NZ_AFIJ01000008.1_frag_78_L1500	NZ_AFIJ01000008.1	negative_control	bacterial	1500	149073
NZ_AFIJ01000039.1_frag_9_L1500	NZ_AFIJ01000039.1	negative_control	bacterial	1500	122540
NZ_CP049230.1_frag_278_L1500	NZ_CP049230.1	negative_control	bacterial	1500	1318700
NZ_AP012332.1_frag_374_L1500	NZ_AP012332.1	negative_control	bacterial	1500	1667406
NZ_CP039266.1_frag_779_L1500	NZ_CP039266.1	negative_control	bacterial	1500	2023061
NZ_CP039266.1_frag_855_L1500	NZ_CP039266.1	negative_control	bacterial	1500	2023061
NZ_CP039266.1_frag_542_L1500	NZ_CP039266.1	negative_control	bacterial	1500	2023061
NZ_AP012332.1_frag_836_L1500	NZ_AP012332.1	negative_control	bacterial	1500	1667406
NZ_CP011280.1_frag_441_L1500	NZ_CP011280.1	negative_control	bacterial	1500	1330224
NZ_AFIJ01000032.1_frag_69_L1500	NZ_AFIJ01000032.1	negative_control	bacterial	1500	123176
NZ_AP012332.1_frag_113_L1500	NZ_AP012332.1	negative_control	bacterial	1500	1667406
NZ_CP039266.1_frag_847_L1500	NZ_CP039266.1	negative_control	bacterial	1500	2023061
NZ_AFIJ01000007.1_frag_73_L1500	NZ_AFIJ01000007.1	negative_control	bacterial	1500	148045
NZ_AFIJ01000026.1_frag_22_L1500	NZ_AFIJ01000026.1	negative_control	bacterial	1500	50184
NZ_CP039266.1_frag_216_L1500	NZ_CP039266.1	negative_control	bacterial	1500	2023061
NZ_CP039266.1_frag_962_L1500	NZ_CP039266.1	negative_control	bacterial	1500	2023061
NZ_AFIJ01000020.1_frag_3_L1500	NZ_AFIJ01000020.1	negative_control	bacterial	1500	80676
NZ_CP049230.1_frag_302_L1500	NZ_CP049230.1	negative_control	bacterial	1500	1318700
NZ_CP049230.1_frag_732_L1500	NZ_CP049230.1	negative_control	bacterial	1500	1318700
NZ_AFIJ01000029.1_frag_5_L1500	NZ_AFIJ01000029.1	negative_control	bacterial	1500	104968
NZ_CP011280.1_frag_173_L1500	NZ_CP011280.1	negative_control	bacterial	1500	1330224
NZ_CP011280.1_frag_153_L1500	NZ_CP011280.1	negative_control	bacterial	1500	1330224
NZ_CP049230.1_frag_186_L1500	NZ_CP049230.1	negative_control	bacterial	1500	1318700
NZ_CP065631.1_frag_387_L1500	NZ_CP065631.1	negative_control	bacterial	1500	1447017
NZ_AFIJ01000017.1_frag_6_L1500	NZ_AFIJ01000017.1	negative_control	bacterial	1500	21892
NZ_AP012332.1_frag_78_L1500	NZ_AP012332.1	negative_control	bacterial	1500	1667406
NZ_AFIJ01000006.1_frag_11_L1500	NZ_AFIJ01000006.1	negative_control	bacterial	1500	35744
NZ_CP049230.1_frag_147_L1500	NZ_CP049230.1	negative_control	bacterial	1500	1318700
NZ_CP039266.1_frag_343_L1500	NZ_CP039266.1	negative_control	bacterial	1500	2023061
NZ_CP065631.1_frag_433_L1500	NZ_CP065631.1	negative_control	bacterial	1500	1447017
NZ_CP065631.1_frag_120_L1500	NZ_CP065631.1	negative_control	bacterial	1500	1447017
NZ_CP065631.1_frag_901_L1500	NZ_CP065631.1	negative_control	bacterial	1500	1447017
NZ_CP011280.1_frag_779_L1500	NZ_CP011280.1	negative_control	bacterial	1500	1330224
NZ_CP039266.1_frag_1214_L1500	NZ_CP039266.1	negative_control	bacterial	1500	2023061
NZ_CP065631.1_frag_272_L1500	NZ_CP065631.1	negative_control	bacterial	1500	1447017
NZ_CP039266.1_frag_624_L1500	NZ_CP039266.1	negative_control	bacterial	1500	2023061
NZ_CP039266.1_frag_560_L1500	NZ_CP039266.1	negative_control	bacterial	1500	2023061
NZ_AP012332.1_frag_480_L1500	NZ_AP012332.1	negative_control	bacterial	1500	1667406
NZ_CP049230.1_frag_397_L1500	NZ_CP049230.1	negative_control	bacterial	1500	1318700
NZ_CP039266.1_frag_446_L1500	NZ_CP039266.1	negative_control	bacterial	1500	2023061
NZ_AP012332.1_frag_546_L1500	NZ_AP012332.1	negative_control	bacterial	1500	1667406
NZ_CP049230.1_frag_234_L1500	NZ_CP049230.1	negative_control	bacterial	1500	1318700
NZ_CP049230.1_frag_663_L1500	NZ_CP049230.1	negative_control	bacterial	1500	1318700
NZ_AFIJ01000029.1_frag_59_L1500	NZ_AFIJ01000029.1	negative_control	bacterial	1500	104968
NZ_CP049230.1_frag_570_L1500	NZ_CP049230.1	negative_control	bacterial	1500	1318700
NZ_AFIJ01000008.1_frag_50_L1500	NZ_AFIJ01000008.1	negative_control	bacterial	1500	149073
NZ_CP011280.1_frag_633_L1500	NZ_CP011280.1	negative_control	bacterial	1500	1330224
NZ_CP049230.1_frag_700_L1500	NZ_CP049230.1	negative_control	bacterial	1500	1318700
NZ_CP065631.1_frag_850_L1500	NZ_CP065631.1	negative_control	bacterial	1500	1447017
NZ_AP012332.1_frag_212_L1500	NZ_AP012332.1	negative_control	bacterial	1500	1667406
NZ_AFIJ01000018.1_frag_2_L1500	NZ_AFIJ01000018.1	negative_control	bacterial	1500	43361
NZ_CP011280.1_frag_217_L1500	NZ_CP011280.1	negative_control	bacterial	1500	1330224
NZ_AP012332.1_frag_9_L1500	NZ_AP012332.1	negative_control	bacterial	1500	1667406
NZ_CP011280.1_frag_354_L1500	NZ_CP011280.1	negative_control	bacterial	1500	1330224
NZ_CP049230.1_frag_97_L1500	NZ_CP049230.1	negative_control	bacterial	1500	1318700
NZ_AFIJ01000020.1_frag_11_L1500	NZ_AFIJ01000020.1	negative_control	bacterial	1500	80676
NZ_CP011280.1_frag_213_L1500	NZ_CP011280.1	negative_control	bacterial	1500	1330224
NZ_AFIJ01000045.1_frag_22_L1500	NZ_AFIJ01000045.1	negative_control	bacterial	1500	114466
NZ_CP039266.1_frag_280_L1500	NZ_CP039266.1	negative_control	bacterial	1500	2023061
NZ_CP065631.1_frag_15_L1500	NZ_CP065631.1	negative_control	bacterial	1500	1447017
NZ_CP049230.1_frag_440_L1500	NZ_CP049230.1	negative_control	bacterial	1500	1318700
NZ_CP039266.1_frag_783_L1500	NZ_CP039266.1	negative_control	bacterial	1500	2023061
NZ_AP012332.1_frag_430_L1500	NZ_AP012332.1	negative_control	bacterial	1500	1667406
NZ_AFIJ01000035.1_frag_6_L1500	NZ_AFIJ01000035.1	negative_control	bacterial	1500	55251
NZ_CP011280.1_frag_827_L1500	NZ_CP011280.1	negative_control	bacterial	1500	1330224
NZ_AP012332.1_frag_405_L1500	NZ_AP012332.1	negative_control	bacterial	1500	1667406
NZ_AP012332.1_frag_361_L1500	NZ_AP012332.1	negative_control	bacterial	1500	1667406
NZ_CP039266.1_frag_653_L1500	NZ_CP039266.1	negative_control	bacterial	1500	2023061
NZ_AFIJ01000023.1_frag_29_L1500	NZ_AFIJ01000023.1	negative_control	bacterial	1500	71554
NZ_CP011280.1_frag_843_L1500	NZ_CP011280.1	negative_control	bacterial	1500	1330224
NZ_CP065631.1_frag_164_L1500	NZ_CP065631.1	negative_control	bacterial	1500	1447017
NZ_CP049230.1_frag_696_L1500	NZ_CP049230.1	negative_control	bacterial	1500	1318700
NZ_CP049230.1_frag_407_L1500	NZ_CP049230.1	negative_control	bacterial	1500	1318700
NZ_CP011280.1_frag_551_L1500	NZ_CP011280.1	negative_control	bacterial	1500	1330224
NZ_CP065631.1_frag_336_L1500	NZ_CP065631.1	negative_control	bacterial	1500	1447017
NZ_AFIJ01000007.1_frag_79_L1500	NZ_AFIJ01000007.1	negative_control	bacterial	1500	148045
NZ_CP049230.1_frag_37_L1500	NZ_CP049230.1	negative_control	bacterial	1500	1318700
NZ_CP011280.1_frag_772_L1500	NZ_CP011280.1	negative_control	bacterial	1500	1330224
NZ_CP011280.1_frag_151_L1500	NZ_CP011280.1	negative_control	bacterial	1500	1330224
NZ_AP012332.1_frag_221_L1500	NZ_AP012332.1	negative_control	bacterial	1500	1667406
NZ_CP011280.1_frag_96_L1500	NZ_CP011280.1	negative_control	bacterial	1500	1330224
NZ_CP065631.1_frag_874_L1500	NZ_CP065631.1	negative_control	bacterial	1500	1447017
NZ_AFIJ01000029.1_frag_54_L1500	NZ_AFIJ01000029.1	negative_control	bacterial	1500	104968
NZ_CP011280.1_frag_290_L1500	NZ_CP011280.1	negative_control	bacterial	1500	1330224
NZ_CP065631.1_frag_765_L1500	NZ_CP065631.1	negative_control	bacterial	1500	1447017
NZ_CP065631.1_frag_790_L1500	NZ_CP065631.1	negative_control	bacterial	1500	1447017
NZ_CP065631.1_frag_392_L1500	NZ_CP065631.1	negative_control	bacterial	1500	1447017
NZ_AP012332.1_frag_409_L1500	NZ_AP012332.1	negative_control	bacterial	1500	1667406
NZ_CP039266.1_frag_531_L1500	NZ_CP039266.1	negative_control	bacterial	1500	2023061
NZ_AFIJ01000004.1_frag_30_L1500	NZ_AFIJ01000004.1	negative_control	bacterial	1500	100595
NZ_CP039266.1_frag_773_L1500	NZ_CP039266.1	negative_control	bacterial	1500	2023061
NZ_AP012332.1_frag_536_L1500	NZ_AP012332.1	negative_control	bacterial	1500	1667406
NZ_CP039266.1_frag_231_L1500	NZ_CP039266.1	negative_control	bacterial	1500	2023061
NZ_AP012332.1_frag_275_L1500	NZ_AP012332.1	negative_control	bacterial	1500	1667406
NZ_CP039266.1_frag_1033_L1500	NZ_CP039266.1	negative_control	bacterial	1500	2023061
NZ_CP039267.1_frag_9_L1500	NZ_CP039267.1	negative_control	bacterial	1500	16343
NZ_CP039266.1_frag_979_L1500	NZ_CP039266.1	negative_control	bacterial	1500	2023061
NZ_CP039266.1_frag_520_L1500	NZ_CP039266.1	negative_control	bacterial	1500	2023061
NZ_AFIJ01000019.1_frag_2_L1500	NZ_AFIJ01000019.1	negative_control	bacterial	1500	11839
NZ_CP049230.1_frag_475_L1500	NZ_CP049230.1	negative_control	bacterial	1500	1318700
NZ_CP065631.1_frag_497_L1500	NZ_CP065631.1	negative_control	bacterial	1500	1447017
NZ_CP039266.1_frag_473_L1500	NZ_CP039266.1	negative_control	bacterial	1500	2023061
NZ_CP065631.1_frag_141_L1500	NZ_CP065631.1	negative_control	bacterial	1500	1447017
NZ_CP065631.1_frag_928_L1500	NZ_CP065631.1	negative_control	bacterial	1500	1447017
NZ_AP012332.1_frag_96_L1500	NZ_AP012332.1	negative_control	bacterial	1500	1667406
NZ_AFIJ01000038.1_frag_39_L1500	NZ_AFIJ01000038.1	negative_control	bacterial	1500	96055
NZ_AFIJ01000009.1_frag_5_L1500	NZ_AFIJ01000009.1	negative_control	bacterial	1500	28506
NZ_CP065631.1_frag_714_L1500	NZ_CP065631.1	negative_control	bacterial	1500	1447017
NZ_CP049230.1_frag_288_L1500	NZ_CP049230.1	negative_control	bacterial	1500	1318700
NZ_CP049230.1_frag_385_L1500	NZ_CP049230.1	negative_control	bacterial	1500	1318700
NZ_AFIJ01000039.1_frag_78_L1500	NZ_AFIJ01000039.1	negative_control	bacterial	1500	122540
NZ_AP012332.1_frag_252_L1500	NZ_AP012332.1	negative_control	bacterial	1500	1667406
NZ_CP065631.1_frag_699_L1500	NZ_CP065631.1	negative_control	bacterial	1500	1447017
NZ_CP065631.1_frag_212_L1500	NZ_CP065631.1	negative_control	bacterial	1500	1447017
NZ_CP011280.1_frag_366_L1500	NZ_CP011280.1	negative_control	bacterial	1500	1330224
NZ_CP039266.1_frag_788_L1500	NZ_CP039266.1	negative_control	bacterial	1500	2023061
NZ_CP039266.1_frag_1185_L1500	NZ_CP039266.1	negative_control	bacterial	1500	2023061
NZ_CP065631.1_frag_377_L1500	NZ_CP065631.1	negative_control	bacterial	1500	1447017
NZ_CP065631.1_frag_930_L1500	NZ_CP065631.1	negative_control	bacterial	1500	1447017
NZ_CP011280.1_frag_417_L1500	NZ_CP011280.1	negative_control	bacterial	1500	1330224
NZ_CP049230.1_frag_371_L1500	NZ_CP049230.1	negative_control	bacterial	1500	1318700
NZ_CP065631.1_frag_258_L1500	NZ_CP065631.1	negative_control	bacterial	1500	1447017
NZ_CP049230.1_frag_776_L1500	NZ_CP049230.1	negative_control	bacterial	1500	1318700
NZ_CP065631.1_frag_35_L1500	NZ_CP065631.1	negative_control	bacterial	1500	1447017
NZ_AFIJ01000009.1_frag_4_L1500	NZ_AFIJ01000009.1	negative_control	bacterial	1500	28506
NZ_CP039266.1_frag_784_L1500	NZ_CP039266.1	negative_control	bacterial	1500	2023061
NZ_AP012332.1_frag_895_L1500	NZ_AP012332.1	negative_control	bacterial	1500	1667406
NZ_CP065631.1_frag_405_L1500	NZ_CP065631.1	negative_control	bacterial	1500	1447017
NZ_AP012332.1_frag_775_L1500	NZ_AP012332.1	negative_control	bacterial	1500	1667406
NZ_AP012332.1_frag_675_L1500	NZ_AP012332.1	negative_control	bacterial	1500	1667406
NZ_AFIJ01000008.1_frag_94_L1500	NZ_AFIJ01000008.1	negative_control	bacterial	1500	149073
NZ_CP011280.1_frag_248_L1500	NZ_CP011280.1	negative_control	bacterial	1500	1330224
NZ_AP012332.1_frag_746_L1500	NZ_AP012332.1	negative_control	bacterial	1500	1667406
NZ_CP065631.1_frag_478_L1500	NZ_CP065631.1	negative_control	bacterial	1500	1447017
NZ_CP039266.1_frag_992_L1500	NZ_CP039266.1	negative_control	bacterial	1500	2023061
NZ_AP012332.1_frag_406_L1500	NZ_AP012332.1	negative_control	bacterial	1500	1667406
NZ_CP039266.1_frag_214_L1500	NZ_CP039266.1	negative_control	bacterial	1500	2023061
NZ_CP049230.1_frag_82_L1500	NZ_CP049230.1	negative_control	bacterial	1500	1318700
NZ_AFIJ01000033.1_frag_3_L1500	NZ_AFIJ01000033.1	negative_control	bacterial	1500	81962
NZ_CP039266.1_frag_659_L1500	NZ_CP039266.1	negative_control	bacterial	1500	2023061
NZ_AFIJ01000011.1_frag_3_L1500	NZ_AFIJ01000011.1	negative_control	bacterial	1500	37253
NZ_AP012332.1_frag_621_L1500	NZ_AP012332.1	negative_control	bacterial	1500	1667406
NZ_AP012332.1_frag_112_L1500	NZ_AP012332.1	negative_control	bacterial	1500	1667406
NZ_AP012332.1_frag_693_L1500	NZ_AP012332.1	negative_control	bacterial	1500	1667406
NZ_AFIJ01000007.1_frag_88_L1500	NZ_AFIJ01000007.1	negative_control	bacterial	1500	148045
NZ_CP039266.1_frag_245_L1500	NZ_CP039266.1	negative_control	bacterial	1500	2023061
NZ_CP039266.1_frag_1149_L1500	NZ_CP039266.1	negative_control	bacterial	1500	2023061
NZ_AFIJ01000045.1_frag_10_L1500	NZ_AFIJ01000045.1	negative_control	bacterial	1500	114466
NZ_CP049230.1_frag_20_L1500	NZ_CP049230.1	negative_control	bacterial	1500	1318700
NZ_CP039266.1_frag_718_L1500	NZ_CP039266.1	negative_control	bacterial	1500	2023061
NZ_CP039266.1_frag_319_L1500	NZ_CP039266.1	negative_control	bacterial	1500	2023061
NZ_AFIJ01000029.1_frag_10_L1500	NZ_AFIJ01000029.1	negative_control	bacterial	1500	104968
NZ_CP011280.1_frag_467_L1500	NZ_CP011280.1	negative_control	bacterial	1500	1330224
NZ_CP039266.1_frag_1181_L1500	NZ_CP039266.1	negative_control	bacterial	1500	2023061
NZ_AP012332.1_frag_1008_L1500	NZ_AP012332.1	negative_control	bacterial	1500	1667406
NZ_CP049230.1_frag_676_L1500	NZ_CP049230.1	negative_control	bacterial	1500	1318700
NZ_CP039266.1_frag_1017_L1500	NZ_CP039266.1	negative_control	bacterial	1500	2023061
NZ_CP049230.1_frag_699_L1500	NZ_CP049230.1	negative_control	bacterial	1500	1318700
NZ_CP039266.1_frag_555_L1500	NZ_CP039266.1	negative_control	bacterial	1500	2023061
NZ_AFIJ01000032.1_frag_71_L1500	NZ_AFIJ01000032.1	negative_control	bacterial	1500	123176
NZ_CP065631.1_frag_739_L1500	NZ_CP065631.1	negative_control	bacterial	1500	1447017
NZ_CP065631.1_frag_878_L1500	NZ_CP065631.1	negative_control	bacterial	1500	1447017
NZ_CP049230.1_frag_75_L1500	NZ_CP049230.1	negative_control	bacterial	1500	1318700
NZ_CP011280.1_frag_4_L1500	NZ_CP011280.1	negative_control	bacterial	1500	1330224
NZ_AP012332.1_frag_404_L1500	NZ_AP012332.1	negative_control	bacterial	1500	1667406
NZ_CP065631.1_frag_561_L1500	NZ_CP065631.1	negative_control	bacterial	1500	1447017
NZ_CP039266.1_frag_904_L1500	NZ_CP039266.1	negative_control	bacterial	1500	2023061
NZ_CP065631.1_frag_536_L1500	NZ_CP065631.1	negative_control	bacterial	1500	1447017
NZ_AFIJ01000038.1_frag_64_L1500	NZ_AFIJ01000038.1	negative_control	bacterial	1500	96055
NZ_CP049230.1_frag_737_L1500	NZ_CP049230.1	negative_control	bacterial	1500	1318700
NZ_CP049230.1_frag_563_L1500	NZ_CP049230.1	negative_control	bacterial	1500	1318700
NZ_AP012332.1_frag_5_L1500	NZ_AP012332.1	negative_control	bacterial	1500	1667406
NZ_CP011280.1_frag_228_L1500	NZ_CP011280.1	negative_control	bacterial	1500	1330224
NZ_AP012332.1_frag_590_L1500	NZ_AP012332.1	negative_control	bacterial	1500	1667406
NZ_CP049230.1_frag_88_L1500	NZ_CP049230.1	negative_control	bacterial	1500	1318700
NZ_AFIJ01000039.1_frag_21_L1500	NZ_AFIJ01000039.1	negative_control	bacterial	1500	122540
NZ_CP049230.1_frag_100_L1500	NZ_CP049230.1	negative_control	bacterial	1500	1318700
NZ_CP039266.1_frag_276_L1500	NZ_CP039266.1	negative_control	bacterial	1500	2023061
NZ_AFIJ01000008.1_frag_1_L1500	NZ_AFIJ01000008.1	negative_control	bacterial	1500	149073
NZ_CP065631.1_frag_359_L1500	NZ_CP065631.1	negative_control	bacterial	1500	1447017
NZ_AFIJ01000007.1_frag_68_L1500	NZ_AFIJ01000007.1	negative_control	bacterial	1500	148045
NZ_CP039266.1_frag_714_L1500	NZ_CP039266.1	negative_control	bacterial	1500	2023061
NZ_AFIJ01000006.1_frag_3_L1500	NZ_AFIJ01000006.1	negative_control	bacterial	1500	35744
NZ_CP011280.1_frag_192_L1500	NZ_CP011280.1	negative_control	bacterial	1500	1330224
NZ_CP039266.1_frag_1016_L1500	NZ_CP039266.1	negative_control	bacterial	1500	2023061
NZ_AP012332.1_frag_435_L1500	NZ_AP012332.1	negative_control	bacterial	1500	1667406
NZ_CP039266.1_frag_1102_L1500	NZ_CP039266.1	negative_control	bacterial	1500	2023061
NZ_AP012332.1_frag_284_L1500	NZ_AP012332.1	negative_control	bacterial	1500	1667406
NZ_CP039266.1_frag_337_L1500	NZ_CP039266.1	negative_control	bacterial	1500	2023061
NZ_CP039266.1_frag_886_L1500	NZ_CP039266.1	negative_control	bacterial	1500	2023061
NZ_CP039266.1_frag_802_L1500	NZ_CP039266.1	negative_control	bacterial	1500	2023061
NZ_AP012332.1_frag_41_L1500	NZ_AP012332.1	negative_control	bacterial	1500	1667406
NZ_CP039266.1_frag_675_L1500	NZ_CP039266.1	negative_control	bacterial	1500	2023061
NZ_CP049230.1_frag_91_L1500	NZ_CP049230.1	negative_control	bacterial	1500	1318700
NZ_CP011280.1_frag_115_L1500	NZ_CP011280.1	negative_control	bacterial	1500	1330224
NZ_CP039266.1_frag_76_L1500	NZ_CP039266.1	negative_control	bacterial	1500	2023061
NZ_CP011280.1_frag_492_L1500	NZ_CP011280.1	negative_control	bacterial	1500	1330224
NZ_CP049230.1_frag_486_L1500	NZ_CP049230.1	negative_control	bacterial	1500	1318700
NZ_CP039266.1_frag_1097_L1500	NZ_CP039266.1	negative_control	bacterial	1500	2023061
NZ_CP011280.1_frag_49_L1500	NZ_CP011280.1	negative_control	bacterial	1500	1330224
NZ_AFIJ01000023.1_frag_17_L1500	NZ_AFIJ01000023.1	negative_control	bacterial	1500	71554
NZ_CP065631.1_frag_636_L1500	NZ_CP065631.1	negative_control	bacterial	1500	1447017
NZ_CP039266.1_frag_333_L1500	NZ_CP039266.1	negative_control	bacterial	1500	2023061
NZ_AP012332.1_frag_829_L1500	NZ_AP012332.1	negative_control	bacterial	1500	1667406
NZ_CP039266.1_frag_1093_L1500	NZ_CP039266.1	negative_control	bacterial	1500	2023061
NZ_AP012332.1_frag_233_L1500	NZ_AP012332.1	negative_control	bacterial	1500	1667406
NZ_CP049230.1_frag_872_L1500	NZ_CP049230.1	negative_control	bacterial	1500	1318700
NZ_AP012332.1_frag_362_L1500	NZ_AP012332.1	negative_control	bacterial	1500	1667406
NZ_AP012332.1_frag_490_L1500	NZ_AP012332.1	negative_control	bacterial	1500	1667406
NZ_CP049230.1_frag_384_L1500	NZ_CP049230.1	negative_control	bacterial	1500	1318700
NZ_CP049230.1_frag_326_L1500	NZ_CP049230.1	negative_control	bacterial	1500	1318700
NZ_CP039266.1_frag_945_L1500	NZ_CP039266.1	negative_control	bacterial	1500	2023061
NZ_CP011280.1_frag_148_L1500	NZ_CP011280.1	negative_control	bacterial	1500	1330224
NZ_CP039266.1_frag_592_L1500	NZ_CP039266.1	negative_control	bacterial	1500	2023061
NZ_CP039266.1_frag_1346_L1500	NZ_CP039266.1	negative_control	bacterial	1500	2023061
NZ_CP039266.1_frag_901_L1500	NZ_CP039266.1	negative_control	bacterial	1500	2023061
NZ_AP012332.1_frag_872_L1500	NZ_AP012332.1	negative_control	bacterial	1500	1667406
NZ_AP012332.1_frag_768_L1500	NZ_AP012332.1	negative_control	bacterial	1500	1667406
NZ_CP049230.1_frag_875_L1500	NZ_CP049230.1	negative_control	bacterial	1500	1318700
NZ_CP049230.1_frag_27_L1500	NZ_CP049230.1	negative_control	bacterial	1500	1318700
NZ_CP039266.1_frag_24_L1500	NZ_CP039266.1	negative_control	bacterial	1500	2023061
NZ_CP065631.1_frag_350_L1500	NZ_CP065631.1	negative_control	bacterial	1500	1447017
NZ_AP012332.1_frag_681_L1500	NZ_AP012332.1	negative_control	bacterial	1500	1667406
NZ_CP011280.1_frag_476_L1500	NZ_CP011280.1	negative_control	bacterial	1500	1330224
NZ_AP012332.1_frag_1_L1500	NZ_AP012332.1	negative_control	bacterial	1500	1667406
NZ_CP049230.1_frag_260_L1500	NZ_CP049230.1	negative_control	bacterial	1500	1318700
NZ_CP065631.1_frag_289_L1500	NZ_CP065631.1	negative_control	bacterial	1500	1447017
NZ_CP011280.1_frag_844_L1500	NZ_CP011280.1	negative_control	bacterial	1500	1330224
NZ_CP039266.1_frag_299_L1500	NZ_CP039266.1	negative_control	bacterial	1500	2023061
NZ_AFIJ01000032.1_frag_6_L1500	NZ_AFIJ01000032.1	negative_control	bacterial	1500	123176
NZ_AP012332.1_frag_651_L1500	NZ_AP012332.1	negative_control	bacterial	1500	1667406
NZ_CP065631.1_frag_696_L1500	NZ_CP065631.1	negative_control	bacterial	1500	1447017
NZ_CP039266.1_frag_57_L1500	NZ_CP039266.1	negative_control	bacterial	1500	2023061
NZ_CP039266.1_frag_96_L1500	NZ_CP039266.1	negative_control	bacterial	1500	2023061
NZ_CP011280.1_frag_177_L1500	NZ_CP011280.1	negative_control	bacterial	1500	1330224
NZ_CP039266.1_frag_991_L1500	NZ_CP039266.1	negative_control	bacterial	1500	2023061
NZ_AFIJ01000033.1_frag_6_L1500	NZ_AFIJ01000033.1	negative_control	bacterial	1500	81962
NZ_CP065631.1_frag_53_L1500	NZ_CP065631.1	negative_control	bacterial	1500	1447017
NZ_CP039266.1_frag_1048_L1500	NZ_CP039266.1	negative_control	bacterial	1500	2023061
NZ_CP049230.1_frag_410_L1500	NZ_CP049230.1	negative_control	bacterial	1500	1318700
NZ_AP012332.1_frag_764_L1500	NZ_AP012332.1	negative_control	bacterial	1500	1667406
NZ_AFIJ01000008.1_frag_60_L1500	NZ_AFIJ01000008.1	negative_control	bacterial	1500	149073
NZ_CP039266.1_frag_540_L1500	NZ_CP039266.1	negative_control	bacterial	1500	2023061
NZ_AFIJ01000008.1_frag_54_L1500	NZ_AFIJ01000008.1	negative_control	bacterial	1500	149073
NZ_CP039266.1_frag_1242_L1500	NZ_CP039266.1	negative_control	bacterial	1500	2023061
NZ_CP039266.1_frag_677_L1500	NZ_CP039266.1	negative_control	bacterial	1500	2023061
NZ_AFIJ01000039.1_frag_34_L1500	NZ_AFIJ01000039.1	negative_control	bacterial	1500	122540
NZ_CP011280.1_frag_111_L1500	NZ_CP011280.1	negative_control	bacterial	1500	1330224
NZ_CP039266.1_frag_292_L1500	NZ_CP039266.1	negative_control	bacterial	1500	2023061
NZ_CP011280.1_frag_195_L1500	NZ_CP011280.1	negative_control	bacterial	1500	1330224
NZ_AFIJ01000020.1_frag_9_L1500	NZ_AFIJ01000020.1	negative_control	bacterial	1500	80676
NZ_CP039266.1_frag_780_L1500	NZ_CP039266.1	negative_control	bacterial	1500	2023061
NZ_CP065631.1_frag_748_L1500	NZ_CP065631.1	negative_control	bacterial	1500	1447017
NZ_AP012332.1_frag_818_L1500	NZ_AP012332.1	negative_control	bacterial	1500	1667406
NZ_CP039266.1_frag_190_L1500	NZ_CP039266.1	negative_control	bacterial	1500	2023061
NZ_AFIJ01000019.1_frag_1_L1500	NZ_AFIJ01000019.1	negative_control	bacterial	1500	11839
NZ_AP012332.1_frag_736_L1500	NZ_AP012332.1	negative_control	bacterial	1500	1667406
NZ_CP039266.1_frag_1305_L1500	NZ_CP039266.1	negative_control	bacterial	1500	2023061
NZ_CP065631.1_frag_888_L1500	NZ_CP065631.1	negative_control	bacterial	1500	1447017
NZ_AP012332.1_frag_639_L1500	NZ_AP012332.1	negative_control	bacterial	1500	1667406
NZ_CP039266.1_frag_931_L1500	NZ_CP039266.1	negative_control	bacterial	1500	2023061
NZ_CP049230.1_frag_8_L1500	NZ_CP049230.1	negative_control	bacterial	1500	1318700
NZ_AFIJ01000035.1_frag_33_L1500	NZ_AFIJ01000035.1	negative_control	bacterial	1500	55251
NZ_CP049230.1_frag_634_L1500	NZ_CP049230.1	negative_control	bacterial	1500	1318700
NZ_AFIJ01000023.1_frag_6_L1500	NZ_AFIJ01000023.1	negative_control	bacterial	1500	71554
NZ_CP011280.1_frag_854_L1500	NZ_CP011280.1	negative_control	bacterial	1500	1330224
NZ_AP012332.1_frag_399_L1500	NZ_AP012332.1	negative_control	bacterial	1500	1667406
NZ_CP065631.1_frag_65_L1500	NZ_CP065631.1	negative_control	bacterial	1500	1447017
NZ_AFIJ01000011.1_frag_22_L1500	NZ_AFIJ01000011.1	negative_control	bacterial	1500	37253
NZ_CP039266.1_frag_489_L1500	NZ_CP039266.1	negative_control	bacterial	1500	2023061
NZ_CP065631.1_frag_680_L1500	NZ_CP065631.1	negative_control	bacterial	1500	1447017
NZ_CP065631.1_frag_68_L1500	NZ_CP065631.1	negative_control	bacterial	1500	1447017
NZ_CP039266.1_frag_568_L1500	NZ_CP039266.1	negative_control	bacterial	1500	2023061
NZ_CP065631.1_frag_653_L1500	NZ_CP065631.1	negative_control	bacterial	1500	1447017
NZ_AP012332.1_frag_498_L1500	NZ_AP012332.1	negative_control	bacterial	1500	1667406
NZ_CP065631.1_frag_256_L1500	NZ_CP065631.1	negative_control	bacterial	1500	1447017
NZ_AFIJ01000032.1_frag_25_L1500	NZ_AFIJ01000032.1	negative_control	bacterial	1500	123176
NZ_AP012332.1_frag_702_L1500	NZ_AP012332.1	negative_control	bacterial	1500	1667406
NZ_AFIJ01000029.1_frag_25_L1500	NZ_AFIJ01000029.1	negative_control	bacterial	1500	104968
NZ_AP012332.1_frag_448_L1500	NZ_AP012332.1	negative_control	bacterial	1500	1667406
NZ_AP012332.1_frag_981_L1500	NZ_AP012332.1	negative_control	bacterial	1500	1667406
NZ_CP039266.1_frag_4_L1500	NZ_CP039266.1	negative_control	bacterial	1500	2023061
NZ_CP039266.1_frag_462_L1500	NZ_CP039266.1	negative_control	bacterial	1500	2023061
NZ_CP011280.1_frag_123_L1500	NZ_CP011280.1	negative_control	bacterial	1500	1330224
NZ_AP012332.1_frag_45_L1500	NZ_AP012332.1	negative_control	bacterial	1500	1667406
NZ_CP065631.1_frag_421_L1500	NZ_CP065631.1	negative_control	bacterial	1500	1447017
NZ_CP039266.1_frag_309_L1500	NZ_CP039266.1	negative_control	bacterial	1500	2023061
NZ_CP065631.1_frag_173_L1500	NZ_CP065631.1	negative_control	bacterial	1500	1447017
NZ_CP011280.1_frag_406_L1500	NZ_CP011280.1	negative_control	bacterial	1500	1330224
NZ_CP011280.1_frag_323_L1500	NZ_CP011280.1	negative_control	bacterial	1500	1330224
NZ_CP011280.1_frag_365_L1500	NZ_CP011280.1	negative_control	bacterial	1500	1330224
NZ_AFIJ01000020.1_frag_43_L1500	NZ_AFIJ01000020.1	negative_control	bacterial	1500	80676
NZ_CP049230.1_frag_568_L1500	NZ_CP049230.1	negative_control	bacterial	1500	1318700
NZ_CP065631.1_frag_471_L1500	NZ_CP065631.1	negative_control	bacterial	1500	1447017
NZ_AP012332.1_frag_17_L1500	NZ_AP012332.1	negative_control	bacterial	1500	1667406
NZ_CP039266.1_frag_1010_L1500	NZ_CP039266.1	negative_control	bacterial	1500	2023061
NZ_CP049230.1_frag_353_L1500	NZ_CP049230.1	negative_control	bacterial	1500	1318700
NZ_CP011280.1_frag_103_L1500	NZ_CP011280.1	negative_control	bacterial	1500	1330224
NZ_CP011280.1_frag_833_L1500	NZ_CP011280.1	negative_control	bacterial	1500	1330224
NZ_CP039266.1_frag_711_L1500	NZ_CP039266.1	negative_control	bacterial	1500	2023061
NZ_AP012332.1_frag_125_L1500	NZ_AP012332.1	negative_control	bacterial	1500	1667406
NZ_CP039266.1_frag_698_L1500	NZ_CP039266.1	negative_control	bacterial	1500	2023061
NZ_AP012332.1_frag_136_L1500	NZ_AP012332.1	negative_control	bacterial	1500	1667406
NZ_CP065631.1_frag_848_L1500	NZ_CP065631.1	negative_control	bacterial	1500	1447017
NZ_CP039266.1_frag_745_L1500	NZ_CP039266.1	negative_control	bacterial	1500	2023061
NZ_AP012332.1_frag_401_L1500	NZ_AP012332.1	negative_control	bacterial	1500	1667406
NZ_CP049230.1_frag_53_L1500	NZ_CP049230.1	negative_control	bacterial	1500	1318700
NZ_CP011280.1_frag_225_L1500	NZ_CP011280.1	negative_control	bacterial	1500	1330224
NZ_AFIJ01000020.1_frag_2_L1500	NZ_AFIJ01000020.1	negative_control	bacterial	1500	80676
NZ_CP039266.1_frag_552_L1500	NZ_CP039266.1	negative_control	bacterial	1500	2023061
NZ_AP012332.1_frag_875_L1500	NZ_AP012332.1	negative_control	bacterial	1500	1667406
NZ_CP049230.1_frag_389_L1500	NZ_CP049230.1	negative_control	bacterial	1500	1318700
NZ_AP012332.1_frag_495_L1500	NZ_AP012332.1	negative_control	bacterial	1500	1667406
NZ_CP039266.1_frag_409_L1500	NZ_CP039266.1	negative_control	bacterial	1500	2023061
NZ_AP012332.1_frag_93_L1500	NZ_AP012332.1	negative_control	bacterial	1500	1667406
NZ_CP039266.1_frag_676_L1500	NZ_CP039266.1	negative_control	bacterial	1500	2023061
NZ_AP012332.1_frag_519_L1500	NZ_AP012332.1	negative_control	bacterial	1500	1667406
NZ_CP065631.1_frag_358_L1500	NZ_CP065631.1	negative_control	bacterial	1500	1447017
NZ_CP039266.1_frag_85_L1500	NZ_CP039266.1	negative_control	bacterial	1500	2023061
NZ_CP039266.1_frag_892_L1500	NZ_CP039266.1	negative_control	bacterial	1500	2023061
NZ_CP065631.1_frag_337_L1500	NZ_CP065631.1	negative_control	bacterial	1500	1447017
NZ_CP011280.1_frag_874_L1500	NZ_CP011280.1	negative_control	bacterial	1500	1330224
NZ_CP039266.1_frag_58_L1500	NZ_CP039266.1	negative_control	bacterial	1500	2023061
NZ_CP049230.1_frag_261_L1500	NZ_CP049230.1	negative_control	bacterial	1500	1318700
NZ_CP065631.1_frag_915_L1500	NZ_CP065631.1	negative_control	bacterial	1500	1447017
NZ_CP049230.1_frag_284_L1500	NZ_CP049230.1	negative_control	bacterial	1500	1318700
NZ_AP012332.1_frag_468_L1500	NZ_AP012332.1	negative_control	bacterial	1500	1667406
NZ_AP012332.1_frag_463_L1500	NZ_AP012332.1	negative_control	bacterial	1500	1667406
NZ_AFIJ01000038.1_frag_7_L1500	NZ_AFIJ01000038.1	negative_control	bacterial	1500	96055
NZ_CP065631.1_frag_586_L1500	NZ_CP065631.1	negative_control	bacterial	1500	1447017
NZ_AP012332.1_frag_293_L1500	NZ_AP012332.1	negative_control	bacterial	1500	1667406
NZ_AFIJ01000045.1_frag_67_L1500	NZ_AFIJ01000045.1	negative_control	bacterial	1500	114466
NZ_CP065631.1_frag_19_L1500	NZ_CP065631.1	negative_control	bacterial	1500	1447017
NZ_AFIJ01000032.1_frag_50_L1500	NZ_AFIJ01000032.1	negative_control	bacterial	1500	123176
NZ_CP049230.1_frag_543_L1500	NZ_CP049230.1	negative_control	bacterial	1500	1318700
NZ_CP039266.1_frag_1003_L1500	NZ_CP039266.1	negative_control	bacterial	1500	2023061
NZ_AP012332.1_frag_389_L1500	NZ_AP012332.1	negative_control	bacterial	1500	1667406
NZ_CP065631.1_frag_722_L1500	NZ_CP065631.1	negative_control	bacterial	1500	1447017
NZ_CP049230.1_frag_549_L1500	NZ_CP049230.1	negative_control	bacterial	1500	1318700
NZ_AP012332.1_frag_931_L1500	NZ_AP012332.1	negative_control	bacterial	1500	1667406
NZ_CP011280.1_frag_725_L1500	NZ_CP011280.1	negative_control	bacterial	1500	1330224
NZ_CP065631.1_frag_428_L1500	NZ_CP065631.1	negative_control	bacterial	1500	1447017
NZ_AP012332.1_frag_98_L1500	NZ_AP012332.1	negative_control	bacterial	1500	1667406
NZ_CP011280.1_frag_51_L1500	NZ_CP011280.1	negative_control	bacterial	1500	1330224
NZ_AFIJ01000008.1_frag_33_L1500	NZ_AFIJ01000008.1	negative_control	bacterial	1500	149073
NZ_AFIJ01000033.1_frag_25_L1500	NZ_AFIJ01000033.1	negative_control	bacterial	1500	81962
NZ_AP012332.1_frag_575_L1500	NZ_AP012332.1	negative_control	bacterial	1500	1667406
NZ_CP039266.1_frag_545_L1500	NZ_CP039266.1	negative_control	bacterial	1500	2023061
NZ_AFIJ01000035.1_frag_12_L1500	NZ_AFIJ01000035.1	negative_control	bacterial	1500	55251
NZ_CP049230.1_frag_323_L1500	NZ_CP049230.1	negative_control	bacterial	1500	1318700
NZ_CP065631.1_frag_884_L1500	NZ_CP065631.1	negative_control	bacterial	1500	1447017
NZ_CP011280.1_frag_7_L1500	NZ_CP011280.1	negative_control	bacterial	1500	1330224
NZ_AFIJ01000011.1_frag_20_L1500	NZ_AFIJ01000011.1	negative_control	bacterial	1500	37253
NZ_AP012332.1_frag_462_L1500	NZ_AP012332.1	negative_control	bacterial	1500	1667406
NZ_AP012332.1_frag_721_L1500	NZ_AP012332.1	negative_control	bacterial	1500	1667406
NZ_CP049230.1_frag_741_L1500	NZ_CP049230.1	negative_control	bacterial	1500	1318700
NZ_CP011280.1_frag_369_L1500	NZ_CP011280.1	negative_control	bacterial	1500	1330224
NZ_CP011280.1_frag_575_L1500	NZ_CP011280.1	negative_control	bacterial	1500	1330224
NZ_CP011280.1_frag_13_L1500	NZ_CP011280.1	negative_control	bacterial	1500	1330224
NZ_CP065631.1_frag_219_L1500	NZ_CP065631.1	negative_control	bacterial	1500	1447017
NZ_AP012332.1_frag_1042_L1500	NZ_AP012332.1	negative_control	bacterial	1500	1667406
NZ_CP039266.1_frag_1282_L1500	NZ_CP039266.1	negative_control	bacterial	1500	2023061
NZ_CP039266.1_frag_1044_L1500	NZ_CP039266.1	negative_control	bacterial	1500	2023061
NZ_AP012332.1_frag_277_L1500	NZ_AP012332.1	negative_control	bacterial	1500	1667406
NZ_CP011280.1_frag_278_L1500	NZ_CP011280.1	negative_control	bacterial	1500	1330224
NZ_AP012332.1_frag_150_L1500	NZ_AP012332.1	negative_control	bacterial	1500	1667406
NZ_CP039266.1_frag_881_L1500	NZ_CP039266.1	negative_control	bacterial	1500	2023061
NZ_CP049230.1_frag_576_L1500	NZ_CP049230.1	negative_control	bacterial	1500	1318700
NZ_AP012332.1_frag_819_L1500	NZ_AP012332.1	negative_control	bacterial	1500	1667406
NZ_AFIJ01000007.1_frag_82_L1500	NZ_AFIJ01000007.1	negative_control	bacterial	1500	148045
NZ_CP039266.1_frag_770_L1500	NZ_CP039266.1	negative_control	bacterial	1500	2023061
NZ_CP065631.1_frag_511_L1500	NZ_CP065631.1	negative_control	bacterial	1500	1447017
NZ_CP011280.1_frag_84_L1500	NZ_CP011280.1	negative_control	bacterial	1500	1330224
NZ_CP065631.1_frag_18_L1500	NZ_CP065631.1	negative_control	bacterial	1500	1447017
NZ_CP039266.1_frag_189_L1500	NZ_CP039266.1	negative_control	bacterial	1500	2023061
NZ_CP049230.1_frag_141_L1500	NZ_CP049230.1	negative_control	bacterial	1500	1318700
NZ_AP012332.1_frag_1041_L1500	NZ_AP012332.1	negative_control	bacterial	1500	1667406
NZ_AFIJ01000011.1_frag_21_L1500	NZ_AFIJ01000011.1	negative_control	bacterial	1500	37253
NZ_CP039266.1_frag_166_L1500	NZ_CP039266.1	negative_control	bacterial	1500	2023061
NZ_AFIJ01000039.1_frag_23_L1500	NZ_AFIJ01000039.1	negative_control	bacterial	1500	122540
NZ_CP065631.1_frag_547_L1500	NZ_CP065631.1	negative_control	bacterial	1500	1447017
NZ_CP039266.1_frag_1329_L1500	NZ_CP039266.1	negative_control	bacterial	1500	2023061
NZ_AFIJ01000004.1_frag_24_L1500	NZ_AFIJ01000004.1	negative_control	bacterial	1500	100595
NZ_CP049230.1_frag_790_L1500	NZ_CP049230.1	negative_control	bacterial	1500	1318700
NZ_AP012332.1_frag_1064_L1500	NZ_AP012332.1	negative_control	bacterial	1500	1667406
NZ_AP012332.1_frag_192_L1500	NZ_AP012332.1	negative_control	bacterial	1500	1667406
NZ_CP065631.1_frag_831_L1500	NZ_CP065631.1	negative_control	bacterial	1500	1447017
NZ_CP039266.1_frag_55_L1500	NZ_CP039266.1	negative_control	bacterial	1500	2023061
NZ_AP012332.1_frag_1088_L1500	NZ_AP012332.1	negative_control	bacterial	1500	1667406
NZ_AFIJ01000007.1_frag_26_L1500	NZ_AFIJ01000007.1	negative_control	bacterial	1500	148045
NZ_CP011280.1_frag_846_L1500	NZ_CP011280.1	negative_control	bacterial	1500	1330224
NZ_CP039266.1_frag_796_L1500	NZ_CP039266.1	negative_control	bacterial	1500	2023061
NZ_AFIJ01000038.1_frag_33_L1500	NZ_AFIJ01000038.1	negative_control	bacterial	1500	96055
NZ_CP049230.1_frag_175_L1500	NZ_CP049230.1	negative_control	bacterial	1500	1318700
NZ_AP012332.1_frag_732_L1500	NZ_AP012332.1	negative_control	bacterial	1500	1667406
NZ_CP011280.1_frag_744_L1500	NZ_CP011280.1	negative_control	bacterial	1500	1330224
NZ_AFIJ01000026.1_frag_4_L1500	NZ_AFIJ01000026.1	negative_control	bacterial	1500	50184
NZ_CP039266.1_frag_737_L1500	NZ_CP039266.1	negative_control	bacterial	1500	2023061
NZ_AP012332.1_frag_520_L1500	NZ_AP012332.1	negative_control	bacterial	1500	1667406
NZ_CP039266.1_frag_278_L1500	NZ_CP039266.1	negative_control	bacterial	1500	2023061
NZ_AFIJ01000007.1_frag_94_L1500	NZ_AFIJ01000007.1	negative_control	bacterial	1500	148045
NZ_CP011280.1_frag_76_L1500	NZ_CP011280.1	negative_control	bacterial	1500	1330224
NZ_AFIJ01000032.1_frag_20_L1500	NZ_AFIJ01000032.1	negative_control	bacterial	1500	123176
NZ_AFIJ01000033.1_frag_7_L1500	NZ_AFIJ01000033.1	negative_control	bacterial	1500	81962
NZ_AP012332.1_frag_538_L1500	NZ_AP012332.1	negative_control	bacterial	1500	1667406
NZ_CP039266.1_frag_969_L1500	NZ_CP039266.1	negative_control	bacterial	1500	2023061
NZ_AFIJ01000007.1_frag_90_L1500	NZ_AFIJ01000007.1	negative_control	bacterial	1500	148045
NZ_AFIJ01000008.1_frag_34_L1500	NZ_AFIJ01000008.1	negative_control	bacterial	1500	149073
NZ_CP065631.1_frag_576_L1500	NZ_CP065631.1	negative_control	bacterial	1500	1447017
NZ_CP039266.1_frag_1337_L1500	NZ_CP039266.1	negative_control	bacterial	1500	2023061
NZ_CP065631.1_frag_237_L1500	NZ_CP065631.1	negative_control	bacterial	1500	1447017
NZ_CP039266.1_frag_117_L1500	NZ_CP039266.1	negative_control	bacterial	1500	2023061
NZ_CP065631.1_frag_792_L1500	NZ_CP065631.1	negative_control	bacterial	1500	1447017
NZ_AP012332.1_frag_1084_L1500	NZ_AP012332.1	negative_control	bacterial	1500	1667406
NZ_CP049230.1_frag_1_L1500	NZ_CP049230.1	negative_control	bacterial	1500	1318700
NZ_CP039266.1_frag_367_L1500	NZ_CP039266.1	negative_control	bacterial	1500	2023061
NZ_CP049230.1_frag_387_L1500	NZ_CP049230.1	negative_control	bacterial	1500	1318700
NZ_CP011280.1_frag_196_L1500	NZ_CP011280.1	negative_control	bacterial	1500	1330224
NZ_CP065631.1_frag_285_L1500	NZ_CP065631.1	negative_control	bacterial	1500	1447017
NZ_AFIJ01000008.1_frag_49_L1500	NZ_AFIJ01000008.1	negative_control	bacterial	1500	149073
NZ_CP039266.1_frag_942_L1500	NZ_CP039266.1	negative_control	bacterial	1500	2023061
NZ_CP039266.1_frag_277_L1500	NZ_CP039266.1	negative_control	bacterial	1500	2023061
NZ_AP012332.1_frag_336_L1500	NZ_AP012332.1	negative_control	bacterial	1500	1667406
NZ_AFIJ01000035.1_frag_7_L1500	NZ_AFIJ01000035.1	negative_control	bacterial	1500	55251
NZ_CP065631.1_frag_167_L1500	NZ_CP065631.1	negative_control	bacterial	1500	1447017
NZ_CP011280.1_frag_710_L1500	NZ_CP011280.1	negative_control	bacterial	1500	1330224
NZ_CP039266.1_frag_566_L1500	NZ_CP039266.1	negative_control	bacterial	1500	2023061
NZ_CP039266.1_frag_576_L1500	NZ_CP039266.1	negative_control	bacterial	1500	2023061
NZ_CP011280.1_frag_865_L1500	NZ_CP011280.1	negative_control	bacterial	1500	1330224
NZ_AP012332.1_frag_1016_L1500	NZ_AP012332.1	negative_control	bacterial	1500	1667406
NZ_AFIJ01000008.1_frag_51_L1500	NZ_AFIJ01000008.1	negative_control	bacterial	1500	149073
NZ_AP012332.1_frag_1054_L1500	NZ_AP012332.1	negative_control	bacterial	1500	1667406
NZ_CP049230.1_frag_36_L1500	NZ_CP049230.1	negative_control	bacterial	1500	1318700
NZ_AP012332.1_frag_983_L1500	NZ_AP012332.1	negative_control	bacterial	1500	1667406
NZ_CP065631.1_frag_679_L1500	NZ_CP065631.1	negative_control	bacterial	1500	1447017
NZ_CP039266.1_frag_195_L1500	NZ_CP039266.1	negative_control	bacterial	1500	2023061
NZ_AP012332.1_frag_305_L1500	NZ_AP012332.1	negative_control	bacterial	1500	1667406
NZ_CP011280.1_frag_485_L1500	NZ_CP011280.1	negative_control	bacterial	1500	1330224
NZ_AFIJ01000004.1_frag_12_L1500	NZ_AFIJ01000004.1	negative_control	bacterial	1500	100595
NZ_CP049230.1_frag_546_L1500	NZ_CP049230.1	negative_control	bacterial	1500	1318700
NZ_AFIJ01000009.1_frag_7_L1500	NZ_AFIJ01000009.1	negative_control	bacterial	1500	28506
NZ_CP065631.1_frag_125_L1500	NZ_CP065631.1	negative_control	bacterial	1500	1447017
NZ_CP049230.1_frag_467_L1500	NZ_CP049230.1	negative_control	bacterial	1500	1318700
NZ_AFIJ01000038.1_frag_2_L1500	NZ_AFIJ01000038.1	negative_control	bacterial	1500	96055
NZ_CP065631.1_frag_659_L1500	NZ_CP065631.1	negative_control	bacterial	1500	1447017
NZ_CP065631.1_frag_523_L1500	NZ_CP065631.1	negative_control	bacterial	1500	1447017
NZ_AP012332.1_frag_40_L1500	NZ_AP012332.1	negative_control	bacterial	1500	1667406
NZ_AFIJ01000004.1_frag_43_L1500	NZ_AFIJ01000004.1	negative_control	bacterial	1500	100595
NZ_CP049230.1_frag_201_L1500	NZ_CP049230.1	negative_control	bacterial	1500	1318700
NZ_CP011280.1_frag_612_L1500	NZ_CP011280.1	negative_control	bacterial	1500	1330224
NZ_CP065631.1_frag_214_L1500	NZ_CP065631.1	negative_control	bacterial	1500	1447017
NZ_CP049230.1_frag_116_L1500	NZ_CP049230.1	negative_control	bacterial	1500	1318700
NZ_CP011280.1_frag_628_L1500	NZ_CP011280.1	negative_control	bacterial	1500	1330224
NZ_CP049230.1_frag_379_L1500	NZ_CP049230.1	negative_control	bacterial	1500	1318700
NZ_CP011280.1_frag_700_L1500	NZ_CP011280.1	negative_control	bacterial	1500	1330224
NZ_CP011280.1_frag_839_L1500	NZ_CP011280.1	negative_control	bacterial	1500	1330224
NZ_CP065631.1_frag_248_L1500	NZ_CP065631.1	negative_control	bacterial	1500	1447017
NZ_CP065631.1_frag_341_L1500	NZ_CP065631.1	negative_control	bacterial	1500	1447017
NZ_CP049230.1_frag_458_L1500	NZ_CP049230.1	negative_control	bacterial	1500	1318700
NZ_AFIJ01000045.1_frag_24_L1500	NZ_AFIJ01000045.1	negative_control	bacterial	1500	114466
NZ_CP065631.1_frag_307_L1500	NZ_CP065631.1	negative_control	bacterial	1500	1447017
NZ_CP011280.1_frag_116_L1500	NZ_CP011280.1	negative_control	bacterial	1500	1330224
NZ_AFIJ01000003.1_frag_9_L1500	NZ_AFIJ01000003.1	negative_control	bacterial	1500	19318
NZ_CP049230.1_frag_515_L1500	NZ_CP049230.1	negative_control	bacterial	1500	1318700
NZ_CP049230.1_frag_587_L1500	NZ_CP049230.1	negative_control	bacterial	1500	1318700
NZ_CP011280.1_frag_360_L1500	NZ_CP011280.1	negative_control	bacterial	1500	1330224
NZ_AFIJ01000007.1_frag_39_L1500	NZ_AFIJ01000007.1	negative_control	bacterial	1500	148045
NZ_CP049230.1_frag_824_L1500	NZ_CP049230.1	negative_control	bacterial	1500	1318700
NZ_CP011280.1_frag_10_L1500	NZ_CP011280.1	negative_control	bacterial	1500	1330224
NZ_AFIJ01000039.1_frag_30_L1500	NZ_AFIJ01000039.1	negative_control	bacterial	1500	122540
NZ_AP012332.1_frag_979_L1500	NZ_AP012332.1	negative_control	bacterial	1500	1667406
NZ_CP065631.1_frag_708_L1500	NZ_CP065631.1	negative_control	bacterial	1500	1447017
NZ_CP049230.1_frag_399_L1500	NZ_CP049230.1	negative_control	bacterial	1500	1318700
NZ_AP012332.1_frag_697_L1500	NZ_AP012332.1	negative_control	bacterial	1500	1667406
NZ_AFIJ01000039.1_frag_38_L1500	NZ_AFIJ01000039.1	negative_control	bacterial	1500	122540
NZ_CP011280.1_frag_358_L1500	NZ_CP011280.1	negative_control	bacterial	1500	1330224
NZ_AP012332.1_frag_218_L1500	NZ_AP012332.1	negative_control	bacterial	1500	1667406
NZ_AFIJ01000032.1_frag_78_L1500	NZ_AFIJ01000032.1	negative_control	bacterial	1500	123176
NZ_AFIJ01000004.1_frag_50_L1500	NZ_AFIJ01000004.1	negative_control	bacterial	1500	100595
NZ_CP039266.1_frag_382_L1500	NZ_CP039266.1	negative_control	bacterial	1500	2023061
NZ_CP039266.1_frag_1243_L1500	NZ_CP039266.1	negative_control	bacterial	1500	2023061
NZ_AFIJ01000007.1_frag_70_L1500	NZ_AFIJ01000007.1	negative_control	bacterial	1500	148045
NZ_CP065631.1_frag_813_L1500	NZ_CP065631.1	negative_control	bacterial	1500	1447017
NZ_CP039266.1_frag_835_L1500	NZ_CP039266.1	negative_control	bacterial	1500	2023061
NZ_CP039266.1_frag_606_L1500	NZ_CP039266.1	negative_control	bacterial	1500	2023061
NZ_CP065631.1_frag_827_L1500	NZ_CP065631.1	negative_control	bacterial	1500	1447017
NZ_CP039266.1_frag_1138_L1500	NZ_CP039266.1	negative_control	bacterial	1500	2023061
NZ_CP049230.1_frag_439_L1500	NZ_CP049230.1	negative_control	bacterial	1500	1318700
NZ_AFIJ01000007.1_frag_32_L1500	NZ_AFIJ01000007.1	negative_control	bacterial	1500	148045
NZ_CP039266.1_frag_636_L1500	NZ_CP039266.1	negative_control	bacterial	1500	2023061
NZ_CP039266.1_frag_1061_L1500	NZ_CP039266.1	negative_control	bacterial	1500	2023061
NZ_CP011280.1_frag_745_L1500	NZ_CP011280.1	negative_control	bacterial	1500	1330224
NZ_CP065631.1_frag_911_L1500	NZ_CP065631.1	negative_control	bacterial	1500	1447017
NZ_CP039266.1_frag_1205_L1500	NZ_CP039266.1	negative_control	bacterial	1500	2023061
NZ_CP065631.1_frag_253_L1500	NZ_CP065631.1	negative_control	bacterial	1500	1447017
NZ_CP039266.1_frag_686_L1500	NZ_CP039266.1	negative_control	bacterial	1500	2023061
NZ_AFIJ01000036.1_frag_19_L1500	NZ_AFIJ01000036.1	negative_control	bacterial	1500	38748
NZ_AFIJ01000029.1_frag_64_L1500	NZ_AFIJ01000029.1	negative_control	bacterial	1500	104968
NZ_CP039266.1_frag_857_L1500	NZ_CP039266.1	negative_control	bacterial	1500	2023061
NZ_CP039266.1_frag_224_L1500	NZ_CP039266.1	negative_control	bacterial	1500	2023061
NZ_CP039266.1_frag_426_L1500	NZ_CP039266.1	negative_control	bacterial	1500	2023061
NZ_AFIJ01000007.1_frag_23_L1500	NZ_AFIJ01000007.1	negative_control	bacterial	1500	148045
NZ_CP039266.1_frag_950_L1500	NZ_CP039266.1	negative_control	bacterial	1500	2023061
NZ_CP039266.1_frag_567_L1500	NZ_CP039266.1	negative_control	bacterial	1500	2023061
NZ_AFIJ01000022.1_frag_1_L1500	NZ_AFIJ01000022.1	negative_control	bacterial	1500	1726
NZ_AFIJ01000019.1_frag_5_L1500	NZ_AFIJ01000019.1	negative_control	bacterial	1500	11839
NZ_AP012332.1_frag_683_L1500	NZ_AP012332.1	negative_control	bacterial	1500	1667406
NZ_CP011280.1_frag_146_L1500	NZ_CP011280.1	negative_control	bacterial	1500	1330224
NZ_AFIJ01000026.1_frag_25_L1500	NZ_AFIJ01000026.1	negative_control	bacterial	1500	50184
NZ_AFIJ01000004.1_frag_45_L1500	NZ_AFIJ01000004.1	negative_control	bacterial	1500	100595
NZ_AP012332.1_frag_297_L1500	NZ_AP012332.1	negative_control	bacterial	1500	1667406
NZ_CP049230.1_frag_809_L1500	NZ_CP049230.1	negative_control	bacterial	1500	1318700
NZ_CP049230.1_frag_68_L1500	NZ_CP049230.1	negative_control	bacterial	1500	1318700
NZ_AP012332.1_frag_708_L1500	NZ_AP012332.1	negative_control	bacterial	1500	1667406
NZ_CP039266.1_frag_54_L1500	NZ_CP039266.1	negative_control	bacterial	1500	2023061
NZ_CP039266.1_frag_1280_L1500	NZ_CP039266.1	negative_control	bacterial	1500	2023061
NZ_AP012332.1_frag_460_L1500	NZ_AP012332.1	negative_control	bacterial	1500	1667406
NZ_CP065631.1_frag_449_L1500	NZ_CP065631.1	negative_control	bacterial	1500	1447017
NZ_CP039266.1_frag_1075_L1500	NZ_CP039266.1	negative_control	bacterial	1500	2023061
NZ_CP039266.1_frag_458_L1500	NZ_CP039266.1	negative_control	bacterial	1500	2023061
NZ_CP065631.1_frag_875_L1500	NZ_CP065631.1	negative_control	bacterial	1500	1447017
NZ_CP065631.1_frag_201_L1500	NZ_CP065631.1	negative_control	bacterial	1500	1447017
NZ_CP049230.1_frag_92_L1500	NZ_CP049230.1	negative_control	bacterial	1500	1318700
NZ_CP011280.1_frag_692_L1500	NZ_CP011280.1	negative_control	bacterial	1500	1330224
NZ_CP039266.1_frag_457_L1500	NZ_CP039266.1	negative_control	bacterial	1500	2023061
NZ_CP039266.1_frag_633_L1500	NZ_CP039266.1	negative_control	bacterial	1500	2023061
NZ_CP011280.1_frag_802_L1500	NZ_CP011280.1	negative_control	bacterial	1500	1330224
NZ_CP039266.1_frag_323_L1500	NZ_CP039266.1	negative_control	bacterial	1500	2023061
NZ_AP012332.1_frag_821_L1500	NZ_AP012332.1	negative_control	bacterial	1500	1667406
NZ_CP039266.1_frag_649_L1500	NZ_CP039266.1	negative_control	bacterial	1500	2023061
NZ_CP039266.1_frag_200_L1500	NZ_CP039266.1	negative_control	bacterial	1500	2023061
NZ_CP039266.1_frag_341_L1500	NZ_CP039266.1	negative_control	bacterial	1500	2023061
NZ_AFIJ01000008.1_frag_16_L1500	NZ_AFIJ01000008.1	negative_control	bacterial	1500	149073
NZ_AP012332.1_frag_605_L1500	NZ_AP012332.1	negative_control	bacterial	1500	1667406
NZ_CP039266.1_frag_430_L1500	NZ_CP039266.1	negative_control	bacterial	1500	2023061
NZ_CP065631.1_frag_721_L1500	NZ_CP065631.1	negative_control	bacterial	1500	1447017
NZ_AP012332.1_frag_133_L1500	NZ_AP012332.1	negative_control	bacterial	1500	1667406
NZ_AP012332.1_frag_1111_L1500	NZ_AP012332.1	negative_control	bacterial	1500	1667406
NZ_CP011280.1_frag_181_L1500	NZ_CP011280.1	negative_control	bacterial	1500	1330224
NZ_CP039266.1_frag_819_L1500	NZ_CP039266.1	negative_control	bacterial	1500	2023061
NZ_AFIJ01000025.1_frag_3_L1500	NZ_AFIJ01000025.1	negative_control	bacterial	1500	12101
NZ_CP049230.1_frag_805_L1500	NZ_CP049230.1	negative_control	bacterial	1500	1318700
NZ_AFIJ01000017.1_frag_8_L1500	NZ_AFIJ01000017.1	negative_control	bacterial	1500	21892
NZ_CP049230.1_frag_751_L1500	NZ_CP049230.1	negative_control	bacterial	1500	1318700
NZ_CP039266.1_frag_471_L1500	NZ_CP039266.1	negative_control	bacterial	1500	2023061
NZ_AFIJ01000008.1_frag_29_L1500	NZ_AFIJ01000008.1	negative_control	bacterial	1500	149073
NZ_AP012332.1_frag_1097_L1500	NZ_AP012332.1	negative_control	bacterial	1500	1667406
NZ_AFIJ01000003.1_frag_10_L1500	NZ_AFIJ01000003.1	negative_control	bacterial	1500	19318
NZ_CP049230.1_frag_133_L1500	NZ_CP049230.1	negative_control	bacterial	1500	1318700
NZ_AFIJ01000029.1_frag_57_L1500	NZ_AFIJ01000029.1	negative_control	bacterial	1500	104968
NZ_CP049230.1_frag_176_L1500	NZ_CP049230.1	negative_control	bacterial	1500	1318700
NZ_CP049230.1_frag_177_L1500	NZ_CP049230.1	negative_control	bacterial	1500	1318700
NZ_AP012332.1_frag_745_L1500	NZ_AP012332.1	negative_control	bacterial	1500	1667406
NZ_AFIJ01000004.1_frag_13_L1500	NZ_AFIJ01000004.1	negative_control	bacterial	1500	100595
NZ_CP049230.1_frag_701_L1500	NZ_CP049230.1	negative_control	bacterial	1500	1318700
NZ_AP012332.1_frag_941_L1500	NZ_AP012332.1	negative_control	bacterial	1500	1667406
NZ_CP039266.1_frag_398_L1500	NZ_CP039266.1	negative_control	bacterial	1500	2023061
NZ_AFIJ01000032.1_frag_70_L1500	NZ_AFIJ01000032.1	negative_control	bacterial	1500	123176
NZ_CP049230.1_frag_624_L1500	NZ_CP049230.1	negative_control	bacterial	1500	1318700
NZ_AP012332.1_frag_604_L1500	NZ_AP012332.1	negative_control	bacterial	1500	1667406
NZ_AP012332.1_frag_925_L1500	NZ_AP012332.1	negative_control	bacterial	1500	1667406
NZ_CP065631.1_frag_549_L1500	NZ_CP065631.1	negative_control	bacterial	1500	1447017
NZ_CP049230.1_frag_310_L1500	NZ_CP049230.1	negative_control	bacterial	1500	1318700
NZ_CP039266.1_frag_1090_L1500	NZ_CP039266.1	negative_control	bacterial	1500	2023061
NZ_CP011280.1_frag_673_L1500	NZ_CP011280.1	negative_control	bacterial	1500	1330224
NZ_CP011280.1_frag_198_L1500	NZ_CP011280.1	negative_control	bacterial	1500	1330224
NZ_CP039266.1_frag_884_L1500	NZ_CP039266.1	negative_control	bacterial	1500	2023061
NZ_CP011280.1_frag_768_L1500	NZ_CP011280.1	negative_control	bacterial	1500	1330224
NZ_AFIJ01000007.1_frag_25_L1500	NZ_AFIJ01000007.1	negative_control	bacterial	1500	148045
NZ_AP012332.1_frag_913_L1500	NZ_AP012332.1	negative_control	bacterial	1500	1667406
NZ_CP049230.1_frag_132_L1500	NZ_CP049230.1	negative_control	bacterial	1500	1318700
NZ_AP012332.1_frag_1056_L1500	NZ_AP012332.1	negative_control	bacterial	1500	1667406
NZ_AFIJ01000007.1_frag_80_L1500	NZ_AFIJ01000007.1	negative_control	bacterial	1500	148045
NZ_CP065631.1_frag_456_L1500	NZ_CP065631.1	negative_control	bacterial	1500	1447017
NZ_CP049230.1_frag_279_L1500	NZ_CP049230.1	negative_control	bacterial	1500	1318700
NZ_CP011280.1_frag_783_L1500	NZ_CP011280.1	negative_control	bacterial	1500	1330224
NZ_CP039266.1_frag_449_L1500	NZ_CP039266.1	negative_control	bacterial	1500	2023061
NZ_CP049230.1_frag_171_L1500	NZ_CP049230.1	negative_control	bacterial	1500	1318700
NZ_CP049230.1_frag_136_L1500	NZ_CP049230.1	negative_control	bacterial	1500	1318700
NZ_AFIJ01000038.1_frag_43_L1500	NZ_AFIJ01000038.1	negative_control	bacterial	1500	96055
NZ_AP012332.1_frag_235_L1500	NZ_AP012332.1	negative_control	bacterial	1500	1667406
NZ_CP049230.1_frag_654_L1500	NZ_CP049230.1	negative_control	bacterial	1500	1318700
NZ_CP011280.1_frag_408_L1500	NZ_CP011280.1	negative_control	bacterial	1500	1330224
NZ_AP012332.1_frag_283_L1500	NZ_AP012332.1	negative_control	bacterial	1500	1667406
NZ_AP012332.1_frag_576_L1500	NZ_AP012332.1	negative_control	bacterial	1500	1667406
NZ_AP012332.1_frag_828_L1500	NZ_AP012332.1	negative_control	bacterial	1500	1667406
NZ_AP012332.1_frag_920_L1500	NZ_AP012332.1	negative_control	bacterial	1500	1667406
NZ_AFIJ01000045.1_frag_51_L1500	NZ_AFIJ01000045.1	negative_control	bacterial	1500	114466
NZ_CP065631.1_frag_781_L1500	NZ_CP065631.1	negative_control	bacterial	1500	1447017
NZ_CP011280.1_frag_104_L1500	NZ_CP011280.1	negative_control	bacterial	1500	1330224
NZ_CP049230.1_frag_215_L1500	NZ_CP049230.1	negative_control	bacterial	1500	1318700
NZ_CP039266.1_frag_217_L1500	NZ_CP039266.1	negative_control	bacterial	1500	2023061
NZ_AFIJ01000023.1_frag_16_L1500	NZ_AFIJ01000023.1	negative_control	bacterial	1500	71554
NZ_CP011280.1_frag_93_L1500	NZ_CP011280.1	negative_control	bacterial	1500	1330224
NZ_AFIJ01000036.1_frag_15_L1500	NZ_AFIJ01000036.1	negative_control	bacterial	1500	38748
NZ_AFIJ01000009.1_frag_8_L1500	NZ_AFIJ01000009.1	negative_control	bacterial	1500	28506
NZ_CP039266.1_frag_1279_L1500	NZ_CP039266.1	negative_control	bacterial	1500	2023061
NZ_CP011280.1_frag_693_L1500	NZ_CP011280.1	negative_control	bacterial	1500	1330224
NZ_CP039266.1_frag_15_L1500	NZ_CP039266.1	negative_control	bacterial	1500	2023061
NZ_CP039266.1_frag_373_L1500	NZ_CP039266.1	negative_control	bacterial	1500	2023061
NZ_CP049230.1_frag_412_L1500	NZ_CP049230.1	negative_control	bacterial	1500	1318700
NZ_AP012332.1_frag_837_L1500	NZ_AP012332.1	negative_control	bacterial	1500	1667406
NZ_CP065631.1_frag_618_L1500	NZ_CP065631.1	negative_control	bacterial	1500	1447017
NZ_AP012332.1_frag_1076_L1500	NZ_AP012332.1	negative_control	bacterial	1500	1667406
NZ_AP012332.1_frag_597_L1500	NZ_AP012332.1	negative_control	bacterial	1500	1667406
NZ_CP049230.1_frag_652_L1500	NZ_CP049230.1	negative_control	bacterial	1500	1318700
NZ_CP049230.1_frag_225_L1500	NZ_CP049230.1	negative_control	bacterial	1500	1318700
NZ_AFIJ01000017.1_frag_4_L1500	NZ_AFIJ01000017.1	negative_control	bacterial	1500	21892
NZ_AFIJ01000032.1_frag_79_L1500	NZ_AFIJ01000032.1	negative_control	bacterial	1500	123176
NZ_CP011280.1_frag_205_L1500	NZ_CP011280.1	negative_control	bacterial	1500	1330224
NZ_CP065631.1_frag_383_L1500	NZ_CP065631.1	negative_control	bacterial	1500	1447017
NZ_AFIJ01000032.1_frag_56_L1500	NZ_AFIJ01000032.1	negative_control	bacterial	1500	123176
NZ_AFIJ01000018.1_frag_5_L1500	NZ_AFIJ01000018.1	negative_control	bacterial	1500	43361
NZ_AP012332.1_frag_274_L1500	NZ_AP012332.1	negative_control	bacterial	1500	1667406
NZ_CP039266.1_frag_563_L1500	NZ_CP039266.1	negative_control	bacterial	1500	2023061
NZ_CP039266.1_frag_407_L1500	NZ_CP039266.1	negative_control	bacterial	1500	2023061
NZ_CP065631.1_frag_257_L1500	NZ_CP065631.1	negative_control	bacterial	1500	1447017
NZ_CP065631.1_frag_535_L1500	NZ_CP065631.1	negative_control	bacterial	1500	1447017
NZ_CP039266.1_frag_326_L1500	NZ_CP039266.1	negative_control	bacterial	1500	2023061
NZ_AP012332.1_frag_282_L1500	NZ_AP012332.1	negative_control	bacterial	1500	1667406
NZ_CP011280.1_frag_696_L1500	NZ_CP011280.1	negative_control	bacterial	1500	1330224
NZ_CP039266.1_frag_1131_L1500	NZ_CP039266.1	negative_control	bacterial	1500	2023061
NZ_AFIJ01000007.1_frag_71_L1500	NZ_AFIJ01000007.1	negative_control	bacterial	1500	148045
NZ_CP049230.1_frag_713_L1500	NZ_CP049230.1	negative_control	bacterial	1500	1318700
NZ_CP065631.1_frag_384_L1500	NZ_CP065631.1	negative_control	bacterial	1500	1447017
NZ_AFIJ01000007.1_frag_47_L1500	NZ_AFIJ01000007.1	negative_control	bacterial	1500	148045
NZ_AP012332.1_frag_365_L1500	NZ_AP012332.1	negative_control	bacterial	1500	1667406
NZ_CP065631.1_frag_634_L1500	NZ_CP065631.1	negative_control	bacterial	1500	1447017
NZ_CP039266.1_frag_1250_L1500	NZ_CP039266.1	negative_control	bacterial	1500	2023061
NZ_AP012332.1_frag_571_L1500	NZ_AP012332.1	negative_control	bacterial	1500	1667406
NZ_CP065631.1_frag_57_L1500	NZ_CP065631.1	negative_control	bacterial	1500	1447017
NZ_CP065631.1_frag_262_L1500	NZ_CP065631.1	negative_control	bacterial	1500	1447017
NZ_CP039266.1_frag_171_L1500	NZ_CP039266.1	negative_control	bacterial	1500	2023061
NZ_AFIJ01000029.1_frag_14_L1500	NZ_AFIJ01000029.1	negative_control	bacterial	1500	104968
NZ_AFIJ01000045.1_frag_63_L1500	NZ_AFIJ01000045.1	negative_control	bacterial	1500	114466
NZ_CP011280.1_frag_605_L1500	NZ_CP011280.1	negative_control	bacterial	1500	1330224
NZ_AP012332.1_frag_514_L1500	NZ_AP012332.1	negative_control	bacterial	1500	1667406
NZ_CP011280.1_frag_661_L1500	NZ_CP011280.1	negative_control	bacterial	1500	1330224
NZ_CP011280.1_frag_55_L1500	NZ_CP011280.1	negative_control	bacterial	1500	1330224
NZ_AP012332.1_frag_138_L1500	NZ_AP012332.1	negative_control	bacterial	1500	1667406
NZ_AP012332.1_frag_416_L1500	NZ_AP012332.1	negative_control	bacterial	1500	1667406
NZ_CP049230.1_frag_535_L1500	NZ_CP049230.1	negative_control	bacterial	1500	1318700
NZ_CP065631.1_frag_607_L1500	NZ_CP065631.1	negative_control	bacterial	1500	1447017
NZ_AFIJ01000045.1_frag_64_L1500	NZ_AFIJ01000045.1	negative_control	bacterial	1500	114466
NZ_CP039266.1_frag_1008_L1500	NZ_CP039266.1	negative_control	bacterial	1500	2023061
NZ_CP039266.1_frag_461_L1500	NZ_CP039266.1	negative_control	bacterial	1500	2023061
NZ_CP011280.1_frag_370_L1500	NZ_CP011280.1	negative_control	bacterial	1500	1330224
NZ_AFIJ01000003.1_frag_3_L1500	NZ_AFIJ01000003.1	negative_control	bacterial	1500	19318
NZ_CP039266.1_frag_48_L1500	NZ_CP039266.1	negative_control	bacterial	1500	2023061
NZ_CP039266.1_frag_1296_L1500	NZ_CP039266.1	negative_control	bacterial	1500	2023061
NZ_CP049230.1_frag_592_L1500	NZ_CP049230.1	negative_control	bacterial	1500	1318700
NZ_CP039266.1_frag_1032_L1500	NZ_CP039266.1	negative_control	bacterial	1500	2023061
NZ_CP049230.1_frag_153_L1500	NZ_CP049230.1	negative_control	bacterial	1500	1318700
NZ_AP012332.1_frag_946_L1500	NZ_AP012332.1	negative_control	bacterial	1500	1667406
NZ_AFIJ01000023.1_frag_36_L1500	NZ_AFIJ01000023.1	negative_control	bacterial	1500	71554
NZ_CP039266.1_frag_186_L1500	NZ_CP039266.1	negative_control	bacterial	1500	2023061
NZ_AFIJ01000033.1_frag_49_L1500	NZ_AFIJ01000033.1	negative_control	bacterial	1500	81962
NZ_CP039266.1_frag_507_L1500	NZ_CP039266.1	negative_control	bacterial	1500	2023061
NZ_AFIJ01000039.1_frag_62_L1500	NZ_AFIJ01000039.1	negative_control	bacterial	1500	122540
NZ_CP065631.1_frag_155_L1500	NZ_CP065631.1	negative_control	bacterial	1500	1447017
NZ_AFIJ01000020.1_frag_34_L1500	NZ_AFIJ01000020.1	negative_control	bacterial	1500	80676
NZ_AP012332.1_frag_609_L1500	NZ_AP012332.1	negative_control	bacterial	1500	1667406
NZ_CP039266.1_frag_450_L1500	NZ_CP039266.1	negative_control	bacterial	1500	2023061
NZ_CP039266.1_frag_247_L1500	NZ_CP039266.1	negative_control	bacterial	1500	2023061
NZ_CP039266.1_frag_355_L1500	NZ_CP039266.1	negative_control	bacterial	1500	2023061
NZ_CP049230.1_frag_289_L1500	NZ_CP049230.1	negative_control	bacterial	1500	1318700
NZ_CP049230.1_frag_560_L1500	NZ_CP049230.1	negative_control	bacterial	1500	1318700
NZ_CP039266.1_frag_252_L1500	NZ_CP039266.1	negative_control	bacterial	1500	2023061
NZ_AFIJ01000039.1_frag_79_L1500	NZ_AFIJ01000039.1	negative_control	bacterial	1500	122540
NZ_AP012332.1_frag_705_L1500	NZ_AP012332.1	negative_control	bacterial	1500	1667406
NZ_CP011280.1_frag_338_L1500	NZ_CP011280.1	negative_control	bacterial	1500	1330224
NZ_CP039266.1_frag_703_L1500	NZ_CP039266.1	negative_control	bacterial	1500	2023061
NZ_AP012332.1_frag_1009_L1500	NZ_AP012332.1	negative_control	bacterial	1500	1667406
NZ_CP049230.1_frag_789_L1500	NZ_CP049230.1	negative_control	bacterial	1500	1318700
NZ_CP039266.1_frag_511_L1500	NZ_CP039266.1	negative_control	bacterial	1500	2023061
NZ_AFIJ01000007.1_frag_6_L1500	NZ_AFIJ01000007.1	negative_control	bacterial	1500	148045
NZ_CP065631.1_frag_99_L1500	NZ_CP065631.1	negative_control	bacterial	1500	1447017
NZ_CP039266.1_frag_503_L1500	NZ_CP039266.1	negative_control	bacterial	1500	2023061
NZ_CP049230.1_frag_793_L1500	NZ_CP049230.1	negative_control	bacterial	1500	1318700
NZ_CP039266.1_frag_1226_L1500	NZ_CP039266.1	negative_control	bacterial	1500	2023061
NZ_AFIJ01000020.1_frag_41_L1500	NZ_AFIJ01000020.1	negative_control	bacterial	1500	80676
NZ_CP049230.1_frag_600_L1500	NZ_CP049230.1	negative_control	bacterial	1500	1318700
NZ_AP012332.1_frag_586_L1500	NZ_AP012332.1	negative_control	bacterial	1500	1667406
NZ_AP012332.1_frag_826_L1500	NZ_AP012332.1	negative_control	bacterial	1500	1667406
NZ_CP065631.1_frag_752_L1500	NZ_CP065631.1	negative_control	bacterial	1500	1447017
NZ_AP012332.1_frag_773_L1500	NZ_AP012332.1	negative_control	bacterial	1500	1667406
NZ_CP011280.1_frag_308_L1500	NZ_CP011280.1	negative_control	bacterial	1500	1330224
NZ_AFIJ01000020.1_frag_22_L1500	NZ_AFIJ01000020.1	negative_control	bacterial	1500	80676
NZ_CP039266.1_frag_1115_L1500	NZ_CP039266.1	negative_control	bacterial	1500	2023061
NZ_CP065631.1_frag_38_L1500	NZ_CP065631.1	negative_control	bacterial	1500	1447017
NZ_CP049230.1_frag_414_L1500	NZ_CP049230.1	negative_control	bacterial	1500	1318700
NZ_CP039266.1_frag_1111_L1500	NZ_CP039266.1	negative_control	bacterial	1500	2023061
NZ_CP011280.1_frag_519_L1500	NZ_CP011280.1	negative_control	bacterial	1500	1330224
NZ_AP012332.1_frag_907_L1500	NZ_AP012332.1	negative_control	bacterial	1500	1667406
NZ_CP065631.1_frag_453_L1500	NZ_CP065631.1	negative_control	bacterial	1500	1447017
NZ_CP011280.1_frag_140_L1500	NZ_CP011280.1	negative_control	bacterial	1500	1330224
NZ_CP011280.1_frag_866_L1500	NZ_CP011280.1	negative_control	bacterial	1500	1330224
NZ_CP065631.1_frag_491_L1500	NZ_CP065631.1	negative_control	bacterial	1500	1447017
NZ_CP011280.1_frag_130_L1500	NZ_CP011280.1	negative_control	bacterial	1500	1330224
NZ_AP012332.1_frag_141_L1500	NZ_AP012332.1	negative_control	bacterial	1500	1667406
NZ_CP011280.1_frag_547_L1500	NZ_CP011280.1	negative_control	bacterial	1500	1330224
NZ_CP011280.1_frag_352_L1500	NZ_CP011280.1	negative_control	bacterial	1500	1330224
NZ_CP065631.1_frag_777_L1500	NZ_CP065631.1	negative_control	bacterial	1500	1447017
NZ_CP065631.1_frag_663_L1500	NZ_CP065631.1	negative_control	bacterial	1500	1447017
NZ_CP011280.1_frag_382_L1500	NZ_CP011280.1	negative_control	bacterial	1500	1330224
NZ_CP039266.1_frag_981_L1500	NZ_CP039266.1	negative_control	bacterial	1500	2023061
NZ_CP039266.1_frag_734_L1500	NZ_CP039266.1	negative_control	bacterial	1500	2023061
NZ_CP049230.1_frag_194_L1500	NZ_CP049230.1	negative_control	bacterial	1500	1318700
NZ_CP039266.1_frag_611_L1500	NZ_CP039266.1	negative_control	bacterial	1500	2023061
NZ_CP049230.1_frag_200_L1500	NZ_CP049230.1	negative_control	bacterial	1500	1318700
NZ_AP012332.1_frag_692_L1500	NZ_AP012332.1	negative_control	bacterial	1500	1667406
NZ_AP012332.1_frag_634_L1500	NZ_AP012332.1	negative_control	bacterial	1500	1667406
NZ_CP011280.1_frag_167_L1500	NZ_CP011280.1	negative_control	bacterial	1500	1330224
NZ_CP039266.1_frag_536_L1500	NZ_CP039266.1	negative_control	bacterial	1500	2023061
NZ_AFIJ01000023.1_frag_5_L1500	NZ_AFIJ01000023.1	negative_control	bacterial	1500	71554
NZ_CP039266.1_frag_775_L1500	NZ_CP039266.1	negative_control	bacterial	1500	2023061
NZ_CP049230.1_frag_812_L1500	NZ_CP049230.1	negative_control	bacterial	1500	1318700
NZ_AP012332.1_frag_525_L1500	NZ_AP012332.1	negative_control	bacterial	1500	1667406
NZ_AP012332.1_frag_295_L1500	NZ_AP012332.1	negative_control	bacterial	1500	1667406
NZ_AFIJ01000029.1_frag_26_L1500	NZ_AFIJ01000029.1	negative_control	bacterial	1500	104968
NZ_AP012332.1_frag_928_L1500	NZ_AP012332.1	negative_control	bacterial	1500	1667406
NZ_CP049230.1_frag_366_L1500	NZ_CP049230.1	negative_control	bacterial	1500	1318700
NZ_AFIJ01000020.1_frag_4_L1500	NZ_AFIJ01000020.1	negative_control	bacterial	1500	80676
NZ_CP065631.1_frag_360_L1500	NZ_CP065631.1	negative_control	bacterial	1500	1447017
NZ_CP065631.1_frag_236_L1500	NZ_CP065631.1	negative_control	bacterial	1500	1447017
NZ_CP065631.1_frag_681_L1500	NZ_CP065631.1	negative_control	bacterial	1500	1447017
NZ_AFIJ01000033.1_frag_11_L1500	NZ_AFIJ01000033.1	negative_control	bacterial	1500	81962
NZ_AFIJ01000029.1_frag_32_L1500	NZ_AFIJ01000029.1	negative_control	bacterial	1500	104968
NZ_AP012332.1_frag_1065_L1500	NZ_AP012332.1	negative_control	bacterial	1500	1667406
NZ_AP012332.1_frag_396_L1500	NZ_AP012332.1	negative_control	bacterial	1500	1667406
NZ_AFIJ01000020.1_frag_25_L1500	NZ_AFIJ01000020.1	negative_control	bacterial	1500	80676
NZ_CP049230.1_frag_552_L1500	NZ_CP049230.1	negative_control	bacterial	1500	1318700
NZ_CP039266.1_frag_1087_L1500	NZ_CP039266.1	negative_control	bacterial	1500	2023061
NZ_CP039266.1_frag_83_L1500	NZ_CP039266.1	negative_control	bacterial	1500	2023061
NZ_CP039266.1_frag_724_L1500	NZ_CP039266.1	negative_control	bacterial	1500	2023061
NZ_CP049230.1_frag_478_L1500	NZ_CP049230.1	negative_control	bacterial	1500	1318700
NZ_CP065631.1_frag_172_L1500	NZ_CP065631.1	negative_control	bacterial	1500	1447017
NZ_CP039266.1_frag_618_L1500	NZ_CP039266.1	negative_control	bacterial	1500	2023061
NZ_CP011280.1_frag_473_L1500	NZ_CP011280.1	negative_control	bacterial	1500	1330224
NZ_AP012332.1_frag_678_L1500	NZ_AP012332.1	negative_control	bacterial	1500	1667406
NZ_CP039266.1_frag_830_L1500	NZ_CP039266.1	negative_control	bacterial	1500	2023061
NZ_CP039266.1_frag_1041_L1500	NZ_CP039266.1	negative_control	bacterial	1500	2023061
NZ_CP065631.1_frag_291_L1500	NZ_CP065631.1	negative_control	bacterial	1500	1447017
NZ_AFIJ01000027.1_frag_1_L1500	NZ_AFIJ01000027.1	negative_control	bacterial	1500	12043
NZ_CP049230.1_frag_870_L1500	NZ_CP049230.1	negative_control	bacterial	1500	1318700
NZ_AFIJ01000008.1_frag_85_L1500	NZ_AFIJ01000008.1	negative_control	bacterial	1500	149073
NZ_AP012332.1_frag_858_L1500	NZ_AP012332.1	negative_control	bacterial	1500	1667406
NZ_AFIJ01000018.1_frag_27_L1500	NZ_AFIJ01000018.1	negative_control	bacterial	1500	43361
NZ_CP039266.1_frag_1067_L1500	NZ_CP039266.1	negative_control	bacterial	1500	2023061
NZ_CP011280.1_frag_344_L1500	NZ_CP011280.1	negative_control	bacterial	1500	1330224
NZ_AFIJ01000033.1_frag_23_L1500	NZ_AFIJ01000033.1	negative_control	bacterial	1500	81962
NZ_AP012332.1_frag_74_L1500	NZ_AP012332.1	negative_control	bacterial	1500	1667406
NZ_CP049230.1_frag_832_L1500	NZ_CP049230.1	negative_control	bacterial	1500	1318700
NZ_CP039266.1_frag_533_L1500	NZ_CP039266.1	negative_control	bacterial	1500	2023061
NZ_CP039266.1_frag_1227_L1500	NZ_CP039266.1	negative_control	bacterial	1500	2023061
NZ_CP065631.1_frag_595_L1500	NZ_CP065631.1	negative_control	bacterial	1500	1447017
NZ_CP011280.1_frag_231_L1500	NZ_CP011280.1	negative_control	bacterial	1500	1330224
NZ_AP012332.1_frag_1026_L1500	NZ_AP012332.1	negative_control	bacterial	1500	1667406
NZ_AP012332.1_frag_1099_L1500	NZ_AP012332.1	negative_control	bacterial	1500	1667406
NZ_CP049230.1_frag_722_L1500	NZ_CP049230.1	negative_control	bacterial	1500	1318700
NZ_CP039266.1_frag_107_L1500	NZ_CP039266.1	negative_control	bacterial	1500	2023061
NZ_CP039266.1_frag_282_L1500	NZ_CP039266.1	negative_control	bacterial	1500	2023061
NZ_AP012332.1_frag_816_L1500	NZ_AP012332.1	negative_control	bacterial	1500	1667406
NZ_AFIJ01000032.1_frag_77_L1500	NZ_AFIJ01000032.1	negative_control	bacterial	1500	123176
NZ_AP012332.1_frag_786_L1500	NZ_AP012332.1	negative_control	bacterial	1500	1667406
NZ_AFIJ01000026.1_frag_26_L1500	NZ_AFIJ01000026.1	negative_control	bacterial	1500	50184
NZ_CP049230.1_frag_377_L1500	NZ_CP049230.1	negative_control	bacterial	1500	1318700
NZ_AFIJ01000008.1_frag_12_L1500	NZ_AFIJ01000008.1	negative_control	bacterial	1500	149073
NZ_CP049230.1_frag_146_L1500	NZ_CP049230.1	negative_control	bacterial	1500	1318700
NZ_CP039266.1_frag_100_L1500	NZ_CP039266.1	negative_control	bacterial	1500	2023061
NZ_AP012332.1_frag_372_L1500	NZ_AP012332.1	negative_control	bacterial	1500	1667406
NZ_AP012332.1_frag_109_L1500	NZ_AP012332.1	negative_control	bacterial	1500	1667406
NZ_CP011280.1_frag_162_L1500	NZ_CP011280.1	negative_control	bacterial	1500	1330224
NZ_CP065631.1_frag_52_L1500	NZ_CP065631.1	negative_control	bacterial	1500	1447017
NZ_AFIJ01000018.1_frag_4_L1500	NZ_AFIJ01000018.1	negative_control	bacterial	1500	43361
NZ_CP011280.1_frag_89_L1500	NZ_CP011280.1	negative_control	bacterial	1500	1330224
NZ_AP012332.1_frag_910_L1500	NZ_AP012332.1	negative_control	bacterial	1500	1667406
NZ_CP049230.1_frag_247_L1500	NZ_CP049230.1	negative_control	bacterial	1500	1318700
NZ_CP039266.1_frag_144_L1500	NZ_CP039266.1	negative_control	bacterial	1500	2023061
NZ_AFIJ01000003.1_frag_1_L1500	NZ_AFIJ01000003.1	negative_control	bacterial	1500	19318
NZ_CP065631.1_frag_370_L1500	NZ_CP065631.1	negative_control	bacterial	1500	1447017
NZ_AP012332.1_frag_581_L1500	NZ_AP012332.1	negative_control	bacterial	1500	1667406
NZ_CP039266.1_frag_19_L1500	NZ_CP039266.1	negative_control	bacterial	1500	2023061
NZ_AP012332.1_frag_735_L1500	NZ_AP012332.1	negative_control	bacterial	1500	1667406
NZ_AFIJ01000004.1_frag_58_L1500	NZ_AFIJ01000004.1	negative_control	bacterial	1500	100595
NZ_CP039266.1_frag_1246_L1500	NZ_CP039266.1	negative_control	bacterial	1500	2023061
NZ_CP065631.1_frag_363_L1500	NZ_CP065631.1	negative_control	bacterial	1500	1447017
NZ_CP039266.1_frag_402_L1500	NZ_CP039266.1	negative_control	bacterial	1500	2023061
NZ_CP039266.1_frag_1099_L1500	NZ_CP039266.1	negative_control	bacterial	1500	2023061
NZ_CP049230.1_frag_257_L1500	NZ_CP049230.1	negative_control	bacterial	1500	1318700
NZ_AFIJ01000039.1_frag_58_L1500	NZ_AFIJ01000039.1	negative_control	bacterial	1500	122540
NZ_AP012332.1_frag_1015_L1500	NZ_AP012332.1	negative_control	bacterial	1500	1667406
NZ_CP065631.1_frag_352_L1500	NZ_CP065631.1	negative_control	bacterial	1500	1447017
NZ_CP011280.1_frag_407_L1500	NZ_CP011280.1	negative_control	bacterial	1500	1330224
NZ_CP011280.1_frag_685_L1500	NZ_CP011280.1	negative_control	bacterial	1500	1330224
NZ_AP012332.1_frag_844_L1500	NZ_AP012332.1	negative_control	bacterial	1500	1667406
NZ_CP039266.1_frag_917_L1500	NZ_CP039266.1	negative_control	bacterial	1500	2023061
NZ_CP011280.1_frag_503_L1500	NZ_CP011280.1	negative_control	bacterial	1500	1330224
NZ_CP011280.1_frag_786_L1500	NZ_CP011280.1	negative_control	bacterial	1500	1330224
NZ_CP011280.1_frag_57_L1500	NZ_CP011280.1	negative_control	bacterial	1500	1330224
NZ_CP011280.1_frag_200_L1500	NZ_CP011280.1	negative_control	bacterial	1500	1330224
NZ_AFIJ01000020.1_frag_29_L1500	NZ_AFIJ01000020.1	negative_control	bacterial	1500	80676
NZ_CP049230.1_frag_603_L1500	NZ_CP049230.1	negative_control	bacterial	1500	1318700
NZ_AFIJ01000008.1_frag_66_L1500	NZ_AFIJ01000008.1	negative_control	bacterial	1500	149073
NZ_CP065631.1_frag_780_L1500	NZ_CP065631.1	negative_control	bacterial	1500	1447017
NZ_CP039267.1_frag_7_L1500	NZ_CP039267.1	negative_control	bacterial	1500	16343
NZ_CP039266.1_frag_1247_L1500	NZ_CP039266.1	negative_control	bacterial	1500	2023061
NZ_AFIJ01000033.1_frag_12_L1500	NZ_AFIJ01000033.1	negative_control	bacterial	1500	81962
NZ_AP012332.1_frag_803_L1500	NZ_AP012332.1	negative_control	bacterial	1500	1667406
NZ_CP049230.1_frag_766_L1500	NZ_CP049230.1	negative_control	bacterial	1500	1318700
NZ_CP039266.1_frag_20_L1500	NZ_CP039266.1	negative_control	bacterial	1500	2023061
NZ_CP011280.1_frag_194_L1500	NZ_CP011280.1	negative_control	bacterial	1500	1330224
NZ_CP011280.1_frag_260_L1500	NZ_CP011280.1	negative_control	bacterial	1500	1330224
NZ_CP011280.1_frag_412_L1500	NZ_CP011280.1	negative_control	bacterial	1500	1330224
NZ_CP011280.1_frag_287_L1500	NZ_CP011280.1	negative_control	bacterial	1500	1330224
NZ_CP039266.1_frag_519_L1500	NZ_CP039266.1	negative_control	bacterial	1500	2023061
NZ_CP065631.1_frag_3_L1500	NZ_CP065631.1	negative_control	bacterial	1500	1447017
NZ_CP049230.1_frag_375_L1500	NZ_CP049230.1	negative_control	bacterial	1500	1318700
NZ_AP012332.1_frag_1029_L1500	NZ_AP012332.1	negative_control	bacterial	1500	1667406
NZ_CP011280.1_frag_876_L1500	NZ_CP011280.1	negative_control	bacterial	1500	1330224
NZ_CP039266.1_frag_572_L1500	NZ_CP039266.1	negative_control	bacterial	1500	2023061
NZ_CP065631.1_frag_563_L1500	NZ_CP065631.1	negative_control	bacterial	1500	1447017
NZ_CP049230.1_frag_221_L1500	NZ_CP049230.1	negative_control	bacterial	1500	1318700
NZ_CP011280.1_frag_847_L1500	NZ_CP011280.1	negative_control	bacterial	1500	1330224
NZ_CP039266.1_frag_1308_L1500	NZ_CP039266.1	negative_control	bacterial	1500	2023061
NZ_CP065631.1_frag_303_L1500	NZ_CP065631.1	negative_control	bacterial	1500	1447017
NZ_AP012332.1_frag_580_L1500	NZ_AP012332.1	negative_control	bacterial	1500	1667406
NZ_CP039266.1_frag_776_L1500	NZ_CP039266.1	negative_control	bacterial	1500	2023061
NZ_CP011280.1_frag_520_L1500	NZ_CP011280.1	negative_control	bacterial	1500	1330224
NZ_AP012332.1_frag_1058_L1500	NZ_AP012332.1	negative_control	bacterial	1500	1667406
NZ_CP039266.1_frag_543_L1500	NZ_CP039266.1	negative_control	bacterial	1500	2023061
NZ_CP049230.1_frag_205_L1500	NZ_CP049230.1	negative_control	bacterial	1500	1318700
NZ_CP065631.1_frag_541_L1500	NZ_CP065631.1	negative_control	bacterial	1500	1447017
NZ_CP039266.1_frag_62_L1500	NZ_CP039266.1	negative_control	bacterial	1500	2023061
NZ_CP065631.1_frag_620_L1500	NZ_CP065631.1	negative_control	bacterial	1500	1447017
NZ_CP039266.1_frag_1254_L1500	NZ_CP039266.1	negative_control	bacterial	1500	2023061
NZ_CP039266.1_frag_363_L1500	NZ_CP039266.1	negative_control	bacterial	1500	2023061
NZ_CP011280.1_frag_258_L1500	NZ_CP011280.1	negative_control	bacterial	1500	1330224
NZ_CP011280.1_frag_566_L1500	NZ_CP011280.1	negative_control	bacterial	1500	1330224
NZ_CP065631.1_frag_292_L1500	NZ_CP065631.1	negative_control	bacterial	1500	1447017
NZ_CP049230.1_frag_615_L1500	NZ_CP049230.1	negative_control	bacterial	1500	1318700
NZ_AFIJ01000032.1_frag_76_L1500	NZ_AFIJ01000032.1	negative_control	bacterial	1500	123176
NZ_CP039266.1_frag_870_L1500	NZ_CP039266.1	negative_control	bacterial	1500	2023061
NZ_AP012332.1_frag_1085_L1500	NZ_AP012332.1	negative_control	bacterial	1500	1667406
NZ_CP065631.1_frag_682_L1500	NZ_CP065631.1	negative_control	bacterial	1500	1447017
NZ_CP039266.1_frag_1160_L1500	NZ_CP039266.1	negative_control	bacterial	1500	2023061
NZ_AFIJ01000004.1_frag_33_L1500	NZ_AFIJ01000004.1	negative_control	bacterial	1500	100595
NZ_AP012332.1_frag_380_L1500	NZ_AP012332.1	negative_control	bacterial	1500	1667406
NZ_CP065631.1_frag_954_L1500	NZ_CP065631.1	negative_control	bacterial	1500	1447017
NZ_CP011280.1_frag_244_L1500	NZ_CP011280.1	negative_control	bacterial	1500	1330224
NZ_AP012332.1_frag_279_L1500	NZ_AP012332.1	negative_control	bacterial	1500	1667406
NZ_CP039266.1_frag_614_L1500	NZ_CP039266.1	negative_control	bacterial	1500	2023061
NZ_CP039266.1_frag_1139_L1500	NZ_CP039266.1	negative_control	bacterial	1500	2023061
NZ_CP065631.1_frag_510_L1500	NZ_CP065631.1	negative_control	bacterial	1500	1447017
NZ_CP039266.1_frag_517_L1500	NZ_CP039266.1	negative_control	bacterial	1500	2023061
NZ_CP049230.1_frag_334_L1500	NZ_CP049230.1	negative_control	bacterial	1500	1318700
NZ_CP011280.1_frag_749_L1500	NZ_CP011280.1	negative_control	bacterial	1500	1330224
NZ_CP039266.1_frag_629_L1500	NZ_CP039266.1	negative_control	bacterial	1500	2023061
NZ_AP012332.1_frag_908_L1500	NZ_AP012332.1	negative_control	bacterial	1500	1667406
NZ_AFIJ01000038.1_frag_46_L1500	NZ_AFIJ01000038.1	negative_control	bacterial	1500	96055
NZ_CP049230.1_frag_511_L1500	NZ_CP049230.1	negative_control	bacterial	1500	1318700
NZ_AFIJ01000029.1_frag_2_L1500	NZ_AFIJ01000029.1	negative_control	bacterial	1500	104968
NZ_CP039266.1_frag_181_L1500	NZ_CP039266.1	negative_control	bacterial	1500	2023061
NZ_CP039266.1_frag_1046_L1500	NZ_CP039266.1	negative_control	bacterial	1500	2023061
NZ_CP065631.1_frag_776_L1500	NZ_CP065631.1	negative_control	bacterial	1500	1447017
NZ_CP011280.1_frag_862_L1500	NZ_CP011280.1	negative_control	bacterial	1500	1330224
NZ_CP039266.1_frag_97_L1500	NZ_CP039266.1	negative_control	bacterial	1500	2023061
NZ_CP049230.1_frag_317_L1500	NZ_CP049230.1	negative_control	bacterial	1500	1318700
NZ_CP039266.1_frag_5_L1500	NZ_CP039266.1	negative_control	bacterial	1500	2023061
NZ_CP011280.1_frag_770_L1500	NZ_CP011280.1	negative_control	bacterial	1500	1330224
NZ_AFIJ01000038.1_frag_58_L1500	NZ_AFIJ01000038.1	negative_control	bacterial	1500	96055
NZ_AP012332.1_frag_655_L1500	NZ_AP012332.1	negative_control	bacterial	1500	1667406
NZ_CP049230.1_frag_510_L1500	NZ_CP049230.1	negative_control	bacterial	1500	1318700
NZ_AP012332.1_frag_791_L1500	NZ_AP012332.1	negative_control	bacterial	1500	1667406
NZ_CP011280.1_frag_127_L1500	NZ_CP011280.1	negative_control	bacterial	1500	1330224
NZ_CP011280.1_frag_58_L1500	NZ_CP011280.1	negative_control	bacterial	1500	1330224
NZ_CP065631.1_frag_440_L1500	NZ_CP065631.1	negative_control	bacterial	1500	1447017
NZ_CP065631.1_frag_386_L1500	NZ_CP065631.1	negative_control	bacterial	1500	1447017
NZ_CP039266.1_frag_804_L1500	NZ_CP039266.1	negative_control	bacterial	1500	2023061
NZ_CP011280.1_frag_67_L1500	NZ_CP011280.1	negative_control	bacterial	1500	1330224
NZ_CP065631.1_frag_504_L1500	NZ_CP065631.1	negative_control	bacterial	1500	1447017
NZ_CP039266.1_frag_608_L1500	NZ_CP039266.1	negative_control	bacterial	1500	2023061
NZ_AFIJ01000045.1_frag_44_L1500	NZ_AFIJ01000045.1	negative_control	bacterial	1500	114466
NZ_AFIJ01000020.1_frag_46_L1500	NZ_AFIJ01000020.1	negative_control	bacterial	1500	80676
NZ_AFIJ01000039.1_frag_64_L1500	NZ_AFIJ01000039.1	negative_control	bacterial	1500	122540
NZ_CP049230.1_frag_230_L1500	NZ_CP049230.1	negative_control	bacterial	1500	1318700
NZ_CP011280.1_frag_697_L1500	NZ_CP011280.1	negative_control	bacterial	1500	1330224
NZ_CP011280.1_frag_155_L1500	NZ_CP011280.1	negative_control	bacterial	1500	1330224
NZ_CP039266.1_frag_1257_L1500	NZ_CP039266.1	negative_control	bacterial	1500	2023061
NZ_CP039266.1_frag_401_L1500	NZ_CP039266.1	negative_control	bacterial	1500	2023061
NZ_AFIJ01000007.1_frag_49_L1500	NZ_AFIJ01000007.1	negative_control	bacterial	1500	148045
NZ_CP049230.1_frag_864_L1500	NZ_CP049230.1	negative_control	bacterial	1500	1318700
NZ_CP011280.1_frag_877_L1500	NZ_CP011280.1	negative_control	bacterial	1500	1330224
NZ_AP012332.1_frag_512_L1500	NZ_AP012332.1	negative_control	bacterial	1500	1667406
NZ_AFIJ01000004.1_frag_10_L1500	NZ_AFIJ01000004.1	negative_control	bacterial	1500	100595
NZ_AFIJ01000032.1_frag_40_L1500	NZ_AFIJ01000032.1	negative_control	bacterial	1500	123176
NZ_CP011280.1_frag_884_L1500	NZ_CP011280.1	negative_control	bacterial	1500	1330224
NZ_CP049230.1_frag_330_L1500	NZ_CP049230.1	negative_control	bacterial	1500	1318700
NZ_CP039266.1_frag_678_L1500	NZ_CP039266.1	negative_control	bacterial	1500	2023061
NZ_AFIJ01000026.1_frag_1_L1500	NZ_AFIJ01000026.1	negative_control	bacterial	1500	50184
NZ_CP049230.1_frag_304_L1500	NZ_CP049230.1	negative_control	bacterial	1500	1318700
NZ_CP039266.1_frag_1028_L1500	NZ_CP039266.1	negative_control	bacterial	1500	2023061
NZ_CP039266.1_frag_1325_L1500	NZ_CP039266.1	negative_control	bacterial	1500	2023061
NZ_AFIJ01000039.1_frag_43_L1500	NZ_AFIJ01000039.1	negative_control	bacterial	1500	122540
NZ_CP039266.1_frag_1155_L1500	NZ_CP039266.1	negative_control	bacterial	1500	2023061
NZ_AP012332.1_frag_26_L1500	NZ_AP012332.1	negative_control	bacterial	1500	1667406
NZ_CP011280.1_frag_107_L1500	NZ_CP011280.1	negative_control	bacterial	1500	1330224
NZ_AP012332.1_frag_431_L1500	NZ_AP012332.1	negative_control	bacterial	1500	1667406
NZ_CP049230.1_frag_267_L1500	NZ_CP049230.1	negative_control	bacterial	1500	1318700
NZ_AFIJ01000045.1_frag_13_L1500	NZ_AFIJ01000045.1	negative_control	bacterial	1500	114466
NZ_AP012332.1_frag_935_L1500	NZ_AP012332.1	negative_control	bacterial	1500	1667406
NZ_AP012332.1_frag_15_L1500	NZ_AP012332.1	negative_control	bacterial	1500	1667406
NZ_CP039266.1_frag_346_L1500	NZ_CP039266.1	negative_control	bacterial	1500	2023061
NZ_CP011280.1_frag_465_L1500	NZ_CP011280.1	negative_control	bacterial	1500	1330224
NZ_CP065631.1_frag_894_L1500	NZ_CP065631.1	negative_control	bacterial	1500	1447017
NZ_CP039266.1_frag_1222_L1500	NZ_CP039266.1	negative_control	bacterial	1500	2023061
NZ_AP012332.1_frag_999_L1500	NZ_AP012332.1	negative_control	bacterial	1500	1667406
NZ_AFIJ01000025.1_frag_8_L1500	NZ_AFIJ01000025.1	negative_control	bacterial	1500	12101
NZ_CP049230.1_frag_449_L1500	NZ_CP049230.1	negative_control	bacterial	1500	1318700
NZ_CP049230.1_frag_208_L1500	NZ_CP049230.1	negative_control	bacterial	1500	1318700
NZ_CP049230.1_frag_125_L1500	NZ_CP049230.1	negative_control	bacterial	1500	1318700
NZ_CP065631.1_frag_361_L1500	NZ_CP065631.1	negative_control	bacterial	1500	1447017
NZ_CP065631.1_frag_643_L1500	NZ_CP065631.1	negative_control	bacterial	1500	1447017
NZ_CP039266.1_frag_785_L1500	NZ_CP039266.1	negative_control	bacterial	1500	2023061
NZ_AFIJ01000032.1_frag_5_L1500	NZ_AFIJ01000032.1	negative_control	bacterial	1500	123176
NZ_CP039266.1_frag_103_L1500	NZ_CP039266.1	negative_control	bacterial	1500	2023061
NZ_AP012332.1_frag_1103_L1500	NZ_AP012332.1	negative_control	bacterial	1500	1667406
NZ_AP012332.1_frag_122_L1500	NZ_AP012332.1	negative_control	bacterial	1500	1667406
NZ_AFIJ01000039.1_frag_42_L1500	NZ_AFIJ01000039.1	negative_control	bacterial	1500	122540
NZ_AP012332.1_frag_970_L1500	NZ_AP012332.1	negative_control	bacterial	1500	1667406
NZ_AFIJ01000025.1_frag_7_L1500	NZ_AFIJ01000025.1	negative_control	bacterial	1500	12101
NZ_AP012332.1_frag_869_L1500	NZ_AP012332.1	negative_control	bacterial	1500	1667406
NZ_AP012332.1_frag_20_L1500	NZ_AP012332.1	negative_control	bacterial	1500	1667406
NZ_AFIJ01000008.1_frag_87_L1500	NZ_AFIJ01000008.1	negative_control	bacterial	1500	149073
NZ_CP049230.1_frag_712_L1500	NZ_CP049230.1	negative_control	bacterial	1500	1318700
NZ_CP065631.1_frag_326_L1500	NZ_CP065631.1	negative_control	bacterial	1500	1447017
NZ_CP065631.1_frag_426_L1500	NZ_CP065631.1	negative_control	bacterial	1500	1447017
NZ_CP049230.1_frag_590_L1500	NZ_CP049230.1	negative_control	bacterial	1500	1318700
NZ_CP049230.1_frag_774_L1500	NZ_CP049230.1	negative_control	bacterial	1500	1318700
NZ_CP049230.1_frag_639_L1500	NZ_CP049230.1	negative_control	bacterial	1500	1318700
NZ_CP065631.1_frag_367_L1500	NZ_CP065631.1	negative_control	bacterial	1500	1447017
NZ_CP039266.1_frag_854_L1500	NZ_CP039266.1	negative_control	bacterial	1500	2023061
NZ_CP011280.1_frag_424_L1500	NZ_CP011280.1	negative_control	bacterial	1500	1330224
NZ_CP011280.1_frag_35_L1500	NZ_CP011280.1	negative_control	bacterial	1500	1330224
NZ_AFIJ01000026.1_frag_3_L1500	NZ_AFIJ01000026.1	negative_control	bacterial	1500	50184
NZ_CP039266.1_frag_683_L1500	NZ_CP039266.1	negative_control	bacterial	1500	2023061
NZ_AFIJ01000033.1_frag_5_L1500	NZ_AFIJ01000033.1	negative_control	bacterial	1500	81962
NZ_CP049230.1_frag_650_L1500	NZ_CP049230.1	negative_control	bacterial	1500	1318700
NZ_CP011280.1_frag_582_L1500	NZ_CP011280.1	negative_control	bacterial	1500	1330224
NZ_AFIJ01000032.1_frag_7_L1500	NZ_AFIJ01000032.1	negative_control	bacterial	1500	123176
NZ_CP065631.1_frag_467_L1500	NZ_CP065631.1	negative_control	bacterial	1500	1447017
NZ_AFIJ01000033.1_frag_46_L1500	NZ_AFIJ01000033.1	negative_control	bacterial	1500	81962
NZ_AP012332.1_frag_630_L1500	NZ_AP012332.1	negative_control	bacterial	1500	1667406
NZ_AP012332.1_frag_585_L1500	NZ_AP012332.1	negative_control	bacterial	1500	1667406
NZ_CP065631.1_frag_368_L1500	NZ_CP065631.1	negative_control	bacterial	1500	1447017
NZ_CP039266.1_frag_196_L1500	NZ_CP039266.1	negative_control	bacterial	1500	2023061
NZ_CP039266.1_frag_812_L1500	NZ_CP039266.1	negative_control	bacterial	1500	2023061
NZ_AP012332.1_frag_120_L1500	NZ_AP012332.1	negative_control	bacterial	1500	1667406
NZ_AFIJ01000033.1_frag_2_L1500	NZ_AFIJ01000033.1	negative_control	bacterial	1500	81962
NZ_CP065631.1_frag_115_L1500	NZ_CP065631.1	negative_control	bacterial	1500	1447017
NZ_AP012332.1_frag_388_L1500	NZ_AP012332.1	negative_control	bacterial	1500	1667406
NZ_AP012332.1_frag_969_L1500	NZ_AP012332.1	negative_control	bacterial	1500	1667406
NZ_CP049230.1_frag_34_L1500	NZ_CP049230.1	negative_control	bacterial	1500	1318700
NZ_CP049230.1_frag_689_L1500	NZ_CP049230.1	negative_control	bacterial	1500	1318700
NZ_CP049230.1_frag_346_L1500	NZ_CP049230.1	negative_control	bacterial	1500	1318700
NZ_AFIJ01000004.1_frag_31_L1500	NZ_AFIJ01000004.1	negative_control	bacterial	1500	100595
NZ_AP012332.1_frag_1059_L1500	NZ_AP012332.1	negative_control	bacterial	1500	1667406
NZ_CP039266.1_frag_513_L1500	NZ_CP039266.1	negative_control	bacterial	1500	2023061
NZ_CP039266.1_frag_210_L1500	NZ_CP039266.1	negative_control	bacterial	1500	2023061
NZ_CP049230.1_frag_216_L1500	NZ_CP049230.1	negative_control	bacterial	1500	1318700
NZ_CP039266.1_frag_101_L1500	NZ_CP039266.1	negative_control	bacterial	1500	2023061
NZ_AP012332.1_frag_822_L1500	NZ_AP012332.1	negative_control	bacterial	1500	1667406
NZ_CP011280.1_frag_461_L1500	NZ_CP011280.1	negative_control	bacterial	1500	1330224
NZ_CP039266.1_frag_998_L1500	NZ_CP039266.1	negative_control	bacterial	1500	2023061
NZ_CP039266.1_frag_1009_L1500	NZ_CP039266.1	negative_control	bacterial	1500	2023061
NZ_CP049230.1_frag_498_L1500	NZ_CP049230.1	negative_control	bacterial	1500	1318700
NZ_CP039266.1_frag_1187_L1500	NZ_CP039266.1	negative_control	bacterial	1500	2023061
NZ_AP012332.1_frag_229_L1500	NZ_AP012332.1	negative_control	bacterial	1500	1667406
NZ_AFIJ01000018.1_frag_13_L1500	NZ_AFIJ01000018.1	negative_control	bacterial	1500	43361
NZ_CP039266.1_frag_411_L1500	NZ_CP039266.1	negative_control	bacterial	1500	2023061
NZ_CP049230.1_frag_638_L1500	NZ_CP049230.1	negative_control	bacterial	1500	1318700
NZ_CP049230.1_frag_604_L1500	NZ_CP049230.1	negative_control	bacterial	1500	1318700
NZ_CP011280.1_frag_409_L1500	NZ_CP011280.1	negative_control	bacterial	1500	1330224
NZ_AP012332.1_frag_451_L1500	NZ_AP012332.1	negative_control	bacterial	1500	1667406
NZ_AP012332.1_frag_676_L1500	NZ_AP012332.1	negative_control	bacterial	1500	1667406
NZ_CP049230.1_frag_85_L1500	NZ_CP049230.1	negative_control	bacterial	1500	1318700
NZ_AFIJ01000020.1_frag_52_L1500	NZ_AFIJ01000020.1	negative_control	bacterial	1500	80676
NZ_AP012332.1_frag_731_L1500	NZ_AP012332.1	negative_control	bacterial	1500	1667406
NZ_AP012332.1_frag_466_L1500	NZ_AP012332.1	negative_control	bacterial	1500	1667406
NZ_AP012332.1_frag_555_L1500	NZ_AP012332.1	negative_control	bacterial	1500	1667406
NZ_CP065631.1_frag_314_L1500	NZ_CP065631.1	negative_control	bacterial	1500	1447017
NZ_CP039266.1_frag_424_L1500	NZ_CP039266.1	negative_control	bacterial	1500	2023061
NZ_CP011280.1_frag_296_L1500	NZ_CP011280.1	negative_control	bacterial	1500	1330224
NZ_CP039266.1_frag_570_L1500	NZ_CP039266.1	negative_control	bacterial	1500	2023061
NZ_AP012332.1_frag_924_L1500	NZ_AP012332.1	negative_control	bacterial	1500	1667406
NZ_CP039266.1_frag_596_L1500	NZ_CP039266.1	negative_control	bacterial	1500	2023061
NZ_CP049230.1_frag_273_L1500	NZ_CP049230.1	negative_control	bacterial	1500	1318700
NZ_AP012332.1_frag_933_L1500	NZ_AP012332.1	negative_control	bacterial	1500	1667406
NZ_CP039266.1_frag_497_L1500	NZ_CP039266.1	negative_control	bacterial	1500	2023061
NZ_CP065631.1_frag_302_L1500	NZ_CP065631.1	negative_control	bacterial	1500	1447017
NZ_AFIJ01000029.1_frag_35_L1500	NZ_AFIJ01000029.1	negative_control	bacterial	1500	104968
NZ_CP049230.1_frag_874_L1500	NZ_CP049230.1	negative_control	bacterial	1500	1318700
NZ_CP039266.1_frag_261_L1500	NZ_CP039266.1	negative_control	bacterial	1500	2023061
NZ_AP012332.1_frag_1021_L1500	NZ_AP012332.1	negative_control	bacterial	1500	1667406
NZ_CP039266.1_frag_1137_L1500	NZ_CP039266.1	negative_control	bacterial	1500	2023061
NZ_CP065631.1_frag_817_L1500	NZ_CP065631.1	negative_control	bacterial	1500	1447017
NZ_CP049230.1_frag_433_L1500	NZ_CP049230.1	negative_control	bacterial	1500	1318700
NZ_CP011280.1_frag_100_L1500	NZ_CP011280.1	negative_control	bacterial	1500	1330224
NZ_CP049230.1_frag_764_L1500	NZ_CP049230.1	negative_control	bacterial	1500	1318700
NZ_AFIJ01000035.1_frag_24_L1500	NZ_AFIJ01000035.1	negative_control	bacterial	1500	55251
NZ_CP049230.1_frag_692_L1500	NZ_CP049230.1	negative_control	bacterial	1500	1318700
NZ_AFIJ01000025.1_frag_4_L1500	NZ_AFIJ01000025.1	negative_control	bacterial	1500	12101
NZ_CP011280.1_frag_864_L1500	NZ_CP011280.1	negative_control	bacterial	1500	1330224
NZ_AP012332.1_frag_1045_L1500	NZ_AP012332.1	negative_control	bacterial	1500	1667406
NZ_AP012332.1_frag_1011_L1500	NZ_AP012332.1	negative_control	bacterial	1500	1667406
NZ_CP039266.1_frag_70_L1500	NZ_CP039266.1	negative_control	bacterial	1500	2023061
NZ_AFIJ01000035.1_frag_4_L1500	NZ_AFIJ01000035.1	negative_control	bacterial	1500	55251
NZ_CP011280.1_frag_187_L1500	NZ_CP011280.1	negative_control	bacterial	1500	1330224
NZ_CP039266.1_frag_619_L1500	NZ_CP039266.1	negative_control	bacterial	1500	2023061
NZ_AP012332.1_frag_1083_L1500	NZ_AP012332.1	negative_control	bacterial	1500	1667406
NZ_AP012332.1_frag_1092_L1500	NZ_AP012332.1	negative_control	bacterial	1500	1667406
NZ_CP039266.1_frag_1294_L1500	NZ_CP039266.1	negative_control	bacterial	1500	2023061
NZ_AFIJ01000020.1_frag_26_L1500	NZ_AFIJ01000020.1	negative_control	bacterial	1500	80676
NZ_CP049230.1_frag_54_L1500	NZ_CP049230.1	negative_control	bacterial	1500	1318700
NZ_AP012332.1_frag_1051_L1500	NZ_AP012332.1	negative_control	bacterial	1500	1667406
NZ_CP039266.1_frag_194_L1500	NZ_CP039266.1	negative_control	bacterial	1500	2023061
NZ_AP012332.1_frag_620_L1500	NZ_AP012332.1	negative_control	bacterial	1500	1667406
NZ_AP012332.1_frag_328_L1500	NZ_AP012332.1	negative_control	bacterial	1500	1667406
NZ_CP065631.1_frag_493_L1500	NZ_CP065631.1	negative_control	bacterial	1500	1447017
NZ_CP049230.1_frag_749_L1500	NZ_CP049230.1	negative_control	bacterial	1500	1318700
NZ_AFIJ01000038.1_frag_40_L1500	NZ_AFIJ01000038.1	negative_control	bacterial	1500	96055
NZ_CP011280.1_frag_455_L1500	NZ_CP011280.1	negative_control	bacterial	1500	1330224
NZ_CP039266.1_frag_1022_L1500	NZ_CP039266.1	negative_control	bacterial	1500	2023061
NZ_CP039266.1_frag_1175_L1500	NZ_CP039266.1	negative_control	bacterial	1500	2023061
NZ_CP039266.1_frag_104_L1500	NZ_CP039266.1	negative_control	bacterial	1500	2023061
NZ_AFIJ01000006.1_frag_5_L1500	NZ_AFIJ01000006.1	negative_control	bacterial	1500	35744
NZ_AP012332.1_frag_189_L1500	NZ_AP012332.1	negative_control	bacterial	1500	1667406
NZ_AP012332.1_frag_177_L1500	NZ_AP012332.1	negative_control	bacterial	1500	1667406
NZ_CP039266.1_frag_589_L1500	NZ_CP039266.1	negative_control	bacterial	1500	2023061
NZ_CP011280.1_frag_688_L1500	NZ_CP011280.1	negative_control	bacterial	1500	1330224
NZ_AP012332.1_frag_384_L1500	NZ_AP012332.1	negative_control	bacterial	1500	1667406
NZ_CP039266.1_frag_957_L1500	NZ_CP039266.1	negative_control	bacterial	1500	2023061
NZ_CP011280.1_frag_570_L1500	NZ_CP011280.1	negative_control	bacterial	1500	1330224
NZ_AFIJ01000004.1_frag_16_L1500	NZ_AFIJ01000004.1	negative_control	bacterial	1500	100595
NZ_CP049230.1_frag_519_L1500	NZ_CP049230.1	negative_control	bacterial	1500	1318700
NZ_CP065631.1_frag_34_L1500	NZ_CP065631.1	negative_control	bacterial	1500	1447017
NZ_CP039266.1_frag_637_L1500	NZ_CP039266.1	negative_control	bacterial	1500	2023061
NZ_CP011280.1_frag_345_L1500	NZ_CP011280.1	negative_control	bacterial	1500	1330224
NZ_CP039266.1_frag_580_L1500	NZ_CP039266.1	negative_control	bacterial	1500	2023061
NZ_AFIJ01000011.1_frag_1_L1500	NZ_AFIJ01000011.1	negative_control	bacterial	1500	37253
NZ_AP012332.1_frag_663_L1500	NZ_AP012332.1	negative_control	bacterial	1500	1667406
NZ_AP012332.1_frag_891_L1500	NZ_AP012332.1	negative_control	bacterial	1500	1667406
NZ_AFIJ01000026.1_frag_18_L1500	NZ_AFIJ01000026.1	negative_control	bacterial	1500	50184
NZ_AP012332.1_frag_423_L1500	NZ_AP012332.1	negative_control	bacterial	1500	1667406
NZ_CP065631.1_frag_635_L1500	NZ_CP065631.1	negative_control	bacterial	1500	1447017
NZ_CP011280.1_frag_221_L1500	NZ_CP011280.1	negative_control	bacterial	1500	1330224
NZ_CP011280.1_frag_357_L1500	NZ_CP011280.1	negative_control	bacterial	1500	1330224
NZ_AP012332.1_frag_1006_L1500	NZ_AP012332.1	negative_control	bacterial	1500	1667406
NZ_CP039266.1_frag_1101_L1500	NZ_CP039266.1	negative_control	bacterial	1500	2023061
NZ_CP065631.1_frag_216_L1500	NZ_CP065631.1	negative_control	bacterial	1500	1447017
NZ_CP049230.1_frag_762_L1500	NZ_CP049230.1	negative_control	bacterial	1500	1318700
NZ_CP011280.1_frag_577_L1500	NZ_CP011280.1	negative_control	bacterial	1500	1330224
NZ_CP011280.1_frag_68_L1500	NZ_CP011280.1	negative_control	bacterial	1500	1330224
NZ_CP065631.1_frag_485_L1500	NZ_CP065631.1	negative_control	bacterial	1500	1447017
NZ_CP049230.1_frag_224_L1500	NZ_CP049230.1	negative_control	bacterial	1500	1318700
NZ_CP049230.1_frag_350_L1500	NZ_CP049230.1	negative_control	bacterial	1500	1318700
NZ_CP065631.1_frag_64_L1500	NZ_CP065631.1	negative_control	bacterial	1500	1447017
NZ_AP012332.1_frag_1067_L1500	NZ_AP012332.1	negative_control	bacterial	1500	1667406
NZ_CP065631.1_frag_250_L1500	NZ_CP065631.1	negative_control	bacterial	1500	1447017
NZ_AFIJ01000003.1_frag_8_L1500	NZ_AFIJ01000003.1	negative_control	bacterial	1500	19318
NZ_AFIJ01000015.1_frag_1_L1500	NZ_AFIJ01000015.1	negative_control	bacterial	1500	4417
NZ_CP049230.1_frag_421_L1500	NZ_CP049230.1	negative_control	bacterial	1500	1318700
NZ_CP065631.1_frag_407_L1500	NZ_CP065631.1	negative_control	bacterial	1500	1447017
NZ_CP065631.1_frag_175_L1500	NZ_CP065631.1	negative_control	bacterial	1500	1447017
NZ_CP065631.1_frag_45_L1500	NZ_CP065631.1	negative_control	bacterial	1500	1447017
NZ_CP049230.1_frag_112_L1500	NZ_CP049230.1	negative_control	bacterial	1500	1318700
NZ_CP039266.1_frag_288_L1500	NZ_CP039266.1	negative_control	bacterial	1500	2023061
NZ_AFIJ01000020.1_frag_1_L1500	NZ_AFIJ01000020.1	negative_control	bacterial	1500	80676
NZ_AFIJ01000004.1_frag_38_L1500	NZ_AFIJ01000004.1	negative_control	bacterial	1500	100595
NZ_AP012332.1_frag_642_L1500	NZ_AP012332.1	negative_control	bacterial	1500	1667406
NZ_CP049230.1_frag_207_L1500	NZ_CP049230.1	negative_control	bacterial	1500	1318700
NZ_CP065631.1_frag_311_L1500	NZ_CP065631.1	negative_control	bacterial	1500	1447017
NZ_CP065631.1_frag_801_L1500	NZ_CP065631.1	negative_control	bacterial	1500	1447017
NZ_CP039266.1_frag_1172_L1500	NZ_CP039266.1	negative_control	bacterial	1500	2023061
NZ_AP012332.1_frag_867_L1500	NZ_AP012332.1	negative_control	bacterial	1500	1667406
NZ_CP065631.1_frag_753_L1500	NZ_CP065631.1	negative_control	bacterial	1500	1447017
NZ_CP011280.1_frag_421_L1500	NZ_CP011280.1	negative_control	bacterial	1500	1330224
NZ_AFIJ01000003.1_frag_2_L1500	NZ_AFIJ01000003.1	negative_control	bacterial	1500	19318
NZ_CP039266.1_frag_478_L1500	NZ_CP039266.1	negative_control	bacterial	1500	2023061
NZ_CP065631.1_frag_517_L1500	NZ_CP065631.1	negative_control	bacterial	1500	1447017
NZ_AFIJ01000029.1_frag_19_L1500	NZ_AFIJ01000029.1	negative_control	bacterial	1500	104968
NZ_AFIJ01000004.1_frag_29_L1500	NZ_AFIJ01000004.1	negative_control	bacterial	1500	100595
NZ_CP039266.1_frag_1178_L1500	NZ_CP039266.1	negative_control	bacterial	1500	2023061
NZ_CP065631.1_frag_154_L1500	NZ_CP065631.1	negative_control	bacterial	1500	1447017
NZ_CP049230.1_frag_838_L1500	NZ_CP049230.1	negative_control	bacterial	1500	1318700
NZ_CP065631.1_frag_646_L1500	NZ_CP065631.1	negative_control	bacterial	1500	1447017
NZ_CP011280.1_frag_257_L1500	NZ_CP011280.1	negative_control	bacterial	1500	1330224
NZ_AP012332.1_frag_688_L1500	NZ_AP012332.1	negative_control	bacterial	1500	1667406
NZ_CP011280.1_frag_778_L1500	NZ_CP011280.1	negative_control	bacterial	1500	1330224
NZ_AP012332.1_frag_879_L1500	NZ_AP012332.1	negative_control	bacterial	1500	1667406
NZ_CP039266.1_frag_1184_L1500	NZ_CP039266.1	negative_control	bacterial	1500	2023061
NZ_AP012332.1_frag_371_L1500	NZ_AP012332.1	negative_control	bacterial	1500	1667406
NZ_CP039266.1_frag_1307_L1500	NZ_CP039266.1	negative_control	bacterial	1500	2023061
NZ_AP012332.1_frag_97_L1500	NZ_AP012332.1	negative_control	bacterial	1500	1667406
NZ_CP011280.1_frag_539_L1500	NZ_CP011280.1	negative_control	bacterial	1500	1330224
NZ_CP049230.1_frag_599_L1500	NZ_CP049230.1	negative_control	bacterial	1500	1318700
NZ_AFIJ01000004.1_frag_37_L1500	NZ_AFIJ01000004.1	negative_control	bacterial	1500	100595
NZ_CP049230.1_frag_597_L1500	NZ_CP049230.1	negative_control	bacterial	1500	1318700
NZ_CP049230.1_frag_143_L1500	NZ_CP049230.1	negative_control	bacterial	1500	1318700
NZ_CP039266.1_frag_1051_L1500	NZ_CP039266.1	negative_control	bacterial	1500	2023061
NZ_CP011280.1_frag_312_L1500	NZ_CP011280.1	negative_control	bacterial	1500	1330224
NZ_CP049230.1_frag_118_L1500	NZ_CP049230.1	negative_control	bacterial	1500	1318700
NZ_CP011280.1_frag_333_L1500	NZ_CP011280.1	negative_control	bacterial	1500	1330224
NZ_AP012332.1_frag_810_L1500	NZ_AP012332.1	negative_control	bacterial	1500	1667406
NZ_AFIJ01000033.1_frag_40_L1500	NZ_AFIJ01000033.1	negative_control	bacterial	1500	81962
NZ_AFIJ01000038.1_frag_60_L1500	NZ_AFIJ01000038.1	negative_control	bacterial	1500	96055
NZ_CP049230.1_frag_879_L1500	NZ_CP049230.1	negative_control	bacterial	1500	1318700
NZ_CP065631.1_frag_429_L1500	NZ_CP065631.1	negative_control	bacterial	1500	1447017
NZ_AP012332.1_frag_213_L1500	NZ_AP012332.1	negative_control	bacterial	1500	1667406
NZ_CP011280.1_frag_657_L1500	NZ_CP011280.1	negative_control	bacterial	1500	1330224
NZ_CP065631.1_frag_627_L1500	NZ_CP065631.1	negative_control	bacterial	1500	1447017
NZ_AFIJ01000036.1_frag_12_L1500	NZ_AFIJ01000036.1	negative_control	bacterial	1500	38748
NZ_CP039266.1_frag_1013_L1500	NZ_CP039266.1	negative_control	bacterial	1500	2023061
NZ_AP012332.1_frag_417_L1500	NZ_AP012332.1	negative_control	bacterial	1500	1667406
NZ_CP049230.1_frag_613_L1500	NZ_CP049230.1	negative_control	bacterial	1500	1318700
NZ_CP039266.1_frag_890_L1500	NZ_CP039266.1	negative_control	bacterial	1500	2023061
NZ_CP065631.1_frag_959_L1500	NZ_CP065631.1	negative_control	bacterial	1500	1447017
NZ_CP065631.1_frag_390_L1500	NZ_CP065631.1	negative_control	bacterial	1500	1447017
NZ_AP012332.1_frag_481_L1500	NZ_AP012332.1	negative_control	bacterial	1500	1667406
NZ_CP049230.1_frag_400_L1500	NZ_CP049230.1	negative_control	bacterial	1500	1318700
NZ_AFIJ01000023.1_frag_43_L1500	NZ_AFIJ01000023.1	negative_control	bacterial	1500	71554
NZ_AFIJ01000029.1_frag_56_L1500	NZ_AFIJ01000029.1	negative_control	bacterial	1500	104968
NZ_CP049230.1_frag_622_L1500	NZ_CP049230.1	negative_control	bacterial	1500	1318700
NZ_CP039266.1_frag_535_L1500	NZ_CP039266.1	negative_control	bacterial	1500	2023061
NZ_CP039266.1_frag_338_L1500	NZ_CP039266.1	negative_control	bacterial	1500	2023061
NZ_CP065631.1_frag_74_L1500	NZ_CP065631.1	negative_control	bacterial	1500	1447017
NZ_CP039266.1_frag_738_L1500	NZ_CP039266.1	negative_control	bacterial	1500	2023061
NZ_CP011280.1_frag_602_L1500	NZ_CP011280.1	negative_control	bacterial	1500	1330224
NZ_CP065631.1_frag_797_L1500	NZ_CP065631.1	negative_control	bacterial	1500	1447017
NZ_CP049230.1_frag_23_L1500	NZ_CP049230.1	negative_control	bacterial	1500	1318700
NZ_CP049230.1_frag_394_L1500	NZ_CP049230.1	negative_control	bacterial	1500	1318700
NZ_AP012332.1_frag_660_L1500	NZ_AP012332.1	negative_control	bacterial	1500	1667406
NZ_AP012332.1_frag_874_L1500	NZ_AP012332.1	negative_control	bacterial	1500	1667406
NZ_CP065631.1_frag_810_L1500	NZ_CP065631.1	negative_control	bacterial	1500	1447017
NZ_CP065631.1_frag_522_L1500	NZ_CP065631.1	negative_control	bacterial	1500	1447017
NZ_CP049230.1_frag_505_L1500	NZ_CP049230.1	negative_control	bacterial	1500	1318700
NZ_AFIJ01000007.1_frag_8_L1500	NZ_AFIJ01000007.1	negative_control	bacterial	1500	148045
NZ_AP012332.1_frag_659_L1500	NZ_AP012332.1	negative_control	bacterial	1500	1667406
NZ_AP012332.1_frag_25_L1500	NZ_AP012332.1	negative_control	bacterial	1500	1667406
NZ_CP039266.1_frag_755_L1500	NZ_CP039266.1	negative_control	bacterial	1500	2023061
NZ_AFIJ01000004.1_frag_15_L1500	NZ_AFIJ01000004.1	negative_control	bacterial	1500	100595
NZ_AP012332.1_frag_236_L1500	NZ_AP012332.1	negative_control	bacterial	1500	1667406
NZ_CP039266.1_frag_617_L1500	NZ_CP039266.1	negative_control	bacterial	1500	2023061
NZ_CP065631.1_frag_729_L1500	NZ_CP065631.1	negative_control	bacterial	1500	1447017
NZ_CP011280.1_frag_85_L1500	NZ_CP011280.1	negative_control	bacterial	1500	1330224
NZ_AFIJ01000008.1_frag_31_L1500	NZ_AFIJ01000008.1	negative_control	bacterial	1500	149073
NZ_CP049230.1_frag_485_L1500	NZ_CP049230.1	negative_control	bacterial	1500	1318700
NZ_AP012332.1_frag_422_L1500	NZ_AP012332.1	negative_control	bacterial	1500	1667406
NZ_CP039266.1_frag_80_L1500	NZ_CP039266.1	negative_control	bacterial	1500	2023061
NZ_CP039266.1_frag_359_L1500	NZ_CP039266.1	negative_control	bacterial	1500	2023061
NZ_CP065631.1_frag_150_L1500	NZ_CP065631.1	negative_control	bacterial	1500	1447017
NZ_CP011280.1_frag_239_L1500	NZ_CP011280.1	negative_control	bacterial	1500	1330224
NZ_AP012332.1_frag_727_L1500	NZ_AP012332.1	negative_control	bacterial	1500	1667406
NZ_AP012332.1_frag_606_L1500	NZ_AP012332.1	negative_control	bacterial	1500	1667406
NZ_CP065631.1_frag_632_L1500	NZ_CP065631.1	negative_control	bacterial	1500	1447017
NZ_CP011280.1_frag_236_L1500	NZ_CP011280.1	negative_control	bacterial	1500	1330224
NZ_CP039266.1_frag_1015_L1500	NZ_CP039266.1	negative_control	bacterial	1500	2023061
NZ_CP039266.1_frag_758_L1500	NZ_CP039266.1	negative_control	bacterial	1500	2023061
NZ_CP039266.1_frag_1019_L1500	NZ_CP039266.1	negative_control	bacterial	1500	2023061
NZ_AP012332.1_frag_572_L1500	NZ_AP012332.1	negative_control	bacterial	1500	1667406
NZ_CP049230.1_frag_285_L1500	NZ_CP049230.1	negative_control	bacterial	1500	1318700
NZ_AFIJ01000038.1_frag_17_L1500	NZ_AFIJ01000038.1	negative_control	bacterial	1500	96055
NZ_AFIJ01000011.1_frag_19_L1500	NZ_AFIJ01000011.1	negative_control	bacterial	1500	37253
NZ_CP039266.1_frag_155_L1500	NZ_CP039266.1	negative_control	bacterial	1500	2023061
NZ_CP065631.1_frag_533_L1500	NZ_CP065631.1	negative_control	bacterial	1500	1447017
NZ_CP065631.1_frag_581_L1500	NZ_CP065631.1	negative_control	bacterial	1500	1447017
NZ_CP049230.1_frag_635_L1500	NZ_CP049230.1	negative_control	bacterial	1500	1318700
NZ_CP065631.1_frag_936_L1500	NZ_CP065631.1	negative_control	bacterial	1500	1447017
NZ_CP049230.1_frag_19_L1500	NZ_CP049230.1	negative_control	bacterial	1500	1318700
NZ_AFIJ01000032.1_frag_47_L1500	NZ_AFIJ01000032.1	negative_control	bacterial	1500	123176
NZ_CP049230.1_frag_308_L1500	NZ_CP049230.1	negative_control	bacterial	1500	1318700
NZ_AP012332.1_frag_349_L1500	NZ_AP012332.1	negative_control	bacterial	1500	1667406
NZ_CP039266.1_frag_988_L1500	NZ_CP039266.1	negative_control	bacterial	1500	2023061
NZ_CP065631.1_frag_469_L1500	NZ_CP065631.1	negative_control	bacterial	1500	1447017
NZ_CP065631.1_frag_299_L1500	NZ_CP065631.1	negative_control	bacterial	1500	1447017
NZ_CP049230.1_frag_598_L1500	NZ_CP049230.1	negative_control	bacterial	1500	1318700
NZ_AFIJ01000007.1_frag_19_L1500	NZ_AFIJ01000007.1	negative_control	bacterial	1500	148045
NZ_CP039266.1_frag_464_L1500	NZ_CP039266.1	negative_control	bacterial	1500	2023061
NZ_CP011280.1_frag_28_L1500	NZ_CP011280.1	negative_control	bacterial	1500	1330224
NZ_CP049230.1_frag_591_L1500	NZ_CP049230.1	negative_control	bacterial	1500	1318700
NZ_CP049230.1_frag_553_L1500	NZ_CP049230.1	negative_control	bacterial	1500	1318700
NZ_CP039266.1_frag_237_L1500	NZ_CP039266.1	negative_control	bacterial	1500	2023061
NZ_CP049230.1_frag_569_L1500	NZ_CP049230.1	negative_control	bacterial	1500	1318700
NZ_AFIJ01000032.1_frag_19_L1500	NZ_AFIJ01000032.1	negative_control	bacterial	1500	123176
NZ_CP039266.1_frag_215_L1500	NZ_CP039266.1	negative_control	bacterial	1500	2023061
NZ_AFIJ01000032.1_frag_68_L1500	NZ_AFIJ01000032.1	negative_control	bacterial	1500	123176
NZ_CP011280.1_frag_525_L1500	NZ_CP011280.1	negative_control	bacterial	1500	1330224
NZ_AP012332.1_frag_1014_L1500	NZ_AP012332.1	negative_control	bacterial	1500	1667406
NZ_CP065631.1_frag_842_L1500	NZ_CP065631.1	negative_control	bacterial	1500	1447017
NZ_CP049230.1_frag_425_L1500	NZ_CP049230.1	negative_control	bacterial	1500	1318700
NZ_CP039266.1_frag_98_L1500	NZ_CP039266.1	negative_control	bacterial	1500	2023061
NZ_CP039266.1_frag_1064_L1500	NZ_CP039266.1	negative_control	bacterial	1500	2023061
NZ_CP039266.1_frag_623_L1500	NZ_CP039266.1	negative_control	bacterial	1500	2023061
NZ_CP065631.1_frag_942_L1500	NZ_CP065631.1	negative_control	bacterial	1500	1447017
NZ_AFIJ01000006.1_frag_14_L1500	NZ_AFIJ01000006.1	negative_control	bacterial	1500	35744
NZ_AFIJ01000004.1_frag_66_L1500	NZ_AFIJ01000004.1	negative_control	bacterial	1500	100595
NZ_CP065631.1_frag_916_L1500	NZ_CP065631.1	negative_control	bacterial	1500	1447017
NZ_CP039266.1_frag_160_L1500	NZ_CP039266.1	negative_control	bacterial	1500	2023061
NZ_AP012332.1_frag_1102_L1500	NZ_AP012332.1	negative_control	bacterial	1500	1667406
NZ_CP039266.1_frag_1316_L1500	NZ_CP039266.1	negative_control	bacterial	1500	2023061
NZ_AP012332.1_frag_1040_L1500	NZ_AP012332.1	negative_control	bacterial	1500	1667406
NZ_CP011280.1_frag_112_L1500	NZ_CP011280.1	negative_control	bacterial	1500	1330224
NZ_CP011280.1_frag_561_L1500	NZ_CP011280.1	negative_control	bacterial	1500	1330224
NZ_CP039266.1_frag_222_L1500	NZ_CP039266.1	negative_control	bacterial	1500	2023061
NZ_CP039266.1_frag_1030_L1500	NZ_CP039266.1	negative_control	bacterial	1500	2023061
NZ_CP049230.1_frag_816_L1500	NZ_CP049230.1	negative_control	bacterial	1500	1318700
NZ_CP049230.1_frag_527_L1500	NZ_CP049230.1	negative_control	bacterial	1500	1318700
NZ_AFIJ01000033.1_frag_21_L1500	NZ_AFIJ01000033.1	negative_control	bacterial	1500	81962
NZ_CP011280.1_frag_53_L1500	NZ_CP011280.1	negative_control	bacterial	1500	1330224
NZ_CP065631.1_frag_134_L1500	NZ_CP065631.1	negative_control	bacterial	1500	1447017
NZ_CP039266.1_frag_814_L1500	NZ_CP039266.1	negative_control	bacterial	1500	2023061
NZ_CP049230.1_frag_684_L1500	NZ_CP049230.1	negative_control	bacterial	1500	1318700
NZ_CP049230.1_frag_851_L1500	NZ_CP049230.1	negative_control	bacterial	1500	1318700
NZ_CP049230.1_frag_528_L1500	NZ_CP049230.1	negative_control	bacterial	1500	1318700
NZ_CP039266.1_frag_1300_L1500	NZ_CP039266.1	negative_control	bacterial	1500	2023061
NZ_AP012332.1_frag_654_L1500	NZ_AP012332.1	negative_control	bacterial	1500	1667406
NZ_CP065631.1_frag_484_L1500	NZ_CP065631.1	negative_control	bacterial	1500	1447017
NZ_CP039266.1_frag_153_L1500	NZ_CP039266.1	negative_control	bacterial	1500	2023061
NZ_AP012332.1_frag_496_L1500	NZ_AP012332.1	negative_control	bacterial	1500	1667406
NZ_CP065631.1_frag_411_L1500	NZ_CP065631.1	negative_control	bacterial	1500	1447017
NZ_CP039266.1_frag_946_L1500	NZ_CP039266.1	negative_control	bacterial	1500	2023061
NZ_AP012332.1_frag_500_L1500	NZ_AP012332.1	negative_control	bacterial	1500	1667406
NZ_CP039266.1_frag_824_L1500	NZ_CP039266.1	negative_control	bacterial	1500	2023061
NZ_AFIJ01000039.1_frag_45_L1500	NZ_AFIJ01000039.1	negative_control	bacterial	1500	122540
NZ_AP012332.1_frag_1062_L1500	NZ_AP012332.1	negative_control	bacterial	1500	1667406
NZ_AP012332.1_frag_758_L1500	NZ_AP012332.1	negative_control	bacterial	1500	1667406
NZ_AFIJ01000007.1_frag_36_L1500	NZ_AFIJ01000007.1	negative_control	bacterial	1500	148045
NZ_CP039266.1_frag_1167_L1500	NZ_CP039266.1	negative_control	bacterial	1500	2023061
NZ_AP012332.1_frag_565_L1500	NZ_AP012332.1	negative_control	bacterial	1500	1667406
NZ_CP049230.1_frag_70_L1500	NZ_CP049230.1	negative_control	bacterial	1500	1318700
NZ_CP039266.1_frag_821_L1500	NZ_CP039266.1	negative_control	bacterial	1500	2023061
NZ_CP065631.1_frag_587_L1500	NZ_CP065631.1	negative_control	bacterial	1500	1447017
NZ_CP065631.1_frag_463_L1500	NZ_CP065631.1	negative_control	bacterial	1500	1447017
NZ_CP065631.1_frag_41_L1500	NZ_CP065631.1	negative_control	bacterial	1500	1447017
NZ_CP039266.1_frag_869_L1500	NZ_CP039266.1	negative_control	bacterial	1500	2023061
NZ_CP011280.1_frag_327_L1500	NZ_CP011280.1	negative_control	bacterial	1500	1330224
NZ_CP049230.1_frag_281_L1500	NZ_CP049230.1	negative_control	bacterial	1500	1318700
NZ_CP011280.1_frag_141_L1500	NZ_CP011280.1	negative_control	bacterial	1500	1330224
NZ_AP012332.1_frag_29_L1500	NZ_AP012332.1	negative_control	bacterial	1500	1667406
NZ_AFIJ01000036.1_frag_22_L1500	NZ_AFIJ01000036.1	negative_control	bacterial	1500	38748
NZ_CP065631.1_frag_438_L1500	NZ_CP065631.1	negative_control	bacterial	1500	1447017
NZ_CP011280.1_frag_493_L1500	NZ_CP011280.1	negative_control	bacterial	1500	1330224
NZ_CP065631.1_frag_508_L1500	NZ_CP065631.1	negative_control	bacterial	1500	1447017
NZ_CP039266.1_frag_546_L1500	NZ_CP039266.1	negative_control	bacterial	1500	2023061
NZ_CP065631.1_frag_435_L1500	NZ_CP065631.1	negative_control	bacterial	1500	1447017
NZ_CP039266.1_frag_364_L1500	NZ_CP039266.1	negative_control	bacterial	1500	2023061
NZ_CP011280.1_frag_171_L1500	NZ_CP011280.1	negative_control	bacterial	1500	1330224
NZ_CP039266.1_frag_316_L1500	NZ_CP039266.1	negative_control	bacterial	1500	2023061
NZ_CP011280.1_frag_601_L1500	NZ_CP011280.1	negative_control	bacterial	1500	1330224
NZ_CP011280.1_frag_611_L1500	NZ_CP011280.1	negative_control	bacterial	1500	1330224
NZ_AP012332.1_frag_100_L1500	NZ_AP012332.1	negative_control	bacterial	1500	1667406
NZ_CP039266.1_frag_108_L1500	NZ_CP039266.1	negative_control	bacterial	1500	2023061
NZ_AP012332.1_frag_549_L1500	NZ_AP012332.1	negative_control	bacterial	1500	1667406
NZ_CP065631.1_frag_466_L1500	NZ_CP065631.1	negative_control	bacterial	1500	1447017
NZ_CP065631.1_frag_315_L1500	NZ_CP065631.1	negative_control	bacterial	1500	1447017
NZ_CP039266.1_frag_509_L1500	NZ_CP039266.1	negative_control	bacterial	1500	2023061
NZ_CP039266.1_frag_408_L1500	NZ_CP039266.1	negative_control	bacterial	1500	2023061
NZ_CP049230.1_frag_753_L1500	NZ_CP049230.1	negative_control	bacterial	1500	1318700
NZ_AP012332.1_frag_1024_L1500	NZ_AP012332.1	negative_control	bacterial	1500	1667406
NZ_CP039266.1_frag_1281_L1500	NZ_CP039266.1	negative_control	bacterial	1500	2023061
NZ_CP039266.1_frag_1109_L1500	NZ_CP039266.1	negative_control	bacterial	1500	2023061
NZ_AFIJ01000023.1_frag_11_L1500	NZ_AFIJ01000023.1	negative_control	bacterial	1500	71554
NZ_AP012332.1_frag_169_L1500	NZ_AP012332.1	negative_control	bacterial	1500	1667406
NZ_CP039267.1_frag_6_L1500	NZ_CP039267.1	negative_control	bacterial	1500	16343
NZ_AP012332.1_frag_342_L1500	NZ_AP012332.1	negative_control	bacterial	1500	1667406
NZ_CP049230.1_frag_442_L1500	NZ_CP049230.1	negative_control	bacterial	1500	1318700
NZ_CP065631.1_frag_447_L1500	NZ_CP065631.1	negative_control	bacterial	1500	1447017
NZ_CP049230.1_frag_104_L1500	NZ_CP049230.1	negative_control	bacterial	1500	1318700
NZ_CP065631.1_frag_833_L1500	NZ_CP065631.1	negative_control	bacterial	1500	1447017
NZ_CP011280.1_frag_474_L1500	NZ_CP011280.1	negative_control	bacterial	1500	1330224
NZ_CP011280.1_frag_216_L1500	NZ_CP011280.1	negative_control	bacterial	1500	1330224
NZ_CP039266.1_frag_852_L1500	NZ_CP039266.1	negative_control	bacterial	1500	2023061
NZ_CP065631.1_frag_139_L1500	NZ_CP065631.1	negative_control	bacterial	1500	1447017
NZ_CP011280.1_frag_813_L1500	NZ_CP011280.1	negative_control	bacterial	1500	1330224
NZ_CP039266.1_frag_670_L1500	NZ_CP039266.1	negative_control	bacterial	1500	2023061
NZ_AP012332.1_frag_228_L1500	NZ_AP012332.1	negative_control	bacterial	1500	1667406
NZ_CP049230.1_frag_94_L1500	NZ_CP049230.1	negative_control	bacterial	1500	1318700
NZ_CP049230.1_frag_367_L1500	NZ_CP049230.1	negative_control	bacterial	1500	1318700
NZ_CP049230.1_frag_580_L1500	NZ_CP049230.1	negative_control	bacterial	1500	1318700
NZ_AP012332.1_frag_813_L1500	NZ_AP012332.1	negative_control	bacterial	1500	1667406
NZ_CP049230.1_frag_858_L1500	NZ_CP049230.1	negative_control	bacterial	1500	1318700
NZ_CP039266.1_frag_487_L1500	NZ_CP039266.1	negative_control	bacterial	1500	2023061
NZ_AP012332.1_frag_997_L1500	NZ_AP012332.1	negative_control	bacterial	1500	1667406
NZ_CP065631.1_frag_122_L1500	NZ_CP065631.1	negative_control	bacterial	1500	1447017
NZ_AP012332.1_frag_679_L1500	NZ_AP012332.1	negative_control	bacterial	1500	1667406
NZ_CP039266.1_frag_225_L1500	NZ_CP039266.1	negative_control	bacterial	1500	2023061
NZ_AP012332.1_frag_884_L1500	NZ_AP012332.1	negative_control	bacterial	1500	1667406
NZ_CP049230.1_frag_571_L1500	NZ_CP049230.1	negative_control	bacterial	1500	1318700
NZ_AP012332.1_frag_543_L1500	NZ_AP012332.1	negative_control	bacterial	1500	1667406
NZ_AP012332.1_frag_28_L1500	NZ_AP012332.1	negative_control	bacterial	1500	1667406
NZ_AFIJ01000008.1_frag_25_L1500	NZ_AFIJ01000008.1	negative_control	bacterial	1500	149073
NZ_CP039266.1_frag_1213_L1500	NZ_CP039266.1	negative_control	bacterial	1500	2023061
NZ_AFIJ01000004.1_frag_21_L1500	NZ_AFIJ01000004.1	negative_control	bacterial	1500	100595
NZ_CP011280.1_frag_73_L1500	NZ_CP011280.1	negative_control	bacterial	1500	1330224
NZ_AP012332.1_frag_330_L1500	NZ_AP012332.1	negative_control	bacterial	1500	1667406
NZ_CP065631.1_frag_29_L1500	NZ_CP065631.1	negative_control	bacterial	1500	1447017
NZ_AFIJ01000007.1_frag_60_L1500	NZ_AFIJ01000007.1	negative_control	bacterial	1500	148045
NZ_CP039266.1_frag_790_L1500	NZ_CP039266.1	negative_control	bacterial	1500	2023061
NZ_CP039266.1_frag_919_L1500	NZ_CP039266.1	negative_control	bacterial	1500	2023061
NZ_CP049230.1_frag_144_L1500	NZ_CP049230.1	negative_control	bacterial	1500	1318700
NZ_CP011280.1_frag_150_L1500	NZ_CP011280.1	negative_control	bacterial	1500	1330224
NZ_CP039266.1_frag_92_L1500	NZ_CP039266.1	negative_control	bacterial	1500	2023061
NZ_CP011280.1_frag_114_L1500	NZ_CP011280.1	negative_control	bacterial	1500	1330224
NZ_AP012332.1_frag_932_L1500	NZ_AP012332.1	negative_control	bacterial	1500	1667406
NZ_CP039266.1_frag_1014_L1500	NZ_CP039266.1	negative_control	bacterial	1500	2023061
NZ_CP049230.1_frag_306_L1500	NZ_CP049230.1	negative_control	bacterial	1500	1318700
NZ_CP039266.1_frag_974_L1500	NZ_CP039266.1	negative_control	bacterial	1500	2023061
NZ_AP012332.1_frag_47_L1500	NZ_AP012332.1	negative_control	bacterial	1500	1667406
NZ_CP011280.1_frag_229_L1500	NZ_CP011280.1	negative_control	bacterial	1500	1330224
NZ_AP012332.1_frag_10_L1500	NZ_AP012332.1	negative_control	bacterial	1500	1667406
NZ_CP011280.1_frag_359_L1500	NZ_CP011280.1	negative_control	bacterial	1500	1330224
NZ_AP012332.1_frag_340_L1500	NZ_AP012332.1	negative_control	bacterial	1500	1667406
NZ_CP039266.1_frag_1120_L1500	NZ_CP039266.1	negative_control	bacterial	1500	2023061
NZ_CP039266.1_frag_761_L1500	NZ_CP039266.1	negative_control	bacterial	1500	2023061
NZ_CP039266.1_frag_191_L1500	NZ_CP039266.1	negative_control	bacterial	1500	2023061
NZ_AP012332.1_frag_1000_L1500	NZ_AP012332.1	negative_control	bacterial	1500	1667406
NZ_CP065631.1_frag_557_L1500	NZ_CP065631.1	negative_control	bacterial	1500	1447017
NZ_CP011280.1_frag_109_L1500	NZ_CP011280.1	negative_control	bacterial	1500	1330224
NZ_CP065631.1_frag_626_L1500	NZ_CP065631.1	negative_control	bacterial	1500	1447017
NZ_AP012332.1_frag_393_L1500	NZ_AP012332.1	negative_control	bacterial	1500	1667406
NZ_CP049230.1_frag_167_L1500	NZ_CP049230.1	negative_control	bacterial	1500	1318700
NZ_AP012332.1_frag_269_L1500	NZ_AP012332.1	negative_control	bacterial	1500	1667406
NZ_CP065631.1_frag_432_L1500	NZ_CP065631.1	negative_control	bacterial	1500	1447017
NZ_CP039266.1_frag_603_L1500	NZ_CP039266.1	negative_control	bacterial	1500	2023061
NZ_CP039266.1_frag_948_L1500	NZ_CP039266.1	negative_control	bacterial	1500	2023061
NZ_CP049230.1_frag_229_L1500	NZ_CP049230.1	negative_control	bacterial	1500	1318700
NZ_CP039266.1_frag_286_L1500	NZ_CP039266.1	negative_control	bacterial	1500	2023061
NZ_CP049230.1_frag_180_L1500	NZ_CP049230.1	negative_control	bacterial	1500	1318700
NZ_CP039266.1_frag_844_L1500	NZ_CP039266.1	negative_control	bacterial	1500	2023061
NZ_CP049230.1_frag_160_L1500	NZ_CP049230.1	negative_control	bacterial	1500	1318700
NZ_CP039266.1_frag_229_L1500	NZ_CP039266.1	negative_control	bacterial	1500	2023061
NZ_AFIJ01000023.1_frag_45_L1500	NZ_AFIJ01000023.1	negative_control	bacterial	1500	71554
NZ_CP011280.1_frag_120_L1500	NZ_CP011280.1	negative_control	bacterial	1500	1330224
NZ_CP065631.1_frag_725_L1500	NZ_CP065631.1	negative_control	bacterial	1500	1447017
NZ_CP039266.1_frag_960_L1500	NZ_CP039266.1	negative_control	bacterial	1500	2023061
NZ_CP039266.1_frag_846_L1500	NZ_CP039266.1	negative_control	bacterial	1500	2023061
NZ_CP065631.1_frag_294_L1500	NZ_CP065631.1	negative_control	bacterial	1500	1447017
NZ_AFIJ01000033.1_frag_26_L1500	NZ_AFIJ01000033.1	negative_control	bacterial	1500	81962
NZ_CP011280.1_frag_349_L1500	NZ_CP011280.1	negative_control	bacterial	1500	1330224
NZ_CP049230.1_frag_780_L1500	NZ_CP049230.1	negative_control	bacterial	1500	1318700
NZ_CP011280.1_frag_742_L1500	NZ_CP011280.1	negative_control	bacterial	1500	1330224
NZ_CP039266.1_frag_1063_L1500	NZ_CP039266.1	negative_control	bacterial	1500	2023061
NZ_AFIJ01000004.1_frag_62_L1500	NZ_AFIJ01000004.1	negative_control	bacterial	1500	100595
NZ_AP012332.1_frag_1106_L1500	NZ_AP012332.1	negative_control	bacterial	1500	1667406
NZ_AP012332.1_frag_7_L1500	NZ_AP012332.1	negative_control	bacterial	1500	1667406
NZ_CP065631.1_frag_545_L1500	NZ_CP065631.1	negative_control	bacterial	1500	1447017
NZ_CP065631.1_frag_889_L1500	NZ_CP065631.1	negative_control	bacterial	1500	1447017
NZ_CP039266.1_frag_325_L1500	NZ_CP039266.1	negative_control	bacterial	1500	2023061
NZ_AP012332.1_frag_251_L1500	NZ_AP012332.1	negative_control	bacterial	1500	1667406
NZ_CP011280.1_frag_41_L1500	NZ_CP011280.1	negative_control	bacterial	1500	1330224
NZ_CP049230.1_frag_443_L1500	NZ_CP049230.1	negative_control	bacterial	1500	1318700
NZ_AP012332.1_frag_347_L1500	NZ_AP012332.1	negative_control	bacterial	1500	1667406
NZ_AP012332.1_frag_896_L1500	NZ_AP012332.1	negative_control	bacterial	1500	1667406
NZ_CP011280.1_frag_43_L1500	NZ_CP011280.1	negative_control	bacterial	1500	1330224
NZ_CP049230.1_frag_479_L1500	NZ_CP049230.1	negative_control	bacterial	1500	1318700
NZ_AFIJ01000029.1_frag_13_L1500	NZ_AFIJ01000029.1	negative_control	bacterial	1500	104968
NZ_AP012332.1_frag_566_L1500	NZ_AP012332.1	negative_control	bacterial	1500	1667406
NZ_AP012332.1_frag_1079_L1500	NZ_AP012332.1	negative_control	bacterial	1500	1667406
NZ_CP039266.1_frag_1340_L1500	NZ_CP039266.1	negative_control	bacterial	1500	2023061
NZ_AFIJ01000006.1_frag_21_L1500	NZ_AFIJ01000006.1	negative_control	bacterial	1500	35744
NZ_AFIJ01000004.1_frag_5_L1500	NZ_AFIJ01000004.1	negative_control	bacterial	1500	100595
NZ_AFIJ01000038.1_frag_35_L1500	NZ_AFIJ01000038.1	negative_control	bacterial	1500	96055
NZ_AP012332.1_frag_788_L1500	NZ_AP012332.1	negative_control	bacterial	1500	1667406
NZ_CP039266.1_frag_641_L1500	NZ_CP039266.1	negative_control	bacterial	1500	2023061
NZ_CP049230.1_frag_66_L1500	NZ_CP049230.1	negative_control	bacterial	1500	1318700
NZ_AFIJ01000007.1_frag_63_L1500	NZ_AFIJ01000007.1	negative_control	bacterial	1500	148045
NZ_AP012332.1_frag_658_L1500	NZ_AP012332.1	negative_control	bacterial	1500	1667406
NZ_AFIJ01000007.1_frag_92_L1500	NZ_AFIJ01000007.1	negative_control	bacterial	1500	148045
NZ_CP049230.1_frag_14_L1500	NZ_CP049230.1	negative_control	bacterial	1500	1318700
NZ_CP065631.1_frag_623_L1500	NZ_CP065631.1	negative_control	bacterial	1500	1447017
NZ_CP011280.1_frag_623_L1500	NZ_CP011280.1	negative_control	bacterial	1500	1330224
NZ_CP065631.1_frag_251_L1500	NZ_CP065631.1	negative_control	bacterial	1500	1447017
NZ_CP049230.1_frag_496_L1500	NZ_CP049230.1	negative_control	bacterial	1500	1318700
NZ_CP049230.1_frag_501_L1500	NZ_CP049230.1	negative_control	bacterial	1500	1318700
NZ_CP065631.1_frag_234_L1500	NZ_CP065631.1	negative_control	bacterial	1500	1447017
NZ_AP012332.1_frag_835_L1500	NZ_AP012332.1	negative_control	bacterial	1500	1667406
NZ_CP039266.1_frag_91_L1500	NZ_CP039266.1	negative_control	bacterial	1500	2023061
NZ_CP065631.1_frag_566_L1500	NZ_CP065631.1	negative_control	bacterial	1500	1447017
NZ_CP049230.1_frag_723_L1500	NZ_CP049230.1	negative_control	bacterial	1500	1318700
NZ_CP049230.1_frag_363_L1500	NZ_CP049230.1	negative_control	bacterial	1500	1318700
NZ_AP012332.1_frag_299_L1500	NZ_AP012332.1	negative_control	bacterial	1500	1667406
NZ_CP065631.1_frag_332_L1500	NZ_CP065631.1	negative_control	bacterial	1500	1447017
NZ_CP049230.1_frag_813_L1500	NZ_CP049230.1	negative_control	bacterial	1500	1318700
NZ_CP011280.1_frag_597_L1500	NZ_CP011280.1	negative_control	bacterial	1500	1330224
NZ_AP012332.1_frag_719_L1500	NZ_AP012332.1	negative_control	bacterial	1500	1667406
NZ_CP039266.1_frag_763_L1500	NZ_CP039266.1	negative_control	bacterial	1500	2023061
NZ_CP039266.1_frag_541_L1500	NZ_CP039266.1	negative_control	bacterial	1500	2023061
NZ_CP065631.1_frag_239_L1500	NZ_CP065631.1	negative_control	bacterial	1500	1447017
NZ_CP011280.1_frag_879_L1500	NZ_CP011280.1	negative_control	bacterial	1500	1330224
NZ_CP065631.1_frag_588_L1500	NZ_CP065631.1	negative_control	bacterial	1500	1447017
NZ_AP012332.1_frag_709_L1500	NZ_AP012332.1	negative_control	bacterial	1500	1667406
NZ_CP049230.1_frag_686_L1500	NZ_CP049230.1	negative_control	bacterial	1500	1318700
NZ_CP039266.1_frag_30_L1500	NZ_CP039266.1	negative_control	bacterial	1500	2023061
NZ_CP039266.1_frag_882_L1500	NZ_CP039266.1	negative_control	bacterial	1500	2023061
NZ_CP039266.1_frag_1148_L1500	NZ_CP039266.1	negative_control	bacterial	1500	2023061
NZ_CP011280.1_frag_246_L1500	NZ_CP011280.1	negative_control	bacterial	1500	1330224
NZ_CP049230.1_frag_239_L1500	NZ_CP049230.1	negative_control	bacterial	1500	1318700
NZ_AP012332.1_frag_690_L1500	NZ_AP012332.1	negative_control	bacterial	1500	1667406
NZ_AFIJ01000036.1_frag_6_L1500	NZ_AFIJ01000036.1	negative_control	bacterial	1500	38748
NZ_CP039266.1_frag_652_L1500	NZ_CP039266.1	negative_control	bacterial	1500	2023061
NZ_CP039266.1_frag_82_L1500	NZ_CP039266.1	negative_control	bacterial	1500	2023061
NZ_AFIJ01000032.1_frag_15_L1500	NZ_AFIJ01000032.1	negative_control	bacterial	1500	123176
NZ_AP012332.1_frag_716_L1500	NZ_AP012332.1	negative_control	bacterial	1500	1667406
NZ_CP049230.1_frag_220_L1500	NZ_CP049230.1	negative_control	bacterial	1500	1318700
NZ_CP049230.1_frag_523_L1500	NZ_CP049230.1	negative_control	bacterial	1500	1318700
NZ_CP039266.1_frag_1136_L1500	NZ_CP039266.1	negative_control	bacterial	1500	2023061
NZ_AP012332.1_frag_1070_L1500	NZ_AP012332.1	negative_control	bacterial	1500	1667406
NZ_CP039266.1_frag_1230_L1500	NZ_CP039266.1	negative_control	bacterial	1500	2023061
NZ_CP049230.1_frag_855_L1500	NZ_CP049230.1	negative_control	bacterial	1500	1318700
NZ_CP049230.1_frag_559_L1500	NZ_CP049230.1	negative_control	bacterial	1500	1318700
NZ_AFIJ01000039.1_frag_61_L1500	NZ_AFIJ01000039.1	negative_control	bacterial	1500	122540
NZ_CP039266.1_frag_674_L1500	NZ_CP039266.1	negative_control	bacterial	1500	2023061
NZ_CP039266.1_frag_708_L1500	NZ_CP039266.1	negative_control	bacterial	1500	2023061
NZ_AFIJ01000013.1_frag_3_L1500	NZ_AFIJ01000013.1	negative_control	bacterial	1500	6229
NZ_CP011280.1_frag_642_L1500	NZ_CP011280.1	negative_control	bacterial	1500	1330224
NZ_CP039266.1_frag_547_L1500	NZ_CP039266.1	negative_control	bacterial	1500	2023061
NZ_CP065631.1_frag_48_L1500	NZ_CP065631.1	negative_control	bacterial	1500	1447017
NZ_AFIJ01000011.1_frag_2_L1500	NZ_AFIJ01000011.1	negative_control	bacterial	1500	37253
NZ_CP065631.1_frag_686_L1500	NZ_CP065631.1	negative_control	bacterial	1500	1447017
NZ_CP049230.1_frag_270_L1500	NZ_CP049230.1	negative_control	bacterial	1500	1318700
NZ_AFIJ01000039.1_frag_57_L1500	NZ_AFIJ01000039.1	negative_control	bacterial	1500	122540
NZ_CP039266.1_frag_1128_L1500	NZ_CP039266.1	negative_control	bacterial	1500	2023061
NZ_CP011280.1_frag_557_L1500	NZ_CP011280.1	negative_control	bacterial	1500	1330224
NZ_CP065631.1_frag_395_L1500	NZ_CP065631.1	negative_control	bacterial	1500	1447017
NZ_CP049230.1_frag_178_L1500	NZ_CP049230.1	negative_control	bacterial	1500	1318700
NZ_CP049230.1_frag_386_L1500	NZ_CP049230.1	negative_control	bacterial	1500	1318700
NZ_CP039266.1_frag_868_L1500	NZ_CP039266.1	negative_control	bacterial	1500	2023061
NZ_CP039266.1_frag_1_L1500	NZ_CP039266.1	negative_control	bacterial	1500	2023061
NZ_CP065631.1_frag_425_L1500	NZ_CP065631.1	negative_control	bacterial	1500	1447017
NZ_CP039266.1_frag_727_L1500	NZ_CP039266.1	negative_control	bacterial	1500	2023061
NZ_CP049230.1_frag_468_L1500	NZ_CP049230.1	negative_control	bacterial	1500	1318700
NZ_CP039266.1_frag_525_L1500	NZ_CP039266.1	negative_control	bacterial	1500	2023061
NZ_CP049230.1_frag_271_L1500	NZ_CP049230.1	negative_control	bacterial	1500	1318700
NZ_AFIJ01000045.1_frag_38_L1500	NZ_AFIJ01000045.1	negative_control	bacterial	1500	114466
NZ_CP039266.1_frag_982_L1500	NZ_CP039266.1	negative_control	bacterial	1500	2023061
NZ_CP039266.1_frag_1186_L1500	NZ_CP039266.1	negative_control	bacterial	1500	2023061
NZ_AP012332.1_frag_513_L1500	NZ_AP012332.1	negative_control	bacterial	1500	1667406
NZ_CP065631.1_frag_31_L1500	NZ_CP065631.1	negative_control	bacterial	1500	1447017
NZ_CP039266.1_frag_736_L1500	NZ_CP039266.1	negative_control	bacterial	1500	2023061
NZ_CP011280.1_frag_303_L1500	NZ_CP011280.1	negative_control	bacterial	1500	1330224
NZ_CP049230.1_frag_849_L1500	NZ_CP049230.1	negative_control	bacterial	1500	1318700
NZ_CP011280.1_frag_792_L1500	NZ_CP011280.1	negative_control	bacterial	1500	1330224
NZ_AP012332.1_frag_671_L1500	NZ_AP012332.1	negative_control	bacterial	1500	1667406
NZ_CP065631.1_frag_297_L1500	NZ_CP065631.1	negative_control	bacterial	1500	1447017
NZ_CP049230.1_frag_544_L1500	NZ_CP049230.1	negative_control	bacterial	1500	1318700
NZ_AP012332.1_frag_68_L1500	NZ_AP012332.1	negative_control	bacterial	1500	1667406
NZ_CP049230.1_frag_502_L1500	NZ_CP049230.1	negative_control	bacterial	1500	1318700
NZ_CP039266.1_frag_778_L1500	NZ_CP039266.1	negative_control	bacterial	1500	2023061
NZ_CP065631.1_frag_393_L1500	NZ_CP065631.1	negative_control	bacterial	1500	1447017
NZ_CP065631.1_frag_91_L1500	NZ_CP065631.1	negative_control	bacterial	1500	1447017
NZ_AP012332.1_frag_110_L1500	NZ_AP012332.1	negative_control	bacterial	1500	1667406
NZ_CP011280.1_frag_848_L1500	NZ_CP011280.1	negative_control	bacterial	1500	1330224
NZ_CP011280.1_frag_48_L1500	NZ_CP011280.1	negative_control	bacterial	1500	1330224
NZ_AFIJ01000008.1_frag_27_L1500	NZ_AFIJ01000008.1	negative_control	bacterial	1500	149073
NZ_CP065631.1_frag_100_L1500	NZ_CP065631.1	negative_control	bacterial	1500	1447017
NZ_AFIJ01000029.1_frag_27_L1500	NZ_AFIJ01000029.1	negative_control	bacterial	1500	104968
NZ_CP011280.1_frag_285_L1500	NZ_CP011280.1	negative_control	bacterial	1500	1330224
NZ_CP039266.1_frag_1171_L1500	NZ_CP039266.1	negative_control	bacterial	1500	2023061
NZ_AP012332.1_frag_1039_L1500	NZ_AP012332.1	negative_control	bacterial	1500	1667406
NZ_CP011280.1_frag_810_L1500	NZ_CP011280.1	negative_control	bacterial	1500	1330224
NZ_CP065631.1_frag_770_L1500	NZ_CP065631.1	negative_control	bacterial	1500	1447017
NZ_AFIJ01000004.1_frag_65_L1500	NZ_AFIJ01000004.1	negative_control	bacterial	1500	100595
NZ_AP012332.1_frag_988_L1500	NZ_AP012332.1	negative_control	bacterial	1500	1667406
NZ_CP065631.1_frag_559_L1500	NZ_CP065631.1	negative_control	bacterial	1500	1447017
NZ_AFIJ01000045.1_frag_58_L1500	NZ_AFIJ01000045.1	negative_control	bacterial	1500	114466
NZ_CP039266.1_frag_1198_L1500	NZ_CP039266.1	negative_control	bacterial	1500	2023061
NZ_CP011280.1_frag_311_L1500	NZ_CP011280.1	negative_control	bacterial	1500	1330224
NZ_CP039266.1_frag_172_L1500	NZ_CP039266.1	negative_control	bacterial	1500	2023061
NZ_CP049230.1_frag_472_L1500	NZ_CP049230.1	negative_control	bacterial	1500	1318700
NZ_AP012332.1_frag_370_L1500	NZ_AP012332.1	negative_control	bacterial	1500	1667406
NZ_AP012332.1_frag_807_L1500	NZ_AP012332.1	negative_control	bacterial	1500	1667406
NZ_CP039266.1_frag_35_L1500	NZ_CP039266.1	negative_control	bacterial	1500	2023061
NZ_CP049230.1_frag_720_L1500	NZ_CP049230.1	negative_control	bacterial	1500	1318700
NZ_AFIJ01000013.1_frag_4_L1500	NZ_AFIJ01000013.1	negative_control	bacterial	1500	6229
NZ_AP012332.1_frag_547_L1500	NZ_AP012332.1	negative_control	bacterial	1500	1667406
NZ_CP039266.1_frag_440_L1500	NZ_CP039266.1	negative_control	bacterial	1500	2023061
NZ_AP012332.1_frag_661_L1500	NZ_AP012332.1	negative_control	bacterial	1500	1667406
NZ_CP049230.1_frag_48_L1500	NZ_CP049230.1	negative_control	bacterial	1500	1318700
NZ_CP011280.1_frag_591_L1500	NZ_CP011280.1	negative_control	bacterial	1500	1330224
NZ_CP039266.1_frag_321_L1500	NZ_CP039266.1	negative_control	bacterial	1500	2023061
NZ_CP065631.1_frag_649_L1500	NZ_CP065631.1	negative_control	bacterial	1500	1447017
NZ_AP012332.1_frag_155_L1500	NZ_AP012332.1	negative_control	bacterial	1500	1667406
NZ_CP011280.1_frag_274_L1500	NZ_CP011280.1	negative_control	bacterial	1500	1330224
NZ_CP049230.1_frag_437_L1500	NZ_CP049230.1	negative_control	bacterial	1500	1318700
NZ_CP011280.1_frag_572_L1500	NZ_CP011280.1	negative_control	bacterial	1500	1330224
NZ_CP049230.1_frag_165_L1500	NZ_CP049230.1	negative_control	bacterial	1500	1318700
NZ_AFIJ01000032.1_frag_39_L1500	NZ_AFIJ01000032.1	negative_control	bacterial	1500	123176
NZ_CP065631.1_frag_529_L1500	NZ_CP065631.1	negative_control	bacterial	1500	1447017
NZ_AFIJ01000023.1_frag_21_L1500	NZ_AFIJ01000023.1	negative_control	bacterial	1500	71554
NZ_CP039266.1_frag_888_L1500	NZ_CP039266.1	negative_control	bacterial	1500	2023061
NZ_CP011280.1_frag_256_L1500	NZ_CP011280.1	negative_control	bacterial	1500	1330224
NZ_CP039266.1_frag_767_L1500	NZ_CP039266.1	negative_control	bacterial	1500	2023061
NZ_AFIJ01000004.1_frag_28_L1500	NZ_AFIJ01000004.1	negative_control	bacterial	1500	100595
NZ_AFIJ01000045.1_frag_28_L1500	NZ_AFIJ01000045.1	negative_control	bacterial	1500	114466
NZ_AFIJ01000002.1_frag_1_L1500	NZ_AFIJ01000002.1	negative_control	bacterial	1500	1880
NZ_CP065631.1_frag_399_L1500	NZ_CP065631.1	negative_control	bacterial	1500	1447017
NZ_CP039266.1_frag_1252_L1500	NZ_CP039266.1	negative_control	bacterial	1500	2023061
NZ_CP011280.1_frag_760_L1500	NZ_CP011280.1	negative_control	bacterial	1500	1330224
NZ_CP039266.1_frag_21_L1500	NZ_CP039266.1	negative_control	bacterial	1500	2023061
NZ_CP011280.1_frag_24_L1500	NZ_CP011280.1	negative_control	bacterial	1500	1330224
NZ_CP011280.1_frag_281_L1500	NZ_CP011280.1	negative_control	bacterial	1500	1330224
NZ_CP049230.1_frag_217_L1500	NZ_CP049230.1	negative_control	bacterial	1500	1318700
NZ_CP065631.1_frag_107_L1500	NZ_CP065631.1	negative_control	bacterial	1500	1447017
NZ_AP012332.1_frag_1005_L1500	NZ_AP012332.1	negative_control	bacterial	1500	1667406
NZ_AP012332.1_frag_391_L1500	NZ_AP012332.1	negative_control	bacterial	1500	1667406
NZ_AFIJ01000045.1_frag_47_L1500	NZ_AFIJ01000045.1	negative_control	bacterial	1500	114466
NZ_CP039266.1_frag_1143_L1500	NZ_CP039266.1	negative_control	bacterial	1500	2023061
NZ_CP065631.1_frag_610_L1500	NZ_CP065631.1	negative_control	bacterial	1500	1447017
NZ_CP011280.1_frag_403_L1500	NZ_CP011280.1	negative_control	bacterial	1500	1330224
NZ_AP012332.1_frag_882_L1500	NZ_AP012332.1	negative_control	bacterial	1500	1667406
NZ_AFIJ01000006.1_frag_8_L1500	NZ_AFIJ01000006.1	negative_control	bacterial	1500	35744
NZ_CP065631.1_frag_211_L1500	NZ_CP065631.1	negative_control	bacterial	1500	1447017
NZ_AP012332.1_frag_780_L1500	NZ_AP012332.1	negative_control	bacterial	1500	1667406
NZ_AFIJ01000029.1_frag_50_L1500	NZ_AFIJ01000029.1	negative_control	bacterial	1500	104968
NZ_CP011280.1_frag_837_L1500	NZ_CP011280.1	negative_control	bacterial	1500	1330224
NZ_CP039266.1_frag_1270_L1500	NZ_CP039266.1	negative_control	bacterial	1500	2023061
NZ_AFIJ01000020.1_frag_51_L1500	NZ_AFIJ01000020.1	negative_control	bacterial	1500	80676
NZ_CP039266.1_frag_799_L1500	NZ_CP039266.1	negative_control	bacterial	1500	2023061
NZ_AP012332.1_frag_855_L1500	NZ_AP012332.1	negative_control	bacterial	1500	1667406
NZ_AP012332.1_frag_103_L1500	NZ_AP012332.1	negative_control	bacterial	1500	1667406
NZ_CP039266.1_frag_715_L1500	NZ_CP039266.1	negative_control	bacterial	1500	2023061
NZ_CP039266.1_frag_600_L1500	NZ_CP039266.1	negative_control	bacterial	1500	2023061
NZ_CP039266.1_frag_1266_L1500	NZ_CP039266.1	negative_control	bacterial	1500	2023061
NZ_CP065631.1_frag_804_L1500	NZ_CP065631.1	negative_control	bacterial	1500	1447017
NZ_CP039266.1_frag_87_L1500	NZ_CP039266.1	negative_control	bacterial	1500	2023061
NZ_CP065631.1_frag_543_L1500	NZ_CP065631.1	negative_control	bacterial	1500	1447017
NZ_CP039266.1_frag_972_L1500	NZ_CP039266.1	negative_control	bacterial	1500	2023061
NZ_CP065631.1_frag_647_L1500	NZ_CP065631.1	negative_control	bacterial	1500	1447017
NZ_CP039266.1_frag_801_L1500	NZ_CP039266.1	negative_control	bacterial	1500	2023061
NZ_CP049230.1_frag_434_L1500	NZ_CP049230.1	negative_control	bacterial	1500	1318700
NZ_CP039266.1_frag_809_L1500	NZ_CP039266.1	negative_control	bacterial	1500	2023061
NZ_CP011280.1_frag_436_L1500	NZ_CP011280.1	negative_control	bacterial	1500	1330224
NZ_AP012332.1_frag_562_L1500	NZ_AP012332.1	negative_control	bacterial	1500	1667406
NZ_AFIJ01000007.1_frag_43_L1500	NZ_AFIJ01000007.1	negative_control	bacterial	1500	148045
NZ_CP039266.1_frag_1195_L1500	NZ_CP039266.1	negative_control	bacterial	1500	2023061
NZ_AFIJ01000025.1_frag_1_L1500	NZ_AFIJ01000025.1	negative_control	bacterial	1500	12101
NZ_AP012332.1_frag_3_L1500	NZ_AP012332.1	negative_control	bacterial	1500	1667406
NZ_AFIJ01000020.1_frag_24_L1500	NZ_AFIJ01000020.1	negative_control	bacterial	1500	80676
NZ_CP049230.1_frag_662_L1500	NZ_CP049230.1	negative_control	bacterial	1500	1318700
NZ_AP012332.1_frag_1107_L1500	NZ_AP012332.1	negative_control	bacterial	1500	1667406
NZ_AP012332.1_frag_526_L1500	NZ_AP012332.1	negative_control	bacterial	1500	1667406
NZ_CP039266.1_frag_1315_L1500	NZ_CP039266.1	negative_control	bacterial	1500	2023061
NZ_CP011280.1_frag_634_L1500	NZ_CP011280.1	negative_control	bacterial	1500	1330224
NZ_CP049230.1_frag_343_L1500	NZ_CP049230.1	negative_control	bacterial	1500	1318700
NZ_CP039266.1_frag_1288_L1500	NZ_CP039266.1	negative_control	bacterial	1500	2023061
NZ_CP039266.1_frag_672_L1500	NZ_CP039266.1	negative_control	bacterial	1500	2023061
NZ_CP011280.1_frag_859_L1500	NZ_CP011280.1	negative_control	bacterial	1500	1330224
NZ_CP039266.1_frag_36_L1500	NZ_CP039266.1	negative_control	bacterial	1500	2023061
NZ_AP012332.1_frag_246_L1500	NZ_AP012332.1	negative_control	bacterial	1500	1667406
NZ_CP039266.1_frag_218_L1500	NZ_CP039266.1	negative_control	bacterial	1500	2023061
NZ_AP012332.1_frag_765_L1500	NZ_AP012332.1	negative_control	bacterial	1500	1667406
NZ_CP039266.1_frag_315_L1500	NZ_CP039266.1	negative_control	bacterial	1500	2023061
NZ_AFIJ01000007.1_frag_33_L1500	NZ_AFIJ01000007.1	negative_control	bacterial	1500	148045
NZ_CP049230.1_frag_415_L1500	NZ_CP049230.1	negative_control	bacterial	1500	1318700
NZ_AFIJ01000004.1_frag_25_L1500	NZ_AFIJ01000004.1	negative_control	bacterial	1500	100595
NZ_CP065631.1_frag_885_L1500	NZ_CP065631.1	negative_control	bacterial	1500	1447017
NZ_CP039266.1_frag_25_L1500	NZ_CP039266.1	negative_control	bacterial	1500	2023061
NZ_AP012332.1_frag_485_L1500	NZ_AP012332.1	negative_control	bacterial	1500	1667406
NZ_CP039266.1_frag_510_L1500	NZ_CP039266.1	negative_control	bacterial	1500	2023061
NZ_CP039266.1_frag_159_L1500	NZ_CP039266.1	negative_control	bacterial	1500	2023061
NZ_AFIJ01000033.1_frag_38_L1500	NZ_AFIJ01000033.1	negative_control	bacterial	1500	81962
NZ_CP039266.1_frag_1313_L1500	NZ_CP039266.1	negative_control	bacterial	1500	2023061
NZ_CP049230.1_frag_678_L1500	NZ_CP049230.1	negative_control	bacterial	1500	1318700
NZ_AP012332.1_frag_208_L1500	NZ_AP012332.1	negative_control	bacterial	1500	1667406
NZ_CP065631.1_frag_88_L1500	NZ_CP065631.1	negative_control	bacterial	1500	1447017
NZ_CP065631.1_frag_849_L1500	NZ_CP065631.1	negative_control	bacterial	1500	1447017
NZ_AFIJ01000033.1_frag_22_L1500	NZ_AFIJ01000033.1	negative_control	bacterial	1500	81962
NZ_CP039266.1_frag_691_L1500	NZ_CP039266.1	negative_control	bacterial	1500	2023061
NZ_AP012332.1_frag_355_L1500	NZ_AP012332.1	negative_control	bacterial	1500	1667406
NZ_CP049230.1_frag_651_L1500	NZ_CP049230.1	negative_control	bacterial	1500	1318700
NZ_AFIJ01000036.1_frag_16_L1500	NZ_AFIJ01000036.1	negative_control	bacterial	1500	38748
NZ_CP039266.1_frag_328_L1500	NZ_CP039266.1	negative_control	bacterial	1500	2023061
NZ_AP012332.1_frag_288_L1500	NZ_AP012332.1	negative_control	bacterial	1500	1667406
NZ_CP065631.1_frag_731_L1500	NZ_CP065631.1	negative_control	bacterial	1500	1447017
NZ_AP012332.1_frag_115_L1500	NZ_AP012332.1	negative_control	bacterial	1500	1667406
NZ_CP049230.1_frag_126_L1500	NZ_CP049230.1	negative_control	bacterial	1500	1318700
NZ_AP012332.1_frag_390_L1500	NZ_AP012332.1	negative_control	bacterial	1500	1667406
NZ_CP065631.1_frag_142_L1500	NZ_CP065631.1	negative_control	bacterial	1500	1447017
NZ_AFIJ01000020.1_frag_10_L1500	NZ_AFIJ01000020.1	negative_control	bacterial	1500	80676
NZ_AFIJ01000018.1_frag_10_L1500	NZ_AFIJ01000018.1	negative_control	bacterial	1500	43361
NZ_CP039266.1_frag_795_L1500	NZ_CP039266.1	negative_control	bacterial	1500	2023061
NZ_CP039266.1_frag_433_L1500	NZ_CP039266.1	negative_control	bacterial	1500	2023061
NZ_CP065631.1_frag_233_L1500	NZ_CP065631.1	negative_control	bacterial	1500	1447017
NZ_CP011280.1_frag_740_L1500	NZ_CP011280.1	negative_control	bacterial	1500	1330224
NZ_AFIJ01000029.1_frag_42_L1500	NZ_AFIJ01000029.1	negative_control	bacterial	1500	104968
NZ_CP039266.1_frag_722_L1500	NZ_CP039266.1	negative_control	bacterial	1500	2023061
NZ_AFIJ01000008.1_frag_79_L1500	NZ_AFIJ01000008.1	negative_control	bacterial	1500	149073
NZ_CP065631.1_frag_803_L1500	NZ_CP065631.1	negative_control	bacterial	1500	1447017
NZ_AP012332.1_frag_433_L1500	NZ_AP012332.1	negative_control	bacterial	1500	1667406
NZ_CP039266.1_frag_970_L1500	NZ_CP039266.1	negative_control	bacterial	1500	2023061
NZ_CP039266.1_frag_1170_L1500	NZ_CP039266.1	negative_control	bacterial	1500	2023061
NZ_CP039266.1_frag_615_L1500	NZ_CP039266.1	negative_control	bacterial	1500	2023061
NZ_AP012332.1_frag_135_L1500	NZ_AP012332.1	negative_control	bacterial	1500	1667406
NZ_CP011280.1_frag_755_L1500	NZ_CP011280.1	negative_control	bacterial	1500	1330224
NZ_CP039266.1_frag_823_L1500	NZ_CP039266.1	negative_control	bacterial	1500	2023061
NZ_AFIJ01000038.1_frag_55_L1500	NZ_AFIJ01000038.1	negative_control	bacterial	1500	96055
NZ_CP011280.1_frag_788_L1500	NZ_CP011280.1	negative_control	bacterial	1500	1330224
NZ_AFIJ01000026.1_frag_27_L1500	NZ_AFIJ01000026.1	negative_control	bacterial	1500	50184
NZ_AP012332.1_frag_147_L1500	NZ_AP012332.1	negative_control	bacterial	1500	1667406
NZ_CP011280.1_frag_632_L1500	NZ_CP011280.1	negative_control	bacterial	1500	1330224
NZ_CP065631.1_frag_931_L1500	NZ_CP065631.1	negative_control	bacterial	1500	1447017
NZ_AP012332.1_frag_354_L1500	NZ_AP012332.1	negative_control	bacterial	1500	1667406
NZ_CP065631.1_frag_366_L1500	NZ_CP065631.1	negative_control	bacterial	1500	1447017
NZ_AP012332.1_frag_333_L1500	NZ_AP012332.1	negative_control	bacterial	1500	1667406
NZ_CP011280.1_frag_824_L1500	NZ_CP011280.1	negative_control	bacterial	1500	1330224
NZ_CP039266.1_frag_1058_L1500	NZ_CP039266.1	negative_control	bacterial	1500	2023061
NZ_CP039266.1_frag_239_L1500	NZ_CP039266.1	negative_control	bacterial	1500	2023061
NZ_CP011280.1_frag_193_L1500	NZ_CP011280.1	negative_control	bacterial	1500	1330224
NZ_CP065631.1_frag_900_L1500	NZ_CP065631.1	negative_control	bacterial	1500	1447017
NZ_AFIJ01000044.1_frag_14_L1500	NZ_AFIJ01000044.1	negative_control	bacterial	1500	23508
NZ_CP011280.1_frag_552_L1500	NZ_CP011280.1	negative_control	bacterial	1500	1330224
NZ_CP065631.1_frag_400_L1500	NZ_CP065631.1	negative_control	bacterial	1500	1447017
NZ_CP065631.1_frag_540_L1500	NZ_CP065631.1	negative_control	bacterial	1500	1447017
NZ_CP049230.1_frag_781_L1500	NZ_CP049230.1	negative_control	bacterial	1500	1318700
NZ_CP049230.1_frag_352_L1500	NZ_CP049230.1	negative_control	bacterial	1500	1318700
NZ_AFIJ01000007.1_frag_31_L1500	NZ_AFIJ01000007.1	negative_control	bacterial	1500	148045
NZ_AP012332.1_frag_413_L1500	NZ_AP012332.1	negative_control	bacterial	1500	1667406
NZ_CP049230.1_frag_548_L1500	NZ_CP049230.1	negative_control	bacterial	1500	1318700
NZ_AFIJ01000038.1_frag_13_L1500	NZ_AFIJ01000038.1	negative_control	bacterial	1500	96055
NZ_CP065631.1_frag_744_L1500	NZ_CP065631.1	negative_control	bacterial	1500	1447017
NZ_CP011280.1_frag_342_L1500	NZ_CP011280.1	negative_control	bacterial	1500	1330224
NZ_CP065631.1_frag_275_L1500	NZ_CP065631.1	negative_control	bacterial	1500	1447017
NZ_AFIJ01000036.1_frag_25_L1500	NZ_AFIJ01000036.1	negative_control	bacterial	1500	38748
NZ_AP012332.1_frag_261_L1500	NZ_AP012332.1	negative_control	bacterial	1500	1667406
NZ_AFIJ01000036.1_frag_10_L1500	NZ_AFIJ01000036.1	negative_control	bacterial	1500	38748
NZ_CP039266.1_frag_1292_L1500	NZ_CP039266.1	negative_control	bacterial	1500	2023061
NZ_AFIJ01000035.1_frag_21_L1500	NZ_AFIJ01000035.1	negative_control	bacterial	1500	55251
NZ_CP039266.1_frag_1275_L1500	NZ_CP039266.1	negative_control	bacterial	1500	2023061
NZ_CP049230.1_frag_455_L1500	NZ_CP049230.1	negative_control	bacterial	1500	1318700
NZ_CP011280.1_frag_106_L1500	NZ_CP011280.1	negative_control	bacterial	1500	1330224
NZ_CP049230.1_frag_294_L1500	NZ_CP049230.1	negative_control	bacterial	1500	1318700
NZ_CP049230.1_frag_241_L1500	NZ_CP049230.1	negative_control	bacterial	1500	1318700
NZ_CP065631.1_frag_200_L1500	NZ_CP065631.1	negative_control	bacterial	1500	1447017
NZ_CP049230.1_frag_12_L1500	NZ_CP049230.1	negative_control	bacterial	1500	1318700
NZ_CP039266.1_frag_1272_L1500	NZ_CP039266.1	negative_control	bacterial	1500	2023061
NZ_AP012332.1_frag_672_L1500	NZ_AP012332.1	negative_control	bacterial	1500	1667406
NZ_CP065631.1_frag_498_L1500	NZ_CP065631.1	negative_control	bacterial	1500	1447017
NZ_CP039266.1_frag_880_L1500	NZ_CP039266.1	negative_control	bacterial	1500	2023061
NZ_CP065631.1_frag_385_L1500	NZ_CP065631.1	negative_control	bacterial	1500	1447017
NZ_CP011280.1_frag_464_L1500	NZ_CP011280.1	negative_control	bacterial	1500	1330224
NZ_CP039266.1_frag_584_L1500	NZ_CP039266.1	negative_control	bacterial	1500	2023061
NZ_CP011280.1_frag_497_L1500	NZ_CP011280.1	negative_control	bacterial	1500	1330224
NZ_CP049230.1_frag_362_L1500	NZ_CP049230.1	negative_control	bacterial	1500	1318700
NZ_CP065631.1_frag_794_L1500	NZ_CP065631.1	negative_control	bacterial	1500	1447017
NZ_CP011280.1_frag_477_L1500	NZ_CP011280.1	negative_control	bacterial	1500	1330224
NZ_CP011280.1_frag_469_L1500	NZ_CP011280.1	negative_control	bacterial	1500	1330224
NZ_AFIJ01000033.1_frag_31_L1500	NZ_AFIJ01000033.1	negative_control	bacterial	1500	81962
NZ_AP012332.1_frag_841_L1500	NZ_AP012332.1	negative_control	bacterial	1500	1667406
NZ_CP065631.1_frag_283_L1500	NZ_CP065631.1	negative_control	bacterial	1500	1447017
NZ_CP039266.1_frag_516_L1500	NZ_CP039266.1	negative_control	bacterial	1500	2023061
NZ_AP012332.1_frag_253_L1500	NZ_AP012332.1	negative_control	bacterial	1500	1667406
NZ_AFIJ01000026.1_frag_31_L1500	NZ_AFIJ01000026.1	negative_control	bacterial	1500	50184
NZ_CP065631.1_frag_133_L1500	NZ_CP065631.1	negative_control	bacterial	1500	1447017
NZ_CP065631.1_frag_72_L1500	NZ_CP065631.1	negative_control	bacterial	1500	1447017
NZ_CP011280.1_frag_355_L1500	NZ_CP011280.1	negative_control	bacterial	1500	1330224
NZ_AFIJ01000029.1_frag_51_L1500	NZ_AFIJ01000029.1	negative_control	bacterial	1500	104968
NZ_AFIJ01000011.1_frag_13_L1500	NZ_AFIJ01000011.1	negative_control	bacterial	1500	37253
NZ_AP012332.1_frag_245_L1500	NZ_AP012332.1	negative_control	bacterial	1500	1667406
NZ_CP011280.1_frag_540_L1500	NZ_CP011280.1	negative_control	bacterial	1500	1330224
NZ_CP039266.1_frag_1098_L1500	NZ_CP039266.1	negative_control	bacterial	1500	2023061
NZ_AFIJ01000026.1_frag_8_L1500	NZ_AFIJ01000026.1	negative_control	bacterial	1500	50184
NZ_CP049230.1_frag_172_L1500	NZ_CP049230.1	negative_control	bacterial	1500	1318700
NZ_CP065631.1_frag_963_L1500	NZ_CP065631.1	negative_control	bacterial	1500	1447017
NZ_CP039266.1_frag_353_L1500	NZ_CP039266.1	negative_control	bacterial	1500	2023061
NZ_AFIJ01000045.1_frag_15_L1500	NZ_AFIJ01000045.1	negative_control	bacterial	1500	114466
NZ_CP039266.1_frag_31_L1500	NZ_CP039266.1	negative_control	bacterial	1500	2023061
NZ_AFIJ01000039.1_frag_2_L1500	NZ_AFIJ01000039.1	negative_control	bacterial	1500	122540
NZ_CP039266.1_frag_843_L1500	NZ_CP039266.1	negative_control	bacterial	1500	2023061
NZ_CP049230.1_frag_865_L1500	NZ_CP049230.1	negative_control	bacterial	1500	1318700
NZ_CP049230.1_frag_121_L1500	NZ_CP049230.1	negative_control	bacterial	1500	1318700
NZ_AP012332.1_frag_990_L1500	NZ_AP012332.1	negative_control	bacterial	1500	1667406
NZ_CP049230.1_frag_836_L1500	NZ_CP049230.1	negative_control	bacterial	1500	1318700
NZ_CP049230.1_frag_488_L1500	NZ_CP049230.1	negative_control	bacterial	1500	1318700
NZ_AP012332.1_frag_223_L1500	NZ_AP012332.1	negative_control	bacterial	1500	1667406
NZ_CP011280.1_frag_484_L1500	NZ_CP011280.1	negative_control	bacterial	1500	1330224
NZ_CP049230.1_frag_796_L1500	NZ_CP049230.1	negative_control	bacterial	1500	1318700
NZ_CP049230.1_frag_854_L1500	NZ_CP049230.1	negative_control	bacterial	1500	1318700
NZ_CP065631.1_frag_665_L1500	NZ_CP065631.1	negative_control	bacterial	1500	1447017
NZ_CP011280.1_frag_817_L1500	NZ_CP011280.1	negative_control	bacterial	1500	1330224
NZ_CP011280.1_frag_348_L1500	NZ_CP011280.1	negative_control	bacterial	1500	1330224
NZ_AFIJ01000020.1_frag_32_L1500	NZ_AFIJ01000020.1	negative_control	bacterial	1500	80676
NZ_CP011280.1_frag_60_L1500	NZ_CP011280.1	negative_control	bacterial	1500	1330224
NZ_CP065631.1_frag_693_L1500	NZ_CP065631.1	negative_control	bacterial	1500	1447017
NZ_CP039266.1_frag_518_L1500	NZ_CP039266.1	negative_control	bacterial	1500	2023061
NZ_CP049230.1_frag_10_L1500	NZ_CP049230.1	negative_control	bacterial	1500	1318700
NZ_CP039266.1_frag_69_L1500	NZ_CP039266.1	negative_control	bacterial	1500	2023061
NZ_AFIJ01000029.1_frag_28_L1500	NZ_AFIJ01000029.1	negative_control	bacterial	1500	104968
NZ_AFIJ01000039.1_frag_40_L1500	NZ_AFIJ01000039.1	negative_control	bacterial	1500	122540
NZ_CP039266.1_frag_249_L1500	NZ_CP039266.1	negative_control	bacterial	1500	2023061
NZ_CP065631.1_frag_414_L1500	NZ_CP065631.1	negative_control	bacterial	1500	1447017
NZ_CP011280.1_frag_648_L1500	NZ_CP011280.1	negative_control	bacterial	1500	1330224
NZ_AP012332.1_frag_563_L1500	NZ_AP012332.1	negative_control	bacterial	1500	1667406
NZ_CP049230.1_frag_703_L1500	NZ_CP049230.1	negative_control	bacterial	1500	1318700
NZ_CP065631.1_frag_378_L1500	NZ_CP065631.1	negative_control	bacterial	1500	1447017
NZ_CP039266.1_frag_575_L1500	NZ_CP039266.1	negative_control	bacterial	1500	2023061
NZ_CP065631.1_frag_554_L1500	NZ_CP065631.1	negative_control	bacterial	1500	1447017
NZ_AFIJ01000005.1_frag_3_L1500	NZ_AFIJ01000005.1	negative_control	bacterial	1500	10272
NZ_AFIJ01000008.1_frag_82_L1500	NZ_AFIJ01000008.1	negative_control	bacterial	1500	149073
NZ_AFIJ01000035.1_frag_14_L1500	NZ_AFIJ01000035.1	negative_control	bacterial	1500	55251
NZ_AFIJ01000032.1_frag_62_L1500	NZ_AFIJ01000032.1	negative_control	bacterial	1500	123176
NZ_AP012332.1_frag_477_L1500	NZ_AP012332.1	negative_control	bacterial	1500	1667406
NZ_AFIJ01000039.1_frag_46_L1500	NZ_AFIJ01000039.1	negative_control	bacterial	1500	122540
NZ_CP065631.1_frag_958_L1500	NZ_CP065631.1	negative_control	bacterial	1500	1447017
NZ_AP012332.1_frag_493_L1500	NZ_AP012332.1	negative_control	bacterial	1500	1667406
NZ_AP012332.1_frag_797_L1500	NZ_AP012332.1	negative_control	bacterial	1500	1667406
NZ_CP049230.1_frag_369_L1500	NZ_CP049230.1	negative_control	bacterial	1500	1318700
NZ_CP039266.1_frag_849_L1500	NZ_CP039266.1	negative_control	bacterial	1500	2023061
NZ_AFIJ01000038.1_frag_27_L1500	NZ_AFIJ01000038.1	negative_control	bacterial	1500	96055
NZ_AFIJ01000004.1_frag_14_L1500	NZ_AFIJ01000004.1	negative_control	bacterial	1500	100595
NZ_AP012332.1_frag_1078_L1500	NZ_AP012332.1	negative_control	bacterial	1500	1667406
NZ_AFIJ01000038.1_frag_9_L1500	NZ_AFIJ01000038.1	negative_control	bacterial	1500	96055
NZ_CP065631.1_frag_740_L1500	NZ_CP065631.1	negative_control	bacterial	1500	1447017
NZ_CP065631.1_frag_260_L1500	NZ_CP065631.1	negative_control	bacterial	1500	1447017
NZ_AFIJ01000007.1_frag_98_L1500	NZ_AFIJ01000007.1	negative_control	bacterial	1500	148045
NZ_AP012332.1_frag_255_L1500	NZ_AP012332.1	negative_control	bacterial	1500	1667406
NZ_AFIJ01000007.1_frag_28_L1500	NZ_AFIJ01000007.1	negative_control	bacterial	1500	148045
NZ_CP039266.1_frag_23_L1500	NZ_CP039266.1	negative_control	bacterial	1500	2023061
NZ_CP049230.1_frag_820_L1500	NZ_CP049230.1	negative_control	bacterial	1500	1318700
NZ_CP039266.1_frag_112_L1500	NZ_CP039266.1	negative_control	bacterial	1500	2023061
NZ_AFIJ01000038.1_frag_59_L1500	NZ_AFIJ01000038.1	negative_control	bacterial	1500	96055
NZ_CP065631.1_frag_926_L1500	NZ_CP065631.1	negative_control	bacterial	1500	1447017
NZ_AP012332.1_frag_108_L1500	NZ_AP012332.1	negative_control	bacterial	1500	1667406
NZ_CP065631.1_frag_741_L1500	NZ_CP065631.1	negative_control	bacterial	1500	1447017
NZ_CP065631.1_frag_677_L1500	NZ_CP065631.1	negative_control	bacterial	1500	1447017
NZ_CP039266.1_frag_275_L1500	NZ_CP039266.1	negative_control	bacterial	1500	2023061
NZ_CP049230.1_frag_731_L1500	NZ_CP049230.1	negative_control	bacterial	1500	1318700
NZ_CP049230.1_frag_765_L1500	NZ_CP049230.1	negative_control	bacterial	1500	1318700
NZ_CP011280.1_frag_237_L1500	NZ_CP011280.1	negative_control	bacterial	1500	1330224
NZ_AP012332.1_frag_410_L1500	NZ_AP012332.1	negative_control	bacterial	1500	1667406
NZ_AP012332.1_frag_494_L1500	NZ_AP012332.1	negative_control	bacterial	1500	1667406
NZ_CP049230.1_frag_197_L1500	NZ_CP049230.1	negative_control	bacterial	1500	1318700
NZ_AP012332.1_frag_799_L1500	NZ_AP012332.1	negative_control	bacterial	1500	1667406
NZ_CP039266.1_frag_951_L1500	NZ_CP039266.1	negative_control	bacterial	1500	2023061
NZ_CP049230.1_frag_80_L1500	NZ_CP049230.1	negative_control	bacterial	1500	1318700
NZ_CP065631.1_frag_24_L1500	NZ_CP065631.1	negative_control	bacterial	1500	1447017
NZ_CP065631.1_frag_264_L1500	NZ_CP065631.1	negative_control	bacterial	1500	1447017
NZ_CP049230.1_frag_333_L1500	NZ_CP049230.1	negative_control	bacterial	1500	1318700
NZ_AFIJ01000023.1_frag_32_L1500	NZ_AFIJ01000023.1	negative_control	bacterial	1500	71554
NZ_CP039266.1_frag_588_L1500	NZ_CP039266.1	negative_control	bacterial	1500	2023061
NZ_AP012332.1_frag_180_L1500	NZ_AP012332.1	negative_control	bacterial	1500	1667406
NZ_AFIJ01000007.1_frag_44_L1500	NZ_AFIJ01000007.1	negative_control	bacterial	1500	148045
NZ_CP011280.1_frag_624_L1500	NZ_CP011280.1	negative_control	bacterial	1500	1330224
NZ_CP011280.1_frag_161_L1500	NZ_CP011280.1	negative_control	bacterial	1500	1330224
NZ_CP039266.1_frag_1264_L1500	NZ_CP039266.1	negative_control	bacterial	1500	2023061
NZ_AFIJ01000036.1_frag_13_L1500	NZ_AFIJ01000036.1	negative_control	bacterial	1500	38748
NZ_AP012332.1_frag_325_L1500	NZ_AP012332.1	negative_control	bacterial	1500	1667406
NZ_CP049230.1_frag_127_L1500	NZ_CP049230.1	negative_control	bacterial	1500	1318700
NZ_CP049230.1_frag_358_L1500	NZ_CP049230.1	negative_control	bacterial	1500	1318700
NZ_CP039266.1_frag_864_L1500	NZ_CP039266.1	negative_control	bacterial	1500	2023061
NZ_CP049230.1_frag_268_L1500	NZ_CP049230.1	negative_control	bacterial	1500	1318700
NZ_AP012332.1_frag_825_L1500	NZ_AP012332.1	negative_control	bacterial	1500	1667406
NZ_CP011280.1_frag_680_L1500	NZ_CP011280.1	negative_control	bacterial	1500	1330224
NZ_CP065631.1_frag_923_L1500	NZ_CP065631.1	negative_control	bacterial	1500	1447017
NZ_CP039266.1_frag_1134_L1500	NZ_CP039266.1	negative_control	bacterial	1500	2023061
NZ_AFIJ01000038.1_frag_20_L1500	NZ_AFIJ01000038.1	negative_control	bacterial	1500	96055
NZ_CP011280.1_frag_341_L1500	NZ_CP011280.1	negative_control	bacterial	1500	1330224
NZ_AP012332.1_frag_680_L1500	NZ_AP012332.1	negative_control	bacterial	1500	1667406
NZ_AP012332.1_frag_794_L1500	NZ_AP012332.1	negative_control	bacterial	1500	1667406
NZ_CP049230.1_frag_733_L1500	NZ_CP049230.1	negative_control	bacterial	1500	1318700
NZ_CP039266.1_frag_152_L1500	NZ_CP039266.1	negative_control	bacterial	1500	2023061
NZ_AP012332.1_frag_193_L1500	NZ_AP012332.1	negative_control	bacterial	1500	1667406
NZ_CP039266.1_frag_1122_L1500	NZ_CP039266.1	negative_control	bacterial	1500	2023061
NZ_AP012332.1_frag_897_L1500	NZ_AP012332.1	negative_control	bacterial	1500	1667406
NZ_CP011280.1_frag_636_L1500	NZ_CP011280.1	negative_control	bacterial	1500	1330224
NZ_CP011280.1_frag_603_L1500	NZ_CP011280.1	negative_control	bacterial	1500	1330224
NZ_AFIJ01000020.1_frag_8_L1500	NZ_AFIJ01000020.1	negative_control	bacterial	1500	80676
NZ_CP011280.1_frag_159_L1500	NZ_CP011280.1	negative_control	bacterial	1500	1330224
NZ_CP011280.1_frag_472_L1500	NZ_CP011280.1	negative_control	bacterial	1500	1330224
NZ_AFIJ01000009.1_frag_10_L1500	NZ_AFIJ01000009.1	negative_control	bacterial	1500	28506
NZ_CP049230.1_frag_709_L1500	NZ_CP049230.1	negative_control	bacterial	1500	1318700
NZ_AP012332.1_frag_248_L1500	NZ_AP012332.1	negative_control	bacterial	1500	1667406
NZ_CP039266.1_frag_1224_L1500	NZ_CP039266.1	negative_control	bacterial	1500	2023061
NZ_AFIJ01000005.1_frag_5_L1500	NZ_AFIJ01000005.1	negative_control	bacterial	1500	10272
NZ_CP039266.1_frag_412_L1500	NZ_CP039266.1	negative_control	bacterial	1500	2023061
NZ_AFIJ01000007.1_frag_62_L1500	NZ_AFIJ01000007.1	negative_control	bacterial	1500	148045
NZ_CP049230.1_frag_157_L1500	NZ_CP049230.1	negative_control	bacterial	1500	1318700
NZ_CP065631.1_frag_11_L1500	NZ_CP065631.1	negative_control	bacterial	1500	1447017
NZ_AP012332.1_frag_943_L1500	NZ_AP012332.1	negative_control	bacterial	1500	1667406
NZ_AFIJ01000023.1_frag_37_L1500	NZ_AFIJ01000023.1	negative_control	bacterial	1500	71554
NZ_CP039266.1_frag_234_L1500	NZ_CP039266.1	negative_control	bacterial	1500	2023061
NZ_CP065631.1_frag_869_L1500	NZ_CP065631.1	negative_control	bacterial	1500	1447017
NZ_CP049230.1_frag_760_L1500	NZ_CP049230.1	negative_control	bacterial	1500	1318700
NZ_AP012332.1_frag_348_L1500	NZ_AP012332.1	negative_control	bacterial	1500	1667406
NZ_CP011280.1_frag_621_L1500	NZ_CP011280.1	negative_control	bacterial	1500	1330224
NZ_CP011280.1_frag_637_L1500	NZ_CP011280.1	negative_control	bacterial	1500	1330224
NZ_CP065631.1_frag_829_L1500	NZ_CP065631.1	negative_control	bacterial	1500	1447017
NZ_AP012332.1_frag_215_L1500	NZ_AP012332.1	negative_control	bacterial	1500	1667406
NZ_CP039266.1_frag_829_L1500	NZ_CP039266.1	negative_control	bacterial	1500	2023061
NZ_CP065631.1_frag_67_L1500	NZ_CP065631.1	negative_control	bacterial	1500	1447017
NZ_CP049230.1_frag_536_L1500	NZ_CP049230.1	negative_control	bacterial	1500	1318700
NZ_CP065631.1_frag_501_L1500	NZ_CP065631.1	negative_control	bacterial	1500	1447017
NZ_AFIJ01000008.1_frag_70_L1500	NZ_AFIJ01000008.1	negative_control	bacterial	1500	149073
NZ_CP039266.1_frag_906_L1500	NZ_CP039266.1	negative_control	bacterial	1500	2023061
NZ_CP049230.1_frag_786_L1500	NZ_CP049230.1	negative_control	bacterial	1500	1318700
NZ_CP039266.1_frag_940_L1500	NZ_CP039266.1	negative_control	bacterial	1500	2023061
NZ_CP011280.1_frag_773_L1500	NZ_CP011280.1	negative_control	bacterial	1500	1330224
NZ_CP065631.1_frag_527_L1500	NZ_CP065631.1	negative_control	bacterial	1500	1447017
NZ_CP011280.1_frag_450_L1500	NZ_CP011280.1	negative_control	bacterial	1500	1330224
NZ_CP065631.1_frag_355_L1500	NZ_CP065631.1	negative_control	bacterial	1500	1447017
NZ_CP065631.1_frag_852_L1500	NZ_CP065631.1	negative_control	bacterial	1500	1447017
NZ_CP065631.1_frag_157_L1500	NZ_CP065631.1	negative_control	bacterial	1500	1447017
NZ_CP039266.1_frag_331_L1500	NZ_CP039266.1	negative_control	bacterial	1500	2023061
NZ_AFIJ01000008.1_frag_18_L1500	NZ_AFIJ01000008.1	negative_control	bacterial	1500	149073
NZ_CP049230.1_frag_462_L1500	NZ_CP049230.1	negative_control	bacterial	1500	1318700
NZ_CP011280.1_frag_30_L1500	NZ_CP011280.1	negative_control	bacterial	1500	1330224
NZ_CP011280.1_frag_475_L1500	NZ_CP011280.1	negative_control	bacterial	1500	1330224
NZ_AP012332.1_frag_804_L1500	NZ_AP012332.1	negative_control	bacterial	1500	1667406
NZ_AP012332.1_frag_522_L1500	NZ_AP012332.1	negative_control	bacterial	1500	1667406
NZ_CP049230.1_frag_293_L1500	NZ_CP049230.1	negative_control	bacterial	1500	1318700
NZ_AFIJ01000039.1_frag_70_L1500	NZ_AFIJ01000039.1	negative_control	bacterial	1500	122540
NZ_AFIJ01000033.1_frag_1_L1500	NZ_AFIJ01000033.1	negative_control	bacterial	1500	81962
NZ_AFIJ01000008.1_frag_8_L1500	NZ_AFIJ01000008.1	negative_control	bacterial	1500	149073
NZ_CP039266.1_frag_947_L1500	NZ_CP039266.1	negative_control	bacterial	1500	2023061
NZ_CP039266.1_frag_53_L1500	NZ_CP039266.1	negative_control	bacterial	1500	2023061
NZ_CP039266.1_frag_1304_L1500	NZ_CP039266.1	negative_control	bacterial	1500	2023061
NZ_CP039266.1_frag_1273_L1500	NZ_CP039266.1	negative_control	bacterial	1500	2023061
NZ_AP012332.1_frag_795_L1500	NZ_AP012332.1	negative_control	bacterial	1500	1667406
NZ_AP012332.1_frag_334_L1500	NZ_AP012332.1	negative_control	bacterial	1500	1667406
NZ_CP065631.1_frag_439_L1500	NZ_CP065631.1	negative_control	bacterial	1500	1447017
NZ_AP012332.1_frag_8_L1500	NZ_AP012332.1	negative_control	bacterial	1500	1667406
NZ_AFIJ01000008.1_frag_93_L1500	NZ_AFIJ01000008.1	negative_control	bacterial	1500	149073
NZ_CP011280.1_frag_294_L1500	NZ_CP011280.1	negative_control	bacterial	1500	1330224
NZ_CP011280.1_frag_172_L1500	NZ_CP011280.1	negative_control	bacterial	1500	1330224
NZ_CP049230.1_frag_295_L1500	NZ_CP049230.1	negative_control	bacterial	1500	1318700
NZ_CP049230.1_frag_254_L1500	NZ_CP049230.1	negative_control	bacterial	1500	1318700
NZ_CP065631.1_frag_12_L1500	NZ_CP065631.1	negative_control	bacterial	1500	1447017
NZ_AP012332.1_frag_1082_L1500	NZ_AP012332.1	negative_control	bacterial	1500	1667406
NZ_CP049230.1_frag_436_L1500	NZ_CP049230.1	negative_control	bacterial	1500	1318700
NZ_CP065631.1_frag_734_L1500	NZ_CP065631.1	negative_control	bacterial	1500	1447017
NZ_CP039266.1_frag_561_L1500	NZ_CP039266.1	negative_control	bacterial	1500	2023061
NZ_CP065631.1_frag_953_L1500	NZ_CP065631.1	negative_control	bacterial	1500	1447017
NZ_CP049230.1_frag_381_L1500	NZ_CP049230.1	negative_control	bacterial	1500	1318700
NZ_AP012332.1_frag_894_L1500	NZ_AP012332.1	negative_control	bacterial	1500	1667406
NZ_CP049230.1_frag_531_L1500	NZ_CP049230.1	negative_control	bacterial	1500	1318700
NZ_CP039266.1_frag_713_L1500	NZ_CP039266.1	negative_control	bacterial	1500	2023061
NZ_CP065631.1_frag_919_L1500	NZ_CP065631.1	negative_control	bacterial	1500	1447017
NZ_CP065631.1_frag_182_L1500	NZ_CP065631.1	negative_control	bacterial	1500	1447017
NZ_CP039266.1_frag_918_L1500	NZ_CP039266.1	negative_control	bacterial	1500	2023061
NZ_AP012332.1_frag_306_L1500	NZ_AP012332.1	negative_control	bacterial	1500	1667406
NZ_CP049230.1_frag_798_L1500	NZ_CP049230.1	negative_control	bacterial	1500	1318700
NZ_CP039266.1_frag_110_L1500	NZ_CP039266.1	negative_control	bacterial	1500	2023061
NZ_CP011280.1_frag_90_L1500	NZ_CP011280.1	negative_control	bacterial	1500	1330224
NZ_CP065631.1_frag_694_L1500	NZ_CP065631.1	negative_control	bacterial	1500	1447017
NZ_CP011280.1_frag_840_L1500	NZ_CP011280.1	negative_control	bacterial	1500	1330224
NZ_CP065631.1_frag_475_L1500	NZ_CP065631.1	negative_control	bacterial	1500	1447017
NZ_CP049230.1_frag_324_L1500	NZ_CP049230.1	negative_control	bacterial	1500	1318700
NZ_CP011280.1_frag_402_L1500	NZ_CP011280.1	negative_control	bacterial	1500	1330224
NZ_CP039266.1_frag_1176_L1500	NZ_CP039266.1	negative_control	bacterial	1500	2023061
NZ_CP039266.1_frag_771_L1500	NZ_CP039266.1	negative_control	bacterial	1500	2023061
NZ_CP011280.1_frag_404_L1500	NZ_CP011280.1	negative_control	bacterial	1500	1330224
NZ_AP012332.1_frag_145_L1500	NZ_AP012332.1	negative_control	bacterial	1500	1667406
NZ_CP065631.1_frag_910_L1500	NZ_CP065631.1	negative_control	bacterial	1500	1447017
NZ_CP049230.1_frag_474_L1500	NZ_CP049230.1	negative_control	bacterial	1500	1318700
NZ_AFIJ01000032.1_frag_52_L1500	NZ_AFIJ01000032.1	negative_control	bacterial	1500	123176
NZ_CP039266.1_frag_1113_L1500	NZ_CP039266.1	negative_control	bacterial	1500	2023061
NZ_AP012332.1_frag_1004_L1500	NZ_AP012332.1	negative_control	bacterial	1500	1667406
NZ_CP065631.1_frag_798_L1500	NZ_CP065631.1	negative_control	bacterial	1500	1447017
NZ_CP039266.1_frag_1100_L1500	NZ_CP039266.1	negative_control	bacterial	1500	2023061
NZ_CP049230.1_frag_32_L1500	NZ_CP049230.1	negative_control	bacterial	1500	1318700
NZ_CP011280.1_frag_242_L1500	NZ_CP011280.1	negative_control	bacterial	1500	1330224
NZ_CP039266.1_frag_486_L1500	NZ_CP039266.1	negative_control	bacterial	1500	2023061
NZ_CP011280.1_frag_449_L1500	NZ_CP011280.1	negative_control	bacterial	1500	1330224
NZ_CP011280.1_frag_212_L1500	NZ_CP011280.1	negative_control	bacterial	1500	1330224
NZ_CP011280.1_frag_626_L1500	NZ_CP011280.1	negative_control	bacterial	1500	1330224
NZ_AFIJ01000038.1_frag_15_L1500	NZ_AFIJ01000038.1	negative_control	bacterial	1500	96055
NZ_CP039266.1_frag_1106_L1500	NZ_CP039266.1	negative_control	bacterial	1500	2023061
NZ_AFIJ01000007.1_frag_45_L1500	NZ_AFIJ01000007.1	negative_control	bacterial	1500	148045
NZ_AP012332.1_frag_1081_L1500	NZ_AP012332.1	negative_control	bacterial	1500	1667406
NZ_CP039266.1_frag_1157_L1500	NZ_CP039266.1	negative_control	bacterial	1500	2023061
NZ_CP049230.1_frag_743_L1500	NZ_CP049230.1	negative_control	bacterial	1500	1318700
NZ_CP049230.1_frag_868_L1500	NZ_CP049230.1	negative_control	bacterial	1500	1318700
NZ_CP065631.1_frag_526_L1500	NZ_CP065631.1	negative_control	bacterial	1500	1447017
NZ_AP012332.1_frag_437_L1500	NZ_AP012332.1	negative_control	bacterial	1500	1667406
NZ_CP039266.1_frag_1164_L1500	NZ_CP039266.1	negative_control	bacterial	1500	2023061
NZ_AP012332.1_frag_994_L1500	NZ_AP012332.1	negative_control	bacterial	1500	1667406
NZ_CP011280.1_frag_641_L1500	NZ_CP011280.1	negative_control	bacterial	1500	1330224
NZ_CP065631.1_frag_9_L1500	NZ_CP065631.1	negative_control	bacterial	1500	1447017
NZ_AFIJ01000020.1_frag_21_L1500	NZ_AFIJ01000020.1	negative_control	bacterial	1500	80676
NZ_AFIJ01000008.1_frag_41_L1500	NZ_AFIJ01000008.1	negative_control	bacterial	1500	149073
NZ_CP011280.1_frag_282_L1500	NZ_CP011280.1	negative_control	bacterial	1500	1330224
NZ_AFIJ01000007.1_frag_81_L1500	NZ_AFIJ01000007.1	negative_control	bacterial	1500	148045
NZ_CP065631.1_frag_51_L1500	NZ_CP065631.1	negative_control	bacterial	1500	1447017
NZ_AP012332.1_frag_378_L1500	NZ_AP012332.1	negative_control	bacterial	1500	1667406
NZ_CP039266.1_frag_347_L1500	NZ_CP039266.1	negative_control	bacterial	1500	2023061
NZ_AFIJ01000004.1_frag_18_L1500	NZ_AFIJ01000004.1	negative_control	bacterial	1500	100595
NZ_AP012332.1_frag_90_L1500	NZ_AP012332.1	negative_control	bacterial	1500	1667406
NZ_AP012332.1_frag_300_L1500	NZ_AP012332.1	negative_control	bacterial	1500	1667406
NZ_CP065631.1_frag_376_L1500	NZ_CP065631.1	negative_control	bacterial	1500	1447017
NZ_AP012332.1_frag_850_L1500	NZ_AP012332.1	negative_control	bacterial	1500	1667406
NZ_CP011280.1_frag_313_L1500	NZ_CP011280.1	negative_control	bacterial	1500	1330224
NZ_CP039266.1_frag_1082_L1500	NZ_CP039266.1	negative_control	bacterial	1500	2023061
NZ_CP065631.1_frag_811_L1500	NZ_CP065631.1	negative_control	bacterial	1500	1447017
NZ_CP039266.1_frag_1212_L1500	NZ_CP039266.1	negative_control	bacterial	1500	2023061
NZ_CP065631.1_frag_565_L1500	NZ_CP065631.1	negative_control	bacterial	1500	1447017
NZ_CP049230.1_frag_775_L1500	NZ_CP049230.1	negative_control	bacterial	1500	1318700
NZ_AP012332.1_frag_673_L1500	NZ_AP012332.1	negative_control	bacterial	1500	1667406
NZ_AP012332.1_frag_1074_L1500	NZ_AP012332.1	negative_control	bacterial	1500	1667406
NZ_AP012332.1_frag_54_L1500	NZ_AP012332.1	negative_control	bacterial	1500	1667406
NZ_CP011280.1_frag_818_L1500	NZ_CP011280.1	negative_control	bacterial	1500	1330224
NZ_AFIJ01000018.1_frag_26_L1500	NZ_AFIJ01000018.1	negative_control	bacterial	1500	43361
NZ_AP012332.1_frag_1046_L1500	NZ_AP012332.1	negative_control	bacterial	1500	1667406
NZ_CP049230.1_frag_675_L1500	NZ_CP049230.1	negative_control	bacterial	1500	1318700
NZ_CP065631.1_frag_152_L1500	NZ_CP065631.1	negative_control	bacterial	1500	1447017
NZ_AFIJ01000017.1_frag_2_L1500	NZ_AFIJ01000017.1	negative_control	bacterial	1500	21892
NZ_CP039266.1_frag_557_L1500	NZ_CP039266.1	negative_control	bacterial	1500	2023061
NZ_AP012332.1_frag_995_L1500	NZ_AP012332.1	negative_control	bacterial	1500	1667406
NZ_CP065631.1_frag_78_L1500	NZ_CP065631.1	negative_control	bacterial	1500	1447017
NZ_CP049230.1_frag_645_L1500	NZ_CP049230.1	negative_control	bacterial	1500	1318700
NZ_CP039266.1_frag_1255_L1500	NZ_CP039266.1	negative_control	bacterial	1500	2023061
NZ_AP012332.1_frag_265_L1500	NZ_AP012332.1	negative_control	bacterial	1500	1667406
NZ_CP049230.1_frag_844_L1500	NZ_CP049230.1	negative_control	bacterial	1500	1318700
NZ_AFIJ01000036.1_frag_4_L1500	NZ_AFIJ01000036.1	negative_control	bacterial	1500	38748
NZ_AP012332.1_frag_191_L1500	NZ_AP012332.1	negative_control	bacterial	1500	1667406
NZ_AFIJ01000039.1_frag_47_L1500	NZ_AFIJ01000039.1	negative_control	bacterial	1500	122540
NZ_CP049230.1_frag_526_L1500	NZ_CP049230.1	negative_control	bacterial	1500	1318700
NZ_CP039266.1_frag_284_L1500	NZ_CP039266.1	negative_control	bacterial	1500	2023061
NZ_AP012332.1_frag_782_L1500	NZ_AP012332.1	negative_control	bacterial	1500	1667406
NZ_AFIJ01000038.1_frag_26_L1500	NZ_AFIJ01000038.1	negative_control	bacterial	1500	96055
NZ_CP039266.1_frag_64_L1500	NZ_CP039266.1	negative_control	bacterial	1500	2023061
NZ_CP065631.1_frag_791_L1500	NZ_CP065631.1	negative_control	bacterial	1500	1447017
NZ_CP011280.1_frag_620_L1500	NZ_CP011280.1	negative_control	bacterial	1500	1330224
NZ_CP039266.1_frag_1152_L1500	NZ_CP039266.1	negative_control	bacterial	1500	2023061
NZ_AP012332.1_frag_628_L1500	NZ_AP012332.1	negative_control	bacterial	1500	1667406
NZ_CP065631.1_frag_431_L1500	NZ_CP065631.1	negative_control	bacterial	1500	1447017
NZ_AFIJ01000035.1_frag_17_L1500	NZ_AFIJ01000035.1	negative_control	bacterial	1500	55251
NZ_CP049230.1_frag_374_L1500	NZ_CP049230.1	negative_control	bacterial	1500	1318700
NZ_AFIJ01000020.1_frag_15_L1500	NZ_AFIJ01000020.1	negative_control	bacterial	1500	80676
NZ_CP065631.1_frag_406_L1500	NZ_CP065631.1	negative_control	bacterial	1500	1447017
NZ_CP065631.1_frag_675_L1500	NZ_CP065631.1	negative_control	bacterial	1500	1447017
NZ_AP012332.1_frag_116_L1500	NZ_AP012332.1	negative_control	bacterial	1500	1667406
NZ_CP011280.1_frag_798_L1500	NZ_CP011280.1	negative_control	bacterial	1500	1330224
NZ_CP011280.1_frag_459_L1500	NZ_CP011280.1	negative_control	bacterial	1500	1330224
NZ_AFIJ01000036.1_frag_11_L1500	NZ_AFIJ01000036.1	negative_control	bacterial	1500	38748
NZ_CP049230.1_frag_137_L1500	NZ_CP049230.1	negative_control	bacterial	1500	1318700
NZ_AP012332.1_frag_657_L1500	NZ_AP012332.1	negative_control	bacterial	1500	1667406
NZ_AP012332.1_frag_776_L1500	NZ_AP012332.1	negative_control	bacterial	1500	1667406
NZ_CP065631.1_frag_499_L1500	NZ_CP065631.1	negative_control	bacterial	1500	1447017
NZ_AP012332.1_frag_24_L1500	NZ_AP012332.1	negative_control	bacterial	1500	1667406
NZ_CP049230.1_frag_163_L1500	NZ_CP049230.1	negative_control	bacterial	1500	1318700
NZ_CP065631.1_frag_342_L1500	NZ_CP065631.1	negative_control	bacterial	1500	1447017
NZ_CP039266.1_frag_582_L1500	NZ_CP039266.1	negative_control	bacterial	1500	2023061
NZ_CP049230.1_frag_804_L1500	NZ_CP049230.1	negative_control	bacterial	1500	1318700
NZ_AP012332.1_frag_224_L1500	NZ_AP012332.1	negative_control	bacterial	1500	1667406
NZ_AP012332.1_frag_304_L1500	NZ_AP012332.1	negative_control	bacterial	1500	1667406
NZ_CP011280.1_frag_615_L1500	NZ_CP011280.1	negative_control	bacterial	1500	1330224
NZ_CP065631.1_frag_270_L1500	NZ_CP065631.1	negative_control	bacterial	1500	1447017
NZ_AFIJ01000045.1_frag_69_L1500	NZ_AFIJ01000045.1	negative_control	bacterial	1500	114466
NZ_CP039266.1_frag_1169_L1500	NZ_CP039266.1	negative_control	bacterial	1500	2023061
NZ_AP012332.1_frag_1003_L1500	NZ_AP012332.1	negative_control	bacterial	1500	1667406
NZ_CP011280.1_frag_56_L1500	NZ_CP011280.1	negative_control	bacterial	1500	1330224
NZ_AP012332.1_frag_239_L1500	NZ_AP012332.1	negative_control	bacterial	1500	1667406
NZ_CP011280.1_frag_105_L1500	NZ_CP011280.1	negative_control	bacterial	1500	1330224
NZ_AFIJ01000045.1_frag_71_L1500	NZ_AFIJ01000045.1	negative_control	bacterial	1500	114466
NZ_CP065631.1_frag_531_L1500	NZ_CP065631.1	negative_control	bacterial	1500	1447017
NZ_CP039266.1_frag_264_L1500	NZ_CP039266.1	negative_control	bacterial	1500	2023061
NZ_AP012332.1_frag_903_L1500	NZ_AP012332.1	negative_control	bacterial	1500	1667406
NZ_AP012332.1_frag_805_L1500	NZ_AP012332.1	negative_control	bacterial	1500	1667406
NZ_CP065631.1_frag_921_L1500	NZ_CP065631.1	negative_control	bacterial	1500	1447017
NZ_CP039266.1_frag_236_L1500	NZ_CP039266.1	negative_control	bacterial	1500	2023061
NZ_AFIJ01000011.1_frag_16_L1500	NZ_AFIJ01000011.1	negative_control	bacterial	1500	37253
NZ_AFIJ01000029.1_frag_4_L1500	NZ_AFIJ01000029.1	negative_control	bacterial	1500	104968
NZ_AFIJ01000032.1_frag_43_L1500	NZ_AFIJ01000032.1	negative_control	bacterial	1500	123176
NZ_CP039266.1_frag_833_L1500	NZ_CP039266.1	negative_control	bacterial	1500	2023061
NZ_AFIJ01000020.1_frag_6_L1500	NZ_AFIJ01000020.1	negative_control	bacterial	1500	80676
NZ_CP039266.1_frag_505_L1500	NZ_CP039266.1	negative_control	bacterial	1500	2023061
NZ_AFIJ01000008.1_frag_24_L1500	NZ_AFIJ01000008.1	negative_control	bacterial	1500	149073
NZ_AP012332.1_frag_583_L1500	NZ_AP012332.1	negative_control	bacterial	1500	1667406
NZ_AP012332.1_frag_201_L1500	NZ_AP012332.1	negative_control	bacterial	1500	1667406
NZ_CP049230.1_frag_420_L1500	NZ_CP049230.1	negative_control	bacterial	1500	1318700
NZ_CP065631.1_frag_494_L1500	NZ_CP065631.1	negative_control	bacterial	1500	1447017
NZ_CP039266.1_frag_999_L1500	NZ_CP039266.1	negative_control	bacterial	1500	2023061
NZ_CP011280.1_frag_25_L1500	NZ_CP011280.1	negative_control	bacterial	1500	1330224
NZ_CP039266.1_frag_376_L1500	NZ_CP039266.1	negative_control	bacterial	1500	2023061
NZ_CP011280.1_frag_556_L1500	NZ_CP011280.1	negative_control	bacterial	1500	1330224
NZ_CP039266.1_frag_483_L1500	NZ_CP039266.1	negative_control	bacterial	1500	2023061
NZ_CP039266.1_frag_1050_L1500	NZ_CP039266.1	negative_control	bacterial	1500	2023061
NZ_CP011280.1_frag_594_L1500	NZ_CP011280.1	negative_control	bacterial	1500	1330224
NZ_CP011280.1_frag_811_L1500	NZ_CP011280.1	negative_control	bacterial	1500	1330224
NZ_AP012332.1_frag_359_L1500	NZ_AP012332.1	negative_control	bacterial	1500	1667406
NZ_AFIJ01000004.1_frag_8_L1500	NZ_AFIJ01000004.1	negative_control	bacterial	1500	100595
NZ_AP012332.1_frag_900_L1500	NZ_AP012332.1	negative_control	bacterial	1500	1667406
NZ_AFIJ01000007.1_frag_64_L1500	NZ_AFIJ01000007.1	negative_control	bacterial	1500	148045
NZ_CP049230.1_frag_255_L1500	NZ_CP049230.1	negative_control	bacterial	1500	1318700
NZ_AP012332.1_frag_846_L1500	NZ_AP012332.1	negative_control	bacterial	1500	1667406
NZ_AFIJ01000033.1_frag_33_L1500	NZ_AFIJ01000033.1	negative_control	bacterial	1500	81962
NZ_CP039266.1_frag_851_L1500	NZ_CP039266.1	negative_control	bacterial	1500	2023061
NZ_AP012332.1_frag_706_L1500	NZ_AP012332.1	negative_control	bacterial	1500	1667406
NZ_CP039266.1_frag_45_L1500	NZ_CP039266.1	negative_control	bacterial	1500	2023061
NZ_CP039266.1_frag_1158_L1500	NZ_CP039266.1	negative_control	bacterial	1500	2023061
NZ_AFIJ01000032.1_frag_31_L1500	NZ_AFIJ01000032.1	negative_control	bacterial	1500	123176
NZ_CP039266.1_frag_760_L1500	NZ_CP039266.1	negative_control	bacterial	1500	2023061
NZ_CP065631.1_frag_106_L1500	NZ_CP065631.1	negative_control	bacterial	1500	1447017
NZ_CP039266.1_frag_472_L1500	NZ_CP039266.1	negative_control	bacterial	1500	2023061
NZ_CP049230.1_frag_728_L1500	NZ_CP049230.1	negative_control	bacterial	1500	1318700
NZ_CP049230.1_frag_471_L1500	NZ_CP049230.1	negative_control	bacterial	1500	1318700
NZ_AFIJ01000038.1_frag_57_L1500	NZ_AFIJ01000038.1	negative_control	bacterial	1500	96055
NZ_AP012332.1_frag_653_L1500	NZ_AP012332.1	negative_control	bacterial	1500	1667406
NZ_AFIJ01000045.1_frag_39_L1500	NZ_AFIJ01000045.1	negative_control	bacterial	1500	114466
NZ_AP012332.1_frag_923_L1500	NZ_AP012332.1	negative_control	bacterial	1500	1667406
NZ_CP049230.1_frag_15_L1500	NZ_CP049230.1	negative_control	bacterial	1500	1318700
NZ_AFIJ01000033.1_frag_41_L1500	NZ_AFIJ01000033.1	negative_control	bacterial	1500	81962
NZ_AP012332.1_frag_92_L1500	NZ_AP012332.1	negative_control	bacterial	1500	1667406
NZ_CP011280.1_frag_708_L1500	NZ_CP011280.1	negative_control	bacterial	1500	1330224
NZ_AP012332.1_frag_686_L1500	NZ_AP012332.1	negative_control	bacterial	1500	1667406
NZ_CP039266.1_frag_146_L1500	NZ_CP039266.1	negative_control	bacterial	1500	2023061
NZ_CP049230.1_frag_115_L1500	NZ_CP049230.1	negative_control	bacterial	1500	1318700
NZ_CP065631.1_frag_514_L1500	NZ_CP065631.1	negative_control	bacterial	1500	1447017
NZ_CP039266.1_frag_791_L1500	NZ_CP039266.1	negative_control	bacterial	1500	2023061
NZ_CP049230.1_frag_748_L1500	NZ_CP049230.1	negative_control	bacterial	1500	1318700
NZ_CP065631.1_frag_32_L1500	NZ_CP065631.1	negative_control	bacterial	1500	1447017
NZ_CP065631.1_frag_597_L1500	NZ_CP065631.1	negative_control	bacterial	1500	1447017
NZ_AFIJ01000007.1_frag_4_L1500	NZ_AFIJ01000007.1	negative_control	bacterial	1500	148045
NZ_AP012332.1_frag_880_L1500	NZ_AP012332.1	negative_control	bacterial	1500	1667406
NZ_AP012332.1_frag_366_L1500	NZ_AP012332.1	negative_control	bacterial	1500	1667406
NZ_CP011280.1_frag_878_L1500	NZ_CP011280.1	negative_control	bacterial	1500	1330224
NZ_CP065631.1_frag_126_L1500	NZ_CP065631.1	negative_control	bacterial	1500	1447017
NZ_AFIJ01000038.1_frag_18_L1500	NZ_AFIJ01000038.1	negative_control	bacterial	1500	96055
NZ_CP049230.1_frag_93_L1500	NZ_CP049230.1	negative_control	bacterial	1500	1318700
NZ_AP012332.1_frag_848_L1500	NZ_AP012332.1	negative_control	bacterial	1500	1667406
NZ_CP065631.1_frag_685_L1500	NZ_CP065631.1	negative_control	bacterial	1500	1447017
NZ_CP039266.1_frag_956_L1500	NZ_CP039266.1	negative_control	bacterial	1500	2023061
NZ_CP049230.1_frag_711_L1500	NZ_CP049230.1	negative_control	bacterial	1500	1318700
NZ_AP012332.1_frag_740_L1500	NZ_AP012332.1	negative_control	bacterial	1500	1667406
NZ_CP065631.1_frag_560_L1500	NZ_CP065631.1	negative_control	bacterial	1500	1447017
NZ_CP039266.1_frag_318_L1500	NZ_CP039266.1	negative_control	bacterial	1500	2023061
NZ_CP011280.1_frag_219_L1500	NZ_CP011280.1	negative_control	bacterial	1500	1330224
NZ_CP049230.1_frag_574_L1500	NZ_CP049230.1	negative_control	bacterial	1500	1318700
NZ_CP049230.1_frag_368_L1500	NZ_CP049230.1	negative_control	bacterial	1500	1318700
NZ_CP065631.1_frag_795_L1500	NZ_CP065631.1	negative_control	bacterial	1500	1447017
NZ_CP049230.1_frag_275_L1500	NZ_CP049230.1	negative_control	bacterial	1500	1318700
NZ_CP049230.1_frag_331_L1500	NZ_CP049230.1	negative_control	bacterial	1500	1318700
NZ_AP012332.1_frag_964_L1500	NZ_AP012332.1	negative_control	bacterial	1500	1667406
NZ_CP049230.1_frag_612_L1500	NZ_CP049230.1	negative_control	bacterial	1500	1318700
NZ_AFIJ01000033.1_frag_18_L1500	NZ_AFIJ01000033.1	negative_control	bacterial	1500	81962
NZ_CP011280.1_frag_156_L1500	NZ_CP011280.1	negative_control	bacterial	1500	1330224
NZ_CP039266.1_frag_820_L1500	NZ_CP039266.1	negative_control	bacterial	1500	2023061
NZ_CP049230.1_frag_614_L1500	NZ_CP049230.1	negative_control	bacterial	1500	1318700
NZ_AFIJ01000005.1_frag_2_L1500	NZ_AFIJ01000005.1	negative_control	bacterial	1500	10272
NZ_CP049230.1_frag_402_L1500	NZ_CP049230.1	negative_control	bacterial	1500	1318700
NZ_CP011280.1_frag_524_L1500	NZ_CP011280.1	negative_control	bacterial	1500	1330224
NZ_CP065631.1_frag_834_L1500	NZ_CP065631.1	negative_control	bacterial	1500	1447017
NZ_AP012332.1_frag_259_L1500	NZ_AP012332.1	negative_control	bacterial	1500	1667406
NZ_CP011280.1_frag_289_L1500	NZ_CP011280.1	negative_control	bacterial	1500	1330224
NZ_CP049230.1_frag_359_L1500	NZ_CP049230.1	negative_control	bacterial	1500	1318700
NZ_CP039266.1_frag_28_L1500	NZ_CP039266.1	negative_control	bacterial	1500	2023061
NZ_CP039266.1_frag_381_L1500	NZ_CP039266.1	negative_control	bacterial	1500	2023061
NZ_CP039266.1_frag_828_L1500	NZ_CP039266.1	negative_control	bacterial	1500	2023061
NZ_CP049230.1_frag_297_L1500	NZ_CP049230.1	negative_control	bacterial	1500	1318700
NZ_AP012332.1_frag_868_L1500	NZ_AP012332.1	negative_control	bacterial	1500	1667406
NZ_CP049230.1_frag_647_L1500	NZ_CP049230.1	negative_control	bacterial	1500	1318700
NZ_AFIJ01000033.1_frag_24_L1500	NZ_AFIJ01000033.1	negative_control	bacterial	1500	81962
NZ_CP049230.1_frag_825_L1500	NZ_CP049230.1	negative_control	bacterial	1500	1318700
NZ_AP012332.1_frag_1098_L1500	NZ_AP012332.1	negative_control	bacterial	1500	1667406
NZ_CP011280.1_frag_347_L1500	NZ_CP011280.1	negative_control	bacterial	1500	1330224
NZ_AFIJ01000038.1_frag_47_L1500	NZ_AFIJ01000038.1	negative_control	bacterial	1500	96055
NZ_AFIJ01000032.1_frag_49_L1500	NZ_AFIJ01000032.1	negative_control	bacterial	1500	123176
NZ_CP011280.1_frag_721_L1500	NZ_CP011280.1	negative_control	bacterial	1500	1330224
NZ_AFIJ01000007.1_frag_89_L1500	NZ_AFIJ01000007.1	negative_control	bacterial	1500	148045
NZ_AFIJ01000033.1_frag_14_L1500	NZ_AFIJ01000033.1	negative_control	bacterial	1500	81962
NZ_CP011280.1_frag_326_L1500	NZ_CP011280.1	negative_control	bacterial	1500	1330224
NZ_CP065631.1_frag_558_L1500	NZ_CP065631.1	negative_control	bacterial	1500	1447017
NZ_CP039266.1_frag_645_L1500	NZ_CP039266.1	negative_control	bacterial	1500	2023061
NZ_AP012332.1_frag_559_L1500	NZ_AP012332.1	negative_control	bacterial	1500	1667406
NZ_AP012332.1_frag_484_L1500	NZ_AP012332.1	negative_control	bacterial	1500	1667406
NZ_CP039266.1_frag_441_L1500	NZ_CP039266.1	negative_control	bacterial	1500	2023061
NZ_CP039266.1_frag_102_L1500	NZ_CP039266.1	negative_control	bacterial	1500	2023061
NZ_CP011280.1_frag_267_L1500	NZ_CP011280.1	negative_control	bacterial	1500	1330224
NZ_CP049230.1_frag_460_L1500	NZ_CP049230.1	negative_control	bacterial	1500	1318700
NZ_CP065631.1_frag_151_L1500	NZ_CP065631.1	negative_control	bacterial	1500	1447017
NZ_CP011280.1_frag_50_L1500	NZ_CP011280.1	negative_control	bacterial	1500	1330224
NZ_CP039266.1_frag_143_L1500	NZ_CP039266.1	negative_control	bacterial	1500	2023061
NZ_CP011280.1_frag_776_L1500	NZ_CP011280.1	negative_control	bacterial	1500	1330224
NZ_CP039266.1_frag_380_L1500	NZ_CP039266.1	negative_control	bacterial	1500	2023061
NZ_CP049230.1_frag_240_L1500	NZ_CP049230.1	negative_control	bacterial	1500	1318700
NZ_CP011280.1_frag_388_L1500	NZ_CP011280.1	negative_control	bacterial	1500	1330224
NZ_CP065631.1_frag_73_L1500	NZ_CP065631.1	negative_control	bacterial	1500	1447017
NZ_CP011280.1_frag_468_L1500	NZ_CP011280.1	negative_control	bacterial	1500	1330224
NZ_CP011280.1_frag_699_L1500	NZ_CP011280.1	negative_control	bacterial	1500	1330224
NZ_AFIJ01000009.1_frag_17_L1500	NZ_AFIJ01000009.1	negative_control	bacterial	1500	28506
NZ_CP049230.1_frag_726_L1500	NZ_CP049230.1	negative_control	bacterial	1500	1318700
NZ_AP012332.1_frag_444_L1500	NZ_AP012332.1	negative_control	bacterial	1500	1667406
NZ_CP065631.1_frag_711_L1500	NZ_CP065631.1	negative_control	bacterial	1500	1447017
NZ_CP011280.1_frag_487_L1500	NZ_CP011280.1	negative_control	bacterial	1500	1330224
NZ_AFIJ01000033.1_frag_54_L1500	NZ_AFIJ01000033.1	negative_control	bacterial	1500	81962
NZ_CP039266.1_frag_997_L1500	NZ_CP039266.1	negative_control	bacterial	1500	2023061
NZ_CP039266.1_frag_1215_L1500	NZ_CP039266.1	negative_control	bacterial	1500	2023061
NZ_CP065631.1_frag_935_L1500	NZ_CP065631.1	negative_control	bacterial	1500	1447017
NZ_CP039266.1_frag_985_L1500	NZ_CP039266.1	negative_control	bacterial	1500	2023061
NZ_AP012332.1_frag_965_L1500	NZ_AP012332.1	negative_control	bacterial	1500	1667406
NZ_AFIJ01000033.1_frag_4_L1500	NZ_AFIJ01000033.1	negative_control	bacterial	1500	81962
NZ_CP049230.1_frag_193_L1500	NZ_CP049230.1	negative_control	bacterial	1500	1318700
NZ_CP049230.1_frag_554_L1500	NZ_CP049230.1	negative_control	bacterial	1500	1318700
NZ_AFIJ01000020.1_frag_28_L1500	NZ_AFIJ01000020.1	negative_control	bacterial	1500	80676
NZ_CP065631.1_frag_17_L1500	NZ_CP065631.1	negative_control	bacterial	1500	1447017
NZ_AP012332.1_frag_960_L1500	NZ_AP012332.1	negative_control	bacterial	1500	1667406
NZ_CP049230.1_frag_151_L1500	NZ_CP049230.1	negative_control	bacterial	1500	1318700
NZ_AP012332.1_frag_641_L1500	NZ_AP012332.1	negative_control	bacterial	1500	1667406
NZ_CP039266.1_frag_185_L1500	NZ_CP039266.1	negative_control	bacterial	1500	2023061
NZ_CP065631.1_frag_678_L1500	NZ_CP065631.1	negative_control	bacterial	1500	1447017
NZ_CP011280.1_frag_526_L1500	NZ_CP011280.1	negative_control	bacterial	1500	1330224
NZ_CP049230.1_frag_757_L1500	NZ_CP049230.1	negative_control	bacterial	1500	1318700
NZ_CP065631.1_frag_505_L1500	NZ_CP065631.1	negative_control	bacterial	1500	1447017
NZ_CP049230.1_frag_417_L1500	NZ_CP049230.1	negative_control	bacterial	1500	1318700
NZ_AFIJ01000032.1_frag_23_L1500	NZ_AFIJ01000032.1	negative_control	bacterial	1500	123176
NZ_CP039266.1_frag_899_L1500	NZ_CP039266.1	negative_control	bacterial	1500	2023061
NZ_CP065631.1_frag_318_L1500	NZ_CP065631.1	negative_control	bacterial	1500	1447017
NZ_CP011280.1_frag_752_L1500	NZ_CP011280.1	negative_control	bacterial	1500	1330224
NZ_CP011280.1_frag_405_L1500	NZ_CP011280.1	negative_control	bacterial	1500	1330224
NZ_CP039266.1_frag_52_L1500	NZ_CP039266.1	negative_control	bacterial	1500	2023061
NZ_CP065631.1_frag_422_L1500	NZ_CP065631.1	negative_control	bacterial	1500	1447017
NZ_AFIJ01000032.1_frag_67_L1500	NZ_AFIJ01000032.1	negative_control	bacterial	1500	123176
NZ_CP065631.1_frag_851_L1500	NZ_CP065631.1	negative_control	bacterial	1500	1447017
NZ_CP065631.1_frag_723_L1500	NZ_CP065631.1	negative_control	bacterial	1500	1447017
NZ_CP065631.1_frag_946_L1500	NZ_CP065631.1	negative_control	bacterial	1500	1447017
NZ_CP049230.1_frag_309_L1500	NZ_CP049230.1	negative_control	bacterial	1500	1318700
NZ_CP011280.1_frag_769_L1500	NZ_CP011280.1	negative_control	bacterial	1500	1330224
NZ_CP065631.1_frag_666_L1500	NZ_CP065631.1	negative_control	bacterial	1500	1447017
NZ_AP012332.1_frag_317_L1500	NZ_AP012332.1	negative_control	bacterial	1500	1667406
NZ_AP012332.1_frag_143_L1500	NZ_AP012332.1	negative_control	bacterial	1500	1667406
NZ_CP039266.1_frag_1150_L1500	NZ_CP039266.1	negative_control	bacterial	1500	2023061
NZ_AFIJ01000032.1_frag_72_L1500	NZ_AFIJ01000032.1	negative_control	bacterial	1500	123176
NZ_AFIJ01000039.1_frag_16_L1500	NZ_AFIJ01000039.1	negative_control	bacterial	1500	122540
NZ_AFIJ01000032.1_frag_16_L1500	NZ_AFIJ01000032.1	negative_control	bacterial	1500	123176
NZ_CP011280.1_frag_380_L1500	NZ_CP011280.1	negative_control	bacterial	1500	1330224
NZ_AP012332.1_frag_315_L1500	NZ_AP012332.1	negative_control	bacterial	1500	1667406
NZ_AFIJ01000032.1_frag_30_L1500	NZ_AFIJ01000032.1	negative_control	bacterial	1500	123176
NZ_CP049230.1_frag_721_L1500	NZ_CP049230.1	negative_control	bacterial	1500	1318700
NZ_CP039266.1_frag_548_L1500	NZ_CP039266.1	negative_control	bacterial	1500	2023061
NZ_CP039266.1_frag_147_L1500	NZ_CP039266.1	negative_control	bacterial	1500	2023061
NZ_CP011280.1_frag_259_L1500	NZ_CP011280.1	negative_control	bacterial	1500	1330224
NZ_CP065631.1_frag_81_L1500	NZ_CP065631.1	negative_control	bacterial	1500	1447017
NZ_CP049230.1_frag_342_L1500	NZ_CP049230.1	negative_control	bacterial	1500	1318700
NZ_CP011280.1_frag_126_L1500	NZ_CP011280.1	negative_control	bacterial	1500	1330224
NZ_CP065631.1_frag_278_L1500	NZ_CP065631.1	negative_control	bacterial	1500	1447017
NZ_CP049230.1_frag_237_L1500	NZ_CP049230.1	negative_control	bacterial	1500	1318700
NZ_CP039266.1_frag_125_L1500	NZ_CP039266.1	negative_control	bacterial	1500	2023061
NZ_CP039266.1_frag_1291_L1500	NZ_CP039266.1	negative_control	bacterial	1500	2023061
NZ_AP012332.1_frag_1013_L1500	NZ_AP012332.1	negative_control	bacterial	1500	1667406
NZ_CP039266.1_frag_1084_L1500	NZ_CP039266.1	negative_control	bacterial	1500	2023061
NZ_CP039266.1_frag_488_L1500	NZ_CP039266.1	negative_control	bacterial	1500	2023061
NZ_AP012332.1_frag_387_L1500	NZ_AP012332.1	negative_control	bacterial	1500	1667406
NZ_AP012332.1_frag_179_L1500	NZ_AP012332.1	negative_control	bacterial	1500	1667406
NZ_CP049230.1_frag_149_L1500	NZ_CP049230.1	negative_control	bacterial	1500	1318700
NZ_AP012332.1_frag_852_L1500	NZ_AP012332.1	negative_control	bacterial	1500	1667406
NZ_CP039266.1_frag_435_L1500	NZ_CP039266.1	negative_control	bacterial	1500	2023061
NZ_CP039266.1_frag_135_L1500	NZ_CP039266.1	negative_control	bacterial	1500	2023061
NZ_CP065631.1_frag_455_L1500	NZ_CP065631.1	negative_control	bacterial	1500	1447017
NZ_CP011280.1_frag_32_L1500	NZ_CP011280.1	negative_control	bacterial	1500	1330224
NZ_CP011280.1_frag_164_L1500	NZ_CP011280.1	negative_control	bacterial	1500	1330224
NZ_CP049230.1_frag_828_L1500	NZ_CP049230.1	negative_control	bacterial	1500	1318700
NZ_AP012332.1_frag_64_L1500	NZ_AP012332.1	negative_control	bacterial	1500	1667406
NZ_CP049230.1_frag_616_L1500	NZ_CP049230.1	negative_control	bacterial	1500	1318700
NZ_AFIJ01000036.1_frag_23_L1500	NZ_AFIJ01000036.1	negative_control	bacterial	1500	38748
NZ_AFIJ01000018.1_frag_21_L1500	NZ_AFIJ01000018.1	negative_control	bacterial	1500	43361
NZ_CP011280.1_frag_711_L1500	NZ_CP011280.1	negative_control	bacterial	1500	1330224
NZ_CP011280.1_frag_61_L1500	NZ_CP011280.1	negative_control	bacterial	1500	1330224
NZ_CP011280.1_frag_655_L1500	NZ_CP011280.1	negative_control	bacterial	1500	1330224
NZ_CP011280.1_frag_158_L1500	NZ_CP011280.1	negative_control	bacterial	1500	1330224
NZ_CP039266.1_frag_1105_L1500	NZ_CP039266.1	negative_control	bacterial	1500	2023061
NZ_CP039266.1_frag_244_L1500	NZ_CP039266.1	negative_control	bacterial	1500	2023061
NZ_CP011280.1_frag_410_L1500	NZ_CP011280.1	negative_control	bacterial	1500	1330224
NZ_CP065631.1_frag_754_L1500	NZ_CP065631.1	negative_control	bacterial	1500	1447017
NZ_AFIJ01000004.1_frag_22_L1500	NZ_AFIJ01000004.1	negative_control	bacterial	1500	100595
NZ_CP039266.1_frag_995_L1500	NZ_CP039266.1	negative_control	bacterial	1500	2023061
NZ_CP039266.1_frag_1147_L1500	NZ_CP039266.1	negative_control	bacterial	1500	2023061
NZ_CP039266.1_frag_524_L1500	NZ_CP039266.1	negative_control	bacterial	1500	2023061
NZ_CP039266.1_frag_577_L1500	NZ_CP039266.1	negative_control	bacterial	1500	2023061
NZ_CP049230.1_frag_398_L1500	NZ_CP049230.1	negative_control	bacterial	1500	1318700
NZ_AFIJ01000008.1_frag_38_L1500	NZ_AFIJ01000008.1	negative_control	bacterial	1500	149073
NZ_CP049230.1_frag_822_L1500	NZ_CP049230.1	negative_control	bacterial	1500	1318700
NZ_CP039266.1_frag_317_L1500	NZ_CP039266.1	negative_control	bacterial	1500	2023061
NZ_CP039266.1_frag_644_L1500	NZ_CP039266.1	negative_control	bacterial	1500	2023061
NZ_CP011280.1_frag_178_L1500	NZ_CP011280.1	negative_control	bacterial	1500	1330224
NZ_CP039266.1_frag_336_L1500	NZ_CP039266.1	negative_control	bacterial	1500	2023061
NZ_CP049230.1_frag_856_L1500	NZ_CP049230.1	negative_control	bacterial	1500	1318700
NZ_CP011280.1_frag_291_L1500	NZ_CP011280.1	negative_control	bacterial	1500	1330224
NZ_CP039266.1_frag_1334_L1500	NZ_CP039266.1	negative_control	bacterial	1500	2023061
NZ_CP039266.1_frag_184_L1500	NZ_CP039266.1	negative_control	bacterial	1500	2023061
NZ_CP011280.1_frag_280_L1500	NZ_CP011280.1	negative_control	bacterial	1500	1330224
NZ_CP011280.1_frag_734_L1500	NZ_CP011280.1	negative_control	bacterial	1500	1330224
NZ_CP011280.1_frag_302_L1500	NZ_CP011280.1	negative_control	bacterial	1500	1330224
NZ_CP039266.1_frag_320_L1500	NZ_CP039266.1	negative_control	bacterial	1500	2023061
NZ_AP012332.1_frag_711_L1500	NZ_AP012332.1	negative_control	bacterial	1500	1667406
NZ_AP012332.1_frag_479_L1500	NZ_AP012332.1	negative_control	bacterial	1500	1667406
NZ_AFIJ01000023.1_frag_3_L1500	NZ_AFIJ01000023.1	negative_control	bacterial	1500	71554
NZ_CP039266.1_frag_1154_L1500	NZ_CP039266.1	negative_control	bacterial	1500	2023061
NZ_CP039266.1_frag_544_L1500	NZ_CP039266.1	negative_control	bacterial	1500	2023061
NZ_CP049230.1_frag_435_L1500	NZ_CP049230.1	negative_control	bacterial	1500	1318700
NZ_AP012332.1_frag_892_L1500	NZ_AP012332.1	negative_control	bacterial	1500	1667406
NZ_CP049230.1_frag_688_L1500	NZ_CP049230.1	negative_control	bacterial	1500	1318700
NZ_CP065631.1_frag_261_L1500	NZ_CP065631.1	negative_control	bacterial	1500	1447017
NZ_CP049230.1_frag_878_L1500	NZ_CP049230.1	negative_control	bacterial	1500	1318700
NZ_AFIJ01000011.1_frag_9_L1500	NZ_AFIJ01000011.1	negative_control	bacterial	1500	37253
NZ_CP049230.1_frag_784_L1500	NZ_CP049230.1	negative_control	bacterial	1500	1318700
NZ_CP065631.1_frag_927_L1500	NZ_CP065631.1	negative_control	bacterial	1500	1447017
NZ_CP011280.1_frag_124_L1500	NZ_CP011280.1	negative_control	bacterial	1500	1330224
NZ_AP012332.1_frag_1055_L1500	NZ_AP012332.1	negative_control	bacterial	1500	1667406
NZ_CP039266.1_frag_1236_L1500	NZ_CP039266.1	negative_control	bacterial	1500	2023061
NZ_AP012332.1_frag_637_L1500	NZ_AP012332.1	negative_control	bacterial	1500	1667406
NZ_CP065631.1_frag_140_L1500	NZ_CP065631.1	negative_control	bacterial	1500	1447017
NZ_AP012332.1_frag_403_L1500	NZ_AP012332.1	negative_control	bacterial	1500	1667406
NZ_AFIJ01000004.1_frag_4_L1500	NZ_AFIJ01000004.1	negative_control	bacterial	1500	100595
NZ_CP011280.1_frag_265_L1500	NZ_CP011280.1	negative_control	bacterial	1500	1330224
NZ_CP011280.1_frag_471_L1500	NZ_CP011280.1	negative_control	bacterial	1500	1330224
NZ_CP039266.1_frag_258_L1500	NZ_CP039266.1	negative_control	bacterial	1500	2023061
NZ_CP039266.1_frag_1269_L1500	NZ_CP039266.1	negative_control	bacterial	1500	2023061
NZ_CP011280.1_frag_426_L1500	NZ_CP011280.1	negative_control	bacterial	1500	1330224
NZ_CP049230.1_frag_202_L1500	NZ_CP049230.1	negative_control	bacterial	1500	1318700
NZ_CP065631.1_frag_608_L1500	NZ_CP065631.1	negative_control	bacterial	1500	1447017
NZ_AFIJ01000008.1_frag_56_L1500	NZ_AFIJ01000008.1	negative_control	bacterial	1500	149073
NZ_AP012332.1_frag_470_L1500	NZ_AP012332.1	negative_control	bacterial	1500	1667406
NZ_CP065631.1_frag_750_L1500	NZ_CP065631.1	negative_control	bacterial	1500	1447017
NZ_AFIJ01000011.1_frag_18_L1500	NZ_AFIJ01000011.1	negative_control	bacterial	1500	37253
NZ_CP049230.1_frag_328_L1500	NZ_CP049230.1	negative_control	bacterial	1500	1318700
NZ_CP065631.1_frag_960_L1500	NZ_CP065631.1	negative_control	bacterial	1500	1447017
NZ_AFIJ01000039.1_frag_19_L1500	NZ_AFIJ01000039.1	negative_control	bacterial	1500	122540
NZ_AP012332.1_frag_1023_L1500	NZ_AP012332.1	negative_control	bacterial	1500	1667406
NZ_CP011280.1_frag_821_L1500	NZ_CP011280.1	negative_control	bacterial	1500	1330224
NZ_CP049230.1_frag_276_L1500	NZ_CP049230.1	negative_control	bacterial	1500	1318700
NZ_AFIJ01000008.1_frag_96_L1500	NZ_AFIJ01000008.1	negative_control	bacterial	1500	149073
NZ_CP011280.1_frag_726_L1500	NZ_CP011280.1	negative_control	bacterial	1500	1330224
NZ_CP065631.1_frag_650_L1500	NZ_CP065631.1	negative_control	bacterial	1500	1447017
NZ_CP065631.1_frag_809_L1500	NZ_CP065631.1	negative_control	bacterial	1500	1447017
NZ_AFIJ01000035.1_frag_22_L1500	NZ_AFIJ01000035.1	negative_control	bacterial	1500	55251
NZ_CP011280.1_frag_606_L1500	NZ_CP011280.1	negative_control	bacterial	1500	1330224
NZ_AP012332.1_frag_801_L1500	NZ_AP012332.1	negative_control	bacterial	1500	1667406
NZ_CP065631.1_frag_815_L1500	NZ_CP065631.1	negative_control	bacterial	1500	1447017
NZ_CP049230.1_frag_337_L1500	NZ_CP049230.1	negative_control	bacterial	1500	1318700
NZ_CP049230.1_frag_670_L1500	NZ_CP049230.1	negative_control	bacterial	1500	1318700
NZ_CP039266.1_frag_1031_L1500	NZ_CP039266.1	negative_control	bacterial	1500	2023061
NZ_CP065631.1_frag_174_L1500	NZ_CP065631.1	negative_control	bacterial	1500	1447017
NZ_CP039266.1_frag_1277_L1500	NZ_CP039266.1	negative_control	bacterial	1500	2023061
NZ_AP012332.1_frag_742_L1500	NZ_AP012332.1	negative_control	bacterial	1500	1667406
NZ_CP039266.1_frag_180_L1500	NZ_CP039266.1	negative_control	bacterial	1500	2023061
NZ_AP012332.1_frag_974_L1500	NZ_AP012332.1	negative_control	bacterial	1500	1667406
NZ_CP065631.1_frag_230_L1500	NZ_CP065631.1	negative_control	bacterial	1500	1447017
NZ_CP039266.1_frag_285_L1500	NZ_CP039266.1	negative_control	bacterial	1500	2023061
NZ_CP039266.1_frag_1341_L1500	NZ_CP039266.1	negative_control	bacterial	1500	2023061
NZ_CP049230.1_frag_60_L1500	NZ_CP049230.1	negative_control	bacterial	1500	1318700
NZ_CP039266.1_frag_150_L1500	NZ_CP039266.1	negative_control	bacterial	1500	2023061
NZ_CP039266.1_frag_753_L1500	NZ_CP039266.1	negative_control	bacterial	1500	2023061
NZ_AP012332.1_frag_429_L1500	NZ_AP012332.1	negative_control	bacterial	1500	1667406
NZ_CP039266.1_frag_793_L1500	NZ_CP039266.1	negative_control	bacterial	1500	2023061
NZ_CP049230.1_frag_724_L1500	NZ_CP049230.1	negative_control	bacterial	1500	1318700
NZ_CP039266.1_frag_1330_L1500	NZ_CP039266.1	negative_control	bacterial	1500	2023061
NZ_AP012332.1_frag_878_L1500	NZ_AP012332.1	negative_control	bacterial	1500	1667406
NZ_CP011280.1_frag_644_L1500	NZ_CP011280.1	negative_control	bacterial	1500	1330224
NZ_AP012332.1_frag_271_L1500	NZ_AP012332.1	negative_control	bacterial	1500	1667406
NZ_AFIJ01000039.1_frag_59_L1500	NZ_AFIJ01000039.1	negative_control	bacterial	1500	122540
NZ_CP039266.1_frag_769_L1500	NZ_CP039266.1	negative_control	bacterial	1500	2023061
NZ_AP012332.1_frag_918_L1500	NZ_AP012332.1	negative_control	bacterial	1500	1667406
NZ_AP012332.1_frag_244_L1500	NZ_AP012332.1	negative_control	bacterial	1500	1667406
NZ_CP039266.1_frag_111_L1500	NZ_CP039266.1	negative_control	bacterial	1500	2023061
NZ_CP039266.1_frag_911_L1500	NZ_CP039266.1	negative_control	bacterial	1500	2023061
NZ_AFIJ01000033.1_frag_51_L1500	NZ_AFIJ01000033.1	negative_control	bacterial	1500	81962
NZ_CP039266.1_frag_922_L1500	NZ_CP039266.1	negative_control	bacterial	1500	2023061
NZ_CP049230.1_frag_6_L1500	NZ_CP049230.1	negative_control	bacterial	1500	1318700
NZ_AP012332.1_frag_738_L1500	NZ_AP012332.1	negative_control	bacterial	1500	1667406
NZ_AP012332.1_frag_767_L1500	NZ_AP012332.1	negative_control	bacterial	1500	1667406
NZ_CP011280.1_frag_385_L1500	NZ_CP011280.1	negative_control	bacterial	1500	1330224
NZ_AFIJ01000018.1_frag_18_L1500	NZ_AFIJ01000018.1	negative_control	bacterial	1500	43361
NZ_AP012332.1_frag_695_L1500	NZ_AP012332.1	negative_control	bacterial	1500	1667406
NZ_AP012332.1_frag_554_L1500	NZ_AP012332.1	negative_control	bacterial	1500	1667406
NZ_CP065631.1_frag_180_L1500	NZ_CP065631.1	negative_control	bacterial	1500	1447017
NZ_AP012332.1_frag_351_L1500	NZ_AP012332.1	negative_control	bacterial	1500	1667406
NZ_AP012332.1_frag_687_L1500	NZ_AP012332.1	negative_control	bacterial	1500	1667406
NZ_CP049230.1_frag_561_L1500	NZ_CP049230.1	negative_control	bacterial	1500	1318700
NZ_AP012332.1_frag_694_L1500	NZ_AP012332.1	negative_control	bacterial	1500	1667406
NZ_CP011280.1_frag_567_L1500	NZ_CP011280.1	negative_control	bacterial	1500	1330224
NZ_CP039266.1_frag_235_L1500	NZ_CP039266.1	negative_control	bacterial	1500	2023061
NZ_CP039266.1_frag_193_L1500	NZ_CP039266.1	negative_control	bacterial	1500	2023061
NZ_AFIJ01000032.1_frag_82_L1500	NZ_AFIJ01000032.1	negative_control	bacterial	1500	123176
NZ_CP049230.1_frag_47_L1500	NZ_CP049230.1	negative_control	bacterial	1500	1318700
NZ_CP049230.1_frag_280_L1500	NZ_CP049230.1	negative_control	bacterial	1500	1318700
NZ_AFIJ01000003.1_frag_4_L1500	NZ_AFIJ01000003.1	negative_control	bacterial	1500	19318
NZ_AFIJ01000007.1_frag_48_L1500	NZ_AFIJ01000007.1	negative_control	bacterial	1500	148045
NZ_CP049230.1_frag_627_L1500	NZ_CP049230.1	negative_control	bacterial	1500	1318700
NZ_CP049230.1_frag_633_L1500	NZ_CP049230.1	negative_control	bacterial	1500	1318700
NZ_CP065631.1_frag_374_L1500	NZ_CP065631.1	negative_control	bacterial	1500	1447017
NZ_CP065631.1_frag_129_L1500	NZ_CP065631.1	negative_control	bacterial	1500	1447017
NZ_CP039266.1_frag_1130_L1500	NZ_CP039266.1	negative_control	bacterial	1500	2023061
NZ_CP065631.1_frag_92_L1500	NZ_CP065631.1	negative_control	bacterial	1500	1447017
NZ_CP049230.1_frag_418_L1500	NZ_CP049230.1	negative_control	bacterial	1500	1318700
NZ_CP065631.1_frag_301_L1500	NZ_CP065631.1	negative_control	bacterial	1500	1447017
NZ_CP011280.1_frag_756_L1500	NZ_CP011280.1	negative_control	bacterial	1500	1330224
NZ_CP011280.1_frag_463_L1500	NZ_CP011280.1	negative_control	bacterial	1500	1330224
NZ_CP011280.1_frag_533_L1500	NZ_CP011280.1	negative_control	bacterial	1500	1330224
NZ_CP039266.1_frag_1289_L1500	NZ_CP039266.1	negative_control	bacterial	1500	2023061
NZ_CP049230.1_frag_344_L1500	NZ_CP049230.1	negative_control	bacterial	1500	1318700
NZ_CP065631.1_frag_102_L1500	NZ_CP065631.1	negative_control	bacterial	1500	1447017
NZ_AP012332.1_frag_873_L1500	NZ_AP012332.1	negative_control	bacterial	1500	1667406
NZ_AP012332.1_frag_94_L1500	NZ_AP012332.1	negative_control	bacterial	1500	1667406
NZ_CP049230.1_frag_226_L1500	NZ_CP049230.1	negative_control	bacterial	1500	1318700
NZ_CP011280.1_frag_343_L1500	NZ_CP011280.1	negative_control	bacterial	1500	1330224
NZ_CP065631.1_frag_49_L1500	NZ_CP065631.1	negative_control	bacterial	1500	1447017
NZ_CP065631.1_frag_113_L1500	NZ_CP065631.1	negative_control	bacterial	1500	1447017
NZ_CP049230.1_frag_166_L1500	NZ_CP049230.1	negative_control	bacterial	1500	1318700
NZ_CP039266.1_frag_1040_L1500	NZ_CP039266.1	negative_control	bacterial	1500	2023061
NZ_CP039266.1_frag_735_L1500	NZ_CP039266.1	negative_control	bacterial	1500	2023061
NZ_CP039266.1_frag_1262_L1500	NZ_CP039266.1	negative_control	bacterial	1500	2023061
NZ_AFIJ01000029.1_frag_41_L1500	NZ_AFIJ01000029.1	negative_control	bacterial	1500	104968
NZ_AP012332.1_frag_1035_L1500	NZ_AP012332.1	negative_control	bacterial	1500	1667406
NZ_CP065631.1_frag_710_L1500	NZ_CP065631.1	negative_control	bacterial	1500	1447017
NZ_CP065631.1_frag_340_L1500	NZ_CP065631.1	negative_control	bacterial	1500	1447017
NZ_CP011280.1_frag_208_L1500	NZ_CP011280.1	negative_control	bacterial	1500	1330224
NZ_CP011280.1_frag_336_L1500	NZ_CP011280.1	negative_control	bacterial	1500	1330224
NZ_CP011280.1_frag_796_L1500	NZ_CP011280.1	negative_control	bacterial	1500	1330224
NZ_CP049230.1_frag_184_L1500	NZ_CP049230.1	negative_control	bacterial	1500	1318700
NZ_CP039266.1_frag_136_L1500	NZ_CP039266.1	negative_control	bacterial	1500	2023061
NZ_AP012332.1_frag_23_L1500	NZ_AP012332.1	negative_control	bacterial	1500	1667406
NZ_CP049230.1_frag_86_L1500	NZ_CP049230.1	negative_control	bacterial	1500	1318700
NZ_CP011280.1_frag_881_L1500	NZ_CP011280.1	negative_control	bacterial	1500	1330224
NZ_AFIJ01000032.1_frag_48_L1500	NZ_AFIJ01000032.1	negative_control	bacterial	1500	123176
NZ_CP049230.1_frag_589_L1500	NZ_CP049230.1	negative_control	bacterial	1500	1318700
NZ_AP012332.1_frag_1002_L1500	NZ_AP012332.1	negative_control	bacterial	1500	1667406
NZ_AP012332.1_frag_898_L1500	NZ_AP012332.1	negative_control	bacterial	1500	1667406
NZ_CP011280.1_frag_784_L1500	NZ_CP011280.1	negative_control	bacterial	1500	1330224
NZ_CP039266.1_frag_550_L1500	NZ_CP039266.1	negative_control	bacterial	1500	2023061
NZ_CP039266.1_frag_579_L1500	NZ_CP039266.1	negative_control	bacterial	1500	2023061
NZ_CP011280.1_frag_160_L1500	NZ_CP011280.1	negative_control	bacterial	1500	1330224
NZ_AFIJ01000038.1_frag_11_L1500	NZ_AFIJ01000038.1	negative_control	bacterial	1500	96055
NZ_AP012332.1_frag_956_L1500	NZ_AP012332.1	negative_control	bacterial	1500	1667406
NZ_AFIJ01000029.1_frag_37_L1500	NZ_AFIJ01000029.1	negative_control	bacterial	1500	104968
NZ_AFIJ01000039.1_frag_1_L1500	NZ_AFIJ01000039.1	negative_control	bacterial	1500	122540
NZ_CP065631.1_frag_808_L1500	NZ_CP065631.1	negative_control	bacterial	1500	1447017
NZ_AP012332.1_frag_699_L1500	NZ_AP012332.1	negative_control	bacterial	1500	1667406
NZ_CP039266.1_frag_22_L1500	NZ_CP039266.1	negative_control	bacterial	1500	2023061
NZ_CP039266.1_frag_1096_L1500	NZ_CP039266.1	negative_control	bacterial	1500	2023061
NZ_CP049230.1_frag_628_L1500	NZ_CP049230.1	negative_control	bacterial	1500	1318700
NZ_AFIJ01000004.1_frag_11_L1500	NZ_AFIJ01000004.1	negative_control	bacterial	1500	100595
NZ_AP012332.1_frag_158_L1500	NZ_AP012332.1	negative_control	bacterial	1500	1667406
NZ_AFIJ01000014.1_frag_7_L1500	NZ_AFIJ01000014.1	negative_control	bacterial	1500	11574
NZ_CP049230.1_frag_493_L1500	NZ_CP049230.1	negative_control	bacterial	1500	1318700
NZ_CP039266.1_frag_1301_L1500	NZ_CP039266.1	negative_control	bacterial	1500	2023061
NZ_CP011280.1_frag_286_L1500	NZ_CP011280.1	negative_control	bacterial	1500	1330224
NZ_AP012332.1_frag_338_L1500	NZ_AP012332.1	negative_control	bacterial	1500	1667406
NZ_CP065631.1_frag_571_L1500	NZ_CP065631.1	negative_control	bacterial	1500	1447017
NZ_CP011280.1_frag_823_L1500	NZ_CP011280.1	negative_control	bacterial	1500	1330224
NZ_CP049230.1_frag_785_L1500	NZ_CP049230.1	negative_control	bacterial	1500	1318700
NZ_CP011280.1_frag_590_L1500	NZ_CP011280.1	negative_control	bacterial	1500	1330224
NZ_AP012332.1_frag_624_L1500	NZ_AP012332.1	negative_control	bacterial	1500	1667406
NZ_AFIJ01000009.1_frag_12_L1500	NZ_AFIJ01000009.1	negative_control	bacterial	1500	28506
NZ_CP039266.1_frag_1006_L1500	NZ_CP039266.1	negative_control	bacterial	1500	2023061
NZ_AP012332.1_frag_668_L1500	NZ_AP012332.1	negative_control	bacterial	1500	1667406
NZ_AP012332.1_frag_737_L1500	NZ_AP012332.1	negative_control	bacterial	1500	1667406
NZ_CP011280.1_frag_701_L1500	NZ_CP011280.1	negative_control	bacterial	1500	1330224
NZ_CP065631.1_frag_657_L1500	NZ_CP065631.1	negative_control	bacterial	1500	1447017
NZ_AFIJ01000039.1_frag_28_L1500	NZ_AFIJ01000039.1	negative_control	bacterial	1500	122540
NZ_AP012332.1_frag_560_L1500	NZ_AP012332.1	negative_control	bacterial	1500	1667406
NZ_AFIJ01000008.1_frag_46_L1500	NZ_AFIJ01000008.1	negative_control	bacterial	1500	149073
NZ_CP049230.1_frag_852_L1500	NZ_CP049230.1	negative_control	bacterial	1500	1318700
NZ_CP049230.1_frag_636_L1500	NZ_CP049230.1	negative_control	bacterial	1500	1318700
NZ_CP011280.1_frag_690_L1500	NZ_CP011280.1	negative_control	bacterial	1500	1330224
NZ_CP065631.1_frag_346_L1500	NZ_CP065631.1	negative_control	bacterial	1500	1447017
NZ_AFIJ01000045.1_frag_19_L1500	NZ_AFIJ01000045.1	negative_control	bacterial	1500	114466
NZ_CP039267.1_frag_2_L1500	NZ_CP039267.1	negative_control	bacterial	1500	16343
NZ_AFIJ01000007.1_frag_18_L1500	NZ_AFIJ01000007.1	negative_control	bacterial	1500	148045
NZ_CP049230.1_frag_232_L1500	NZ_CP049230.1	negative_control	bacterial	1500	1318700
NZ_CP011280.1_frag_71_L1500	NZ_CP011280.1	negative_control	bacterial	1500	1330224
NZ_CP065631.1_frag_169_L1500	NZ_CP065631.1	negative_control	bacterial	1500	1447017
NZ_AFIJ01000036.1_frag_20_L1500	NZ_AFIJ01000036.1	negative_control	bacterial	1500	38748
NZ_CP039266.1_frag_1089_L1500	NZ_CP039266.1	negative_control	bacterial	1500	2023061
NZ_CP065631.1_frag_530_L1500	NZ_CP065631.1	negative_control	bacterial	1500	1447017
NZ_CP039266.1_frag_26_L1500	NZ_CP039266.1	negative_control	bacterial	1500	2023061
NZ_CP039266.1_frag_1179_L1500	NZ_CP039266.1	negative_control	bacterial	1500	2023061
NZ_CP011280.1_frag_429_L1500	NZ_CP011280.1	negative_control	bacterial	1500	1330224
NZ_CP011280.1_frag_266_L1500	NZ_CP011280.1	negative_control	bacterial	1500	1330224
NZ_AFIJ01000008.1_frag_45_L1500	NZ_AFIJ01000008.1	negative_control	bacterial	1500	149073
NZ_CP011280.1_frag_805_L1500	NZ_CP011280.1	negative_control	bacterial	1500	1330224
NZ_CP039266.1_frag_643_L1500	NZ_CP039266.1	negative_control	bacterial	1500	2023061
NZ_CP011280.1_frag_5_L1500	NZ_CP011280.1	negative_control	bacterial	1500	1330224
NZ_AP012332.1_frag_792_L1500	NZ_AP012332.1	negative_control	bacterial	1500	1667406
NZ_AP012332.1_frag_49_L1500	NZ_AP012332.1	negative_control	bacterial	1500	1667406
NZ_AP012332.1_frag_206_L1500	NZ_AP012332.1	negative_control	bacterial	1500	1667406
NZ_AP012332.1_frag_662_L1500	NZ_AP012332.1	negative_control	bacterial	1500	1667406
NZ_CP011280.1_frag_214_L1500	NZ_CP011280.1	negative_control	bacterial	1500	1330224
NZ_CP039266.1_frag_151_L1500	NZ_CP039266.1	negative_control	bacterial	1500	2023061
NZ_CP011280.1_frag_522_L1500	NZ_CP011280.1	negative_control	bacterial	1500	1330224
NZ_AP012332.1_frag_548_L1500	NZ_AP012332.1	negative_control	bacterial	1500	1667406
NZ_CP011280.1_frag_538_L1500	NZ_CP011280.1	negative_control	bacterial	1500	1330224
NZ_CP039266.1_frag_1249_L1500	NZ_CP039266.1	negative_control	bacterial	1500	2023061
NZ_AFIJ01000029.1_frag_33_L1500	NZ_AFIJ01000029.1	negative_control	bacterial	1500	104968
NZ_CP065631.1_frag_394_L1500	NZ_CP065631.1	negative_control	bacterial	1500	1447017
NZ_CP011280.1_frag_372_L1500	NZ_CP011280.1	negative_control	bacterial	1500	1330224
NZ_CP039266.1_frag_1026_L1500	NZ_CP039266.1	negative_control	bacterial	1500	2023061
NZ_AP012332.1_frag_573_L1500	NZ_AP012332.1	negative_control	bacterial	1500	1667406
NZ_CP039266.1_frag_1217_L1500	NZ_CP039266.1	negative_control	bacterial	1500	2023061
NZ_CP065631.1_frag_14_L1500	NZ_CP065631.1	negative_control	bacterial	1500	1447017
NZ_AP012332.1_frag_936_L1500	NZ_AP012332.1	negative_control	bacterial	1500	1667406
NZ_CP011280.1_frag_149_L1500	NZ_CP011280.1	negative_control	bacterial	1500	1330224
NZ_AP012332.1_frag_561_L1500	NZ_AP012332.1	negative_control	bacterial	1500	1667406
NZ_CP049230.1_frag_562_L1500	NZ_CP049230.1	negative_control	bacterial	1500	1318700
NZ_AFIJ01000033.1_frag_50_L1500	NZ_AFIJ01000033.1	negative_control	bacterial	1500	81962
NZ_CP039266.1_frag_573_L1500	NZ_CP039266.1	negative_control	bacterial	1500	2023061
NZ_AFIJ01000025.1_frag_2_L1500	NZ_AFIJ01000025.1	negative_control	bacterial	1500	12101
NZ_CP049230.1_frag_873_L1500	NZ_CP049230.1	negative_control	bacterial	1500	1318700
NZ_CP065631.1_frag_715_L1500	NZ_CP065631.1	negative_control	bacterial	1500	1447017
NZ_AFIJ01000006.1_frag_18_L1500	NZ_AFIJ01000006.1	negative_control	bacterial	1500	35744
NZ_CP049230.1_frag_391_L1500	NZ_CP049230.1	negative_control	bacterial	1500	1318700
NZ_CP065631.1_frag_629_L1500	NZ_CP065631.1	negative_control	bacterial	1500	1447017
NZ_AFIJ01000009.1_frag_6_L1500	NZ_AFIJ01000009.1	negative_control	bacterial	1500	28506
NZ_CP011280.1_frag_460_L1500	NZ_CP011280.1	negative_control	bacterial	1500	1330224
NZ_AP012332.1_frag_885_L1500	NZ_AP012332.1	negative_control	bacterial	1500	1667406
NZ_AFIJ01000023.1_frag_25_L1500	NZ_AFIJ01000023.1	negative_control	bacterial	1500	71554
NZ_AP012332.1_frag_137_L1500	NZ_AP012332.1	negative_control	bacterial	1500	1667406
NZ_CP039266.1_frag_228_L1500	NZ_CP039266.1	negative_control	bacterial	1500	2023061
NZ_CP039266.1_frag_612_L1500	NZ_CP039266.1	negative_control	bacterial	1500	2023061
NZ_AP012332.1_frag_487_L1500	NZ_AP012332.1	negative_control	bacterial	1500	1667406
NZ_CP065631.1_frag_166_L1500	NZ_CP065631.1	negative_control	bacterial	1500	1447017
NZ_CP065631.1_frag_8_L1500	NZ_CP065631.1	negative_control	bacterial	1500	1447017
NZ_CP039266.1_frag_782_L1500	NZ_CP039266.1	negative_control	bacterial	1500	2023061
NZ_CP011280.1_frag_663_L1500	NZ_CP011280.1	negative_control	bacterial	1500	1330224
NZ_CP039266.1_frag_199_L1500	NZ_CP039266.1	negative_control	bacterial	1500	2023061
NZ_CP065631.1_frag_700_L1500	NZ_CP065631.1	negative_control	bacterial	1500	1447017
NZ_AP012332.1_frag_648_L1500	NZ_AP012332.1	negative_control	bacterial	1500	1667406
NZ_CP039266.1_frag_729_L1500	NZ_CP039266.1	negative_control	bacterial	1500	2023061
NZ_AP012332.1_frag_986_L1500	NZ_AP012332.1	negative_control	bacterial	1500	1667406
NZ_CP039266.1_frag_12_L1500	NZ_CP039266.1	negative_control	bacterial	1500	2023061
NZ_CP039266.1_frag_1005_L1500	NZ_CP039266.1	negative_control	bacterial	1500	2023061
NZ_CP039266.1_frag_1080_L1500	NZ_CP039266.1	negative_control	bacterial	1500	2023061
NZ_AFIJ01000018.1_frag_20_L1500	NZ_AFIJ01000018.1	negative_control	bacterial	1500	43361
NZ_CP065631.1_frag_354_L1500	NZ_CP065631.1	negative_control	bacterial	1500	1447017
NZ_CP039266.1_frag_975_L1500	NZ_CP039266.1	negative_control	bacterial	1500	2023061
NZ_AFIJ01000023.1_frag_20_L1500	NZ_AFIJ01000023.1	negative_control	bacterial	1500	71554
NZ_AFIJ01000008.1_frag_4_L1500	NZ_AFIJ01000008.1	negative_control	bacterial	1500	149073
NZ_CP049230.1_frag_262_L1500	NZ_CP049230.1	negative_control	bacterial	1500	1318700
NZ_CP039266.1_frag_1189_L1500	NZ_CP039266.1	negative_control	bacterial	1500	2023061
NZ_AP012332.1_frag_582_L1500	NZ_AP012332.1	negative_control	bacterial	1500	1667406
NZ_CP039266.1_frag_223_L1500	NZ_CP039266.1	negative_control	bacterial	1500	2023061
NZ_CP011280.1_frag_401_L1500	NZ_CP011280.1	negative_control	bacterial	1500	1330224
NZ_AFIJ01000045.1_frag_40_L1500	NZ_AFIJ01000045.1	negative_control	bacterial	1500	114466
NZ_CP039266.1_frag_1039_L1500	NZ_CP039266.1	negative_control	bacterial	1500	2023061
NZ_CP049230.1_frag_339_L1500	NZ_CP049230.1	negative_control	bacterial	1500	1318700
NZ_AFIJ01000008.1_frag_37_L1500	NZ_AFIJ01000008.1	negative_control	bacterial	1500	149073
NZ_CP039266.1_frag_498_L1500	NZ_CP039266.1	negative_control	bacterial	1500	2023061
NZ_AP012332.1_frag_345_L1500	NZ_AP012332.1	negative_control	bacterial	1500	1667406
NZ_CP049230.1_frag_258_L1500	NZ_CP049230.1	negative_control	bacterial	1500	1318700
NZ_CP039266.1_frag_893_L1500	NZ_CP039266.1	negative_control	bacterial	1500	2023061
NZ_AP012332.1_frag_72_L1500	NZ_AP012332.1	negative_control	bacterial	1500	1667406
NZ_CP039266.1_frag_420_L1500	NZ_CP039266.1	negative_control	bacterial	1500	2023061
NZ_AP012332.1_frag_849_L1500	NZ_AP012332.1	negative_control	bacterial	1500	1667406
NZ_AP012332.1_frag_59_L1500	NZ_AP012332.1	negative_control	bacterial	1500	1667406
NZ_CP065631.1_frag_4_L1500	NZ_CP065631.1	negative_control	bacterial	1500	1447017
NZ_CP049230.1_frag_73_L1500	NZ_CP049230.1	negative_control	bacterial	1500	1318700
NZ_CP039266.1_frag_384_L1500	NZ_CP039266.1	negative_control	bacterial	1500	2023061
NZ_AFIJ01000018.1_frag_22_L1500	NZ_AFIJ01000018.1	negative_control	bacterial	1500	43361
NZ_CP049230.1_frag_508_L1500	NZ_CP049230.1	negative_control	bacterial	1500	1318700
NZ_AP012332.1_frag_360_L1500	NZ_AP012332.1	negative_control	bacterial	1500	1667406
NZ_AFIJ01000039.1_frag_35_L1500	NZ_AFIJ01000039.1	negative_control	bacterial	1500	122540
NZ_AFIJ01000007.1_frag_42_L1500	NZ_AFIJ01000007.1	negative_control	bacterial	1500	148045
NZ_CP049230.1_frag_55_L1500	NZ_CP049230.1	negative_control	bacterial	1500	1318700
NZ_CP049230.1_frag_466_L1500	NZ_CP049230.1	negative_control	bacterial	1500	1318700
NZ_CP039266.1_frag_706_L1500	NZ_CP039266.1	negative_control	bacterial	1500	2023061
NZ_AFIJ01000007.1_frag_59_L1500	NZ_AFIJ01000007.1	negative_control	bacterial	1500	148045
NZ_AP012332.1_frag_247_L1500	NZ_AP012332.1	negative_control	bacterial	1500	1667406
NZ_CP011280.1_frag_113_L1500	NZ_CP011280.1	negative_control	bacterial	1500	1330224
NZ_AFIJ01000018.1_frag_25_L1500	NZ_AFIJ01000018.1	negative_control	bacterial	1500	43361
NZ_CP011280.1_frag_804_L1500	NZ_CP011280.1	negative_control	bacterial	1500	1330224
NZ_CP065631.1_frag_583_L1500	NZ_CP065631.1	negative_control	bacterial	1500	1447017
NZ_AP012332.1_frag_73_L1500	NZ_AP012332.1	negative_control	bacterial	1500	1667406
NZ_AP012332.1_frag_296_L1500	NZ_AP012332.1	negative_control	bacterial	1500	1667406
NZ_AP012332.1_frag_984_L1500	NZ_AP012332.1	negative_control	bacterial	1500	1667406
NZ_AFIJ01000029.1_frag_29_L1500	NZ_AFIJ01000029.1	negative_control	bacterial	1500	104968
NZ_CP039266.1_frag_701_L1500	NZ_CP039266.1	negative_control	bacterial	1500	2023061
NZ_CP039266.1_frag_669_L1500	NZ_CP039266.1	negative_control	bacterial	1500	2023061
NZ_CP049230.1_frag_274_L1500	NZ_CP049230.1	negative_control	bacterial	1500	1318700
NZ_CP039266.1_frag_257_L1500	NZ_CP039266.1	negative_control	bacterial	1500	2023061
NZ_CP011280.1_frag_433_L1500	NZ_CP011280.1	negative_control	bacterial	1500	1330224
NZ_CP065631.1_frag_599_L1500	NZ_CP065631.1	negative_control	bacterial	1500	1447017
NZ_CP049230.1_frag_606_L1500	NZ_CP049230.1	negative_control	bacterial	1500	1318700
NZ_CP011280.1_frag_738_L1500	NZ_CP011280.1	negative_control	bacterial	1500	1330224
NZ_CP039266.1_frag_1000_L1500	NZ_CP039266.1	negative_control	bacterial	1500	2023061
NZ_CP039266.1_frag_349_L1500	NZ_CP039266.1	negative_control	bacterial	1500	2023061
NZ_CP065631.1_frag_846_L1500	NZ_CP065631.1	negative_control	bacterial	1500	1447017
NZ_CP049230.1_frag_9_L1500	NZ_CP049230.1	negative_control	bacterial	1500	1318700
NZ_CP049230.1_frag_681_L1500	NZ_CP049230.1	negative_control	bacterial	1500	1318700
NZ_CP039266.1_frag_756_L1500	NZ_CP039266.1	negative_control	bacterial	1500	2023061
NZ_CP039266.1_frag_977_L1500	NZ_CP039266.1	negative_control	bacterial	1500	2023061
NZ_AFIJ01000039.1_frag_41_L1500	NZ_AFIJ01000039.1	negative_control	bacterial	1500	122540
NZ_CP039266.1_frag_482_L1500	NZ_CP039266.1	negative_control	bacterial	1500	2023061
NZ_CP049230.1_frag_578_L1500	NZ_CP049230.1	negative_control	bacterial	1500	1318700
NZ_CP049230.1_frag_454_L1500	NZ_CP049230.1	negative_control	bacterial	1500	1318700
NZ_CP049230.1_frag_5_L1500	NZ_CP049230.1	negative_control	bacterial	1500	1318700
NZ_CP011280.1_frag_729_L1500	NZ_CP011280.1	negative_control	bacterial	1500	1330224
NZ_CP065631.1_frag_282_L1500	NZ_CP065631.1	negative_control	bacterial	1500	1447017
NZ_CP049230.1_frag_99_L1500	NZ_CP049230.1	negative_control	bacterial	1500	1318700
NZ_AFIJ01000008.1_frag_97_L1500	NZ_AFIJ01000008.1	negative_control	bacterial	1500	149073
NZ_AP012332.1_frag_453_L1500	NZ_AP012332.1	negative_control	bacterial	1500	1667406
NZ_CP039266.1_frag_1203_L1500	NZ_CP039266.1	negative_control	bacterial	1500	2023061
NZ_CP011280.1_frag_367_L1500	NZ_CP011280.1	negative_control	bacterial	1500	1330224
NZ_AP012332.1_frag_544_L1500	NZ_AP012332.1	negative_control	bacterial	1500	1667406
NZ_CP065631.1_frag_594_L1500	NZ_CP065631.1	negative_control	bacterial	1500	1447017
NZ_CP011280.1_frag_684_L1500	NZ_CP011280.1	negative_control	bacterial	1500	1330224
NZ_AFIJ01000018.1_frag_16_L1500	NZ_AFIJ01000018.1	negative_control	bacterial	1500	43361
NZ_AP012332.1_frag_568_L1500	NZ_AP012332.1	negative_control	bacterial	1500	1667406
NZ_CP065631.1_frag_16_L1500	NZ_CP065631.1	negative_control	bacterial	1500	1447017
NZ_AFIJ01000008.1_frag_84_L1500	NZ_AFIJ01000008.1	negative_control	bacterial	1500	149073
NZ_CP039266.1_frag_410_L1500	NZ_CP039266.1	negative_control	bacterial	1500	2023061
NZ_AFIJ01000036.1_frag_7_L1500	NZ_AFIJ01000036.1	negative_control	bacterial	1500	38748
NZ_CP049230.1_frag_792_L1500	NZ_CP049230.1	negative_control	bacterial	1500	1318700
NZ_AP012332.1_frag_899_L1500	NZ_AP012332.1	negative_control	bacterial	1500	1667406
NZ_AP012332.1_frag_225_L1500	NZ_AP012332.1	negative_control	bacterial	1500	1667406
NZ_CP011280.1_frag_82_L1500	NZ_CP011280.1	negative_control	bacterial	1500	1330224
NZ_CP065631.1_frag_782_L1500	NZ_CP065631.1	negative_control	bacterial	1500	1447017
NZ_CP039266.1_frag_929_L1500	NZ_CP039266.1	negative_control	bacterial	1500	2023061
NZ_CP065631.1_frag_398_L1500	NZ_CP065631.1	negative_control	bacterial	1500	1447017
NZ_CP039266.1_frag_787_L1500	NZ_CP039266.1	negative_control	bacterial	1500	2023061
NZ_CP011280.1_frag_129_L1500	NZ_CP011280.1	negative_control	bacterial	1500	1330224
NZ_CP065631.1_frag_658_L1500	NZ_CP065631.1	negative_control	bacterial	1500	1447017
NZ_CP065631.1_frag_55_L1500	NZ_CP065631.1	negative_control	bacterial	1500	1447017
NZ_CP011280.1_frag_26_L1500	NZ_CP011280.1	negative_control	bacterial	1500	1330224
NZ_AP012332.1_frag_152_L1500	NZ_AP012332.1	negative_control	bacterial	1500	1667406
NZ_AP012332.1_frag_827_L1500	NZ_AP012332.1	negative_control	bacterial	1500	1667406
NZ_CP039266.1_frag_270_L1500	NZ_CP039266.1	negative_control	bacterial	1500	2023061
NZ_AFIJ01000023.1_frag_1_L1500	NZ_AFIJ01000023.1	negative_control	bacterial	1500	71554
NZ_CP011280.1_frag_616_L1500	NZ_CP011280.1	negative_control	bacterial	1500	1330224
NZ_CP039266.1_frag_879_L1500	NZ_CP039266.1	negative_control	bacterial	1500	2023061
NZ_CP011280.1_frag_66_L1500	NZ_CP011280.1	negative_control	bacterial	1500	1330224
NZ_CP065631.1_frag_111_L1500	NZ_CP065631.1	negative_control	bacterial	1500	1447017
NZ_AFIJ01000026.1_frag_6_L1500	NZ_AFIJ01000026.1	negative_control	bacterial	1500	50184
NZ_AFIJ01000026.1_frag_30_L1500	NZ_AFIJ01000026.1	negative_control	bacterial	1500	50184
NZ_CP065631.1_frag_907_L1500	NZ_CP065631.1	negative_control	bacterial	1500	1447017
NZ_CP039266.1_frag_1057_L1500	NZ_CP039266.1	negative_control	bacterial	1500	2023061
NZ_CP011280.1_frag_250_L1500	NZ_CP011280.1	negative_control	bacterial	1500	1330224
NZ_AP012332.1_frag_912_L1500	NZ_AP012332.1	negative_control	bacterial	1500	1667406
NZ_CP065631.1_frag_726_L1500	NZ_CP065631.1	negative_control	bacterial	1500	1447017
NZ_CP039266.1_frag_1183_L1500	NZ_CP039266.1	negative_control	bacterial	1500	2023061
NZ_CP049230.1_frag_500_L1500	NZ_CP049230.1	negative_control	bacterial	1500	1318700
NZ_AFIJ01000023.1_frag_28_L1500	NZ_AFIJ01000023.1	negative_control	bacterial	1500	71554
NZ_CP039266.1_frag_549_L1500	NZ_CP039266.1	negative_control	bacterial	1500	2023061
NZ_CP065631.1_frag_580_L1500	NZ_CP065631.1	negative_control	bacterial	1500	1447017
NZ_CP065631.1_frag_548_L1500	NZ_CP065631.1	negative_control	bacterial	1500	1447017
NZ_CP065631.1_frag_412_L1500	NZ_CP065631.1	negative_control	bacterial	1500	1447017
NZ_CP011280.1_frag_627_L1500	NZ_CP011280.1	negative_control	bacterial	1500	1330224
NZ_CP065631.1_frag_872_L1500	NZ_CP065631.1	negative_control	bacterial	1500	1447017
NZ_CP011280.1_frag_782_L1500	NZ_CP011280.1	negative_control	bacterial	1500	1330224
NZ_CP049230.1_frag_122_L1500	NZ_CP049230.1	negative_control	bacterial	1500	1318700
NZ_AP012332.1_frag_640_L1500	NZ_AP012332.1	negative_control	bacterial	1500	1667406
NZ_CP039266.1_frag_594_L1500	NZ_CP039266.1	negative_control	bacterial	1500	2023061
NZ_CP011280.1_frag_581_L1500	NZ_CP011280.1	negative_control	bacterial	1500	1330224
NZ_AP012332.1_frag_156_L1500	NZ_AP012332.1	negative_control	bacterial	1500	1667406
NZ_CP011280.1_frag_70_L1500	NZ_CP011280.1	negative_control	bacterial	1500	1330224
NZ_CP011280.1_frag_442_L1500	NZ_CP011280.1	negative_control	bacterial	1500	1330224
NZ_CP011280.1_frag_793_L1500	NZ_CP011280.1	negative_control	bacterial	1500	1330224
NZ_AP012332.1_frag_44_L1500	NZ_AP012332.1	negative_control	bacterial	1500	1667406
NZ_CP011280.1_frag_271_L1500	NZ_CP011280.1	negative_control	bacterial	1500	1330224
NZ_AP012332.1_frag_428_L1500	NZ_AP012332.1	negative_control	bacterial	1500	1667406
NZ_AFIJ01000045.1_frag_11_L1500	NZ_AFIJ01000045.1	negative_control	bacterial	1500	114466
NZ_CP039266.1_frag_389_L1500	NZ_CP039266.1	negative_control	bacterial	1500	2023061
NZ_CP011280.1_frag_808_L1500	NZ_CP011280.1	negative_control	bacterial	1500	1330224
NZ_AP012332.1_frag_645_L1500	NZ_AP012332.1	negative_control	bacterial	1500	1667406
NZ_CP039266.1_frag_848_L1500	NZ_CP039266.1	negative_control	bacterial	1500	2023061
NZ_CP011280.1_frag_398_L1500	NZ_CP011280.1	negative_control	bacterial	1500	1330224
NZ_CP039266.1_frag_142_L1500	NZ_CP039266.1	negative_control	bacterial	1500	2023061
NZ_AP012332.1_frag_234_L1500	NZ_AP012332.1	negative_control	bacterial	1500	1667406
NZ_CP065631.1_frag_778_L1500	NZ_CP065631.1	negative_control	bacterial	1500	1447017
NZ_CP039266.1_frag_662_L1500	NZ_CP039266.1	negative_control	bacterial	1500	2023061
NZ_AP012332.1_frag_1036_L1500	NZ_AP012332.1	negative_control	bacterial	1500	1667406
NZ_CP039266.1_frag_453_L1500	NZ_CP039266.1	negative_control	bacterial	1500	2023061
NZ_AP012332.1_frag_71_L1500	NZ_AP012332.1	negative_control	bacterial	1500	1667406
NZ_CP065631.1_frag_267_L1500	NZ_CP065631.1	negative_control	bacterial	1500	1447017
NZ_CP011280.1_frag_253_L1500	NZ_CP011280.1	negative_control	bacterial	1500	1330224
NZ_CP011280.1_frag_92_L1500	NZ_CP011280.1	negative_control	bacterial	1500	1330224
NZ_CP011280.1_frag_314_L1500	NZ_CP011280.1	negative_control	bacterial	1500	1330224
NZ_AP012332.1_frag_286_L1500	NZ_AP012332.1	negative_control	bacterial	1500	1667406
NZ_AP012332.1_frag_412_L1500	NZ_AP012332.1	negative_control	bacterial	1500	1667406
NZ_AFIJ01000026.1_frag_21_L1500	NZ_AFIJ01000026.1	negative_control	bacterial	1500	50184
NZ_CP065631.1_frag_69_L1500	NZ_CP065631.1	negative_control	bacterial	1500	1447017
NZ_AP012332.1_frag_32_L1500	NZ_AP012332.1	negative_control	bacterial	1500	1667406
NZ_CP049230.1_frag_259_L1500	NZ_CP049230.1	negative_control	bacterial	1500	1318700
NZ_CP039266.1_frag_360_L1500	NZ_CP039266.1	negative_control	bacterial	1500	2023061
NZ_AFIJ01000038.1_frag_16_L1500	NZ_AFIJ01000038.1	negative_control	bacterial	1500	96055
NZ_CP065631.1_frag_604_L1500	NZ_CP065631.1	negative_control	bacterial	1500	1447017
NZ_CP039266.1_frag_528_L1500	NZ_CP039266.1	negative_control	bacterial	1500	2023061
NZ_CP039266.1_frag_1004_L1500	NZ_CP039266.1	negative_control	bacterial	1500	2023061
NZ_CP039266.1_frag_1021_L1500	NZ_CP039266.1	negative_control	bacterial	1500	2023061
NZ_AFIJ01000027.1_frag_3_L1500	NZ_AFIJ01000027.1	negative_control	bacterial	1500	12043
NZ_AFIJ01000020.1_frag_44_L1500	NZ_AFIJ01000020.1	negative_control	bacterial	1500	80676
NZ_CP039266.1_frag_27_L1500	NZ_CP039266.1	negative_control	bacterial	1500	2023061
NZ_CP011280.1_frag_800_L1500	NZ_CP011280.1	negative_control	bacterial	1500	1330224
NZ_AFIJ01000045.1_frag_3_L1500	NZ_AFIJ01000045.1	negative_control	bacterial	1500	114466
NZ_CP065631.1_frag_287_L1500	NZ_CP065631.1	negative_control	bacterial	1500	1447017
NZ_CP039266.1_frag_702_L1500	NZ_CP039266.1	negative_control	bacterial	1500	2023061
NZ_CP039266.1_frag_680_L1500	NZ_CP039266.1	negative_control	bacterial	1500	2023061
NZ_CP065631.1_frag_242_L1500	NZ_CP065631.1	negative_control	bacterial	1500	1447017
NZ_CP065631.1_frag_44_L1500	NZ_CP065631.1	negative_control	bacterial	1500	1447017
NZ_AFIJ01000020.1_frag_48_L1500	NZ_AFIJ01000020.1	negative_control	bacterial	1500	80676
NZ_CP065631.1_frag_317_L1500	NZ_CP065631.1	negative_control	bacterial	1500	1447017
NZ_CP039266.1_frag_1211_L1500	NZ_CP039266.1	negative_control	bacterial	1500	2023061
NZ_CP065631.1_frag_668_L1500	NZ_CP065631.1	negative_control	bacterial	1500	1447017
NZ_CP049230.1_frag_351_L1500	NZ_CP049230.1	negative_control	bacterial	1500	1318700
NZ_CP049230.1_frag_807_L1500	NZ_CP049230.1	negative_control	bacterial	1500	1318700
NZ_CP065631.1_frag_732_L1500	NZ_CP065631.1	negative_control	bacterial	1500	1447017
NZ_CP011280.1_frag_454_L1500	NZ_CP011280.1	negative_control	bacterial	1500	1330224
NZ_CP065631.1_frag_479_L1500	NZ_CP065631.1	negative_control	bacterial	1500	1447017
NZ_CP039266.1_frag_432_L1500	NZ_CP039266.1	negative_control	bacterial	1500	2023061
NZ_AFIJ01000018.1_frag_14_L1500	NZ_AFIJ01000018.1	negative_control	bacterial	1500	43361
NZ_CP049230.1_frag_41_L1500	NZ_CP049230.1	negative_control	bacterial	1500	1318700
NZ_CP011280.1_frag_554_L1500	NZ_CP011280.1	negative_control	bacterial	1500	1330224
NZ_AP012332.1_frag_607_L1500	NZ_AP012332.1	negative_control	bacterial	1500	1667406
NZ_CP065631.1_frag_288_L1500	NZ_CP065631.1	negative_control	bacterial	1500	1447017
NZ_CP039266.1_frag_554_L1500	NZ_CP039266.1	negative_control	bacterial	1500	2023061
NZ_CP011280.1_frag_689_L1500	NZ_CP011280.1	negative_control	bacterial	1500	1330224
NZ_AP012332.1_frag_729_L1500	NZ_AP012332.1	negative_control	bacterial	1500	1667406
NZ_AFIJ01000032.1_frag_22_L1500	NZ_AFIJ01000032.1	negative_control	bacterial	1500	123176
NZ_AFIJ01000032.1_frag_38_L1500	NZ_AFIJ01000032.1	negative_control	bacterial	1500	123176
NZ_CP065631.1_frag_772_L1500	NZ_CP065631.1	negative_control	bacterial	1500	1447017
NZ_AFIJ01000007.1_frag_13_L1500	NZ_AFIJ01000007.1	negative_control	bacterial	1500	148045
NZ_CP049230.1_frag_33_L1500	NZ_CP049230.1	negative_control	bacterial	1500	1318700
NZ_CP049230.1_frag_630_L1500	NZ_CP049230.1	negative_control	bacterial	1500	1318700
NZ_CP065631.1_frag_690_L1500	NZ_CP065631.1	negative_control	bacterial	1500	1447017
NZ_AP012332.1_frag_476_L1500	NZ_AP012332.1	negative_control	bacterial	1500	1667406
NZ_AFIJ01000007.1_frag_65_L1500	NZ_AFIJ01000007.1	negative_control	bacterial	1500	148045
NZ_AP012332.1_frag_172_L1500	NZ_AP012332.1	negative_control	bacterial	1500	1667406
NZ_CP065631.1_frag_897_L1500	NZ_CP065631.1	negative_control	bacterial	1500	1447017
NZ_CP049230.1_frag_871_L1500	NZ_CP049230.1	negative_control	bacterial	1500	1318700
NZ_AFIJ01000045.1_frag_34_L1500	NZ_AFIJ01000045.1	negative_control	bacterial	1500	114466
NZ_CP039266.1_frag_11_L1500	NZ_CP039266.1	negative_control	bacterial	1500	2023061
NZ_CP065631.1_frag_7_L1500	NZ_CP065631.1	negative_control	bacterial	1500	1447017
NZ_CP011280.1_frag_660_L1500	NZ_CP011280.1	negative_control	bacterial	1500	1330224
NZ_AFIJ01000026.1_frag_28_L1500	NZ_AFIJ01000026.1	negative_control	bacterial	1500	50184
NZ_CP049230.1_frag_705_L1500	NZ_CP049230.1	negative_control	bacterial	1500	1318700
NZ_AFIJ01000035.1_frag_29_L1500	NZ_AFIJ01000035.1	negative_control	bacterial	1500	55251
NZ_CP049230.1_frag_408_L1500	NZ_CP049230.1	negative_control	bacterial	1500	1318700
NZ_CP065631.1_frag_76_L1500	NZ_CP065631.1	negative_control	bacterial	1500	1447017
NZ_AFIJ01000032.1_frag_14_L1500	NZ_AFIJ01000032.1	negative_control	bacterial	1500	123176
NZ_AP012332.1_frag_914_L1500	NZ_AP012332.1	negative_control	bacterial	1500	1667406
NZ_CP049230.1_frag_770_L1500	NZ_CP049230.1	negative_control	bacterial	1500	1318700
NZ_CP039266.1_frag_140_L1500	NZ_CP039266.1	negative_control	bacterial	1500	2023061
NZ_CP039266.1_frag_746_L1500	NZ_CP039266.1	negative_control	bacterial	1500	2023061
NZ_CP039266.1_frag_243_L1500	NZ_CP039266.1	negative_control	bacterial	1500	2023061
NZ_CP065631.1_frag_613_L1500	NZ_CP065631.1	negative_control	bacterial	1500	1447017
NZ_CP011280.1_frag_498_L1500	NZ_CP011280.1	negative_control	bacterial	1500	1330224
NZ_AFIJ01000026.1_frag_32_L1500	NZ_AFIJ01000026.1	negative_control	bacterial	1500	50184
NZ_CP039266.1_frag_642_L1500	NZ_CP039266.1	negative_control	bacterial	1500	2023061
NZ_AFIJ01000023.1_frag_31_L1500	NZ_AFIJ01000023.1	negative_control	bacterial	1500	71554
NZ_AFIJ01000035.1_frag_19_L1500	NZ_AFIJ01000035.1	negative_control	bacterial	1500	55251
NZ_CP065631.1_frag_569_L1500	NZ_CP065631.1	negative_control	bacterial	1500	1447017
NZ_AP012332.1_frag_352_L1500	NZ_AP012332.1	negative_control	bacterial	1500	1667406
NZ_AFIJ01000045.1_frag_35_L1500	NZ_AFIJ01000045.1	negative_control	bacterial	1500	114466
NZ_AP012332.1_frag_1073_L1500	NZ_AP012332.1	negative_control	bacterial	1500	1667406
NZ_CP039266.1_frag_1221_L1500	NZ_CP039266.1	negative_control	bacterial	1500	2023061
NZ_AFIJ01000018.1_frag_9_L1500	NZ_AFIJ01000018.1	negative_control	bacterial	1500	43361
NZ_CP011280.1_frag_733_L1500	NZ_CP011280.1	negative_control	bacterial	1500	1330224
NZ_CP049230.1_frag_573_L1500	NZ_CP049230.1	negative_control	bacterial	1500	1318700
NZ_AFIJ01000007.1_frag_11_L1500	NZ_AFIJ01000007.1	negative_control	bacterial	1500	148045
NZ_AP012332.1_frag_617_L1500	NZ_AP012332.1	negative_control	bacterial	1500	1667406
NZ_AFIJ01000020.1_frag_17_L1500	NZ_AFIJ01000020.1	negative_control	bacterial	1500	80676
NZ_CP011280.1_frag_617_L1500	NZ_CP011280.1	negative_control	bacterial	1500	1330224
NZ_CP065631.1_frag_238_L1500	NZ_CP065631.1	negative_control	bacterial	1500	1447017
NZ_CP011280.1_frag_743_L1500	NZ_CP011280.1	negative_control	bacterial	1500	1330224
NZ_CP039266.1_frag_562_L1500	NZ_CP039266.1	negative_control	bacterial	1500	2023061
NZ_CP039266.1_frag_794_L1500	NZ_CP039266.1	negative_control	bacterial	1500	2023061
NZ_CP065631.1_frag_859_L1500	NZ_CP065631.1	negative_control	bacterial	1500	1447017
NZ_CP049230.1_frag_837_L1500	NZ_CP049230.1	negative_control	bacterial	1500	1318700
NZ_AFIJ01000028.1_frag_1_L1500	NZ_AFIJ01000028.1	negative_control	bacterial	1500	3598
NZ_AP012332.1_frag_459_L1500	NZ_AP012332.1	negative_control	bacterial	1500	1667406
NZ_AP012332.1_frag_954_L1500	NZ_AP012332.1	negative_control	bacterial	1500	1667406
NZ_CP049230.1_frag_283_L1500	NZ_CP049230.1	negative_control	bacterial	1500	1318700
NZ_CP039266.1_frag_792_L1500	NZ_CP039266.1	negative_control	bacterial	1500	2023061
NZ_AP012332.1_frag_963_L1500	NZ_AP012332.1	negative_control	bacterial	1500	1667406
NZ_AFIJ01000023.1_frag_18_L1500	NZ_AFIJ01000023.1	negative_control	bacterial	1500	71554
NZ_AFIJ01000004.1_frag_26_L1500	NZ_AFIJ01000004.1	negative_control	bacterial	1500	100595
NZ_CP011280.1_frag_65_L1500	NZ_CP011280.1	negative_control	bacterial	1500	1330224
NZ_CP049230.1_frag_827_L1500	NZ_CP049230.1	negative_control	bacterial	1500	1318700
NZ_AFIJ01000033.1_frag_48_L1500	NZ_AFIJ01000033.1	negative_control	bacterial	1500	81962
NZ_CP065631.1_frag_46_L1500	NZ_CP065631.1	negative_control	bacterial	1500	1447017
NZ_CP039266.1_frag_406_L1500	NZ_CP039266.1	negative_control	bacterial	1500	2023061
NZ_AP012332.1_frag_506_L1500	NZ_AP012332.1	negative_control	bacterial	1500	1667406
NZ_CP039266.1_frag_1233_L1500	NZ_CP039266.1	negative_control	bacterial	1500	2023061
NZ_AP012332.1_frag_533_L1500	NZ_AP012332.1	negative_control	bacterial	1500	1667406
NZ_CP011280.1_frag_98_L1500	NZ_CP011280.1	negative_control	bacterial	1500	1330224
NZ_AFIJ01000039.1_frag_18_L1500	NZ_AFIJ01000039.1	negative_control	bacterial	1500	122540
NZ_CP049230.1_frag_187_L1500	NZ_CP049230.1	negative_control	bacterial	1500	1318700
NZ_CP039266.1_frag_710_L1500	NZ_CP039266.1	negative_control	bacterial	1500	2023061
NZ_AP012332.1_frag_165_L1500	NZ_AP012332.1	negative_control	bacterial	1500	1667406
NZ_AP012332.1_frag_530_L1500	NZ_AP012332.1	negative_control	bacterial	1500	1667406
NZ_AP012332.1_frag_132_L1500	NZ_AP012332.1	negative_control	bacterial	1500	1667406
NZ_CP039266.1_frag_595_L1500	NZ_CP039266.1	negative_control	bacterial	1500	2023061
NZ_CP011280.1_frag_535_L1500	NZ_CP011280.1	negative_control	bacterial	1500	1330224
NZ_AP012332.1_frag_1091_L1500	NZ_AP012332.1	negative_control	bacterial	1500	1667406
NZ_AP012332.1_frag_691_L1500	NZ_AP012332.1	negative_control	bacterial	1500	1667406
NZ_AFIJ01000038.1_frag_51_L1500	NZ_AFIJ01000038.1	negative_control	bacterial	1500	96055
NZ_CP049230.1_frag_739_L1500	NZ_CP049230.1	negative_control	bacterial	1500	1318700
NZ_AP012332.1_frag_950_L1500	NZ_AP012332.1	negative_control	bacterial	1500	1667406
NZ_CP011280.1_frag_511_L1500	NZ_CP011280.1	negative_control	bacterial	1500	1330224
NZ_CP065631.1_frag_312_L1500	NZ_CP065631.1	negative_control	bacterial	1500	1447017
NZ_CP039266.1_frag_313_L1500	NZ_CP039266.1	negative_control	bacterial	1500	2023061
NZ_CP065631.1_frag_664_L1500	NZ_CP065631.1	negative_control	bacterial	1500	1447017
NZ_CP065631.1_frag_434_L1500	NZ_CP065631.1	negative_control	bacterial	1500	1447017
NZ_CP039266.1_frag_721_L1500	NZ_CP039266.1	negative_control	bacterial	1500	2023061
NZ_CP049230.1_frag_378_L1500	NZ_CP049230.1	negative_control	bacterial	1500	1318700
NZ_CP039266.1_frag_269_L1500	NZ_CP039266.1	negative_control	bacterial	1500	2023061
NZ_AFIJ01000045.1_frag_50_L1500	NZ_AFIJ01000045.1	negative_control	bacterial	1500	114466
NZ_CP049230.1_frag_518_L1500	NZ_CP049230.1	negative_control	bacterial	1500	1318700
NZ_CP011280.1_frag_227_L1500	NZ_CP011280.1	negative_control	bacterial	1500	1330224
NZ_CP039266.1_frag_798_L1500	NZ_CP039266.1	negative_control	bacterial	1500	2023061
NZ_CP011280.1_frag_515_L1500	NZ_CP011280.1	negative_control	bacterial	1500	1330224
NZ_AP012332.1_frag_373_L1500	NZ_AP012332.1	negative_control	bacterial	1500	1667406
NZ_CP011280.1_frag_654_L1500	NZ_CP011280.1	negative_control	bacterial	1500	1330224
NZ_CP011280.1_frag_427_L1500	NZ_CP011280.1	negative_control	bacterial	1500	1330224
NZ_AP012332.1_frag_917_L1500	NZ_AP012332.1	negative_control	bacterial	1500	1667406
NZ_AFIJ01000015.1_frag_2_L1500	NZ_AFIJ01000015.1	negative_control	bacterial	1500	4417
NZ_CP011280.1_frag_860_L1500	NZ_CP011280.1	negative_control	bacterial	1500	1330224
NZ_CP065631.1_frag_417_L1500	NZ_CP065631.1	negative_control	bacterial	1500	1447017
NZ_CP039266.1_frag_476_L1500	NZ_CP039266.1	negative_control	bacterial	1500	2023061
NZ_AP012332.1_frag_450_L1500	NZ_AP012332.1	negative_control	bacterial	1500	1667406
NZ_AFIJ01000035.1_frag_15_L1500	NZ_AFIJ01000035.1	negative_control	bacterial	1500	55251
NZ_AFIJ01000045.1_frag_57_L1500	NZ_AFIJ01000045.1	negative_control	bacterial	1500	114466
NZ_CP049230.1_frag_120_L1500	NZ_CP049230.1	negative_control	bacterial	1500	1318700
NZ_AFIJ01000007.1_frag_22_L1500	NZ_AFIJ01000007.1	negative_control	bacterial	1500	148045
NZ_AFIJ01000039.1_frag_72_L1500	NZ_AFIJ01000039.1	negative_control	bacterial	1500	122540
NZ_CP039266.1_frag_345_L1500	NZ_CP039266.1	negative_control	bacterial	1500	2023061
NZ_CP049230.1_frag_411_L1500	NZ_CP049230.1	negative_control	bacterial	1500	1318700
NZ_CP039266.1_frag_33_L1500	NZ_CP039266.1	negative_control	bacterial	1500	2023061
NZ_CP065631.1_frag_97_L1500	NZ_CP065631.1	negative_control	bacterial	1500	1447017
NZ_AP012332.1_frag_619_L1500	NZ_AP012332.1	negative_control	bacterial	1500	1667406
NZ_CP039266.1_frag_1311_L1500	NZ_CP039266.1	negative_control	bacterial	1500	2023061
NZ_CP049230.1_frag_31_L1500	NZ_CP049230.1	negative_control	bacterial	1500	1318700
NZ_CP011280.1_frag_665_L1500	NZ_CP011280.1	negative_control	bacterial	1500	1330224
NZ_CP049230.1_frag_503_L1500	NZ_CP049230.1	negative_control	bacterial	1500	1318700
NZ_CP065631.1_frag_876_L1500	NZ_CP065631.1	negative_control	bacterial	1500	1447017
NZ_AP012332.1_frag_242_L1500	NZ_AP012332.1	negative_control	bacterial	1500	1667406
NZ_AP012332.1_frag_934_L1500	NZ_AP012332.1	negative_control	bacterial	1500	1667406
NZ_AP012332.1_frag_739_L1500	NZ_AP012332.1	negative_control	bacterial	1500	1667406
NZ_CP065631.1_frag_606_L1500	NZ_CP065631.1	negative_control	bacterial	1500	1447017
NZ_CP049230.1_frag_50_L1500	NZ_CP049230.1	negative_control	bacterial	1500	1318700
NZ_CP065631.1_frag_500_L1500	NZ_CP065631.1	negative_control	bacterial	1500	1447017
NZ_CP065631.1_frag_118_L1500	NZ_CP065631.1	negative_control	bacterial	1500	1447017
NZ_CP039266.1_frag_303_L1500	NZ_CP039266.1	negative_control	bacterial	1500	2023061
NZ_AP012332.1_frag_139_L1500	NZ_AP012332.1	negative_control	bacterial	1500	1667406
NZ_CP039266.1_frag_417_L1500	NZ_CP039266.1	negative_control	bacterial	1500	2023061
NZ_AFIJ01000020.1_frag_33_L1500	NZ_AFIJ01000020.1	negative_control	bacterial	1500	80676
NZ_AP012332.1_frag_666_L1500	NZ_AP012332.1	negative_control	bacterial	1500	1667406
NZ_CP065631.1_frag_867_L1500	NZ_CP065631.1	negative_control	bacterial	1500	1447017
NZ_CP011280.1_frag_531_L1500	NZ_CP011280.1	negative_control	bacterial	1500	1330224
NZ_AP012332.1_frag_447_L1500	NZ_AP012332.1	negative_control	bacterial	1500	1667406
NZ_AP012332.1_frag_643_L1500	NZ_AP012332.1	negative_control	bacterial	1500	1667406
NZ_AFIJ01000035.1_frag_9_L1500	NZ_AFIJ01000035.1	negative_control	bacterial	1500	55251
NZ_CP011280.1_frag_201_L1500	NZ_CP011280.1	negative_control	bacterial	1500	1330224
NZ_CP065631.1_frag_945_L1500	NZ_CP065631.1	negative_control	bacterial	1500	1447017
NZ_AP012332.1_frag_991_L1500	NZ_AP012332.1	negative_control	bacterial	1500	1667406
NZ_CP049230.1_frag_348_L1500	NZ_CP049230.1	negative_control	bacterial	1500	1318700
NZ_CP049230.1_frag_376_L1500	NZ_CP049230.1	negative_control	bacterial	1500	1318700
NZ_AFIJ01000032.1_frag_2_L1500	NZ_AFIJ01000032.1	negative_control	bacterial	1500	123176
NZ_CP049230.1_frag_504_L1500	NZ_CP049230.1	negative_control	bacterial	1500	1318700
NZ_CP049230.1_frag_541_L1500	NZ_CP049230.1	negative_control	bacterial	1500	1318700
NZ_CP039266.1_frag_681_L1500	NZ_CP039266.1	negative_control	bacterial	1500	2023061
NZ_AP012332.1_frag_552_L1500	NZ_AP012332.1	negative_control	bacterial	1500	1667406
NZ_CP049230.1_frag_525_L1500	NZ_CP049230.1	negative_control	bacterial	1500	1318700
NZ_AFIJ01000038.1_frag_53_L1500	NZ_AFIJ01000038.1	negative_control	bacterial	1500	96055
NZ_CP065631.1_frag_486_L1500	NZ_CP065631.1	negative_control	bacterial	1500	1447017
NZ_CP039266.1_frag_1238_L1500	NZ_CP039266.1	negative_control	bacterial	1500	2023061
NZ_AFIJ01000029.1_frag_55_L1500	NZ_AFIJ01000029.1	negative_control	bacterial	1500	104968
NZ_AFIJ01000045.1_frag_52_L1500	NZ_AFIJ01000045.1	negative_control	bacterial	1500	114466
NZ_CP039266.1_frag_923_L1500	NZ_CP039266.1	negative_control	bacterial	1500	2023061
NZ_CP039266.1_frag_772_L1500	NZ_CP039266.1	negative_control	bacterial	1500	2023061
NZ_CP065631.1_frag_600_L1500	NZ_CP065631.1	negative_control	bacterial	1500	1447017
NZ_CP039266.1_frag_1127_L1500	NZ_CP039266.1	negative_control	bacterial	1500	2023061
NZ_CP011280.1_frag_351_L1500	NZ_CP011280.1	negative_control	bacterial	1500	1330224
NZ_AP012332.1_frag_187_L1500	NZ_AP012332.1	negative_control	bacterial	1500	1667406
NZ_AP012332.1_frag_163_L1500	NZ_AP012332.1	negative_control	bacterial	1500	1667406
NZ_AFIJ01000003.1_frag_6_L1500	NZ_AFIJ01000003.1	negative_control	bacterial	1500	19318
NZ_AP012332.1_frag_968_L1500	NZ_AP012332.1	negative_control	bacterial	1500	1667406
NZ_CP039266.1_frag_1306_L1500	NZ_CP039266.1	negative_control	bacterial	1500	2023061
NZ_CP039267.1_frag_8_L1500	NZ_CP039267.1	negative_control	bacterial	1500	16343
NZ_AP012332.1_frag_857_L1500	NZ_AP012332.1	negative_control	bacterial	1500	1667406
NZ_AFIJ01000029.1_frag_49_L1500	NZ_AFIJ01000029.1	negative_control	bacterial	1500	104968
NZ_CP065631.1_frag_656_L1500	NZ_CP065631.1	negative_control	bacterial	1500	1447017
NZ_CP039266.1_frag_838_L1500	NZ_CP039266.1	negative_control	bacterial	1500	2023061
NZ_AP012332.1_frag_785_L1500	NZ_AP012332.1	negative_control	bacterial	1500	1667406
NZ_CP011280.1_frag_45_L1500	NZ_CP011280.1	negative_control	bacterial	1500	1330224
NZ_CP065631.1_frag_520_L1500	NZ_CP065631.1	negative_control	bacterial	1500	1447017
NZ_CP039266.1_frag_655_L1500	NZ_CP039266.1	negative_control	bacterial	1500	2023061
NZ_CP011280.1_frag_8_L1500	NZ_CP011280.1	negative_control	bacterial	1500	1330224
NZ_CP049230.1_frag_794_L1500	NZ_CP049230.1	negative_control	bacterial	1500	1318700
NZ_CP039266.1_frag_118_L1500	NZ_CP039266.1	negative_control	bacterial	1500	2023061
NZ_CP065631.1_frag_476_L1500	NZ_CP065631.1	negative_control	bacterial	1500	1447017
NZ_CP039266.1_frag_1045_L1500	NZ_CP039266.1	negative_control	bacterial	1500	2023061
NZ_CP049230.1_frag_111_L1500	NZ_CP049230.1	negative_control	bacterial	1500	1318700
NZ_CP049230.1_frag_641_L1500	NZ_CP049230.1	negative_control	bacterial	1500	1318700
NZ_CP039266.1_frag_682_L1500	NZ_CP039266.1	negative_control	bacterial	1500	2023061
NZ_CP039266.1_frag_817_L1500	NZ_CP039266.1	negative_control	bacterial	1500	2023061
NZ_CP039266.1_frag_671_L1500	NZ_CP039266.1	negative_control	bacterial	1500	2023061
NZ_AP012332.1_frag_625_L1500	NZ_AP012332.1	negative_control	bacterial	1500	1667406
NZ_CP011280.1_frag_437_L1500	NZ_CP011280.1	negative_control	bacterial	1500	1330224
NZ_CP049230.1_frag_249_L1500	NZ_CP049230.1	negative_control	bacterial	1500	1318700
NZ_CP039266.1_frag_996_L1500	NZ_CP039266.1	negative_control	bacterial	1500	2023061
NZ_CP049230.1_frag_372_L1500	NZ_CP049230.1	negative_control	bacterial	1500	1318700
NZ_CP049230.1_frag_52_L1500	NZ_CP049230.1	negative_control	bacterial	1500	1318700
NZ_AFIJ01000029.1_frag_38_L1500	NZ_AFIJ01000029.1	negative_control	bacterial	1500	104968
NZ_AFIJ01000007.1_frag_74_L1500	NZ_AFIJ01000007.1	negative_control	bacterial	1500	148045
NZ_AP012332.1_frag_129_L1500	NZ_AP012332.1	negative_control	bacterial	1500	1667406
NZ_CP039266.1_frag_630_L1500	NZ_CP039266.1	negative_control	bacterial	1500	2023061
NZ_AFIJ01000038.1_frag_8_L1500	NZ_AFIJ01000038.1	negative_control	bacterial	1500	96055
NZ_CP039266.1_frag_308_L1500	NZ_CP039266.1	negative_control	bacterial	1500	2023061
NZ_AP012332.1_frag_838_L1500	NZ_AP012332.1	negative_control	bacterial	1500	1667406
NZ_AP012332.1_frag_817_L1500	NZ_AP012332.1	negative_control	bacterial	1500	1667406
NZ_CP011280.1_frag_863_L1500	NZ_CP011280.1	negative_control	bacterial	1500	1330224
NZ_CP039266.1_frag_1201_L1500	NZ_CP039266.1	negative_control	bacterial	1500	2023061
NZ_CP011280.1_frag_499_L1500	NZ_CP011280.1	negative_control	bacterial	1500	1330224
NZ_CP039266.1_frag_1286_L1500	NZ_CP039266.1	negative_control	bacterial	1500	2023061
NZ_AFIJ01000011.1_frag_15_L1500	NZ_AFIJ01000011.1	negative_control	bacterial	1500	37253
NZ_AFIJ01000039.1_frag_53_L1500	NZ_AFIJ01000039.1	negative_control	bacterial	1500	122540
NZ_AP012332.1_frag_309_L1500	NZ_AP012332.1	negative_control	bacterial	1500	1667406
NZ_CP039266.1_frag_587_L1500	NZ_CP039266.1	negative_control	bacterial	1500	2023061
NZ_AFIJ01000007.1_frag_58_L1500	NZ_AFIJ01000007.1	negative_control	bacterial	1500	148045
NZ_CP011280.1_frag_249_L1500	NZ_CP011280.1	negative_control	bacterial	1500	1330224
NZ_CP039266.1_frag_656_L1500	NZ_CP039266.1	negative_control	bacterial	1500	2023061
NZ_CP011280.1_frag_635_L1500	NZ_CP011280.1	negative_control	bacterial	1500	1330224
NZ_CP049230.1_frag_637_L1500	NZ_CP049230.1	negative_control	bacterial	1500	1318700
NZ_CP049230.1_frag_11_L1500	NZ_CP049230.1	negative_control	bacterial	1500	1318700
NZ_AP012332.1_frag_779_L1500	NZ_AP012332.1	negative_control	bacterial	1500	1667406
NZ_AP012332.1_frag_386_L1500	NZ_AP012332.1	negative_control	bacterial	1500	1667406
NZ_CP011280.1_frag_458_L1500	NZ_CP011280.1	negative_control	bacterial	1500	1330224
NZ_CP049230.1_frag_183_L1500	NZ_CP049230.1	negative_control	bacterial	1500	1318700
NZ_AP012332.1_frag_101_L1500	NZ_AP012332.1	negative_control	bacterial	1500	1667406
NZ_CP039266.1_frag_909_L1500	NZ_CP039266.1	negative_control	bacterial	1500	2023061
NZ_CP039266.1_frag_253_L1500	NZ_CP039266.1	negative_control	bacterial	1500	2023061
NZ_AFIJ01000007.1_frag_53_L1500	NZ_AFIJ01000007.1	negative_control	bacterial	1500	148045
NZ_AP012332.1_frag_157_L1500	NZ_AP012332.1	negative_control	bacterial	1500	1667406
NZ_AP012332.1_frag_591_L1500	NZ_AP012332.1	negative_control	bacterial	1500	1667406
NZ_CP011280.1_frag_573_L1500	NZ_CP011280.1	negative_control	bacterial	1500	1330224
NZ_CP065631.1_frag_87_L1500	NZ_CP065631.1	negative_control	bacterial	1500	1447017
NZ_CP065631.1_frag_944_L1500	NZ_CP065631.1	negative_control	bacterial	1500	1447017
NZ_CP011280.1_frag_87_L1500	NZ_CP011280.1	negative_control	bacterial	1500	1330224
NZ_CP011280.1_frag_203_L1500	NZ_CP011280.1	negative_control	bacterial	1500	1330224
NZ_AP012332.1_frag_843_L1500	NZ_AP012332.1	negative_control	bacterial	1500	1667406
NZ_CP065631.1_frag_320_L1500	NZ_CP065631.1	negative_control	bacterial	1500	1447017
NZ_CP065631.1_frag_737_L1500	NZ_CP065631.1	negative_control	bacterial	1500	1447017
NZ_CP011280.1_frag_801_L1500	NZ_CP011280.1	negative_control	bacterial	1500	1330224
NZ_AFIJ01000045.1_frag_33_L1500	NZ_AFIJ01000045.1	negative_control	bacterial	1500	114466
NZ_CP039266.1_frag_294_L1500	NZ_CP039266.1	negative_control	bacterial	1500	2023061
NZ_AFIJ01000008.1_frag_59_L1500	NZ_AFIJ01000008.1	negative_control	bacterial	1500	149073
NZ_CP011280.1_frag_125_L1500	NZ_CP011280.1	negative_control	bacterial	1500	1330224
NZ_CP065631.1_frag_818_L1500	NZ_CP065631.1	negative_control	bacterial	1500	1447017
NZ_CP011280.1_frag_175_L1500	NZ_CP011280.1	negative_control	bacterial	1500	1330224
NZ_CP065631.1_frag_153_L1500	NZ_CP065631.1	negative_control	bacterial	1500	1447017
NZ_CP011280.1_frag_831_L1500	NZ_CP011280.1	negative_control	bacterial	1500	1330224
NZ_CP011280.1_frag_439_L1500	NZ_CP011280.1	negative_control	bacterial	1500	1330224
NZ_CP039266.1_frag_1162_L1500	NZ_CP039266.1	negative_control	bacterial	1500	2023061
NZ_CP065631.1_frag_837_L1500	NZ_CP065631.1	negative_control	bacterial	1500	1447017
NZ_CP039266.1_frag_109_L1500	NZ_CP039266.1	negative_control	bacterial	1500	2023061
NZ_CP039266.1_frag_371_L1500	NZ_CP039266.1	negative_control	bacterial	1500	2023061
NZ_CP039266.1_frag_1244_L1500	NZ_CP039266.1	negative_control	bacterial	1500	2023061
NZ_CP049230.1_frag_558_L1500	NZ_CP049230.1	negative_control	bacterial	1500	1318700
NZ_CP039266.1_frag_358_L1500	NZ_CP039266.1	negative_control	bacterial	1500	2023061
NZ_CP011280.1_frag_610_L1500	NZ_CP011280.1	negative_control	bacterial	1500	1330224
NZ_AFIJ01000039.1_frag_6_L1500	NZ_AFIJ01000039.1	negative_control	bacterial	1500	122540
NZ_AFIJ01000007.1_frag_93_L1500	NZ_AFIJ01000007.1	negative_control	bacterial	1500	148045
NZ_AP012332.1_frag_263_L1500	NZ_AP012332.1	negative_control	bacterial	1500	1667406
NZ_CP039266.1_frag_939_L1500	NZ_CP039266.1	negative_control	bacterial	1500	2023061
NZ_AP012332.1_frag_958_L1500	NZ_AP012332.1	negative_control	bacterial	1500	1667406
NZ_CP065631.1_frag_89_L1500	NZ_CP065631.1	negative_control	bacterial	1500	1447017
NZ_AFIJ01000045.1_frag_6_L1500	NZ_AFIJ01000045.1	negative_control	bacterial	1500	114466
NZ_CP039266.1_frag_719_L1500	NZ_CP039266.1	negative_control	bacterial	1500	2023061
NZ_CP011280.1_frag_190_L1500	NZ_CP011280.1	negative_control	bacterial	1500	1330224
NZ_AFIJ01000032.1_frag_74_L1500	NZ_AFIJ01000032.1	negative_control	bacterial	1500	123176
NZ_CP039266.1_frag_1302_L1500	NZ_CP039266.1	negative_control	bacterial	1500	2023061
NZ_CP039266.1_frag_491_L1500	NZ_CP039266.1	negative_control	bacterial	1500	2023061
NZ_AFIJ01000006.1_frag_16_L1500	NZ_AFIJ01000006.1	negative_control	bacterial	1500	35744
NZ_CP011280.1_frag_650_L1500	NZ_CP011280.1	negative_control	bacterial	1500	1330224
NZ_AP012332.1_frag_60_L1500	NZ_AP012332.1	negative_control	bacterial	1500	1667406
NZ_AFIJ01000036.1_frag_9_L1500	NZ_AFIJ01000036.1	negative_control	bacterial	1500	38748
NZ_CP049230.1_frag_861_L1500	NZ_CP049230.1	negative_control	bacterial	1500	1318700
NZ_CP011280.1_frag_77_L1500	NZ_CP011280.1	negative_control	bacterial	1500	1330224
NZ_CP065631.1_frag_163_L1500	NZ_CP065631.1	negative_control	bacterial	1500	1447017
NZ_CP049230.1_frag_601_L1500	NZ_CP049230.1	negative_control	bacterial	1500	1318700
NZ_AFIJ01000007.1_frag_87_L1500	NZ_AFIJ01000007.1	negative_control	bacterial	1500	148045
NZ_AP012332.1_frag_173_L1500	NZ_AP012332.1	negative_control	bacterial	1500	1667406
NZ_CP011280.1_frag_622_L1500	NZ_CP011280.1	negative_control	bacterial	1500	1330224
NZ_CP011280.1_frag_456_L1500	NZ_CP011280.1	negative_control	bacterial	1500	1330224
NZ_AP012332.1_frag_839_L1500	NZ_AP012332.1	negative_control	bacterial	1500	1667406
NZ_AP012332.1_frag_996_L1500	NZ_AP012332.1	negative_control	bacterial	1500	1667406
NZ_CP039266.1_frag_1234_L1500	NZ_CP039266.1	negative_control	bacterial	1500	2023061
NZ_CP065631.1_frag_304_L1500	NZ_CP065631.1	negative_control	bacterial	1500	1447017
NZ_AP012332.1_frag_952_L1500	NZ_AP012332.1	negative_control	bacterial	1500	1667406
NZ_AFIJ01000026.1_frag_33_L1500	NZ_AFIJ01000026.1	negative_control	bacterial	1500	50184
NZ_CP011280.1_frag_546_L1500	NZ_CP011280.1	negative_control	bacterial	1500	1330224
NZ_AFIJ01000033.1_frag_9_L1500	NZ_AFIJ01000033.1	negative_control	bacterial	1500	81962
NZ_AP012332.1_frag_469_L1500	NZ_AP012332.1	negative_control	bacterial	1500	1667406
NZ_CP065631.1_frag_783_L1500	NZ_CP065631.1	negative_control	bacterial	1500	1447017
NZ_CP039266.1_frag_1018_L1500	NZ_CP039266.1	negative_control	bacterial	1500	2023061
NZ_CP011280.1_frag_712_L1500	NZ_CP011280.1	negative_control	bacterial	1500	1330224
NZ_CP065631.1_frag_37_L1500	NZ_CP065631.1	negative_control	bacterial	1500	1447017
NZ_AFIJ01000006.1_frag_10_L1500	NZ_AFIJ01000006.1	negative_control	bacterial	1500	35744
NZ_CP049230.1_frag_266_L1500	NZ_CP049230.1	negative_control	bacterial	1500	1318700
NZ_AFIJ01000001.1_frag_1_L1500	NZ_AFIJ01000001.1	negative_control	bacterial	1500	1841
NZ_CP039266.1_frag_1232_L1500	NZ_CP039266.1	negative_control	bacterial	1500	2023061
NZ_CP039266.1_frag_72_L1500	NZ_CP039266.1	negative_control	bacterial	1500	2023061
NZ_CP039266.1_frag_211_L1500	NZ_CP039266.1	negative_control	bacterial	1500	2023061
NZ_CP011280.1_frag_233_L1500	NZ_CP011280.1	negative_control	bacterial	1500	1330224
NZ_CP011280.1_frag_785_L1500	NZ_CP011280.1	negative_control	bacterial	1500	1330224
NZ_CP011280.1_frag_44_L1500	NZ_CP011280.1	negative_control	bacterial	1500	1330224
NZ_AFIJ01000007.1_frag_95_L1500	NZ_AFIJ01000007.1	negative_control	bacterial	1500	148045
NZ_AFIJ01000033.1_frag_8_L1500	NZ_AFIJ01000033.1	negative_control	bacterial	1500	81962
NZ_AFIJ01000008.1_frag_68_L1500	NZ_AFIJ01000008.1	negative_control	bacterial	1500	149073
NZ_CP039266.1_frag_93_L1500	NZ_CP039266.1	negative_control	bacterial	1500	2023061
NZ_AP012332.1_frag_439_L1500	NZ_AP012332.1	negative_control	bacterial	1500	1667406
NZ_CP065631.1_frag_56_L1500	NZ_CP065631.1	negative_control	bacterial	1500	1447017
NZ_AP012332.1_frag_656_L1500	NZ_AP012332.1	negative_control	bacterial	1500	1667406
NZ_AFIJ01000032.1_frag_81_L1500	NZ_AFIJ01000032.1	negative_control	bacterial	1500	123176
NZ_AP012332.1_frag_1060_L1500	NZ_AP012332.1	negative_control	bacterial	1500	1667406
NZ_AP012332.1_frag_1038_L1500	NZ_AP012332.1	negative_control	bacterial	1500	1667406
NZ_CP039266.1_frag_425_L1500	NZ_CP039266.1	negative_control	bacterial	1500	2023061
NZ_CP065631.1_frag_812_L1500	NZ_CP065631.1	negative_control	bacterial	1500	1447017
NZ_CP011280.1_frag_596_L1500	NZ_CP011280.1	negative_control	bacterial	1500	1330224
NZ_AFIJ01000029.1_frag_60_L1500	NZ_AFIJ01000029.1	negative_control	bacterial	1500	104968
NZ_AP012332.1_frag_240_L1500	NZ_AP012332.1	negative_control	bacterial	1500	1667406
NZ_CP065631.1_frag_43_L1500	NZ_CP065631.1	negative_control	bacterial	1500	1447017
NZ_AFIJ01000008.1_frag_88_L1500	NZ_AFIJ01000008.1	negative_control	bacterial	1500	149073
NZ_CP065631.1_frag_538_L1500	NZ_CP065631.1	negative_control	bacterial	1500	1447017
NZ_CP065631.1_frag_691_L1500	NZ_CP065631.1	negative_control	bacterial	1500	1447017
NZ_CP011280.1_frag_828_L1500	NZ_CP011280.1	negative_control	bacterial	1500	1330224
NZ_CP065631.1_frag_568_L1500	NZ_CP065631.1	negative_control	bacterial	1500	1447017
NZ_CP049230.1_frag_380_L1500	NZ_CP049230.1	negative_control	bacterial	1500	1318700
NZ_CP065631.1_frag_616_L1500	NZ_CP065631.1	negative_control	bacterial	1500	1447017
NZ_CP065631.1_frag_760_L1500	NZ_CP065631.1	negative_control	bacterial	1500	1447017
NZ_CP049230.1_frag_695_L1500	NZ_CP049230.1	negative_control	bacterial	1500	1318700
NZ_AFIJ01000039.1_frag_74_L1500	NZ_AFIJ01000039.1	negative_control	bacterial	1500	122540
NZ_CP039266.1_frag_1229_L1500	NZ_CP039266.1	negative_control	bacterial	1500	2023061
NZ_CP011280.1_frag_273_L1500	NZ_CP011280.1	negative_control	bacterial	1500	1330224
NZ_CP039266.1_frag_1207_L1500	NZ_CP039266.1	negative_control	bacterial	1500	2023061
NZ_AP012332.1_frag_784_L1500	NZ_AP012332.1	negative_control	bacterial	1500	1667406
NZ_CP049230.1_frag_103_L1500	NZ_CP049230.1	negative_control	bacterial	1500	1318700
NZ_CP039266.1_frag_203_L1500	NZ_CP039266.1	negative_control	bacterial	1500	2023061
NZ_CP065631.1_frag_364_L1500	NZ_CP065631.1	negative_control	bacterial	1500	1447017
NZ_AP012332.1_frag_148_L1500	NZ_AP012332.1	negative_control	bacterial	1500	1667406
NZ_CP065631.1_frag_356_L1500	NZ_CP065631.1	negative_control	bacterial	1500	1447017
NZ_CP049230.1_frag_42_L1500	NZ_CP049230.1	negative_control	bacterial	1500	1318700
NZ_CP049230.1_frag_382_L1500	NZ_CP049230.1	negative_control	bacterial	1500	1318700
NZ_CP065631.1_frag_951_L1500	NZ_CP065631.1	negative_control	bacterial	1500	1447017
NZ_AFIJ01000039.1_frag_36_L1500	NZ_AFIJ01000039.1	negative_control	bacterial	1500	122540
NZ_CP011280.1_frag_587_L1500	NZ_CP011280.1	negative_control	bacterial	1500	1330224
NZ_CP049230.1_frag_354_L1500	NZ_CP049230.1	negative_control	bacterial	1500	1318700
NZ_CP065631.1_frag_887_L1500	NZ_CP065631.1	negative_control	bacterial	1500	1447017
NZ_CP039266.1_frag_63_L1500	NZ_CP039266.1	negative_control	bacterial	1500	2023061
NZ_AFIJ01000004.1_frag_35_L1500	NZ_AFIJ01000004.1	negative_control	bacterial	1500	100595
NZ_AFIJ01000032.1_frag_36_L1500	NZ_AFIJ01000032.1	negative_control	bacterial	1500	123176
NZ_CP039266.1_frag_1263_L1500	NZ_CP039266.1	negative_control	bacterial	1500	2023061
NZ_AFIJ01000032.1_frag_66_L1500	NZ_AFIJ01000032.1	negative_control	bacterial	1500	123176
NZ_CP039266.1_frag_1125_L1500	NZ_CP039266.1	negative_control	bacterial	1500	2023061
NZ_AFIJ01000029.1_frag_63_L1500	NZ_AFIJ01000029.1	negative_control	bacterial	1500	104968
NZ_CP049230.1_frag_69_L1500	NZ_CP049230.1	negative_control	bacterial	1500	1318700
NZ_CP039266.1_frag_707_L1500	NZ_CP039266.1	negative_control	bacterial	1500	2023061
NZ_CP049230.1_frag_39_L1500	NZ_CP049230.1	negative_control	bacterial	1500	1318700
NZ_AP012332.1_frag_504_L1500	NZ_AP012332.1	negative_control	bacterial	1500	1667406
NZ_CP049230.1_frag_57_L1500	NZ_CP049230.1	negative_control	bacterial	1500	1318700
NZ_CP011280.1_frag_571_L1500	NZ_CP011280.1	negative_control	bacterial	1500	1330224
NZ_CP065631.1_frag_747_L1500	NZ_CP065631.1	negative_control	bacterial	1500	1447017
NZ_AFIJ01000033.1_frag_47_L1500	NZ_AFIJ01000033.1	negative_control	bacterial	1500	81962
NZ_CP049230.1_frag_214_L1500	NZ_CP049230.1	negative_control	bacterial	1500	1318700
NZ_AFIJ01000003.1_frag_5_L1500	NZ_AFIJ01000003.1	negative_control	bacterial	1500	19318
NZ_AFIJ01000033.1_frag_10_L1500	NZ_AFIJ01000033.1	negative_control	bacterial	1500	81962
NZ_CP039266.1_frag_668_L1500	NZ_CP039266.1	negative_control	bacterial	1500	2023061
NZ_AFIJ01000035.1_frag_3_L1500	NZ_AFIJ01000035.1	negative_control	bacterial	1500	55251
NZ_AFIJ01000008.1_frag_47_L1500	NZ_AFIJ01000008.1	negative_control	bacterial	1500	149073
NZ_CP011280.1_frag_747_L1500	NZ_CP011280.1	negative_control	bacterial	1500	1330224
NZ_AFIJ01000026.1_frag_14_L1500	NZ_AFIJ01000026.1	negative_control	bacterial	1500	50184
NZ_CP049230.1_frag_653_L1500	NZ_CP049230.1	negative_control	bacterial	1500	1318700
NZ_CP065631.1_frag_516_L1500	NZ_CP065631.1	negative_control	bacterial	1500	1447017
NZ_AFIJ01000029.1_frag_67_L1500	NZ_AFIJ01000029.1	negative_control	bacterial	1500	104968
NZ_CP065631.1_frag_695_L1500	NZ_CP065631.1	negative_control	bacterial	1500	1447017
NZ_CP065631.1_frag_83_L1500	NZ_CP065631.1	negative_control	bacterial	1500	1447017
NZ_CP039266.1_frag_916_L1500	NZ_CP039266.1	negative_control	bacterial	1500	2023061
NZ_CP039266.1_frag_971_L1500	NZ_CP039266.1	negative_control	bacterial	1500	2023061
NZ_AP012332.1_frag_599_L1500	NZ_AP012332.1	negative_control	bacterial	1500	1667406
NZ_CP011280.1_frag_705_L1500	NZ_CP011280.1	negative_control	bacterial	1500	1330224
NZ_CP011280.1_frag_548_L1500	NZ_CP011280.1	negative_control	bacterial	1500	1330224
NZ_AP012332.1_frag_611_L1500	NZ_AP012332.1	negative_control	bacterial	1500	1667406
NZ_CP039266.1_frag_1261_L1500	NZ_CP039266.1	negative_control	bacterial	1500	2023061
NZ_AP012332.1_frag_756_L1500	NZ_AP012332.1	negative_control	bacterial	1500	1667406
NZ_CP011280.1_frag_678_L1500	NZ_CP011280.1	negative_control	bacterial	1500	1330224
NZ_CP039266.1_frag_274_L1500	NZ_CP039266.1	negative_control	bacterial	1500	2023061
NZ_CP039266.1_frag_154_L1500	NZ_CP039266.1	negative_control	bacterial	1500	2023061
NZ_CP039266.1_frag_914_L1500	NZ_CP039266.1	negative_control	bacterial	1500	2023061
NZ_CP065631.1_frag_147_L1500	NZ_CP065631.1	negative_control	bacterial	1500	1447017
NZ_CP049230.1_frag_130_L1500	NZ_CP049230.1	negative_control	bacterial	1500	1318700
NZ_CP049230.1_frag_338_L1500	NZ_CP049230.1	negative_control	bacterial	1500	1318700
NZ_CP065631.1_frag_462_L1500	NZ_CP065631.1	negative_control	bacterial	1500	1447017
NZ_AFIJ01000020.1_frag_5_L1500	NZ_AFIJ01000020.1	negative_control	bacterial	1500	80676
NZ_CP065631.1_frag_104_L1500	NZ_CP065631.1	negative_control	bacterial	1500	1447017
NZ_CP039266.1_frag_393_L1500	NZ_CP039266.1	negative_control	bacterial	1500	2023061
NZ_CP039266.1_frag_747_L1500	NZ_CP039266.1	negative_control	bacterial	1500	2023061
NZ_AP012332.1_frag_88_L1500	NZ_AP012332.1	negative_control	bacterial	1500	1667406
NZ_CP011280.1_frag_618_L1500	NZ_CP011280.1	negative_control	bacterial	1500	1330224
NZ_CP039266.1_frag_391_L1500	NZ_CP039266.1	negative_control	bacterial	1500	2023061
NZ_CP039266.1_frag_37_L1500	NZ_CP039266.1	negative_control	bacterial	1500	2023061
NZ_CP049230.1_frag_476_L1500	NZ_CP049230.1	negative_control	bacterial	1500	1318700
NZ_AFIJ01000032.1_frag_8_L1500	NZ_AFIJ01000032.1	negative_control	bacterial	1500	123176
NZ_CP039266.1_frag_1086_L1500	NZ_CP039266.1	negative_control	bacterial	1500	2023061
NZ_AP012332.1_frag_588_L1500	NZ_AP012332.1	negative_control	bacterial	1500	1667406
NZ_AP012332.1_frag_633_L1500	NZ_AP012332.1	negative_control	bacterial	1500	1667406
NZ_CP065631.1_frag_482_L1500	NZ_CP065631.1	negative_control	bacterial	1500	1447017
NZ_CP049230.1_frag_740_L1500	NZ_CP049230.1	negative_control	bacterial	1500	1318700
NZ_AP012332.1_frag_198_L1500	NZ_AP012332.1	negative_control	bacterial	1500	1667406
NZ_CP065631.1_frag_410_L1500	NZ_CP065631.1	negative_control	bacterial	1500	1447017
NZ_CP039266.1_frag_885_L1500	NZ_CP039266.1	negative_control	bacterial	1500	2023061
NZ_CP065631.1_frag_513_L1500	NZ_CP065631.1	negative_control	bacterial	1500	1447017
NZ_CP049230.1_frag_204_L1500	NZ_CP049230.1	negative_control	bacterial	1500	1318700
NZ_AP012332.1_frag_959_L1500	NZ_AP012332.1	negative_control	bacterial	1500	1667406
NZ_CP049230.1_frag_877_L1500	NZ_CP049230.1	negative_control	bacterial	1500	1318700
NZ_CP049230.1_frag_445_L1500	NZ_CP049230.1	negative_control	bacterial	1500	1318700
NZ_AP012332.1_frag_30_L1500	NZ_AP012332.1	negative_control	bacterial	1500	1667406
NZ_CP011280.1_frag_340_L1500	NZ_CP011280.1	negative_control	bacterial	1500	1330224
NZ_AP012332.1_frag_930_L1500	NZ_AP012332.1	negative_control	bacterial	1500	1667406
NZ_CP039266.1_frag_324_L1500	NZ_CP039266.1	negative_control	bacterial	1500	2023061
NZ_CP039266.1_frag_438_L1500	NZ_CP039266.1	negative_control	bacterial	1500	2023061
NZ_CP065631.1_frag_487_L1500	NZ_CP065631.1	negative_control	bacterial	1500	1447017
NZ_CP011280.1_frag_38_L1500	NZ_CP011280.1	negative_control	bacterial	1500	1330224
NZ_CP039266.1_frag_65_L1500	NZ_CP039266.1	negative_control	bacterial	1500	2023061
NZ_AFIJ01000039.1_frag_15_L1500	NZ_AFIJ01000039.1	negative_control	bacterial	1500	122540
NZ_AP012332.1_frag_1071_L1500	NZ_AP012332.1	negative_control	bacterial	1500	1667406
NZ_CP065631.1_frag_198_L1500	NZ_CP065631.1	negative_control	bacterial	1500	1447017
NZ_AP012332.1_frag_418_L1500	NZ_AP012332.1	negative_control	bacterial	1500	1667406
NZ_CP011280.1_frag_81_L1500	NZ_CP011280.1	negative_control	bacterial	1500	1330224
NZ_AFIJ01000036.1_frag_3_L1500	NZ_AFIJ01000036.1	negative_control	bacterial	1500	38748
NZ_CP049230.1_frag_756_L1500	NZ_CP049230.1	negative_control	bacterial	1500	1318700
NZ_CP039266.1_frag_330_L1500	NZ_CP039266.1	negative_control	bacterial	1500	2023061
NZ_CP011280.1_frag_395_L1500	NZ_CP011280.1	negative_control	bacterial	1500	1330224
NZ_CP065631.1_frag_705_L1500	NZ_CP065631.1	negative_control	bacterial	1500	1447017
NZ_CP065631.1_frag_891_L1500	NZ_CP065631.1	negative_control	bacterial	1500	1447017
NZ_CP039266.1_frag_908_L1500	NZ_CP039266.1	negative_control	bacterial	1500	2023061
NZ_AFIJ01000004.1_frag_27_L1500	NZ_AFIJ01000004.1	negative_control	bacterial	1500	100595
NZ_CP065631.1_frag_858_L1500	NZ_CP065631.1	negative_control	bacterial	1500	1447017
NZ_CP011280.1_frag_22_L1500	NZ_CP011280.1	negative_control	bacterial	1500	1330224
NZ_CP039266.1_frag_696_L1500	NZ_CP039266.1	negative_control	bacterial	1500	2023061
NZ_CP049230.1_frag_168_L1500	NZ_CP049230.1	negative_control	bacterial	1500	1318700
NZ_CP065631.1_frag_820_L1500	NZ_CP065631.1	negative_control	bacterial	1500	1447017
NZ_CP065631.1_frag_171_L1500	NZ_CP065631.1	negative_control	bacterial	1500	1447017
NZ_CP011280.1_frag_384_L1500	NZ_CP011280.1	negative_control	bacterial	1500	1330224
NZ_AFIJ01000014.1_frag_4_L1500	NZ_AFIJ01000014.1	negative_control	bacterial	1500	11574
NZ_CP049230.1_frag_256_L1500	NZ_CP049230.1	negative_control	bacterial	1500	1318700
NZ_AFIJ01000006.1_frag_9_L1500	NZ_AFIJ01000006.1	negative_control	bacterial	1500	35744
NZ_CP065631.1_frag_551_L1500	NZ_CP065631.1	negative_control	bacterial	1500	1447017
NZ_CP065631.1_frag_63_L1500	NZ_CP065631.1	negative_control	bacterial	1500	1447017
NZ_CP065631.1_frag_61_L1500	NZ_CP065631.1	negative_control	bacterial	1500	1447017
NZ_CP065631.1_frag_862_L1500	NZ_CP065631.1	negative_control	bacterial	1500	1447017
NZ_AP012332.1_frag_860_L1500	NZ_AP012332.1	negative_control	bacterial	1500	1667406
NZ_AFIJ01000008.1_frag_9_L1500	NZ_AFIJ01000008.1	negative_control	bacterial	1500	149073
NZ_CP065631.1_frag_605_L1500	NZ_CP065631.1	negative_control	bacterial	1500	1447017
NZ_CP065631.1_frag_761_L1500	NZ_CP065631.1	negative_control	bacterial	1500	1447017
NZ_CP049230.1_frag_512_L1500	NZ_CP049230.1	negative_control	bacterial	1500	1318700
NZ_CP039266.1_frag_515_L1500	NZ_CP039266.1	negative_control	bacterial	1500	2023061
NZ_AP012332.1_frag_53_L1500	NZ_AP012332.1	negative_control	bacterial	1500	1667406
NZ_CP039266.1_frag_1035_L1500	NZ_CP039266.1	negative_control	bacterial	1500	2023061
NZ_AFIJ01000032.1_frag_18_L1500	NZ_AFIJ01000032.1	negative_control	bacterial	1500	123176
NZ_CP049230.1_frag_59_L1500	NZ_CP049230.1	negative_control	bacterial	1500	1318700
NZ_AFIJ01000007.1_frag_91_L1500	NZ_AFIJ01000007.1	negative_control	bacterial	1500	148045
NZ_AFIJ01000007.1_frag_35_L1500	NZ_AFIJ01000007.1	negative_control	bacterial	1500	148045
NZ_AFIJ01000044.1_frag_6_L1500	NZ_AFIJ01000044.1	negative_control	bacterial	1500	23508
NZ_CP039266.1_frag_310_L1500	NZ_CP039266.1	negative_control	bacterial	1500	2023061
NZ_AP012332.1_frag_2_L1500	NZ_AP012332.1	negative_control	bacterial	1500	1667406
NZ_AP012332.1_frag_808_L1500	NZ_AP012332.1	negative_control	bacterial	1500	1667406
NZ_AP012332.1_frag_842_L1500	NZ_AP012332.1	negative_control	bacterial	1500	1667406
NZ_AFIJ01000008.1_frag_63_L1500	NZ_AFIJ01000008.1	negative_control	bacterial	1500	149073
NZ_CP065631.1_frag_324_L1500	NZ_CP065631.1	negative_control	bacterial	1500	1447017
NZ_CP039266.1_frag_728_L1500	NZ_CP039266.1	negative_control	bacterial	1500	2023061
NZ_AFIJ01000011.1_frag_8_L1500	NZ_AFIJ01000011.1	negative_control	bacterial	1500	37253
NZ_CP065631.1_frag_21_L1500	NZ_CP065631.1	negative_control	bacterial	1500	1447017
NZ_AP012332.1_frag_890_L1500	NZ_AP012332.1	negative_control	bacterial	1500	1667406
NZ_AP012332.1_frag_434_L1500	NZ_AP012332.1	negative_control	bacterial	1500	1667406
NZ_CP065631.1_frag_148_L1500	NZ_CP065631.1	negative_control	bacterial	1500	1447017
NZ_AP012332.1_frag_1086_L1500	NZ_AP012332.1	negative_control	bacterial	1500	1667406
NZ_AFIJ01000029.1_frag_20_L1500	NZ_AFIJ01000029.1	negative_control	bacterial	1500	104968
NZ_AP012332.1_frag_200_L1500	NZ_AP012332.1	negative_control	bacterial	1500	1667406
NZ_CP011280.1_frag_425_L1500	NZ_CP011280.1	negative_control	bacterial	1500	1330224
NZ_AFIJ01000035.1_frag_36_L1500	NZ_AFIJ01000035.1	negative_control	bacterial	1500	55251
NZ_CP065631.1_frag_621_L1500	NZ_CP065631.1	negative_control	bacterial	1500	1447017
NZ_CP039266.1_frag_1095_L1500	NZ_CP039266.1	negative_control	bacterial	1500	2023061
NZ_CP039266.1_frag_578_L1500	NZ_CP039266.1	negative_control	bacterial	1500	2023061
NZ_CP011280.1_frag_309_L1500	NZ_CP011280.1	negative_control	bacterial	1500	1330224
NZ_CP039266.1_frag_800_L1500	NZ_CP039266.1	negative_control	bacterial	1500	2023061
NZ_CP011280.1_frag_252_L1500	NZ_CP011280.1	negative_control	bacterial	1500	1330224
NZ_AFIJ01000023.1_frag_4_L1500	NZ_AFIJ01000023.1	negative_control	bacterial	1500	71554
NZ_CP065631.1_frag_845_L1500	NZ_CP065631.1	negative_control	bacterial	1500	1447017
NZ_CP011280.1_frag_720_L1500	NZ_CP011280.1	negative_control	bacterial	1500	1330224
NZ_CP049230.1_frag_483_L1500	NZ_CP049230.1	negative_control	bacterial	1500	1318700
NZ_CP011280.1_frag_230_L1500	NZ_CP011280.1	negative_control	bacterial	1500	1330224
NZ_AFIJ01000014.1_frag_6_L1500	NZ_AFIJ01000014.1	negative_control	bacterial	1500	11574
NZ_CP011280.1_frag_392_L1500	NZ_CP011280.1	negative_control	bacterial	1500	1330224
NZ_AP012332.1_frag_569_L1500	NZ_AP012332.1	negative_control	bacterial	1500	1667406
NZ_CP049230.1_frag_51_L1500	NZ_CP049230.1	negative_control	bacterial	1500	1318700
NZ_CP011280.1_frag_480_L1500	NZ_CP011280.1	negative_control	bacterial	1500	1330224
NZ_CP039266.1_frag_1219_L1500	NZ_CP039266.1	negative_control	bacterial	1500	2023061
NZ_CP011280.1_frag_137_L1500	NZ_CP011280.1	negative_control	bacterial	1500	1330224
NZ_CP039266.1_frag_1135_L1500	NZ_CP039266.1	negative_control	bacterial	1500	2023061
NZ_CP049230.1_frag_611_L1500	NZ_CP049230.1	negative_control	bacterial	1500	1318700
NZ_AFIJ01000045.1_frag_8_L1500	NZ_AFIJ01000045.1	negative_control	bacterial	1500	114466
NZ_CP011280.1_frag_534_L1500	NZ_CP011280.1	negative_control	bacterial	1500	1330224
NZ_CP049230.1_frag_277_L1500	NZ_CP049230.1	negative_control	bacterial	1500	1318700
NZ_AFIJ01000009.1_frag_2_L1500	NZ_AFIJ01000009.1	negative_control	bacterial	1500	28506
NZ_CP065631.1_frag_313_L1500	NZ_CP065631.1	negative_control	bacterial	1500	1447017
NZ_CP039266.1_frag_744_L1500	NZ_CP039266.1	negative_control	bacterial	1500	2023061
NZ_CP065631.1_frag_218_L1500	NZ_CP065631.1	negative_control	bacterial	1500	1447017
NZ_AP012332.1_frag_419_L1500	NZ_AP012332.1	negative_control	bacterial	1500	1667406
NZ_AFIJ01000023.1_frag_22_L1500	NZ_AFIJ01000023.1	negative_control	bacterial	1500	71554
NZ_CP039266.1_frag_272_L1500	NZ_CP039266.1	negative_control	bacterial	1500	2023061
NZ_CP039266.1_frag_1070_L1500	NZ_CP039266.1	negative_control	bacterial	1500	2023061
NZ_AFIJ01000006.1_frag_15_L1500	NZ_AFIJ01000006.1	negative_control	bacterial	1500	35744
NZ_CP065631.1_frag_80_L1500	NZ_CP065631.1	negative_control	bacterial	1500	1447017
NZ_CP039266.1_frag_1126_L1500	NZ_CP039266.1	negative_control	bacterial	1500	2023061
NZ_CP049230.1_frag_81_L1500	NZ_CP049230.1	negative_control	bacterial	1500	1318700
NZ_CP065631.1_frag_703_L1500	NZ_CP065631.1	negative_control	bacterial	1500	1447017
NZ_CP011280.1_frag_306_L1500	NZ_CP011280.1	negative_control	bacterial	1500	1330224
NZ_CP039266.1_frag_757_L1500	NZ_CP039266.1	negative_control	bacterial	1500	2023061
NZ_AP012332.1_frag_632_L1500	NZ_AP012332.1	negative_control	bacterial	1500	1667406
NZ_CP011280.1_frag_17_L1500	NZ_CP011280.1	negative_control	bacterial	1500	1330224
NZ_CP049230.1_frag_607_L1500	NZ_CP049230.1	negative_control	bacterial	1500	1318700
NZ_CP039266.1_frag_297_L1500	NZ_CP039266.1	negative_control	bacterial	1500	2023061
NZ_AFIJ01000035.1_frag_16_L1500	NZ_AFIJ01000035.1	negative_control	bacterial	1500	55251
NZ_CP049230.1_frag_815_L1500	NZ_CP049230.1	negative_control	bacterial	1500	1318700
NZ_CP039266.1_frag_1202_L1500	NZ_CP039266.1	negative_control	bacterial	1500	2023061
NZ_AFIJ01000029.1_frag_8_L1500	NZ_AFIJ01000029.1	negative_control	bacterial	1500	104968
NZ_CP065631.1_frag_27_L1500	NZ_CP065631.1	negative_control	bacterial	1500	1447017
NZ_AFIJ01000038.1_frag_25_L1500	NZ_AFIJ01000038.1	negative_control	bacterial	1500	96055
NZ_AP012332.1_frag_703_L1500	NZ_AP012332.1	negative_control	bacterial	1500	1667406
NZ_AP012332.1_frag_1075_L1500	NZ_AP012332.1	negative_control	bacterial	1500	1667406
NZ_CP011280.1_frag_649_L1500	NZ_CP011280.1	negative_control	bacterial	1500	1330224
NZ_CP039266.1_frag_17_L1500	NZ_CP039266.1	negative_control	bacterial	1500	2023061
NZ_CP039266.1_frag_414_L1500	NZ_CP039266.1	negative_control	bacterial	1500	2023061
NZ_CP039266.1_frag_127_L1500	NZ_CP039266.1	negative_control	bacterial	1500	2023061
NZ_CP011280.1_frag_482_L1500	NZ_CP011280.1	negative_control	bacterial	1500	1330224
NZ_AP012332.1_frag_744_L1500	NZ_AP012332.1	negative_control	bacterial	1500	1667406
NZ_CP039266.1_frag_201_L1500	NZ_CP039266.1	negative_control	bacterial	1500	2023061
NZ_AFIJ01000032.1_frag_64_L1500	NZ_AFIJ01000032.1	negative_control	bacterial	1500	123176
NZ_CP049230.1_frag_690_L1500	NZ_CP049230.1	negative_control	bacterial	1500	1318700
NZ_CP049230.1_frag_252_L1500	NZ_CP049230.1	negative_control	bacterial	1500	1318700
NZ_AFIJ01000018.1_frag_3_L1500	NZ_AFIJ01000018.1	negative_control	bacterial	1500	43361
NZ_CP049230.1_frag_556_L1500	NZ_CP049230.1	negative_control	bacterial	1500	1318700
NZ_CP039266.1_frag_188_L1500	NZ_CP039266.1	negative_control	bacterial	1500	2023061
NZ_CP039266.1_frag_1054_L1500	NZ_CP039266.1	negative_control	bacterial	1500	2023061
NZ_CP049230.1_frag_76_L1500	NZ_CP049230.1	negative_control	bacterial	1500	1318700
NZ_AFIJ01000044.1_frag_7_L1500	NZ_AFIJ01000044.1	negative_control	bacterial	1500	23508
NZ_CP039266.1_frag_628_L1500	NZ_CP039266.1	negative_control	bacterial	1500	2023061
NZ_AP012332.1_frag_501_L1500	NZ_AP012332.1	negative_control	bacterial	1500	1667406
NZ_CP065631.1_frag_555_L1500	NZ_CP065631.1	negative_control	bacterial	1500	1447017
NZ_CP049230.1_frag_693_L1500	NZ_CP049230.1	negative_control	bacterial	1500	1318700
NZ_CP011280.1_frag_331_L1500	NZ_CP011280.1	negative_control	bacterial	1500	1330224
NZ_AFIJ01000017.1_frag_5_L1500	NZ_AFIJ01000017.1	negative_control	bacterial	1500	21892
NZ_CP065631.1_frag_86_L1500	NZ_CP065631.1	negative_control	bacterial	1500	1447017
NZ_AFIJ01000019.1_frag_3_L1500	NZ_AFIJ01000019.1	negative_control	bacterial	1500	11839
NZ_CP049230.1_frag_744_L1500	NZ_CP049230.1	negative_control	bacterial	1500	1318700
NZ_CP039266.1_frag_470_L1500	NZ_CP039266.1	negative_control	bacterial	1500	2023061
NZ_CP011280.1_frag_315_L1500	NZ_CP011280.1	negative_control	bacterial	1500	1330224
NZ_AP012332.1_frag_1093_L1500	NZ_AP012332.1	negative_control	bacterial	1500	1667406
NZ_AP012332.1_frag_940_L1500	NZ_AP012332.1	negative_control	bacterial	1500	1667406
NZ_CP065631.1_frag_952_L1500	NZ_CP065631.1	negative_control	bacterial	1500	1447017
NZ_AFIJ01000018.1_frag_12_L1500	NZ_AFIJ01000018.1	negative_control	bacterial	1500	43361
NZ_CP011280.1_frag_709_L1500	NZ_CP011280.1	negative_control	bacterial	1500	1330224
NZ_AFIJ01000020.1_frag_40_L1500	NZ_AFIJ01000020.1	negative_control	bacterial	1500	80676
NZ_CP065631.1_frag_591_L1500	NZ_CP065631.1	negative_control	bacterial	1500	1447017
NZ_CP065631.1_frag_451_L1500	NZ_CP065631.1	negative_control	bacterial	1500	1447017
NZ_AP012332.1_frag_291_L1500	NZ_AP012332.1	negative_control	bacterial	1500	1667406
NZ_AP012332.1_frag_714_L1500	NZ_AP012332.1	negative_control	bacterial	1500	1667406
NZ_CP039266.1_frag_452_L1500	NZ_CP039266.1	negative_control	bacterial	1500	2023061
NZ_CP011280.1_frag_607_L1500	NZ_CP011280.1	negative_control	bacterial	1500	1330224
NZ_AP012332.1_frag_281_L1500	NZ_AP012332.1	negative_control	bacterial	1500	1667406
NZ_CP049230.1_frag_557_L1500	NZ_CP049230.1	negative_control	bacterial	1500	1318700
NZ_CP049230.1_frag_13_L1500	NZ_CP049230.1	negative_control	bacterial	1500	1318700
NZ_AFIJ01000006.1_frag_13_L1500	NZ_AFIJ01000006.1	negative_control	bacterial	1500	35744
NZ_AFIJ01000032.1_frag_41_L1500	NZ_AFIJ01000032.1	negative_control	bacterial	1500	123176
NZ_CP065631.1_frag_481_L1500	NZ_CP065631.1	negative_control	bacterial	1500	1447017
NZ_AP012332.1_frag_499_L1500	NZ_AP012332.1	negative_control	bacterial	1500	1667406
NZ_AP012332.1_frag_55_L1500	NZ_AP012332.1	negative_control	bacterial	1500	1667406
NZ_CP039266.1_frag_1265_L1500	NZ_CP039266.1	negative_control	bacterial	1500	2023061
NZ_CP039266.1_frag_291_L1500	NZ_CP039266.1	negative_control	bacterial	1500	2023061
NZ_CP049230.1_frag_248_L1500	NZ_CP049230.1	negative_control	bacterial	1500	1318700
NZ_AFIJ01000045.1_frag_16_L1500	NZ_AFIJ01000045.1	negative_control	bacterial	1500	114466
NZ_CP039266.1_frag_797_L1500	NZ_CP039266.1	negative_control	bacterial	1500	2023061
NZ_CP065631.1_frag_572_L1500	NZ_CP065631.1	negative_control	bacterial	1500	1447017
NZ_AP012332.1_frag_303_L1500	NZ_AP012332.1	negative_control	bacterial	1500	1667406
NZ_AP012332.1_frag_12_L1500	NZ_AP012332.1	negative_control	bacterial	1500	1667406
NZ_AFIJ01000008.1_frag_55_L1500	NZ_AFIJ01000008.1	negative_control	bacterial	1500	149073
NZ_AFIJ01000032.1_frag_46_L1500	NZ_AFIJ01000032.1	negative_control	bacterial	1500	123176
NZ_AFIJ01000039.1_frag_14_L1500	NZ_AFIJ01000039.1	negative_control	bacterial	1500	122540
NZ_CP039266.1_frag_1129_L1500	NZ_CP039266.1	negative_control	bacterial	1500	2023061
NZ_CP049230.1_frag_513_L1500	NZ_CP049230.1	negative_control	bacterial	1500	1318700
NZ_CP039266.1_frag_145_L1500	NZ_CP039266.1	negative_control	bacterial	1500	2023061
NZ_CP039266.1_frag_717_L1500	NZ_CP039266.1	negative_control	bacterial	1500	2023061
NZ_CP039266.1_frag_571_L1500	NZ_CP039266.1	negative_control	bacterial	1500	2023061
NZ_AFIJ01000029.1_frag_39_L1500	NZ_AFIJ01000029.1	negative_control	bacterial	1500	104968
NZ_CP065631.1_frag_724_L1500	NZ_CP065631.1	negative_control	bacterial	1500	1447017
NZ_CP065631.1_frag_939_L1500	NZ_CP065631.1	negative_control	bacterial	1500	1447017
NZ_CP039266.1_frag_731_L1500	NZ_CP039266.1	negative_control	bacterial	1500	2023061
NZ_AP012332.1_frag_48_L1500	NZ_AP012332.1	negative_control	bacterial	1500	1667406
NZ_AP012332.1_frag_474_L1500	NZ_AP012332.1	negative_control	bacterial	1500	1667406
NZ_AP012332.1_frag_465_L1500	NZ_AP012332.1	negative_control	bacterial	1500	1667406
NZ_CP011280.1_frag_518_L1500	NZ_CP011280.1	negative_control	bacterial	1500	1330224
NZ_AFIJ01000009.1_frag_14_L1500	NZ_AFIJ01000009.1	negative_control	bacterial	1500	28506
NZ_CP039266.1_frag_480_L1500	NZ_CP039266.1	negative_control	bacterial	1500	2023061
NZ_CP039266.1_frag_1036_L1500	NZ_CP039266.1	negative_control	bacterial	1500	2023061
NZ_CP011280.1_frag_444_L1500	NZ_CP011280.1	negative_control	bacterial	1500	1330224
NZ_CP065631.1_frag_655_L1500	NZ_CP065631.1	negative_control	bacterial	1500	1447017
NZ_CP049230.1_frag_392_L1500	NZ_CP049230.1	negative_control	bacterial	1500	1318700
NZ_AFIJ01000038.1_frag_10_L1500	NZ_AFIJ01000038.1	negative_control	bacterial	1500	96055
NZ_CP011280.1_frag_9_L1500	NZ_CP011280.1	negative_control	bacterial	1500	1330224
NZ_CP011280.1_frag_732_L1500	NZ_CP011280.1	negative_control	bacterial	1500	1330224
NZ_CP011280.1_frag_835_L1500	NZ_CP011280.1	negative_control	bacterial	1500	1330224
NZ_CP039266.1_frag_726_L1500	NZ_CP039266.1	negative_control	bacterial	1500	2023061
NZ_CP039266.1_frag_342_L1500	NZ_CP039266.1	negative_control	bacterial	1500	2023061
NZ_CP065631.1_frag_847_L1500	NZ_CP065631.1	negative_control	bacterial	1500	1447017
NZ_CP039266.1_frag_197_L1500	NZ_CP039266.1	negative_control	bacterial	1500	2023061
NZ_AFIJ01000020.1_frag_16_L1500	NZ_AFIJ01000020.1	negative_control	bacterial	1500	80676
NZ_AFIJ01000032.1_frag_45_L1500	NZ_AFIJ01000032.1	negative_control	bacterial	1500	123176
NZ_AP012332.1_frag_1089_L1500	NZ_AP012332.1	negative_control	bacterial	1500	1667406
NZ_CP011280.1_frag_339_L1500	NZ_CP011280.1	negative_control	bacterial	1500	1330224
NZ_AP012332.1_frag_268_L1500	NZ_AP012332.1	negative_control	bacterial	1500	1667406
NZ_CP049230.1_frag_448_L1500	NZ_CP049230.1	negative_control	bacterial	1500	1318700
NZ_AP012332.1_frag_400_L1500	NZ_AP012332.1	negative_control	bacterial	1500	1667406
NZ_CP011280.1_frag_516_L1500	NZ_CP011280.1	negative_control	bacterial	1500	1330224
NZ_CP011280.1_frag_645_L1500	NZ_CP011280.1	negative_control	bacterial	1500	1330224
NZ_CP011280.1_frag_875_L1500	NZ_CP011280.1	negative_control	bacterial	1500	1330224
NZ_AFIJ01000006.1_frag_6_L1500	NZ_AFIJ01000006.1	negative_control	bacterial	1500	35744
NZ_CP065631.1_frag_882_L1500	NZ_CP065631.1	negative_control	bacterial	1500	1447017
NZ_CP049230.1_frag_821_L1500	NZ_CP049230.1	negative_control	bacterial	1500	1318700
NZ_CP039266.1_frag_1140_L1500	NZ_CP039266.1	negative_control	bacterial	1500	2023061
NZ_AP012332.1_frag_420_L1500	NZ_AP012332.1	negative_control	bacterial	1500	1667406
NZ_AFIJ01000039.1_frag_51_L1500	NZ_AFIJ01000039.1	negative_control	bacterial	1500	122540
NZ_CP039266.1_frag_1118_L1500	NZ_CP039266.1	negative_control	bacterial	1500	2023061
NZ_CP065631.1_frag_123_L1500	NZ_CP065631.1	negative_control	bacterial	1500	1447017
NZ_AFIJ01000021.1_frag_1_L1500	NZ_AFIJ01000021.1	negative_control	bacterial	1500	2632
NZ_AFIJ01000029.1_frag_58_L1500	NZ_AFIJ01000029.1	negative_control	bacterial	1500	104968
NZ_CP065631.1_frag_226_L1500	NZ_CP065631.1	negative_control	bacterial	1500	1447017
NZ_AFIJ01000014.1_frag_1_L1500	NZ_AFIJ01000014.1	negative_control	bacterial	1500	11574
NZ_CP065631.1_frag_276_L1500	NZ_CP065631.1	negative_control	bacterial	1500	1447017
NZ_AP012332.1_frag_830_L1500	NZ_AP012332.1	negative_control	bacterial	1500	1667406
NZ_CP039266.1_frag_1055_L1500	NZ_CP039266.1	negative_control	bacterial	1500	2023061
NZ_CP065631.1_frag_265_L1500	NZ_CP065631.1	negative_control	bacterial	1500	1447017
NZ_AP012332.1_frag_426_L1500	NZ_AP012332.1	negative_control	bacterial	1500	1667406
NZ_AP012332.1_frag_669_L1500	NZ_AP012332.1	negative_control	bacterial	1500	1667406
NZ_CP049230.1_frag_179_L1500	NZ_CP049230.1	negative_control	bacterial	1500	1318700
NZ_CP065631.1_frag_630_L1500	NZ_CP065631.1	negative_control	bacterial	1500	1447017
NZ_CP049230.1_frag_669_L1500	NZ_CP049230.1	negative_control	bacterial	1500	1318700
NZ_CP049230.1_frag_715_L1500	NZ_CP049230.1	negative_control	bacterial	1500	1318700
NZ_CP049230.1_frag_150_L1500	NZ_CP049230.1	negative_control	bacterial	1500	1318700
NZ_CP011280.1_frag_240_L1500	NZ_CP011280.1	negative_control	bacterial	1500	1330224
NZ_AFIJ01000035.1_frag_13_L1500	NZ_AFIJ01000035.1	negative_control	bacterial	1500	55251
NZ_AP012332.1_frag_906_L1500	NZ_AP012332.1	negative_control	bacterial	1500	1667406
NZ_CP049230.1_frag_101_L1500	NZ_CP049230.1	negative_control	bacterial	1500	1318700
NZ_CP011280.1_frag_558_L1500	NZ_CP011280.1	negative_control	bacterial	1500	1330224
NZ_AP012332.1_frag_1022_L1500	NZ_AP012332.1	negative_control	bacterial	1500	1667406
NZ_CP011280.1_frag_62_L1500	NZ_CP011280.1	negative_control	bacterial	1500	1330224
NZ_CP065631.1_frag_856_L1500	NZ_CP065631.1	negative_control	bacterial	1500	1447017
NZ_CP065631.1_frag_420_L1500	NZ_CP065631.1	negative_control	bacterial	1500	1447017
NZ_CP065631.1_frag_108_L1500	NZ_CP065631.1	negative_control	bacterial	1500	1447017
NZ_CP049230.1_frag_210_L1500	NZ_CP049230.1	negative_control	bacterial	1500	1318700
NZ_CP049230.1_frag_477_L1500	NZ_CP049230.1	negative_control	bacterial	1500	1318700
NZ_CP049230.1_frag_679_L1500	NZ_CP049230.1	negative_control	bacterial	1500	1318700
NZ_CP039266.1_frag_1299_L1500	NZ_CP039266.1	negative_control	bacterial	1500	2023061
NZ_CP039266.1_frag_113_L1500	NZ_CP039266.1	negative_control	bacterial	1500	2023061
NZ_CP039266.1_frag_690_L1500	NZ_CP039266.1	negative_control	bacterial	1500	2023061
NZ_AP012332.1_frag_318_L1500	NZ_AP012332.1	negative_control	bacterial	1500	1667406
NZ_CP011280.1_frag_102_L1500	NZ_CP011280.1	negative_control	bacterial	1500	1330224
NZ_AP012332.1_frag_182_L1500	NZ_AP012332.1	negative_control	bacterial	1500	1667406
NZ_CP011280.1_frag_614_L1500	NZ_CP011280.1	negative_control	bacterial	1500	1330224
NZ_CP011280.1_frag_12_L1500	NZ_CP011280.1	negative_control	bacterial	1500	1330224
NZ_AP012332.1_frag_397_L1500	NZ_AP012332.1	negative_control	bacterial	1500	1667406
NZ_AP012332.1_frag_33_L1500	NZ_AP012332.1	negative_control	bacterial	1500	1667406
NZ_CP011280.1_frag_868_L1500	NZ_CP011280.1	negative_control	bacterial	1500	1330224
NZ_CP039266.1_frag_845_L1500	NZ_CP039266.1	negative_control	bacterial	1500	2023061
NZ_AFIJ01000017.1_frag_14_L1500	NZ_AFIJ01000017.1	negative_control	bacterial	1500	21892
NZ_CP011280.1_frag_59_L1500	NZ_CP011280.1	negative_control	bacterial	1500	1330224
NZ_AP012332.1_frag_948_L1500	NZ_AP012332.1	negative_control	bacterial	1500	1667406
NZ_AFIJ01000023.1_frag_35_L1500	NZ_AFIJ01000023.1	negative_control	bacterial	1500	71554
NZ_CP011280.1_frag_576_L1500	NZ_CP011280.1	negative_control	bacterial	1500	1330224
NZ_CP065631.1_frag_220_L1500	NZ_CP065631.1	negative_control	bacterial	1500	1447017
NZ_CP039266.1_frag_667_L1500	NZ_CP039266.1	negative_control	bacterial	1500	2023061
NZ_CP011280.1_frag_288_L1500	NZ_CP011280.1	negative_control	bacterial	1500	1330224
NZ_CP039266.1_frag_1083_L1500	NZ_CP039266.1	negative_control	bacterial	1500	2023061
NZ_AFIJ01000038.1_frag_29_L1500	NZ_AFIJ01000038.1	negative_control	bacterial	1500	96055
NZ_CP049230.1_frag_853_L1500	NZ_CP049230.1	negative_control	bacterial	1500	1318700
NZ_CP049230.1_frag_265_L1500	NZ_CP049230.1	negative_control	bacterial	1500	1318700
NZ_AP012332.1_frag_517_L1500	NZ_AP012332.1	negative_control	bacterial	1500	1667406
NZ_CP049230.1_frag_315_L1500	NZ_CP049230.1	negative_control	bacterial	1500	1318700
NZ_CP039266.1_frag_527_L1500	NZ_CP039266.1	negative_control	bacterial	1500	2023061
NZ_CP065631.1_frag_899_L1500	NZ_CP065631.1	negative_control	bacterial	1500	1447017
NZ_CP039266.1_frag_752_L1500	NZ_CP039266.1	negative_control	bacterial	1500	2023061
NZ_CP039266.1_frag_73_L1500	NZ_CP039266.1	negative_control	bacterial	1500	2023061
NZ_AP012332.1_frag_58_L1500	NZ_AP012332.1	negative_control	bacterial	1500	1667406
NZ_AFIJ01000032.1_frag_51_L1500	NZ_AFIJ01000032.1	negative_control	bacterial	1500	123176
NZ_AFIJ01000007.1_frag_72_L1500	NZ_AFIJ01000007.1	negative_control	bacterial	1500	148045
NZ_CP039266.1_frag_1276_L1500	NZ_CP039266.1	negative_control	bacterial	1500	2023061
NZ_CP065631.1_frag_823_L1500	NZ_CP065631.1	negative_control	bacterial	1500	1447017
NZ_CP049230.1_frag_438_L1500	NZ_CP049230.1	negative_control	bacterial	1500	1318700
NZ_CP011280.1_frag_245_L1500	NZ_CP011280.1	negative_control	bacterial	1500	1330224
NZ_CP011280.1_frag_34_L1500	NZ_CP011280.1	negative_control	bacterial	1500	1330224
NZ_CP011280.1_frag_638_L1500	NZ_CP011280.1	negative_control	bacterial	1500	1330224
NZ_AP012332.1_frag_763_L1500	NZ_AP012332.1	negative_control	bacterial	1500	1667406
NZ_AFIJ01000008.1_frag_7_L1500	NZ_AFIJ01000008.1	negative_control	bacterial	1500	149073
NZ_CP039266.1_frag_694_L1500	NZ_CP039266.1	negative_control	bacterial	1500	2023061
NZ_CP039266.1_frag_266_L1500	NZ_CP039266.1	negative_control	bacterial	1500	2023061
NZ_CP049230.1_frag_769_L1500	NZ_CP049230.1	negative_control	bacterial	1500	1318700
NZ_AP012332.1_frag_957_L1500	NZ_AP012332.1	negative_control	bacterial	1500	1667406
NZ_CP011280.1_frag_462_L1500	NZ_CP011280.1	negative_control	bacterial	1500	1330224
NZ_AP012332.1_frag_341_L1500	NZ_AP012332.1	negative_control	bacterial	1500	1667406
NZ_CP065631.1_frag_920_L1500	NZ_CP065631.1	negative_control	bacterial	1500	1447017
NZ_CP039266.1_frag_254_L1500	NZ_CP039266.1	negative_control	bacterial	1500	2023061
NZ_CP049230.1_frag_269_L1500	NZ_CP049230.1	negative_control	bacterial	1500	1318700
NZ_AP012332.1_frag_358_L1500	NZ_AP012332.1	negative_control	bacterial	1500	1667406
NZ_AFIJ01000004.1_frag_49_L1500	NZ_AFIJ01000004.1	negative_control	bacterial	1500	100595
NZ_AFIJ01000008.1_frag_64_L1500	NZ_AFIJ01000008.1	negative_control	bacterial	1500	149073
NZ_AP012332.1_frag_278_L1500	NZ_AP012332.1	negative_control	bacterial	1500	1667406
NZ_CP011280.1_frag_529_L1500	NZ_CP011280.1	negative_control	bacterial	1500	1330224
NZ_CP011280.1_frag_674_L1500	NZ_CP011280.1	negative_control	bacterial	1500	1330224
NZ_CP039266.1_frag_993_L1500	NZ_CP039266.1	negative_control	bacterial	1500	2023061
NZ_CP011280.1_frag_731_L1500	NZ_CP011280.1	negative_control	bacterial	1500	1330224
NZ_CP011280.1_frag_95_L1500	NZ_CP011280.1	negative_control	bacterial	1500	1330224
NZ_AFIJ01000045.1_frag_60_L1500	NZ_AFIJ01000045.1	negative_control	bacterial	1500	114466
NZ_CP049230.1_frag_473_L1500	NZ_CP049230.1	negative_control	bacterial	1500	1318700
NZ_CP065631.1_frag_943_L1500	NZ_CP065631.1	negative_control	bacterial	1500	1447017
NZ_CP065631.1_frag_335_L1500	NZ_CP065631.1	negative_control	bacterial	1500	1447017
NZ_CP039266.1_frag_514_L1500	NZ_CP039266.1	negative_control	bacterial	1500	2023061
NZ_CP049230.1_frag_161_L1500	NZ_CP049230.1	negative_control	bacterial	1500	1318700
NZ_CP049230.1_frag_301_L1500	NZ_CP049230.1	negative_control	bacterial	1500	1318700
NZ_AFIJ01000039.1_frag_27_L1500	NZ_AFIJ01000039.1	negative_control	bacterial	1500	122540
NZ_CP065631.1_frag_279_L1500	NZ_CP065631.1	negative_control	bacterial	1500	1447017
NZ_AFIJ01000045.1_frag_68_L1500	NZ_AFIJ01000045.1	negative_control	bacterial	1500	114466
NZ_CP039266.1_frag_204_L1500	NZ_CP039266.1	negative_control	bacterial	1500	2023061
NZ_CP065631.1_frag_162_L1500	NZ_CP065631.1	negative_control	bacterial	1500	1447017
NZ_CP039266.1_frag_300_L1500	NZ_CP039266.1	negative_control	bacterial	1500	2023061
NZ_CP049230.1_frag_577_L1500	NZ_CP049230.1	negative_control	bacterial	1500	1318700
NZ_CP011280.1_frag_374_L1500	NZ_CP011280.1	negative_control	bacterial	1500	1330224
NZ_CP039266.1_frag_978_L1500	NZ_CP039266.1	negative_control	bacterial	1500	2023061
NZ_CP039266.1_frag_1011_L1500	NZ_CP039266.1	negative_control	bacterial	1500	2023061
NZ_AFIJ01000009.1_frag_11_L1500	NZ_AFIJ01000009.1	negative_control	bacterial	1500	28506
NZ_CP039266.1_frag_255_L1500	NZ_CP039266.1	negative_control	bacterial	1500	2023061
NZ_CP065631.1_frag_853_L1500	NZ_CP065631.1	negative_control	bacterial	1500	1447017
NZ_CP065631.1_frag_917_L1500	NZ_CP065631.1	negative_control	bacterial	1500	1447017
NZ_CP049230.1_frag_409_L1500	NZ_CP049230.1	negative_control	bacterial	1500	1318700
NZ_CP011280.1_frag_232_L1500	NZ_CP011280.1	negative_control	bacterial	1500	1330224
NZ_CP039266.1_frag_386_L1500	NZ_CP039266.1	negative_control	bacterial	1500	2023061
NZ_AFIJ01000036.1_frag_17_L1500	NZ_AFIJ01000036.1	negative_control	bacterial	1500	38748
NZ_CP065631.1_frag_454_L1500	NZ_CP065631.1	negative_control	bacterial	1500	1447017
NZ_CP065631.1_frag_502_L1500	NZ_CP065631.1	negative_control	bacterial	1500	1447017
NZ_AFIJ01000029.1_frag_61_L1500	NZ_AFIJ01000029.1	negative_control	bacterial	1500	104968
NZ_CP049230.1_frag_181_L1500	NZ_CP049230.1	negative_control	bacterial	1500	1318700
NZ_AP012332.1_frag_592_L1500	NZ_AP012332.1	negative_control	bacterial	1500	1667406
NZ_CP011280.1_frag_147_L1500	NZ_CP011280.1	negative_control	bacterial	1500	1330224
NZ_CP065631.1_frag_796_L1500	NZ_CP065631.1	negative_control	bacterial	1500	1447017
NZ_AP012332.1_frag_285_L1500	NZ_AP012332.1	negative_control	bacterial	1500	1667406
NZ_CP049230.1_frag_677_L1500	NZ_CP049230.1	negative_control	bacterial	1500	1318700
NZ_CP011280.1_frag_713_L1500	NZ_CP011280.1	negative_control	bacterial	1500	1330224
NZ_AFIJ01000006.1_frag_12_L1500	NZ_AFIJ01000006.1	negative_control	bacterial	1500	35744
NZ_CP011280.1_frag_132_L1500	NZ_CP011280.1	negative_control	bacterial	1500	1330224
NZ_CP039266.1_frag_878_L1500	NZ_CP039266.1	negative_control	bacterial	1500	2023061
NZ_AFIJ01000013.1_frag_2_L1500	NZ_AFIJ01000013.1	negative_control	bacterial	1500	6229
NZ_AP012332.1_frag_127_L1500	NZ_AP012332.1	negative_control	bacterial	1500	1667406
NZ_AFIJ01000033.1_frag_37_L1500	NZ_AFIJ01000033.1	negative_control	bacterial	1500	81962
NZ_CP011280.1_frag_646_L1500	NZ_CP011280.1	negative_control	bacterial	1500	1330224
NZ_CP011280.1_frag_762_L1500	NZ_CP011280.1	negative_control	bacterial	1500	1330224
NZ_AFIJ01000026.1_frag_16_L1500	NZ_AFIJ01000026.1	negative_control	bacterial	1500	50184
NZ_CP039266.1_frag_638_L1500	NZ_CP039266.1	negative_control	bacterial	1500	2023061
NZ_AP012332.1_frag_670_L1500	NZ_AP012332.1	negative_control	bacterial	1500	1667406
NZ_CP065631.1_frag_733_L1500	NZ_CP065631.1	negative_control	bacterial	1500	1447017
NZ_CP049230.1_frag_490_L1500	NZ_CP049230.1	negative_control	bacterial	1500	1318700
NZ_AP012332.1_frag_524_L1500	NZ_AP012332.1	negative_control	bacterial	1500	1667406
NZ_CP039266.1_frag_521_L1500	NZ_CP039266.1	negative_control	bacterial	1500	2023061
NZ_CP039266.1_frag_805_L1500	NZ_CP039266.1	negative_control	bacterial	1500	2023061
NZ_AFIJ01000039.1_frag_10_L1500	NZ_AFIJ01000039.1	negative_control	bacterial	1500	122540
NZ_AFIJ01000033.1_frag_36_L1500	NZ_AFIJ01000033.1	negative_control	bacterial	1500	81962
NZ_CP011280.1_frag_679_L1500	NZ_CP011280.1	negative_control	bacterial	1500	1330224
NZ_CP039266.1_frag_685_L1500	NZ_CP039266.1	negative_control	bacterial	1500	2023061
NZ_CP011280.1_frag_528_L1500	NZ_CP011280.1	negative_control	bacterial	1500	1330224
NZ_AP012332.1_frag_21_L1500	NZ_AP012332.1	negative_control	bacterial	1500	1667406
NZ_CP049230.1_frag_169_L1500	NZ_CP049230.1	negative_control	bacterial	1500	1318700
NZ_CP065631.1_frag_704_L1500	NZ_CP065631.1	negative_control	bacterial	1500	1447017
NZ_CP039266.1_frag_1197_L1500	NZ_CP039266.1	negative_control	bacterial	1500	2023061
NZ_CP065631.1_frag_415_L1500	NZ_CP065631.1	negative_control	bacterial	1500	1447017
NZ_AP012332.1_frag_793_L1500	NZ_AP012332.1	negative_control	bacterial	1500	1667406
NZ_CP011280.1_frag_318_L1500	NZ_CP011280.1	negative_control	bacterial	1500	1330224
NZ_CP039266.1_frag_157_L1500	NZ_CP039266.1	negative_control	bacterial	1500	2023061
NZ_AFIJ01000025.1_frag_5_L1500	NZ_AFIJ01000025.1	negative_control	bacterial	1500	12101
NZ_CP039266.1_frag_75_L1500	NZ_CP039266.1	negative_control	bacterial	1500	2023061
NZ_AFIJ01000008.1_frag_76_L1500	NZ_AFIJ01000008.1	negative_control	bacterial	1500	149073
NZ_CP065631.1_frag_542_L1500	NZ_CP065631.1	negative_control	bacterial	1500	1447017
NZ_AFIJ01000045.1_frag_42_L1500	NZ_AFIJ01000045.1	negative_control	bacterial	1500	114466
NZ_AP012332.1_frag_1043_L1500	NZ_AP012332.1	negative_control	bacterial	1500	1667406
NZ_AP012332.1_frag_85_L1500	NZ_AP012332.1	negative_control	bacterial	1500	1667406
NZ_AP012332.1_frag_978_L1500	NZ_AP012332.1	negative_control	bacterial	1500	1667406
NZ_CP011280.1_frag_328_L1500	NZ_CP011280.1	negative_control	bacterial	1500	1330224
NZ_AP012332.1_frag_1034_L1500	NZ_AP012332.1	negative_control	bacterial	1500	1667406
NZ_CP039266.1_frag_322_L1500	NZ_CP039266.1	negative_control	bacterial	1500	2023061
NZ_CP065631.1_frag_893_L1500	NZ_CP065631.1	negative_control	bacterial	1500	1447017
NZ_AP012332.1_frag_650_L1500	NZ_AP012332.1	negative_control	bacterial	1500	1667406
NZ_CP065631.1_frag_110_L1500	NZ_CP065631.1	negative_control	bacterial	1500	1447017
NZ_AFIJ01000032.1_frag_3_L1500	NZ_AFIJ01000032.1	negative_control	bacterial	1500	123176
NZ_CP065631.1_frag_397_L1500	NZ_CP065631.1	negative_control	bacterial	1500	1447017
NZ_AP012332.1_frag_440_L1500	NZ_AP012332.1	negative_control	bacterial	1500	1667406
NZ_CP065631.1_frag_644_L1500	NZ_CP065631.1	negative_control	bacterial	1500	1447017
NZ_CP065631.1_frag_857_L1500	NZ_CP065631.1	negative_control	bacterial	1500	1447017
NZ_AP012332.1_frag_160_L1500	NZ_AP012332.1	negative_control	bacterial	1500	1667406
NZ_CP011280.1_frag_176_L1500	NZ_CP011280.1	negative_control	bacterial	1500	1330224
NZ_CP011280.1_frag_579_L1500	NZ_CP011280.1	negative_control	bacterial	1500	1330224
NZ_CP065631.1_frag_844_L1500	NZ_CP065631.1	negative_control	bacterial	1500	1447017
NZ_CP039266.1_frag_1237_L1500	NZ_CP039266.1	negative_control	bacterial	1500	2023061
NZ_CP011280.1_frag_390_L1500	NZ_CP011280.1	negative_control	bacterial	1500	1330224
NZ_CP011280.1_frag_383_L1500	NZ_CP011280.1	negative_control	bacterial	1500	1330224
NZ_CP011280.1_frag_247_L1500	NZ_CP011280.1	negative_control	bacterial	1500	1330224
NZ_CP039266.1_frag_356_L1500	NZ_CP039266.1	negative_control	bacterial	1500	2023061
NZ_AP012332.1_frag_162_L1500	NZ_AP012332.1	negative_control	bacterial	1500	1667406
NZ_CP011280.1_frag_764_L1500	NZ_CP011280.1	negative_control	bacterial	1500	1330224
NZ_CP049230.1_frag_808_L1500	NZ_CP049230.1	negative_control	bacterial	1500	1318700
NZ_CP011280.1_frag_675_L1500	NZ_CP011280.1	negative_control	bacterial	1500	1330224
NZ_AP012332.1_frag_1057_L1500	NZ_AP012332.1	negative_control	bacterial	1500	1667406
NZ_CP039266.1_frag_601_L1500	NZ_CP039266.1	negative_control	bacterial	1500	2023061
NZ_CP011280.1_frag_883_L1500	NZ_CP011280.1	negative_control	bacterial	1500	1330224
NZ_AP012332.1_frag_972_L1500	NZ_AP012332.1	negative_control	bacterial	1500	1667406
NZ_CP049230.1_frag_529_L1500	NZ_CP049230.1	negative_control	bacterial	1500	1318700
NZ_CP039266.1_frag_351_L1500	NZ_CP039266.1	negative_control	bacterial	1500	2023061
NZ_CP011280.1_frag_317_L1500	NZ_CP011280.1	negative_control	bacterial	1500	1330224
NZ_AFIJ01000003.1_frag_11_L1500	NZ_AFIJ01000003.1	negative_control	bacterial	1500	19318
NZ_CP011280.1_frag_619_L1500	NZ_CP011280.1	negative_control	bacterial	1500	1330224
NZ_CP049230.1_frag_516_L1500	NZ_CP049230.1	negative_control	bacterial	1500	1318700
NZ_CP049230.1_frag_499_L1500	NZ_CP049230.1	negative_control	bacterial	1500	1318700
NZ_CP011280.1_frag_128_L1500	NZ_CP011280.1	negative_control	bacterial	1500	1330224
NZ_AFIJ01000038.1_frag_37_L1500	NZ_AFIJ01000038.1	negative_control	bacterial	1500	96055
NZ_CP039266.1_frag_913_L1500	NZ_CP039266.1	negative_control	bacterial	1500	2023061
NZ_AFIJ01000004.1_frag_59_L1500	NZ_AFIJ01000004.1	negative_control	bacterial	1500	100595
NZ_CP049230.1_frag_349_L1500	NZ_CP049230.1	negative_control	bacterial	1500	1318700
NZ_CP011280.1_frag_658_L1500	NZ_CP011280.1	negative_control	bacterial	1500	1330224
NZ_AP012332.1_frag_527_L1500	NZ_AP012332.1	negative_control	bacterial	1500	1667406
NZ_AP012332.1_frag_823_L1500	NZ_AP012332.1	negative_control	bacterial	1500	1667406
NZ_CP011280.1_frag_80_L1500	NZ_CP011280.1	negative_control	bacterial	1500	1330224
NZ_CP039266.1_frag_741_L1500	NZ_CP039266.1	negative_control	bacterial	1500	2023061
NZ_AP012332.1_frag_967_L1500	NZ_AP012332.1	negative_control	bacterial	1500	1667406
NZ_CP039266.1_frag_105_L1500	NZ_CP039266.1	negative_control	bacterial	1500	2023061
NZ_AFIJ01000023.1_frag_24_L1500	NZ_AFIJ01000023.1	negative_control	bacterial	1500	71554
NZ_CP039266.1_frag_512_L1500	NZ_CP039266.1	negative_control	bacterial	1500	2023061
NZ_CP065631.1_frag_871_L1500	NZ_CP065631.1	negative_control	bacterial	1500	1447017
NZ_AFIJ01000038.1_frag_49_L1500	NZ_AFIJ01000038.1	negative_control	bacterial	1500	96055
NZ_AFIJ01000005.1_frag_4_L1500	NZ_AFIJ01000005.1	negative_control	bacterial	1500	10272
NZ_AFIJ01000039.1_frag_39_L1500	NZ_AFIJ01000039.1	negative_control	bacterial	1500	122540
NZ_CP039266.1_frag_469_L1500	NZ_CP039266.1	negative_control	bacterial	1500	2023061
NZ_CP065631.1_frag_756_L1500	NZ_CP065631.1	negative_control	bacterial	1500	1447017
NZ_CP039266.1_frag_418_L1500	NZ_CP039266.1	negative_control	bacterial	1500	2023061
NZ_CP039266.1_frag_242_L1500	NZ_CP039266.1	negative_control	bacterial	1500	2023061
NZ_CP011280.1_frag_695_L1500	NZ_CP011280.1	negative_control	bacterial	1500	1330224
NZ_AFIJ01000023.1_frag_13_L1500	NZ_AFIJ01000023.1	negative_control	bacterial	1500	71554
NZ_AP012332.1_frag_332_L1500	NZ_AP012332.1	negative_control	bacterial	1500	1667406
NZ_CP065631.1_frag_909_L1500	NZ_CP065631.1	negative_control	bacterial	1500	1447017
NZ_CP011280.1_frag_387_L1500	NZ_CP011280.1	negative_control	bacterial	1500	1330224
NZ_CP011280.1_frag_758_L1500	NZ_CP011280.1	negative_control	bacterial	1500	1330224
NZ_CP049230.1_frag_18_L1500	NZ_CP049230.1	negative_control	bacterial	1500	1318700
NZ_CP065631.1_frag_194_L1500	NZ_CP065631.1	negative_control	bacterial	1500	1447017
NZ_CP065631.1_frag_821_L1500	NZ_CP065631.1	negative_control	bacterial	1500	1447017
NZ_AP012332.1_frag_973_L1500	NZ_AP012332.1	negative_control	bacterial	1500	1667406
NZ_CP039266.1_frag_3_L1500	NZ_CP039266.1	negative_control	bacterial	1500	2023061
NZ_CP039266.1_frag_404_L1500	NZ_CP039266.1	negative_control	bacterial	1500	2023061
NZ_AP012332.1_frag_166_L1500	NZ_AP012332.1	negative_control	bacterial	1500	1667406
NZ_CP065631.1_frag_465_L1500	NZ_CP065631.1	negative_control	bacterial	1500	1447017
NZ_AFIJ01000039.1_frag_25_L1500	NZ_AFIJ01000039.1	negative_control	bacterial	1500	122540
NZ_CP011280.1_frag_580_L1500	NZ_CP011280.1	negative_control	bacterial	1500	1330224
NZ_CP039266.1_frag_858_L1500	NZ_CP039266.1	negative_control	bacterial	1500	2023061
NZ_CP011280.1_frag_574_L1500	NZ_CP011280.1	negative_control	bacterial	1500	1330224
NZ_CP011280.1_frag_589_L1500	NZ_CP011280.1	negative_control	bacterial	1500	1330224
NZ_CP039266.1_frag_295_L1500	NZ_CP039266.1	negative_control	bacterial	1500	2023061
NZ_CP049230.1_frag_538_L1500	NZ_CP049230.1	negative_control	bacterial	1500	1318700
NZ_CP065631.1_frag_158_L1500	NZ_CP065631.1	negative_control	bacterial	1500	1447017
NZ_CP039266.1_frag_964_L1500	NZ_CP039266.1	negative_control	bacterial	1500	2023061
NZ_CP011280.1_frag_325_L1500	NZ_CP011280.1	negative_control	bacterial	1500	1330224
NZ_AFIJ01000035.1_frag_25_L1500	NZ_AFIJ01000035.1	negative_control	bacterial	1500	55251
NZ_CP049230.1_frag_850_L1500	NZ_CP049230.1	negative_control	bacterial	1500	1318700
NZ_AFIJ01000045.1_frag_53_L1500	NZ_AFIJ01000045.1	negative_control	bacterial	1500	114466
NZ_CP065631.1_frag_402_L1500	NZ_CP065631.1	negative_control	bacterial	1500	1447017
NZ_CP049230.1_frag_840_L1500	NZ_CP049230.1	negative_control	bacterial	1500	1318700
NZ_AP012332.1_frag_154_L1500	NZ_AP012332.1	negative_control	bacterial	1500	1667406
NZ_CP039266.1_frag_1235_L1500	NZ_CP039266.1	negative_control	bacterial	1500	2023061
NZ_CP049230.1_frag_67_L1500	NZ_CP049230.1	negative_control	bacterial	1500	1318700
NZ_AFIJ01000008.1_frag_95_L1500	NZ_AFIJ01000008.1	negative_control	bacterial	1500	149073
NZ_AP012332.1_frag_806_L1500	NZ_AP012332.1	negative_control	bacterial	1500	1667406
NZ_CP049230.1_frag_585_L1500	NZ_CP049230.1	negative_control	bacterial	1500	1318700
NZ_CP039266.1_frag_1025_L1500	NZ_CP039266.1	negative_control	bacterial	1500	2023061
NZ_AFIJ01000045.1_frag_73_L1500	NZ_AFIJ01000045.1	negative_control	bacterial	1500	114466
NZ_CP065631.1_frag_124_L1500	NZ_CP065631.1	negative_control	bacterial	1500	1447017
NZ_CP065631.1_frag_483_L1500	NZ_CP065631.1	negative_control	bacterial	1500	1447017
NZ_CP049230.1_frag_24_L1500	NZ_CP049230.1	negative_control	bacterial	1500	1318700
NZ_CP039266.1_frag_158_L1500	NZ_CP039266.1	negative_control	bacterial	1500	2023061
NZ_AFIJ01000032.1_frag_37_L1500	NZ_AFIJ01000032.1	negative_control	bacterial	1500	123176
NZ_AFIJ01000017.1_frag_11_L1500	NZ_AFIJ01000017.1	negative_control	bacterial	1500	21892
NZ_CP011280.1_frag_418_L1500	NZ_CP011280.1	negative_control	bacterial	1500	1330224
NZ_CP011280.1_frag_391_L1500	NZ_CP011280.1	negative_control	bacterial	1500	1330224
NZ_AFIJ01000029.1_frag_21_L1500	NZ_AFIJ01000029.1	negative_control	bacterial	1500	104968
NZ_CP065631.1_frag_382_L1500	NZ_CP065631.1	negative_control	bacterial	1500	1447017
NZ_CP039266.1_frag_602_L1500	NZ_CP039266.1	negative_control	bacterial	1500	2023061
NZ_CP065631.1_frag_683_L1500	NZ_CP065631.1	negative_control	bacterial	1500	1447017
NZ_CP049230.1_frag_140_L1500	NZ_CP049230.1	negative_control	bacterial	1500	1318700
NZ_AP012332.1_frag_289_L1500	NZ_AP012332.1	negative_control	bacterial	1500	1667406
NZ_CP049230.1_frag_742_L1500	NZ_CP049230.1	negative_control	bacterial	1500	1318700
NZ_CP065631.1_frag_515_L1500	NZ_CP065631.1	negative_control	bacterial	1500	1447017
NZ_CP049230.1_frag_451_L1500	NZ_CP049230.1	negative_control	bacterial	1500	1318700
NZ_CP065631.1_frag_596_L1500	NZ_CP065631.1	negative_control	bacterial	1500	1447017
NZ_CP011280.1_frag_662_L1500	NZ_CP011280.1	negative_control	bacterial	1500	1330224
NZ_CP039266.1_frag_448_L1500	NZ_CP039266.1	negative_control	bacterial	1500	2023061
NZ_CP039266.1_frag_639_L1500	NZ_CP039266.1	negative_control	bacterial	1500	2023061
NZ_CP011280.1_frag_277_L1500	NZ_CP011280.1	negative_control	bacterial	1500	1330224
NZ_CP049230.1_frag_697_L1500	NZ_CP049230.1	negative_control	bacterial	1500	1318700
NZ_CP065631.1_frag_838_L1500	NZ_CP065631.1	negative_control	bacterial	1500	1447017
NZ_AP012332.1_frag_472_L1500	NZ_AP012332.1	negative_control	bacterial	1500	1667406
NZ_AFIJ01000023.1_frag_47_L1500	NZ_AFIJ01000023.1	negative_control	bacterial	1500	71554
NZ_CP039266.1_frag_927_L1500	NZ_CP039266.1	negative_control	bacterial	1500	2023061
NZ_CP039266.1_frag_781_L1500	NZ_CP039266.1	negative_control	bacterial	1500	2023061
NZ_CP065631.1_frag_855_L1500	NZ_CP065631.1	negative_control	bacterial	1500	1447017
NZ_CP011280.1_frag_448_L1500	NZ_CP011280.1	negative_control	bacterial	1500	1330224
NZ_AP012332.1_frag_37_L1500	NZ_AP012332.1	negative_control	bacterial	1500	1667406
NZ_CP011280.1_frag_416_L1500	NZ_CP011280.1	negative_control	bacterial	1500	1330224
NZ_CP011280.1_frag_586_L1500	NZ_CP011280.1	negative_control	bacterial	1500	1330224
NZ_CP011280.1_frag_75_L1500	NZ_CP011280.1	negative_control	bacterial	1500	1330224
NZ_CP065631.1_frag_904_L1500	NZ_CP065631.1	negative_control	bacterial	1500	1447017
NZ_CP039266.1_frag_174_L1500	NZ_CP039266.1	negative_control	bacterial	1500	2023061
NZ_CP049230.1_frag_640_L1500	NZ_CP049230.1	negative_control	bacterial	1500	1318700
NZ_CP065631.1_frag_742_L1500	NZ_CP065631.1	negative_control	bacterial	1500	1447017
NZ_AP012332.1_frag_998_L1500	NZ_AP012332.1	negative_control	bacterial	1500	1667406
NZ_CP049230.1_frag_767_L1500	NZ_CP049230.1	negative_control	bacterial	1500	1318700
NZ_CP039266.1_frag_836_L1500	NZ_CP039266.1	negative_control	bacterial	1500	2023061
NZ_AP012332.1_frag_301_L1500	NZ_AP012332.1	negative_control	bacterial	1500	1667406
NZ_AFIJ01000029.1_frag_23_L1500	NZ_AFIJ01000029.1	negative_control	bacterial	1500	104968
NZ_CP039266.1_frag_477_L1500	NZ_CP039266.1	negative_control	bacterial	1500	2023061
NZ_CP011280.1_frag_715_L1500	NZ_CP011280.1	negative_control	bacterial	1500	1330224
NZ_CP065631.1_frag_243_L1500	NZ_CP065631.1	negative_control	bacterial	1500	1447017
NZ_AFIJ01000008.1_frag_99_L1500	NZ_AFIJ01000008.1	negative_control	bacterial	1500	149073
NZ_CP065631.1_frag_419_L1500	NZ_CP065631.1	negative_control	bacterial	1500	1447017
NZ_CP049230.1_frag_22_L1500	NZ_CP049230.1	negative_control	bacterial	1500	1318700
NZ_AFIJ01000018.1_frag_15_L1500	NZ_AFIJ01000018.1	negative_control	bacterial	1500	43361
NZ_AFIJ01000009.1_frag_18_L1500	NZ_AFIJ01000009.1	negative_control	bacterial	1500	28506
NZ_AFIJ01000026.1_frag_20_L1500	NZ_AFIJ01000026.1	negative_control	bacterial	1500	50184
NZ_CP049230.1_frag_231_L1500	NZ_CP049230.1	negative_control	bacterial	1500	1318700
NZ_CP065631.1_frag_408_L1500	NZ_CP065631.1	negative_control	bacterial	1500	1447017
NZ_AP012332.1_frag_1050_L1500	NZ_AP012332.1	negative_control	bacterial	1500	1667406
NZ_AP012332.1_frag_84_L1500	NZ_AP012332.1	negative_control	bacterial	1500	1667406
NZ_AFIJ01000036.1_frag_5_L1500	NZ_AFIJ01000036.1	negative_control	bacterial	1500	38748
NZ_AFIJ01000006.1_frag_4_L1500	NZ_AFIJ01000006.1	negative_control	bacterial	1500	35744
NZ_CP039266.1_frag_875_L1500	NZ_CP039266.1	negative_control	bacterial	1500	2023061
NZ_AP012332.1_frag_421_L1500	NZ_AP012332.1	negative_control	bacterial	1500	1667406
NZ_CP065631.1_frag_902_L1500	NZ_CP065631.1	negative_control	bacterial	1500	1447017
NZ_AP012332.1_frag_210_L1500	NZ_AP012332.1	negative_control	bacterial	1500	1667406
NZ_CP011280.1_frag_119_L1500	NZ_CP011280.1	negative_control	bacterial	1500	1330224
NZ_CP011280.1_frag_202_L1500	NZ_CP011280.1	negative_control	bacterial	1500	1330224
NZ_AFIJ01000039.1_frag_54_L1500	NZ_AFIJ01000039.1	negative_control	bacterial	1500	122540
NZ_CP065631.1_frag_221_L1500	NZ_CP065631.1	negative_control	bacterial	1500	1447017
NZ_CP065631.1_frag_824_L1500	NZ_CP065631.1	negative_control	bacterial	1500	1447017
NZ_AFIJ01000004.1_frag_36_L1500	NZ_AFIJ01000004.1	negative_control	bacterial	1500	100595
NZ_CP039266.1_frag_1180_L1500	NZ_CP039266.1	negative_control	bacterial	1500	2023061
NZ_CP011280.1_frag_707_L1500	NZ_CP011280.1	negative_control	bacterial	1500	1330224
NZ_CP011280.1_frag_814_L1500	NZ_CP011280.1	negative_control	bacterial	1500	1330224
NZ_AFIJ01000008.1_frag_19_L1500	NZ_AFIJ01000008.1	negative_control	bacterial	1500	149073
NZ_CP065631.1_frag_788_L1500	NZ_CP065631.1	negative_control	bacterial	1500	1447017
NZ_CP011280.1_frag_830_L1500	NZ_CP011280.1	negative_control	bacterial	1500	1330224
NZ_CP065631.1_frag_430_L1500	NZ_CP065631.1	negative_control	bacterial	1500	1447017
NZ_CP049230.1_frag_96_L1500	NZ_CP049230.1	negative_control	bacterial	1500	1318700
NZ_CP039266.1_frag_259_L1500	NZ_CP039266.1	negative_control	bacterial	1500	2023061
NZ_CP039266.1_frag_526_L1500	NZ_CP039266.1	negative_control	bacterial	1500	2023061
NZ_CP049230.1_frag_203_L1500	NZ_CP049230.1	negative_control	bacterial	1500	1318700
NZ_AFIJ01000035.1_frag_20_L1500	NZ_AFIJ01000035.1	negative_control	bacterial	1500	55251
NZ_CP049230.1_frag_290_L1500	NZ_CP049230.1	negative_control	bacterial	1500	1318700
NZ_CP039266.1_frag_665_L1500	NZ_CP039266.1	negative_control	bacterial	1500	2023061
NZ_AP012332.1_frag_14_L1500	NZ_AP012332.1	negative_control	bacterial	1500	1667406
NZ_CP011280.1_frag_97_L1500	NZ_CP011280.1	negative_control	bacterial	1500	1330224
NZ_CP039266.1_frag_856_L1500	NZ_CP039266.1	negative_control	bacterial	1500	2023061
NZ_AFIJ01000035.1_frag_32_L1500	NZ_AFIJ01000035.1	negative_control	bacterial	1500	55251
NZ_AP012332.1_frag_811_L1500	NZ_AP012332.1	negative_control	bacterial	1500	1667406
NZ_AP012332.1_frag_241_L1500	NZ_AP012332.1	negative_control	bacterial	1500	1667406
NZ_CP011280.1_frag_396_L1500	NZ_CP011280.1	negative_control	bacterial	1500	1330224
NZ_CP039266.1_frag_1165_L1500	NZ_CP039266.1	negative_control	bacterial	1500	2023061
NZ_CP039266.1_frag_178_L1500	NZ_CP039266.1	negative_control	bacterial	1500	2023061
NZ_AP012332.1_frag_508_L1500	NZ_AP012332.1	negative_control	bacterial	1500	1667406
NZ_CP049230.1_frag_35_L1500	NZ_CP049230.1	negative_control	bacterial	1500	1318700
NZ_AP012332.1_frag_922_L1500	NZ_AP012332.1	negative_control	bacterial	1500	1667406
NZ_CP065631.1_frag_938_L1500	NZ_CP065631.1	negative_control	bacterial	1500	1447017
NZ_AFIJ01000032.1_frag_11_L1500	NZ_AFIJ01000032.1	negative_control	bacterial	1500	123176
NZ_AFIJ01000020.1_frag_38_L1500	NZ_AFIJ01000020.1	negative_control	bacterial	1500	80676
NZ_CP049230.1_frag_465_L1500	NZ_CP049230.1	negative_control	bacterial	1500	1318700
NZ_AP012332.1_frag_929_L1500	NZ_AP012332.1	negative_control	bacterial	1500	1667406
NZ_CP065631.1_frag_156_L1500	NZ_CP065631.1	negative_control	bacterial	1500	1447017
NZ_CP039266.1_frag_296_L1500	NZ_CP039266.1	negative_control	bacterial	1500	2023061
NZ_CP065631.1_frag_207_L1500	NZ_CP065631.1	negative_control	bacterial	1500	1447017
NZ_CP065631.1_frag_863_L1500	NZ_CP065631.1	negative_control	bacterial	1500	1447017
NZ_CP065631.1_frag_672_L1500	NZ_CP065631.1	negative_control	bacterial	1500	1447017
NZ_AP012332.1_frag_747_L1500	NZ_AP012332.1	negative_control	bacterial	1500	1667406
NZ_AP012332.1_frag_723_L1500	NZ_AP012332.1	negative_control	bacterial	1500	1667406
NZ_CP049230.1_frag_682_L1500	NZ_CP049230.1	negative_control	bacterial	1500	1318700
NZ_CP039266.1_frag_1328_L1500	NZ_CP039266.1	negative_control	bacterial	1500	2023061
NZ_AFIJ01000033.1_frag_27_L1500	NZ_AFIJ01000033.1	negative_control	bacterial	1500	81962
NZ_CP039266.1_frag_569_L1500	NZ_CP039266.1	negative_control	bacterial	1500	2023061
NZ_CP065631.1_frag_914_L1500	NZ_CP065631.1	negative_control	bacterial	1500	1447017
NZ_CP011280.1_frag_494_L1500	NZ_CP011280.1	negative_control	bacterial	1500	1330224
NZ_CP011280.1_frag_527_L1500	NZ_CP011280.1	negative_control	bacterial	1500	1330224
NZ_AP012332.1_frag_594_L1500	NZ_AP012332.1	negative_control	bacterial	1500	1667406
NZ_CP039266.1_frag_1271_L1500	NZ_CP039266.1	negative_control	bacterial	1500	2023061
NZ_CP011280.1_frag_189_L1500	NZ_CP011280.1	negative_control	bacterial	1500	1330224
NZ_CP039266.1_frag_459_L1500	NZ_CP039266.1	negative_control	bacterial	1500	2023061
NZ_CP039266.1_frag_177_L1500	NZ_CP039266.1	negative_control	bacterial	1500	2023061
NZ_CP065631.1_frag_641_L1500	NZ_CP065631.1	negative_control	bacterial	1500	1447017
NZ_AP012332.1_frag_87_L1500	NZ_AP012332.1	negative_control	bacterial	1500	1667406
NZ_AFIJ01000007.1_frag_17_L1500	NZ_AFIJ01000007.1	negative_control	bacterial	1500	148045
NZ_AP012332.1_frag_647_L1500	NZ_AP012332.1	negative_control	bacterial	1500	1667406
NZ_AFIJ01000008.1_frag_23_L1500	NZ_AFIJ01000008.1	negative_control	bacterial	1500	149073
NZ_AP012332.1_frag_11_L1500	NZ_AP012332.1	negative_control	bacterial	1500	1667406
NZ_AFIJ01000044.1_frag_2_L1500	NZ_AFIJ01000044.1	negative_control	bacterial	1500	23508
NZ_CP049230.1_frag_189_L1500	NZ_CP049230.1	negative_control	bacterial	1500	1318700
NZ_AFIJ01000032.1_frag_57_L1500	NZ_AFIJ01000032.1	negative_control	bacterial	1500	123176
NZ_CP039266.1_frag_1190_L1500	NZ_CP039266.1	negative_control	bacterial	1500	2023061
NZ_AP012332.1_frag_195_L1500	NZ_AP012332.1	negative_control	bacterial	1500	1667406
NZ_AFIJ01000045.1_frag_29_L1500	NZ_AFIJ01000045.1	negative_control	bacterial	1500	114466
NZ_AP012332.1_frag_665_L1500	NZ_AP012332.1	negative_control	bacterial	1500	1667406
NZ_CP011280.1_frag_481_L1500	NZ_CP011280.1	negative_control	bacterial	1500	1330224
NZ_CP065631.1_frag_437_L1500	NZ_CP065631.1	negative_control	bacterial	1500	1447017
NZ_CP011280.1_frag_18_L1500	NZ_CP011280.1	negative_control	bacterial	1500	1330224
NZ_CP049230.1_frag_619_L1500	NZ_CP049230.1	negative_control	bacterial	1500	1318700
NZ_AFIJ01000045.1_frag_37_L1500	NZ_AFIJ01000045.1	negative_control	bacterial	1500	114466
NZ_CP011280.1_frag_316_L1500	NZ_CP011280.1	negative_control	bacterial	1500	1330224
NZ_AFIJ01000045.1_frag_9_L1500	NZ_AFIJ01000045.1	negative_control	bacterial	1500	114466
NZ_AP012332.1_frag_760_L1500	NZ_AP012332.1	negative_control	bacterial	1500	1667406
NZ_CP049230.1_frag_235_L1500	NZ_CP049230.1	negative_control	bacterial	1500	1318700
NZ_AFIJ01000027.1_frag_4_L1500	NZ_AFIJ01000027.1	negative_control	bacterial	1500	12043
NZ_CP039266.1_frag_754_L1500	NZ_CP039266.1	negative_control	bacterial	1500	2023061
NZ_CP039266.1_frag_705_L1500	NZ_CP039266.1	negative_control	bacterial	1500	2023061
NZ_CP049230.1_frag_738_L1500	NZ_CP049230.1	negative_control	bacterial	1500	1318700
NZ_AFIJ01000020.1_frag_36_L1500	NZ_AFIJ01000020.1	negative_control	bacterial	1500	80676
NZ_CP039266.1_frag_689_L1500	NZ_CP039266.1	negative_control	bacterial	1500	2023061
NZ_CP065631.1_frag_879_L1500	NZ_CP065631.1	negative_control	bacterial	1500	1447017
NZ_CP049230.1_frag_264_L1500	NZ_CP049230.1	negative_control	bacterial	1500	1318700
NZ_CP039266.1_frag_116_L1500	NZ_CP039266.1	negative_control	bacterial	1500	2023061
NZ_CP011280.1_frag_136_L1500	NZ_CP011280.1	negative_control	bacterial	1500	1330224
NZ_AFIJ01000020.1_frag_23_L1500	NZ_AFIJ01000020.1	negative_control	bacterial	1500	80676
NZ_CP039266.1_frag_749_L1500	NZ_CP039266.1	negative_control	bacterial	1500	2023061
NZ_AP012332.1_frag_937_L1500	NZ_AP012332.1	negative_control	bacterial	1500	1667406
NZ_CP039266.1_frag_77_L1500	NZ_CP039266.1	negative_control	bacterial	1500	2023061
NZ_CP049230.1_frag_107_L1500	NZ_CP049230.1	negative_control	bacterial	1500	1318700
NZ_AFIJ01000020.1_frag_7_L1500	NZ_AFIJ01000020.1	negative_control	bacterial	1500	80676
NZ_AFIJ01000023.1_frag_41_L1500	NZ_AFIJ01000023.1	negative_control	bacterial	1500	71554
NZ_AP012332.1_frag_107_L1500	NZ_AP012332.1	negative_control	bacterial	1500	1667406
NZ_AP012332.1_frag_589_L1500	NZ_AP012332.1	negative_control	bacterial	1500	1667406
NZ_AP012332.1_frag_458_L1500	NZ_AP012332.1	negative_control	bacterial	1500	1667406
NZ_CP065631.1_frag_509_L1500	NZ_CP065631.1	negative_control	bacterial	1500	1447017
NZ_AP012332.1_frag_83_L1500	NZ_AP012332.1	negative_control	bacterial	1500	1667406
NZ_AFIJ01000018.1_frag_28_L1500	NZ_AFIJ01000018.1	negative_control	bacterial	1500	43361
NZ_CP039266.1_frag_925_L1500	NZ_CP039266.1	negative_control	bacterial	1500	2023061
NZ_CP011280.1_frag_337_L1500	NZ_CP011280.1	negative_control	bacterial	1500	1330224
NZ_AP012332.1_frag_151_L1500	NZ_AP012332.1	negative_control	bacterial	1500	1667406
NZ_CP011280.1_frag_719_L1500	NZ_CP011280.1	negative_control	bacterial	1500	1330224
NZ_CP065631.1_frag_93_L1500	NZ_CP065631.1	negative_control	bacterial	1500	1447017
NZ_AFIJ01000011.1_frag_17_L1500	NZ_AFIJ01000011.1	negative_control	bacterial	1500	37253
NZ_AP012332.1_frag_854_L1500	NZ_AP012332.1	negative_control	bacterial	1500	1667406
NZ_CP011280.1_frag_829_L1500	NZ_CP011280.1	negative_control	bacterial	1500	1330224
NZ_AP012332.1_frag_667_L1500	NZ_AP012332.1	negative_control	bacterial	1500	1667406
NZ_CP011280.1_frag_593_L1500	NZ_CP011280.1	negative_control	bacterial	1500	1330224
NZ_CP065631.1_frag_375_L1500	NZ_CP065631.1	negative_control	bacterial	1500	1447017
NZ_CP065631.1_frag_423_L1500	NZ_CP065631.1	negative_control	bacterial	1500	1447017
NZ_CP039266.1_frag_1293_L1500	NZ_CP039266.1	negative_control	bacterial	1500	2023061
NZ_CP039266.1_frag_865_L1500	NZ_CP039266.1	negative_control	bacterial	1500	2023061
NZ_CP065631.1_frag_127_L1500	NZ_CP065631.1	negative_control	bacterial	1500	1447017
NZ_CP049230.1_frag_506_L1500	NZ_CP049230.1	negative_control	bacterial	1500	1318700
NZ_AP012332.1_frag_815_L1500	NZ_AP012332.1	negative_control	bacterial	1500	1667406
NZ_CP065631.1_frag_667_L1500	NZ_CP065631.1	negative_control	bacterial	1500	1447017
NZ_AFIJ01000045.1_frag_45_L1500	NZ_AFIJ01000045.1	negative_control	bacterial	1500	114466
NZ_CP065631.1_frag_864_L1500	NZ_CP065631.1	negative_control	bacterial	1500	1447017
NZ_CP049230.1_frag_643_L1500	NZ_CP049230.1	negative_control	bacterial	1500	1318700
NZ_CP039266.1_frag_141_L1500	NZ_CP039266.1	negative_control	bacterial	1500	2023061
NZ_AP012332.1_frag_186_L1500	NZ_AP012332.1	negative_control	bacterial	1500	1667406
NZ_CP049230.1_frag_489_L1500	NZ_CP049230.1	negative_control	bacterial	1500	1318700
NZ_CP049230.1_frag_631_L1500	NZ_CP049230.1	negative_control	bacterial	1500	1318700
NZ_CP065631.1_frag_883_L1500	NZ_CP065631.1	negative_control	bacterial	1500	1447017
NZ_CP011280.1_frag_553_L1500	NZ_CP011280.1	negative_control	bacterial	1500	1330224
NZ_CP049230.1_frag_626_L1500	NZ_CP049230.1	negative_control	bacterial	1500	1318700
NZ_AFIJ01000008.1_frag_6_L1500	NZ_AFIJ01000008.1	negative_control	bacterial	1500	149073
NZ_CP049230.1_frag_251_L1500	NZ_CP049230.1	negative_control	bacterial	1500	1318700
NZ_AFIJ01000026.1_frag_10_L1500	NZ_AFIJ01000026.1	negative_control	bacterial	1500	50184
NZ_CP011280.1_frag_510_L1500	NZ_CP011280.1	negative_control	bacterial	1500	1330224
NZ_CP039266.1_frag_32_L1500	NZ_CP039266.1	negative_control	bacterial	1500	2023061
NZ_CP011280.1_frag_207_L1500	NZ_CP011280.1	negative_control	bacterial	1500	1330224
NZ_AFIJ01000039.1_frag_8_L1500	NZ_AFIJ01000039.1	negative_control	bacterial	1500	122540
NZ_CP011280.1_frag_849_L1500	NZ_CP011280.1	negative_control	bacterial	1500	1330224
NZ_AFIJ01000039.1_frag_7_L1500	NZ_AFIJ01000039.1	negative_control	bacterial	1500	122540
NZ_CP039266.1_frag_1312_L1500	NZ_CP039266.1	negative_control	bacterial	1500	2023061
NZ_CP049230.1_frag_702_L1500	NZ_CP049230.1	negative_control	bacterial	1500	1318700
NZ_CP039266.1_frag_1062_L1500	NZ_CP039266.1	negative_control	bacterial	1500	2023061
NZ_AFIJ01000045.1_frag_41_L1500	NZ_AFIJ01000045.1	negative_control	bacterial	1500	114466
NZ_CP039266.1_frag_1029_L1500	NZ_CP039266.1	negative_control	bacterial	1500	2023061
NZ_AP012332.1_frag_1095_L1500	NZ_AP012332.1	negative_control	bacterial	1500	1667406
NZ_AP012332.1_frag_646_L1500	NZ_AP012332.1	negative_control	bacterial	1500	1667406
NZ_AFIJ01000008.1_frag_91_L1500	NZ_AFIJ01000008.1	negative_control	bacterial	1500	149073
NZ_CP039266.1_frag_2_L1500	NZ_CP039266.1	negative_control	bacterial	1500	2023061
NZ_CP065631.1_frag_906_L1500	NZ_CP065631.1	negative_control	bacterial	1500	1447017
NZ_CP039266.1_frag_78_L1500	NZ_CP039266.1	negative_control	bacterial	1500	2023061
NZ_CP039266.1_frag_961_L1500	NZ_CP039266.1	negative_control	bacterial	1500	2023061
NZ_CP049230.1_frag_533_L1500	NZ_CP049230.1	negative_control	bacterial	1500	1318700
NZ_CP065631.1_frag_934_L1500	NZ_CP065631.1	negative_control	bacterial	1500	1447017
NZ_CP011280.1_frag_368_L1500	NZ_CP011280.1	negative_control	bacterial	1500	1330224
NZ_CP049230.1_frag_623_L1500	NZ_CP049230.1	negative_control	bacterial	1500	1318700
NZ_CP049230.1_frag_567_L1500	NZ_CP049230.1	negative_control	bacterial	1500	1318700
NZ_CP049230.1_frag_876_L1500	NZ_CP049230.1	negative_control	bacterial	1500	1318700
NZ_CP011280.1_frag_335_L1500	NZ_CP011280.1	negative_control	bacterial	1500	1330224
NZ_CP039266.1_frag_1056_L1500	NZ_CP039266.1	negative_control	bacterial	1500	2023061
NZ_AFIJ01000045.1_frag_20_L1500	NZ_AFIJ01000045.1	negative_control	bacterial	1500	114466
NZ_CP039266.1_frag_989_L1500	NZ_CP039266.1	negative_control	bacterial	1500	2023061
NZ_CP011280.1_frag_754_L1500	NZ_CP011280.1	negative_control	bacterial	1500	1330224
NZ_CP011280.1_frag_600_L1500	NZ_CP011280.1	negative_control	bacterial	1500	1330224
NZ_AFIJ01000038.1_frag_34_L1500	NZ_AFIJ01000038.1	negative_control	bacterial	1500	96055
NZ_CP065631.1_frag_362_L1500	NZ_CP065631.1	negative_control	bacterial	1500	1447017
NZ_CP065631.1_frag_339_L1500	NZ_CP065631.1	negative_control	bacterial	1500	1447017
NZ_CP065631.1_frag_713_L1500	NZ_CP065631.1	negative_control	bacterial	1500	1447017
NZ_CP011280.1_frag_206_L1500	NZ_CP011280.1	negative_control	bacterial	1500	1330224
NZ_CP065631.1_frag_575_L1500	NZ_CP065631.1	negative_control	bacterial	1500	1447017
NZ_CP065631.1_frag_873_L1500	NZ_CP065631.1	negative_control	bacterial	1500	1447017
NZ_AP012332.1_frag_752_L1500	NZ_AP012332.1	negative_control	bacterial	1500	1667406
NZ_AP012332.1_frag_1020_L1500	NZ_AP012332.1	negative_control	bacterial	1500	1667406
NZ_AFIJ01000038.1_frag_42_L1500	NZ_AFIJ01000038.1	negative_control	bacterial	1500	96055
NZ_CP011280.1_frag_856_L1500	NZ_CP011280.1	negative_control	bacterial	1500	1330224
NZ_CP039266.1_frag_233_L1500	NZ_CP039266.1	negative_control	bacterial	1500	2023061
NZ_AP012332.1_frag_346_L1500	NZ_AP012332.1	negative_control	bacterial	1500	1667406
NZ_CP049230.1_frag_534_L1500	NZ_CP049230.1	negative_control	bacterial	1500	1318700
NZ_CP049230.1_frag_106_L1500	NZ_CP049230.1	negative_control	bacterial	1500	1318700
NZ_AFIJ01000038.1_frag_61_L1500	NZ_AFIJ01000038.1	negative_control	bacterial	1500	96055
NZ_CP039266.1_frag_422_L1500	NZ_CP039266.1	negative_control	bacterial	1500	2023061
NZ_CP065631.1_frag_941_L1500	NZ_CP065631.1	negative_control	bacterial	1500	1447017
NZ_CP039266.1_frag_1322_L1500	NZ_CP039266.1	negative_control	bacterial	1500	2023061
NZ_AFIJ01000032.1_frag_55_L1500	NZ_AFIJ01000032.1	negative_control	bacterial	1500	123176
NZ_CP065631.1_frag_353_L1500	NZ_CP065631.1	negative_control	bacterial	1500	1447017
NZ_AFIJ01000032.1_frag_58_L1500	NZ_AFIJ01000032.1	negative_control	bacterial	1500	123176
NZ_CP039266.1_frag_238_L1500	NZ_CP039266.1	negative_control	bacterial	1500	2023061
NZ_CP065631.1_frag_835_L1500	NZ_CP065631.1	negative_control	bacterial	1500	1447017
NZ_CP065631.1_frag_316_L1500	NZ_CP065631.1	negative_control	bacterial	1500	1447017
NZ_CP039266.1_frag_850_L1500	NZ_CP039266.1	negative_control	bacterial	1500	2023061
NZ_CP049230.1_frag_152_L1500	NZ_CP049230.1	negative_control	bacterial	1500	1318700
NZ_CP039266.1_frag_13_L1500	NZ_CP039266.1	negative_control	bacterial	1500	2023061
NZ_CP065631.1_frag_955_L1500	NZ_CP065631.1	negative_control	bacterial	1500	1447017
NZ_CP039266.1_frag_1210_L1500	NZ_CP039266.1	negative_control	bacterial	1500	2023061
NZ_CP039266.1_frag_631_L1500	NZ_CP039266.1	negative_control	bacterial	1500	2023061
NZ_AFIJ01000044.1_frag_5_L1500	NZ_AFIJ01000044.1	negative_control	bacterial	1500	23508
NZ_CP039266.1_frag_169_L1500	NZ_CP039266.1	negative_control	bacterial	1500	2023061
NZ_AP012332.1_frag_464_L1500	NZ_AP012332.1	negative_control	bacterial	1500	1667406
NZ_AP012332.1_frag_531_L1500	NZ_AP012332.1	negative_control	bacterial	1500	1667406
NZ_CP049230.1_frag_123_L1500	NZ_CP049230.1	negative_control	bacterial	1500	1318700
NZ_CP039266.1_frag_240_L1500	NZ_CP039266.1	negative_control	bacterial	1500	2023061
NZ_AP012332.1_frag_1017_L1500	NZ_AP012332.1	negative_control	bacterial	1500	1667406
NZ_CP065631.1_frag_567_L1500	NZ_CP065631.1	negative_control	bacterial	1500	1447017
NZ_CP065631.1_frag_188_L1500	NZ_CP065631.1	negative_control	bacterial	1500	1447017
NZ_AP012332.1_frag_542_L1500	NZ_AP012332.1	negative_control	bacterial	1500	1667406
NZ_CP049230.1_frag_131_L1500	NZ_CP049230.1	negative_control	bacterial	1500	1318700
NZ_CP011280.1_frag_761_L1500	NZ_CP011280.1	negative_control	bacterial	1500	1330224
NZ_CP065631.1_frag_877_L1500	NZ_CP065631.1	negative_control	bacterial	1500	1447017
NZ_CP065631.1_frag_886_L1500	NZ_CP065631.1	negative_control	bacterial	1500	1447017
NZ_CP011280.1_frag_301_L1500	NZ_CP011280.1	negative_control	bacterial	1500	1330224
NZ_AFIJ01000004.1_frag_23_L1500	NZ_AFIJ01000004.1	negative_control	bacterial	1500	100595
NZ_CP039266.1_frag_574_L1500	NZ_CP039266.1	negative_control	bacterial	1500	2023061
NZ_AFIJ01000038.1_frag_12_L1500	NZ_AFIJ01000038.1	negative_control	bacterial	1500	96055
NZ_CP039266.1_frag_1248_L1500	NZ_CP039266.1	negative_control	bacterial	1500	2023061
NZ_CP049230.1_frag_736_L1500	NZ_CP049230.1	negative_control	bacterial	1500	1318700
NZ_AP012332.1_frag_128_L1500	NZ_AP012332.1	negative_control	bacterial	1500	1667406
NZ_CP039266.1_frag_712_L1500	NZ_CP039266.1	negative_control	bacterial	1500	2023061
NZ_CP039266.1_frag_114_L1500	NZ_CP039266.1	negative_control	bacterial	1500	2023061
NZ_AP012332.1_frag_424_L1500	NZ_AP012332.1	negative_control	bacterial	1500	1667406
NZ_CP065631.1_frag_727_L1500	NZ_CP065631.1	negative_control	bacterial	1500	1447017
NZ_AP012332.1_frag_865_L1500	NZ_AP012332.1	negative_control	bacterial	1500	1667406
NZ_CP065631.1_frag_534_L1500	NZ_CP065631.1	negative_control	bacterial	1500	1447017
NZ_CP049230.1_frag_325_L1500	NZ_CP049230.1	negative_control	bacterial	1500	1318700
NZ_CP049230.1_frag_685_L1500	NZ_CP049230.1	negative_control	bacterial	1500	1318700
NZ_CP049230.1_frag_219_L1500	NZ_CP049230.1	negative_control	bacterial	1500	1318700
NZ_CP039266.1_frag_634_L1500	NZ_CP039266.1	negative_control	bacterial	1500	2023061
NZ_AFIJ01000039.1_frag_11_L1500	NZ_AFIJ01000039.1	negative_control	bacterial	1500	122540
NZ_CP065631.1_frag_962_L1500	NZ_CP065631.1	negative_control	bacterial	1500	1447017
NZ_CP039266.1_frag_165_L1500	NZ_CP039266.1	negative_control	bacterial	1500	2023061
NZ_AP012332.1_frag_774_L1500	NZ_AP012332.1	negative_control	bacterial	1500	1667406
NZ_AP012332.1_frag_982_L1500	NZ_AP012332.1	negative_control	bacterial	1500	1667406
NZ_CP039266.1_frag_646_L1500	NZ_CP039266.1	negative_control	bacterial	1500	2023061
NZ_CP049230.1_frag_329_L1500	NZ_CP049230.1	negative_control	bacterial	1500	1318700
NZ_AFIJ01000020.1_frag_37_L1500	NZ_AFIJ01000020.1	negative_control	bacterial	1500	80676
NZ_AP012332.1_frag_743_L1500	NZ_AP012332.1	negative_control	bacterial	1500	1667406
NZ_CP011280.1_frag_443_L1500	NZ_CP011280.1	negative_control	bacterial	1500	1330224
NZ_CP065631.1_frag_687_L1500	NZ_CP065631.1	negative_control	bacterial	1500	1447017
NZ_AFIJ01000038.1_frag_22_L1500	NZ_AFIJ01000038.1	negative_control	bacterial	1500	96055
NZ_CP011280.1_frag_483_L1500	NZ_CP011280.1	negative_control	bacterial	1500	1330224
NZ_AP012332.1_frag_39_L1500	NZ_AP012332.1	negative_control	bacterial	1500	1667406
NZ_CP011280.1_frag_822_L1500	NZ_CP011280.1	negative_control	bacterial	1500	1330224
NZ_CP049230.1_frag_195_L1500	NZ_CP049230.1	negative_control	bacterial	1500	1318700
NZ_CP039266.1_frag_460_L1500	NZ_CP039266.1	negative_control	bacterial	1500	2023061
NZ_CP011280.1_frag_850_L1500	NZ_CP011280.1	negative_control	bacterial	1500	1330224
NZ_AFIJ01000033.1_frag_52_L1500	NZ_AFIJ01000033.1	negative_control	bacterial	1500	81962
NZ_AP012332.1_frag_486_L1500	NZ_AP012332.1	negative_control	bacterial	1500	1667406
NZ_AFIJ01000011.1_frag_14_L1500	NZ_AFIJ01000011.1	negative_control	bacterial	1500	37253
NZ_AP012332.1_frag_339_L1500	NZ_AP012332.1	negative_control	bacterial	1500	1667406
NZ_CP065631.1_frag_223_L1500	NZ_CP065631.1	negative_control	bacterial	1500	1447017
NZ_CP039266.1_frag_490_L1500	NZ_CP039266.1	negative_control	bacterial	1500	2023061
NZ_CP011280.1_frag_432_L1500	NZ_CP011280.1	negative_control	bacterial	1500	1330224
NZ_CP049230.1_frag_644_L1500	NZ_CP049230.1	negative_control	bacterial	1500	1318700
NZ_CP039266.1_frag_377_L1500	NZ_CP039266.1	negative_control	bacterial	1500	2023061
NZ_AP012332.1_frag_1090_L1500	NZ_AP012332.1	negative_control	bacterial	1500	1667406
NZ_CP011280.1_frag_765_L1500	NZ_CP011280.1	negative_control	bacterial	1500	1330224
NZ_CP049230.1_frag_800_L1500	NZ_CP049230.1	negative_control	bacterial	1500	1318700
NZ_AFIJ01000008.1_frag_58_L1500	NZ_AFIJ01000008.1	negative_control	bacterial	1500	149073
NZ_CP065631.1_frag_574_L1500	NZ_CP065631.1	negative_control	bacterial	1500	1447017
NZ_CP065631.1_frag_210_L1500	NZ_CP065631.1	negative_control	bacterial	1500	1447017
NZ_CP065631.1_frag_611_L1500	NZ_CP065631.1	negative_control	bacterial	1500	1447017
NZ_CP065631.1_frag_310_L1500	NZ_CP065631.1	negative_control	bacterial	1500	1447017
NZ_CP011280.1_frag_595_L1500	NZ_CP011280.1	negative_control	bacterial	1500	1330224
NZ_CP065631.1_frag_79_L1500	NZ_CP065631.1	negative_control	bacterial	1500	1447017
NZ_AFIJ01000007.1_frag_2_L1500	NZ_AFIJ01000007.1	negative_control	bacterial	1500	148045
NZ_CP039266.1_frag_148_L1500	NZ_CP039266.1	negative_control	bacterial	1500	2023061
NZ_AFIJ01000033.1_frag_44_L1500	NZ_AFIJ01000033.1	negative_control	bacterial	1500	81962
NZ_CP039266.1_frag_558_L1500	NZ_CP039266.1	negative_control	bacterial	1500	2023061
NZ_AFIJ01000035.1_frag_10_L1500	NZ_AFIJ01000035.1	negative_control	bacterial	1500	55251
NZ_CP049230.1_frag_87_L1500	NZ_CP049230.1	negative_control	bacterial	1500	1318700
NZ_CP039266.1_frag_896_L1500	NZ_CP039266.1	negative_control	bacterial	1500	2023061
NZ_CP065631.1_frag_47_L1500	NZ_CP065631.1	negative_control	bacterial	1500	1447017
NZ_CP049230.1_frag_829_L1500	NZ_CP049230.1	negative_control	bacterial	1500	1318700
NZ_CP049230.1_frag_56_L1500	NZ_CP049230.1	negative_control	bacterial	1500	1318700
NZ_AFIJ01000008.1_frag_90_L1500	NZ_AFIJ01000008.1	negative_control	bacterial	1500	149073
NZ_CP039266.1_frag_963_L1500	NZ_CP039266.1	negative_control	bacterial	1500	2023061
NZ_CP065631.1_frag_598_L1500	NZ_CP065631.1	negative_control	bacterial	1500	1447017
NZ_CP039266.1_frag_837_L1500	NZ_CP039266.1	negative_control	bacterial	1500	2023061
NZ_CP011280.1_frag_320_L1500	NZ_CP011280.1	negative_control	bacterial	1500	1330224
NZ_AP012332.1_frag_375_L1500	NZ_AP012332.1	negative_control	bacterial	1500	1667406
NZ_CP039266.1_frag_1071_L1500	NZ_CP039266.1	negative_control	bacterial	1500	2023061
NZ_CP065631.1_frag_757_L1500	NZ_CP065631.1	negative_control	bacterial	1500	1447017
NZ_AFIJ01000008.1_frag_15_L1500	NZ_AFIJ01000008.1	negative_control	bacterial	1500	149073
NZ_CP039266.1_frag_1059_L1500	NZ_CP039266.1	negative_control	bacterial	1500	2023061
NZ_CP049230.1_frag_227_L1500	NZ_CP049230.1	negative_control	bacterial	1500	1318700
NZ_AP012332.1_frag_80_L1500	NZ_AP012332.1	negative_control	bacterial	1500	1667406
NZ_CP011280.1_frag_845_L1500	NZ_CP011280.1	negative_control	bacterial	1500	1330224
NZ_CP039266.1_frag_907_L1500	NZ_CP039266.1	negative_control	bacterial	1500	2023061
NZ_CP049230.1_frag_866_L1500	NZ_CP049230.1	negative_control	bacterial	1500	1318700
NZ_AFIJ01000004.1_frag_1_L1500	NZ_AFIJ01000004.1	negative_control	bacterial	1500	100595
NZ_CP039266.1_frag_1321_L1500	NZ_CP039266.1	negative_control	bacterial	1500	2023061
NZ_CP039266.1_frag_1117_L1500	NZ_CP039266.1	negative_control	bacterial	1500	2023061
NZ_AP012332.1_frag_1031_L1500	NZ_AP012332.1	negative_control	bacterial	1500	1667406
NZ_AFIJ01000007.1_frag_41_L1500	NZ_AFIJ01000007.1	negative_control	bacterial	1500	148045
NZ_CP065631.1_frag_805_L1500	NZ_CP065631.1	negative_control	bacterial	1500	1447017
NZ_CP039266.1_frag_289_L1500	NZ_CP039266.1	negative_control	bacterial	1500	2023061
NZ_AP012332.1_frag_442_L1500	NZ_AP012332.1	negative_control	bacterial	1500	1667406
NZ_CP065631.1_frag_191_L1500	NZ_CP065631.1	negative_control	bacterial	1500	1447017
NZ_CP039266.1_frag_1199_L1500	NZ_CP039266.1	negative_control	bacterial	1500	2023061
NZ_AFIJ01000045.1_frag_26_L1500	NZ_AFIJ01000045.1	negative_control	bacterial	1500	114466
NZ_CP065631.1_frag_161_L1500	NZ_CP065631.1	negative_control	bacterial	1500	1447017
NZ_CP011280.1_frag_319_L1500	NZ_CP011280.1	negative_control	bacterial	1500	1330224
NZ_CP065631.1_frag_766_L1500	NZ_CP065631.1	negative_control	bacterial	1500	1447017
NZ_CP039266.1_frag_7_L1500	NZ_CP039266.1	negative_control	bacterial	1500	2023061
NZ_CP011280.1_frag_413_L1500	NZ_CP011280.1	negative_control	bacterial	1500	1330224
NZ_CP011280.1_frag_88_L1500	NZ_CP011280.1	negative_control	bacterial	1500	1330224
NZ_CP039266.1_frag_765_L1500	NZ_CP039266.1	negative_control	bacterial	1500	2023061
NZ_CP049230.1_frag_63_L1500	NZ_CP049230.1	negative_control	bacterial	1500	1318700
NZ_AFIJ01000017.1_frag_1_L1500	NZ_AFIJ01000017.1	negative_control	bacterial	1500	21892
NZ_CP039266.1_frag_1218_L1500	NZ_CP039266.1	negative_control	bacterial	1500	2023061
NZ_AP012332.1_frag_121_L1500	NZ_AP012332.1	negative_control	bacterial	1500	1667406
NZ_CP011280.1_frag_541_L1500	NZ_CP011280.1	negative_control	bacterial	1500	1330224
NZ_CP039266.1_frag_1348_L1500	NZ_CP039266.1	negative_control	bacterial	1500	2023061
NZ_CP065631.1_frag_345_L1500	NZ_CP065631.1	negative_control	bacterial	1500	1447017
NZ_AFIJ01000038.1_frag_23_L1500	NZ_AFIJ01000038.1	negative_control	bacterial	1500	96055
NZ_CP065631.1_frag_701_L1500	NZ_CP065631.1	negative_control	bacterial	1500	1447017
NZ_CP049230.1_frag_250_L1500	NZ_CP049230.1	negative_control	bacterial	1500	1318700
NZ_CP065631.1_frag_235_L1500	NZ_CP065631.1	negative_control	bacterial	1500	1447017
NZ_AP012332.1_frag_769_L1500	NZ_AP012332.1	negative_control	bacterial	1500	1667406
NZ_CP049230.1_frag_860_L1500	NZ_CP049230.1	negative_control	bacterial	1500	1318700
NZ_AP012332.1_frag_164_L1500	NZ_AP012332.1	negative_control	bacterial	1500	1667406
NZ_CP049230.1_frag_846_L1500	NZ_CP049230.1	negative_control	bacterial	1500	1318700
NZ_CP065631.1_frag_865_L1500	NZ_CP065631.1	negative_control	bacterial	1500	1447017
NZ_CP065631.1_frag_179_L1500	NZ_CP065631.1	negative_control	bacterial	1500	1447017
NZ_AFIJ01000008.1_frag_26_L1500	NZ_AFIJ01000008.1	negative_control	bacterial	1500	149073
NZ_CP065631.1_frag_90_L1500	NZ_CP065631.1	negative_control	bacterial	1500	1447017
NZ_CP011280.1_frag_777_L1500	NZ_CP011280.1	negative_control	bacterial	1500	1330224
NZ_CP011280.1_frag_186_L1500	NZ_CP011280.1	negative_control	bacterial	1500	1330224
NZ_AFIJ01000039.1_frag_20_L1500	NZ_AFIJ01000039.1	negative_control	bacterial	1500	122540
NZ_CP049230.1_frag_470_L1500	NZ_CP049230.1	negative_control	bacterial	1500	1318700
NZ_CP065631.1_frag_640_L1500	NZ_CP065631.1	negative_control	bacterial	1500	1447017
NZ_CP039266.1_frag_227_L1500	NZ_CP039266.1	negative_control	bacterial	1500	2023061
NZ_AFIJ01000004.1_frag_47_L1500	NZ_AFIJ01000004.1	negative_control	bacterial	1500	100595
NZ_AFIJ01000006.1_frag_2_L1500	NZ_AFIJ01000006.1	negative_control	bacterial	1500	35744
NZ_CP049230.1_frag_303_L1500	NZ_CP049230.1	negative_control	bacterial	1500	1318700
NZ_CP065631.1_frag_490_L1500	NZ_CP065631.1	negative_control	bacterial	1500	1447017
NZ_CP039266.1_frag_1091_L1500	NZ_CP039266.1	negative_control	bacterial	1500	2023061
NZ_AP012332.1_frag_613_L1500	NZ_AP012332.1	negative_control	bacterial	1500	1667406
NZ_CP065631.1_frag_615_L1500	NZ_CP065631.1	negative_control	bacterial	1500	1447017
NZ_AP012332.1_frag_770_L1500	NZ_AP012332.1	negative_control	bacterial	1500	1667406
NZ_CP065631.1_frag_841_L1500	NZ_CP065631.1	negative_control	bacterial	1500	1447017
NZ_CP065631.1_frag_896_L1500	NZ_CP065631.1	negative_control	bacterial	1500	1447017
NZ_AP012332.1_frag_69_L1500	NZ_AP012332.1	negative_control	bacterial	1500	1667406
NZ_CP065631.1_frag_590_L1500	NZ_CP065631.1	negative_control	bacterial	1500	1447017
NZ_AFIJ01000029.1_frag_22_L1500	NZ_AFIJ01000029.1	negative_control	bacterial	1500	104968
NZ_CP039266.1_frag_534_L1500	NZ_CP039266.1	negative_control	bacterial	1500	2023061
NZ_CP011280.1_frag_411_L1500	NZ_CP011280.1	negative_control	bacterial	1500	1330224
NZ_AFIJ01000008.1_frag_13_L1500	NZ_AFIJ01000008.1	negative_control	bacterial	1500	149073
NZ_CP039266.1_frag_866_L1500	NZ_CP039266.1	negative_control	bacterial	1500	2023061
NZ_AFIJ01000029.1_frag_47_L1500	NZ_AFIJ01000029.1	negative_control	bacterial	1500	104968
NZ_CP039266.1_frag_468_L1500	NZ_CP039266.1	negative_control	bacterial	1500	2023061
NZ_CP011280.1_frag_869_L1500	NZ_CP011280.1	negative_control	bacterial	1500	1330224
NZ_CP011280.1_frag_592_L1500	NZ_CP011280.1	negative_control	bacterial	1500	1330224
NZ_CP049230.1_frag_514_L1500	NZ_CP049230.1	negative_control	bacterial	1500	1318700
NZ_AFIJ01000007.1_frag_56_L1500	NZ_AFIJ01000007.1	negative_control	bacterial	1500	148045
NZ_CP011280.1_frag_687_L1500	NZ_CP011280.1	negative_control	bacterial	1500	1330224
NZ_AP012332.1_frag_392_L1500	NZ_AP012332.1	negative_control	bacterial	1500	1667406
NZ_AFIJ01000007.1_frag_54_L1500	NZ_AFIJ01000007.1	negative_control	bacterial	1500	148045
NZ_CP011280.1_frag_724_L1500	NZ_CP011280.1	negative_control	bacterial	1500	1330224
NZ_CP039266.1_frag_1260_L1500	NZ_CP039266.1	negative_control	bacterial	1500	2023061
NZ_CP011280.1_frag_809_L1500	NZ_CP011280.1	negative_control	bacterial	1500	1330224
NZ_CP039266.1_frag_226_L1500	NZ_CP039266.1	negative_control	bacterial	1500	2023061
NZ_CP039266.1_frag_1020_L1500	NZ_CP039266.1	negative_control	bacterial	1500	2023061
NZ_AP012332.1_frag_689_L1500	NZ_AP012332.1	negative_control	bacterial	1500	1667406
NZ_CP039266.1_frag_859_L1500	NZ_CP039266.1	negative_control	bacterial	1500	2023061
NZ_CP039266.1_frag_1239_L1500	NZ_CP039266.1	negative_control	bacterial	1500	2023061
NZ_AFIJ01000045.1_frag_74_L1500	NZ_AFIJ01000045.1	negative_control	bacterial	1500	114466
NZ_CP011280.1_frag_72_L1500	NZ_CP011280.1	negative_control	bacterial	1500	1330224
NZ_CP065631.1_frag_347_L1500	NZ_CP065631.1	negative_control	bacterial	1500	1447017
NZ_AFIJ01000045.1_frag_1_L1500	NZ_AFIJ01000045.1	negative_control	bacterial	1500	114466
NZ_AFIJ01000038.1_frag_14_L1500	NZ_AFIJ01000038.1	negative_control	bacterial	1500	96055
NZ_CP011280.1_frag_168_L1500	NZ_CP011280.1	negative_control	bacterial	1500	1330224
NZ_CP049230.1_frag_595_L1500	NZ_CP049230.1	negative_control	bacterial	1500	1318700
NZ_AP012332.1_frag_254_L1500	NZ_AP012332.1	negative_control	bacterial	1500	1667406
NZ_AFIJ01000020.1_frag_20_L1500	NZ_AFIJ01000020.1	negative_control	bacterial	1500	80676
NZ_AFIJ01000004.1_frag_53_L1500	NZ_AFIJ01000004.1	negative_control	bacterial	1500	100595
NZ_AP012332.1_frag_886_L1500	NZ_AP012332.1	negative_control	bacterial	1500	1667406
NZ_CP049230.1_frag_843_L1500	NZ_CP049230.1	negative_control	bacterial	1500	1318700
NZ_AP012332.1_frag_975_L1500	NZ_AP012332.1	negative_control	bacterial	1500	1667406
NZ_CP039266.1_frag_887_L1500	NZ_CP039266.1	negative_control	bacterial	1500	2023061
NZ_AP012332.1_frag_266_L1500	NZ_AP012332.1	negative_control	bacterial	1500	1667406
NZ_AFIJ01000017.1_frag_7_L1500	NZ_AFIJ01000017.1	negative_control	bacterial	1500	21892
NZ_CP065631.1_frag_822_L1500	NZ_CP065631.1	negative_control	bacterial	1500	1447017
NZ_AP012332.1_frag_603_L1500	NZ_AP012332.1	negative_control	bacterial	1500	1667406
NZ_CP011280.1_frag_397_L1500	NZ_CP011280.1	negative_control	bacterial	1500	1330224
NZ_AFIJ01000007.1_frag_69_L1500	NZ_AFIJ01000007.1	negative_control	bacterial	1500	148045
NZ_CP049230.1_frag_803_L1500	NZ_CP049230.1	negative_control	bacterial	1500	1318700
NZ_CP011280.1_frag_78_L1500	NZ_CP011280.1	negative_control	bacterial	1500	1330224
NZ_CP039266.1_frag_1146_L1500	NZ_CP039266.1	negative_control	bacterial	1500	2023061
NZ_CP039266.1_frag_379_L1500	NZ_CP039266.1	negative_control	bacterial	1500	2023061
NZ_CP039266.1_frag_709_L1500	NZ_CP039266.1	negative_control	bacterial	1500	2023061
NZ_CP011280.1_frag_276_L1500	NZ_CP011280.1	negative_control	bacterial	1500	1330224
NZ_CP039266.1_frag_967_L1500	NZ_CP039266.1	negative_control	bacterial	1500	2023061
NZ_AP012332.1_frag_188_L1500	NZ_AP012332.1	negative_control	bacterial	1500	1667406
NZ_CP049230.1_frag_492_L1500	NZ_CP049230.1	negative_control	bacterial	1500	1318700
NZ_CP011280.1_frag_774_L1500	NZ_CP011280.1	negative_control	bacterial	1500	1330224
NZ_CP039266.1_frag_99_L1500	NZ_CP039266.1	negative_control	bacterial	1500	2023061
NZ_CP065631.1_frag_225_L1500	NZ_CP065631.1	negative_control	bacterial	1500	1447017
NZ_CP039266.1_frag_361_L1500	NZ_CP039266.1	negative_control	bacterial	1500	2023061
NZ_CP049230.1_frag_192_L1500	NZ_CP049230.1	negative_control	bacterial	1500	1318700
NZ_CP039266.1_frag_583_L1500	NZ_CP039266.1	negative_control	bacterial	1500	2023061
NZ_CP039266.1_frag_807_L1500	NZ_CP039266.1	negative_control	bacterial	1500	2023061
NZ_CP039266.1_frag_126_L1500	NZ_CP039266.1	negative_control	bacterial	1500	2023061
NZ_CP011280.1_frag_52_L1500	NZ_CP011280.1	negative_control	bacterial	1500	1330224
NZ_CP039266.1_frag_627_L1500	NZ_CP039266.1	negative_control	bacterial	1500	2023061
NZ_CP039266.1_frag_1119_L1500	NZ_CP039266.1	negative_control	bacterial	1500	2023061
NZ_AP012332.1_frag_205_L1500	NZ_AP012332.1	negative_control	bacterial	1500	1667406
NZ_CP011280.1_frag_501_L1500	NZ_CP011280.1	negative_control	bacterial	1500	1330224
NZ_CP039266.1_frag_187_L1500	NZ_CP039266.1	negative_control	bacterial	1500	2023061
NZ_AFIJ01000004.1_frag_20_L1500	NZ_AFIJ01000004.1	negative_control	bacterial	1500	100595
NZ_AFIJ01000035.1_frag_26_L1500	NZ_AFIJ01000035.1	negative_control	bacterial	1500	55251
NZ_CP011280.1_frag_718_L1500	NZ_CP011280.1	negative_control	bacterial	1500	1330224
NZ_AP012332.1_frag_237_L1500	NZ_AP012332.1	negative_control	bacterial	1500	1667406
NZ_CP049230.1_frag_447_L1500	NZ_CP049230.1	negative_control	bacterial	1500	1318700
NZ_AP012332.1_frag_987_L1500	NZ_AP012332.1	negative_control	bacterial	1500	1667406
NZ_CP049230.1_frag_596_L1500	NZ_CP049230.1	negative_control	bacterial	1500	1318700
NZ_AFIJ01000032.1_frag_33_L1500	NZ_AFIJ01000032.1	negative_control	bacterial	1500	123176
NZ_CP039266.1_frag_1303_L1500	NZ_CP039266.1	negative_control	bacterial	1500	2023061
NZ_AFIJ01000008.1_frag_42_L1500	NZ_AFIJ01000008.1	negative_control	bacterial	1500	149073
NZ_AFIJ01000029.1_frag_7_L1500	NZ_AFIJ01000029.1	negative_control	bacterial	1500	104968
NZ_AFIJ01000007.1_frag_75_L1500	NZ_AFIJ01000007.1	negative_control	bacterial	1500	148045
NZ_CP065631.1_frag_229_L1500	NZ_CP065631.1	negative_control	bacterial	1500	1447017
NZ_CP065631.1_frag_185_L1500	NZ_CP065631.1	negative_control	bacterial	1500	1447017
NZ_CP065631.1_frag_246_L1500	NZ_CP065631.1	negative_control	bacterial	1500	1447017
NZ_CP039266.1_frag_250_L1500	NZ_CP039266.1	negative_control	bacterial	1500	2023061
NZ_AFIJ01000039.1_frag_4_L1500	NZ_AFIJ01000039.1	negative_control	bacterial	1500	122540
NZ_CP039266.1_frag_484_L1500	NZ_CP039266.1	negative_control	bacterial	1500	2023061
NZ_CP011280.1_frag_307_L1500	NZ_CP011280.1	negative_control	bacterial	1500	1330224
NZ_CP065631.1_frag_717_L1500	NZ_CP065631.1	negative_control	bacterial	1500	1447017
NZ_CP049230.1_frag_727_L1500	NZ_CP049230.1	negative_control	bacterial	1500	1318700
NZ_AFIJ01000007.1_frag_61_L1500	NZ_AFIJ01000007.1	negative_control	bacterial	1500	148045
NZ_CP065631.1_frag_372_L1500	NZ_CP065631.1	negative_control	bacterial	1500	1447017
NZ_CP039266.1_frag_1192_L1500	NZ_CP039266.1	negative_control	bacterial	1500	2023061
NZ_CP065631.1_frag_800_L1500	NZ_CP065631.1	negative_control	bacterial	1500	1447017
NZ_AFIJ01000004.1_frag_44_L1500	NZ_AFIJ01000004.1	negative_control	bacterial	1500	100595
NZ_CP039266.1_frag_871_L1500	NZ_CP039266.1	negative_control	bacterial	1500	2023061
NZ_CP049230.1_frag_83_L1500	NZ_CP049230.1	negative_control	bacterial	1500	1318700
NZ_AP012332.1_frag_977_L1500	NZ_AP012332.1	negative_control	bacterial	1500	1667406
NZ_AP012332.1_frag_231_L1500	NZ_AP012332.1	negative_control	bacterial	1500	1667406
NZ_CP039266.1_frag_1320_L1500	NZ_CP039266.1	negative_control	bacterial	1500	2023061
NZ_CP049230.1_frag_90_L1500	NZ_CP049230.1	negative_control	bacterial	1500	1318700
NZ_CP039266.1_frag_585_L1500	NZ_CP039266.1	negative_control	bacterial	1500	2023061
NZ_AP012332.1_frag_881_L1500	NZ_AP012332.1	negative_control	bacterial	1500	1667406
NZ_CP011280.1_frag_452_L1500	NZ_CP011280.1	negative_control	bacterial	1500	1330224
NZ_CP039266.1_frag_1245_L1500	NZ_CP039266.1	negative_control	bacterial	1500	2023061
NZ_CP011280.1_frag_741_L1500	NZ_CP011280.1	negative_control	bacterial	1500	1330224
NZ_CP049230.1_frag_312_L1500	NZ_CP049230.1	negative_control	bacterial	1500	1318700
NZ_AP012332.1_frag_79_L1500	NZ_AP012332.1	negative_control	bacterial	1500	1667406
NZ_CP065631.1_frag_866_L1500	NZ_CP065631.1	negative_control	bacterial	1500	1447017
NZ_CP049230.1_frag_272_L1500	NZ_CP049230.1	negative_control	bacterial	1500	1318700
NZ_CP039266.1_frag_1132_L1500	NZ_CP039266.1	negative_control	bacterial	1500	2023061
NZ_CP049230.1_frag_779_L1500	NZ_CP049230.1	negative_control	bacterial	1500	1318700
NZ_CP065631.1_frag_506_L1500	NZ_CP065631.1	negative_control	bacterial	1500	1447017
NZ_CP049230.1_frag_787_L1500	NZ_CP049230.1	negative_control	bacterial	1500	1318700
NZ_CP011280.1_frag_670_L1500	NZ_CP011280.1	negative_control	bacterial	1500	1330224
NZ_CP065631.1_frag_40_L1500	NZ_CP065631.1	negative_control	bacterial	1500	1447017
NZ_CP039266.1_frag_987_L1500	NZ_CP039266.1	negative_control	bacterial	1500	2023061
NZ_CP011280.1_frag_568_L1500	NZ_CP011280.1	negative_control	bacterial	1500	1330224
NZ_CP039266.1_frag_304_L1500	NZ_CP039266.1	negative_control	bacterial	1500	2023061
NZ_AP012332.1_frag_812_L1500	NZ_AP012332.1	negative_control	bacterial	1500	1667406
NZ_CP039266.1_frag_1144_L1500	NZ_CP039266.1	negative_control	bacterial	1500	2023061
NZ_AFIJ01000008.1_frag_52_L1500	NZ_AFIJ01000008.1	negative_control	bacterial	1500	149073
NZ_AP012332.1_frag_610_L1500	NZ_AP012332.1	negative_control	bacterial	1500	1667406
NZ_CP065631.1_frag_638_L1500	NZ_CP065631.1	negative_control	bacterial	1500	1447017
NZ_AFIJ01000007.1_frag_66_L1500	NZ_AFIJ01000007.1	negative_control	bacterial	1500	148045
NZ_CP049230.1_frag_581_L1500	NZ_CP049230.1	negative_control	bacterial	1500	1318700
NZ_CP039266.1_frag_1049_L1500	NZ_CP039266.1	negative_control	bacterial	1500	2023061
NZ_AFIJ01000008.1_frag_83_L1500	NZ_AFIJ01000008.1	negative_control	bacterial	1500	149073
NZ_CP039266.1_frag_129_L1500	NZ_CP039266.1	negative_control	bacterial	1500	2023061
NZ_AFIJ01000004.1_frag_61_L1500	NZ_AFIJ01000004.1	negative_control	bacterial	1500	100595
NZ_AP012332.1_frag_140_L1500	NZ_AP012332.1	negative_control	bacterial	1500	1667406
NZ_AP012332.1_frag_771_L1500	NZ_AP012332.1	negative_control	bacterial	1500	1667406
NZ_AFIJ01000020.1_frag_39_L1500	NZ_AFIJ01000020.1	negative_control	bacterial	1500	80676
NZ_CP039266.1_frag_281_L1500	NZ_CP039266.1	negative_control	bacterial	1500	2023061
NZ_CP065631.1_frag_793_L1500	NZ_CP065631.1	negative_control	bacterial	1500	1447017
NZ_AFIJ01000029.1_frag_11_L1500	NZ_AFIJ01000029.1	negative_control	bacterial	1500	104968
NZ_CP065631.1_frag_319_L1500	NZ_CP065631.1	negative_control	bacterial	1500	1447017
NZ_CP049230.1_frag_452_L1500	NZ_CP049230.1	negative_control	bacterial	1500	1318700
NZ_CP011280.1_frag_209_L1500	NZ_CP011280.1	negative_control	bacterial	1500	1330224
NZ_AP012332.1_frag_949_L1500	NZ_AP012332.1	negative_control	bacterial	1500	1667406
NZ_CP065631.1_frag_892_L1500	NZ_CP065631.1	negative_control	bacterial	1500	1447017
NZ_CP049230.1_frag_191_L1500	NZ_CP049230.1	negative_control	bacterial	1500	1318700
NZ_AFIJ01000032.1_frag_13_L1500	NZ_AFIJ01000032.1	negative_control	bacterial	1500	123176
NZ_CP065631.1_frag_961_L1500	NZ_CP065631.1	negative_control	bacterial	1500	1447017
NZ_AP012332.1_frag_577_L1500	NZ_AP012332.1	negative_control	bacterial	1500	1667406
NZ_CP065631.1_frag_474_L1500	NZ_CP065631.1	negative_control	bacterial	1500	1447017
NZ_CP065631.1_frag_293_L1500	NZ_CP065631.1	negative_control	bacterial	1500	1447017
NZ_CP039266.1_frag_496_L1500	NZ_CP039266.1	negative_control	bacterial	1500	2023061
NZ_AP012332.1_frag_356_L1500	NZ_AP012332.1	negative_control	bacterial	1500	1667406
NZ_CP039266.1_frag_61_L1500	NZ_CP039266.1	negative_control	bacterial	1500	2023061
NZ_AFIJ01000005.1_frag_1_L1500	NZ_AFIJ01000005.1	negative_control	bacterial	1500	10272
NZ_CP039266.1_frag_56_L1500	NZ_CP039266.1	negative_control	bacterial	1500	2023061
NZ_CP011280.1_frag_99_L1500	NZ_CP011280.1	negative_control	bacterial	1500	1330224
NZ_AFIJ01000008.1_frag_92_L1500	NZ_AFIJ01000008.1	negative_control	bacterial	1500	149073
NZ_CP011280.1_frag_871_L1500	NZ_CP011280.1	negative_control	bacterial	1500	1330224
NZ_AP012332.1_frag_753_L1500	NZ_AP012332.1	negative_control	bacterial	1500	1667406
NZ_CP065631.1_frag_603_L1500	NZ_CP065631.1	negative_control	bacterial	1500	1447017
NZ_CP011280.1_frag_536_L1500	NZ_CP011280.1	negative_control	bacterial	1500	1330224
NZ_CP011280.1_frag_1_L1500	NZ_CP011280.1	negative_control	bacterial	1500	1330224
NZ_CP049230.1_frag_691_L1500	NZ_CP049230.1	negative_control	bacterial	1500	1318700
NZ_CP049230.1_frag_218_L1500	NZ_CP049230.1	negative_control	bacterial	1500	1318700
NZ_CP039266.1_frag_475_L1500	NZ_CP039266.1	negative_control	bacterial	1500	2023061
NZ_CP049230.1_frag_509_L1500	NZ_CP049230.1	negative_control	bacterial	1500	1318700
NZ_AFIJ01000039.1_frag_17_L1500	NZ_AFIJ01000039.1	negative_control	bacterial	1500	122540
NZ_AP012332.1_frag_750_L1500	NZ_AP012332.1	negative_control	bacterial	1500	1667406
NZ_CP039266.1_frag_213_L1500	NZ_CP039266.1	negative_control	bacterial	1500	2023061
NZ_AP012332.1_frag_511_L1500	NZ_AP012332.1	negative_control	bacterial	1500	1667406
NZ_CP039266.1_frag_1072_L1500	NZ_CP039266.1	negative_control	bacterial	1500	2023061
NZ_CP049230.1_frag_687_L1500	NZ_CP049230.1	negative_control	bacterial	1500	1318700
NZ_AFIJ01000027.1_frag_8_L1500	NZ_AFIJ01000027.1	negative_control	bacterial	1500	12043
NZ_CP039266.1_frag_660_L1500	NZ_CP039266.1	negative_control	bacterial	1500	2023061
NZ_AP012332.1_frag_456_L1500	NZ_AP012332.1	negative_control	bacterial	1500	1667406
NZ_CP039266.1_frag_952_L1500	NZ_CP039266.1	negative_control	bacterial	1500	2023061
NZ_CP049230.1_frag_833_L1500	NZ_CP049230.1	negative_control	bacterial	1500	1318700
NZ_CP011280.1_frag_39_L1500	NZ_CP011280.1	negative_control	bacterial	1500	1330224
NZ_CP039266.1_frag_1314_L1500	NZ_CP039266.1	negative_control	bacterial	1500	2023061
NZ_AP012332.1_frag_574_L1500	NZ_AP012332.1	negative_control	bacterial	1500	1667406
NZ_CP039266.1_frag_598_L1500	NZ_CP039266.1	negative_control	bacterial	1500	2023061
NZ_CP011280.1_frag_858_L1500	NZ_CP011280.1	negative_control	bacterial	1500	1330224
NZ_CP049230.1_frag_746_L1500	NZ_CP049230.1	negative_control	bacterial	1500	1318700
NZ_CP039266.1_frag_640_L1500	NZ_CP039266.1	negative_control	bacterial	1500	2023061
NZ_CP039266.1_frag_1318_L1500	NZ_CP039266.1	negative_control	bacterial	1500	2023061
NZ_CP065631.1_frag_298_L1500	NZ_CP065631.1	negative_control	bacterial	1500	1447017
NZ_CP049230.1_frag_522_L1500	NZ_CP049230.1	negative_control	bacterial	1500	1318700
NZ_AFIJ01000029.1_frag_52_L1500	NZ_AFIJ01000029.1	negative_control	bacterial	1500	104968
NZ_CP049230.1_frag_145_L1500	NZ_CP049230.1	negative_control	bacterial	1500	1318700
NZ_AP012332.1_frag_124_L1500	NZ_AP012332.1	negative_control	bacterial	1500	1667406
NZ_AFIJ01000039.1_frag_5_L1500	NZ_AFIJ01000039.1	negative_control	bacterial	1500	122540
NZ_AP012332.1_frag_905_L1500	NZ_AP012332.1	negative_control	bacterial	1500	1667406
NZ_CP039266.1_frag_212_L1500	NZ_CP039266.1	negative_control	bacterial	1500	2023061
NZ_CP049230.1_frag_44_L1500	NZ_CP049230.1	negative_control	bacterial	1500	1318700
NZ_CP011280.1_frag_507_L1500	NZ_CP011280.1	negative_control	bacterial	1500	1330224
NZ_CP039266.1_frag_122_L1500	NZ_CP039266.1	negative_control	bacterial	1500	2023061
NZ_CP049230.1_frag_839_L1500	NZ_CP049230.1	negative_control	bacterial	1500	1318700
NZ_CP039266.1_frag_74_L1500	NZ_CP039266.1	negative_control	bacterial	1500	2023061
NZ_CP049230.1_frag_30_L1500	NZ_CP049230.1	negative_control	bacterial	1500	1318700
NZ_CP039266.1_frag_49_L1500	NZ_CP039266.1	negative_control	bacterial	1500	2023061
NZ_AP012332.1_frag_649_L1500	NZ_AP012332.1	negative_control	bacterial	1500	1667406
NZ_AFIJ01000007.1_frag_46_L1500	NZ_AFIJ01000007.1	negative_control	bacterial	1500	148045
NZ_AP012332.1_frag_19_L1500	NZ_AP012332.1	negative_control	bacterial	1500	1667406
NZ_CP039266.1_frag_369_L1500	NZ_CP039266.1	negative_control	bacterial	1500	2023061
NZ_CP039266.1_frag_388_L1500	NZ_CP039266.1	negative_control	bacterial	1500	2023061
NZ_CP065631.1_frag_450_L1500	NZ_CP065631.1	negative_control	bacterial	1500	1447017
NZ_AP012332.1_frag_715_L1500	NZ_AP012332.1	negative_control	bacterial	1500	1667406
NZ_CP049230.1_frag_213_L1500	NZ_CP049230.1	negative_control	bacterial	1500	1318700
NZ_CP065631.1_frag_444_L1500	NZ_CP065631.1	negative_control	bacterial	1500	1447017
NZ_CP049230.1_frag_565_L1500	NZ_CP049230.1	negative_control	bacterial	1500	1318700
NZ_AP012332.1_frag_961_L1500	NZ_AP012332.1	negative_control	bacterial	1500	1667406
NZ_AP012332.1_frag_203_L1500	NZ_AP012332.1	negative_control	bacterial	1500	1667406
NZ_CP039266.1_frag_867_L1500	NZ_CP039266.1	negative_control	bacterial	1500	2023061
NZ_CP039266.1_frag_732_L1500	NZ_CP039266.1	negative_control	bacterial	1500	2023061
NZ_CP039266.1_frag_456_L1500	NZ_CP039266.1	negative_control	bacterial	1500	2023061
NZ_AFIJ01000004.1_frag_64_L1500	NZ_AFIJ01000004.1	negative_control	bacterial	1500	100595
NZ_CP065631.1_frag_947_L1500	NZ_CP065631.1	negative_control	bacterial	1500	1447017
NZ_AP012332.1_frag_710_L1500	NZ_AP012332.1	negative_control	bacterial	1500	1667406
NZ_CP065631.1_frag_117_L1500	NZ_CP065631.1	negative_control	bacterial	1500	1447017
NZ_AFIJ01000007.1_frag_16_L1500	NZ_AFIJ01000007.1	negative_control	bacterial	1500	148045
NZ_CP049230.1_frag_729_L1500	NZ_CP049230.1	negative_control	bacterial	1500	1318700
NZ_AP012332.1_frag_847_L1500	NZ_AP012332.1	negative_control	bacterial	1500	1667406
NZ_CP039267.1_frag_5_L1500	NZ_CP039267.1	negative_control	bacterial	1500	16343
NZ_AFIJ01000035.1_frag_5_L1500	NZ_AFIJ01000035.1	negative_control	bacterial	1500	55251
NZ_CP049230.1_frag_209_L1500	NZ_CP049230.1	negative_control	bacterial	1500	1318700
NZ_AP012332.1_frag_938_L1500	NZ_AP012332.1	negative_control	bacterial	1500	1667406
NZ_AFIJ01000026.1_frag_9_L1500	NZ_AFIJ01000026.1	negative_control	bacterial	1500	50184
NZ_AFIJ01000045.1_frag_12_L1500	NZ_AFIJ01000045.1	negative_control	bacterial	1500	114466
NZ_CP065631.1_frag_381_L1500	NZ_CP065631.1	negative_control	bacterial	1500	1447017
NZ_CP049230.1_frag_233_L1500	NZ_CP049230.1	negative_control	bacterial	1500	1318700
NZ_CP065631.1_frag_470_L1500	NZ_CP065631.1	negative_control	bacterial	1500	1447017
NZ_AP012332.1_frag_1053_L1500	NZ_AP012332.1	negative_control	bacterial	1500	1667406
NZ_AFIJ01000033.1_frag_17_L1500	NZ_AFIJ01000033.1	negative_control	bacterial	1500	81962
NZ_CP011280.1_frag_255_L1500	NZ_CP011280.1	negative_control	bacterial	1500	1330224
NZ_CP039266.1_frag_610_L1500	NZ_CP039266.1	negative_control	bacterial	1500	2023061
NZ_AFIJ01000039.1_frag_13_L1500	NZ_AFIJ01000039.1	negative_control	bacterial	1500	122540
NZ_AP012332.1_frag_174_L1500	NZ_AP012332.1	negative_control	bacterial	1500	1667406
NZ_AP012332.1_frag_748_L1500	NZ_AP012332.1	negative_control	bacterial	1500	1667406
NZ_CP049230.1_frag_632_L1500	NZ_CP049230.1	negative_control	bacterial	1500	1318700
NZ_AP012332.1_frag_411_L1500	NZ_AP012332.1	negative_control	bacterial	1500	1667406
NZ_CP011280.1_frag_550_L1500	NZ_CP011280.1	negative_control	bacterial	1500	1330224
NZ_CP049230.1_frag_139_L1500	NZ_CP049230.1	negative_control	bacterial	1500	1318700
NZ_AFIJ01000020.1_frag_47_L1500	NZ_AFIJ01000020.1	negative_control	bacterial	1500	80676
NZ_CP049230.1_frag_71_L1500	NZ_CP049230.1	negative_control	bacterial	1500	1318700
NZ_AFIJ01000029.1_frag_16_L1500	NZ_AFIJ01000029.1	negative_control	bacterial	1500	104968
NZ_CP039266.1_frag_730_L1500	NZ_CP039266.1	negative_control	bacterial	1500	2023061
NZ_CP039266.1_frag_842_L1500	NZ_CP039266.1	negative_control	bacterial	1500	2023061
NZ_AFIJ01000039.1_frag_48_L1500	NZ_AFIJ01000039.1	negative_control	bacterial	1500	122540
NZ_CP049230.1_frag_532_L1500	NZ_CP049230.1	negative_control	bacterial	1500	1318700
NZ_CP039266.1_frag_1024_L1500	NZ_CP039266.1	negative_control	bacterial	1500	2023061
NZ_AFIJ01000008.1_frag_89_L1500	NZ_AFIJ01000008.1	negative_control	bacterial	1500	149073
NZ_CP039266.1_frag_924_L1500	NZ_CP039266.1	negative_control	bacterial	1500	2023061
NZ_AP012332.1_frag_1100_L1500	NZ_AP012332.1	negative_control	bacterial	1500	1667406
NZ_CP011280.1_frag_377_L1500	NZ_CP011280.1	negative_control	bacterial	1500	1330224
NZ_AP012332.1_frag_567_L1500	NZ_AP012332.1	negative_control	bacterial	1500	1667406
NZ_AFIJ01000013.1_frag_1_L1500	NZ_AFIJ01000013.1	negative_control	bacterial	1500	6229
NZ_CP065631.1_frag_280_L1500	NZ_CP065631.1	negative_control	bacterial	1500	1447017
NZ_CP065631.1_frag_843_L1500	NZ_CP065631.1	negative_control	bacterial	1500	1447017
NZ_CP039266.1_frag_1085_L1500	NZ_CP039266.1	negative_control	bacterial	1500	2023061
NZ_CP011280.1_frag_751_L1500	NZ_CP011280.1	negative_control	bacterial	1500	1330224
NZ_AP012332.1_frag_67_L1500	NZ_AP012332.1	negative_control	bacterial	1500	1667406
NZ_CP011280.1_frag_775_L1500	NZ_CP011280.1	negative_control	bacterial	1500	1330224
NZ_CP039266.1_frag_1331_L1500	NZ_CP039266.1	negative_control	bacterial	1500	2023061
NZ_AP012332.1_frag_535_L1500	NZ_AP012332.1	negative_control	bacterial	1500	1667406
NZ_CP039266.1_frag_1002_L1500	NZ_CP039266.1	negative_control	bacterial	1500	2023061
NZ_AP012332.1_frag_728_L1500	NZ_AP012332.1	negative_control	bacterial	1500	1667406
NZ_CP039266.1_frag_934_L1500	NZ_CP039266.1	negative_control	bacterial	1500	2023061
NZ_AFIJ01000038.1_frag_62_L1500	NZ_AFIJ01000038.1	negative_control	bacterial	1500	96055
NZ_CP039266.1_frag_863_L1500	NZ_CP039266.1	negative_control	bacterial	1500	2023061
NZ_CP039266.1_frag_748_L1500	NZ_CP039266.1	negative_control	bacterial	1500	2023061
NZ_CP065631.1_frag_290_L1500	NZ_CP065631.1	negative_control	bacterial	1500	1447017
NZ_CP039266.1_frag_959_L1500	NZ_CP039266.1	negative_control	bacterial	1500	2023061
NZ_CP065631.1_frag_30_L1500	NZ_CP065631.1	negative_control	bacterial	1500	1447017
NZ_CP049230.1_frag_674_L1500	NZ_CP049230.1	negative_control	bacterial	1500	1318700
NZ_AP012332.1_frag_993_L1500	NZ_AP012332.1	negative_control	bacterial	1500	1667406
NZ_CP065631.1_frag_306_L1500	NZ_CP065631.1	negative_control	bacterial	1500	1447017
NZ_AFIJ01000008.1_frag_28_L1500	NZ_AFIJ01000008.1	negative_control	bacterial	1500	149073
NZ_AFIJ01000026.1_frag_12_L1500	NZ_AFIJ01000026.1	negative_control	bacterial	1500	50184
NZ_CP011280.1_frag_37_L1500	NZ_CP011280.1	negative_control	bacterial	1500	1330224
NZ_CP049230.1_frag_605_L1500	NZ_CP049230.1	negative_control	bacterial	1500	1318700
NZ_CP065631.1_frag_197_L1500	NZ_CP065631.1	negative_control	bacterial	1500	1447017
NZ_CP049230.1_frag_282_L1500	NZ_CP049230.1	negative_control	bacterial	1500	1318700
NZ_CP039266.1_frag_164_L1500	NZ_CP039266.1	negative_control	bacterial	1500	2023061
NZ_CP039266.1_frag_816_L1500	NZ_CP039266.1	negative_control	bacterial	1500	2023061
NZ_CP011280.1_frag_297_L1500	NZ_CP011280.1	negative_control	bacterial	1500	1330224
NZ_CP011280.1_frag_135_L1500	NZ_CP011280.1	negative_control	bacterial	1500	1330224
NZ_CP039266.1_frag_298_L1500	NZ_CP039266.1	negative_control	bacterial	1500	2023061
NZ_CP039266.1_frag_492_L1500	NZ_CP039266.1	negative_control	bacterial	1500	2023061
NZ_AP012332.1_frag_1063_L1500	NZ_AP012332.1	negative_control	bacterial	1500	1667406
NZ_CP039266.1_frag_1335_L1500	NZ_CP039266.1	negative_control	bacterial	1500	2023061
NZ_CP049230.1_frag_520_L1500	NZ_CP049230.1	negative_control	bacterial	1500	1318700
NZ_CP049230.1_frag_135_L1500	NZ_CP049230.1	negative_control	bacterial	1500	1318700
NZ_AFIJ01000039.1_frag_77_L1500	NZ_AFIJ01000039.1	negative_control	bacterial	1500	122540
NZ_AFIJ01000038.1_frag_24_L1500	NZ_AFIJ01000038.1	negative_control	bacterial	1500	96055
NZ_CP039266.1_frag_938_L1500	NZ_CP039266.1	negative_control	bacterial	1500	2023061
NZ_CP039266.1_frag_130_L1500	NZ_CP039266.1	negative_control	bacterial	1500	2023061
NZ_CP065631.1_frag_6_L1500	NZ_CP065631.1	negative_control	bacterial	1500	1447017
NZ_CP065631.1_frag_609_L1500	NZ_CP065631.1	negative_control	bacterial	1500	1447017
NZ_CP039266.1_frag_1124_L1500	NZ_CP039266.1	negative_control	bacterial	1500	2023061
NZ_AFIJ01000032.1_frag_80_L1500	NZ_AFIJ01000032.1	negative_control	bacterial	1500	123176
NZ_CP049230.1_frag_758_L1500	NZ_CP049230.1	negative_control	bacterial	1500	1318700
NZ_AFIJ01000007.1_frag_7_L1500	NZ_AFIJ01000007.1	negative_control	bacterial	1500	148045
NZ_CP011280.1_frag_292_L1500	NZ_CP011280.1	negative_control	bacterial	1500	1330224
NZ_CP065631.1_frag_186_L1500	NZ_CP065631.1	negative_control	bacterial	1500	1447017
NZ_CP039266.1_frag_943_L1500	NZ_CP039266.1	negative_control	bacterial	1500	2023061
NZ_AFIJ01000007.1_frag_30_L1500	NZ_AFIJ01000007.1	negative_control	bacterial	1500	148045
NZ_AFIJ01000039.1_frag_56_L1500	NZ_AFIJ01000039.1	negative_control	bacterial	1500	122540
NZ_AP012332.1_frag_674_L1500	NZ_AP012332.1	negative_control	bacterial	1500	1667406
NZ_AP012332.1_frag_445_L1500	NZ_AP012332.1	negative_control	bacterial	1500	1667406
NZ_CP065631.1_frag_112_L1500	NZ_CP065631.1	negative_control	bacterial	1500	1447017
NZ_CP049230.1_frag_422_L1500	NZ_CP049230.1	negative_control	bacterial	1500	1318700
NZ_CP011280.1_frag_676_L1500	NZ_CP011280.1	negative_control	bacterial	1500	1330224
NZ_CP065631.1_frag_62_L1500	NZ_CP065631.1	negative_control	bacterial	1500	1447017
NZ_CP039266.1_frag_29_L1500	NZ_CP039266.1	negative_control	bacterial	1500	2023061
NZ_CP049230.1_frag_236_L1500	NZ_CP049230.1	negative_control	bacterial	1500	1318700
NZ_CP049230.1_frag_706_L1500	NZ_CP049230.1	negative_control	bacterial	1500	1318700
NZ_AFIJ01000026.1_frag_2_L1500	NZ_AFIJ01000026.1	negative_control	bacterial	1500	50184
NZ_CP039266.1_frag_984_L1500	NZ_CP039266.1	negative_control	bacterial	1500	2023061
NZ_CP039266.1_frag_1317_L1500	NZ_CP039266.1	negative_control	bacterial	1500	2023061
NZ_AP012332.1_frag_1019_L1500	NZ_AP012332.1	negative_control	bacterial	1500	1667406
NZ_AP012332.1_frag_713_L1500	NZ_AP012332.1	negative_control	bacterial	1500	1667406
NZ_CP065631.1_frag_706_L1500	NZ_CP065631.1	negative_control	bacterial	1500	1447017
NZ_CP065631.1_frag_758_L1500	NZ_CP065631.1	negative_control	bacterial	1500	1447017
NZ_CP039266.1_frag_654_L1500	NZ_CP039266.1	negative_control	bacterial	1500	2023061
NZ_CP049230.1_frag_579_L1500	NZ_CP049230.1	negative_control	bacterial	1500	1318700
NZ_CP011280.1_frag_300_L1500	NZ_CP011280.1	negative_control	bacterial	1500	1330224
NZ_AP012332.1_frag_117_L1500	NZ_AP012332.1	negative_control	bacterial	1500	1667406
NZ_CP039266.1_frag_539_L1500	NZ_CP039266.1	negative_control	bacterial	1500	2023061
NZ_AFIJ01000008.1_frag_35_L1500	NZ_AFIJ01000008.1	negative_control	bacterial	1500	149073
NZ_CP039266.1_frag_751_L1500	NZ_CP039266.1	negative_control	bacterial	1500	2023061
NZ_CP039266.1_frag_647_L1500	NZ_CP039266.1	negative_control	bacterial	1500	2023061
NZ_CP049230.1_frag_708_L1500	NZ_CP049230.1	negative_control	bacterial	1500	1318700
NZ_CP011280.1_frag_446_L1500	NZ_CP011280.1	negative_control	bacterial	1500	1330224
NZ_CP011280.1_frag_334_L1500	NZ_CP011280.1	negative_control	bacterial	1500	1330224
NZ_CP049230.1_frag_431_L1500	NZ_CP049230.1	negative_control	bacterial	1500	1318700
NZ_CP065631.1_frag_589_L1500	NZ_CP065631.1	negative_control	bacterial	1500	1447017
NZ_AFIJ01000004.1_frag_41_L1500	NZ_AFIJ01000004.1	negative_control	bacterial	1500	100595
NZ_CP039266.1_frag_1339_L1500	NZ_CP039266.1	negative_control	bacterial	1500	2023061
NZ_AFIJ01000023.1_frag_39_L1500	NZ_AFIJ01000023.1	negative_control	bacterial	1500	71554
NZ_AP012332.1_frag_1096_L1500	NZ_AP012332.1	negative_control	bacterial	1500	1667406
NZ_AFIJ01000038.1_frag_5_L1500	NZ_AFIJ01000038.1	negative_control	bacterial	1500	96055
NZ_CP065631.1_frag_58_L1500	NZ_CP065631.1	negative_control	bacterial	1500	1447017
NZ_CP011280.1_frag_766_L1500	NZ_CP011280.1	negative_control	bacterial	1500	1330224
NZ_CP011280.1_frag_748_L1500	NZ_CP011280.1	negative_control	bacterial	1500	1330224
NZ_AP012332.1_frag_432_L1500	NZ_AP012332.1	negative_control	bacterial	1500	1667406
NZ_CP049230.1_frag_286_L1500	NZ_CP049230.1	negative_control	bacterial	1500	1318700
NZ_CP039266.1_frag_447_L1500	NZ_CP039266.1	negative_control	bacterial	1500	2023061
NZ_CP065631.1_frag_295_L1500	NZ_CP065631.1	negative_control	bacterial	1500	1447017
NZ_CP011280.1_frag_108_L1500	NZ_CP011280.1	negative_control	bacterial	1500	1330224
NZ_CP011280.1_frag_826_L1500	NZ_CP011280.1	negative_control	bacterial	1500	1330224
NZ_AFIJ01000035.1_frag_18_L1500	NZ_AFIJ01000035.1	negative_control	bacterial	1500	55251
NZ_CP065631.1_frag_10_L1500	NZ_CP065631.1	negative_control	bacterial	1500	1447017
NZ_CP039266.1_frag_825_L1500	NZ_CP039266.1	negative_control	bacterial	1500	2023061
NZ_CP049230.1_frag_524_L1500	NZ_CP049230.1	negative_control	bacterial	1500	1318700
NZ_CP065631.1_frag_507_L1500	NZ_CP065631.1	negative_control	bacterial	1500	1447017
NZ_CP039266.1_frag_853_L1500	NZ_CP039266.1	negative_control	bacterial	1500	2023061
NZ_AP012332.1_frag_915_L1500	NZ_AP012332.1	negative_control	bacterial	1500	1667406
NZ_AFIJ01000045.1_frag_23_L1500	NZ_AFIJ01000045.1	negative_control	bacterial	1500	114466
NZ_AFIJ01000035.1_frag_28_L1500	NZ_AFIJ01000035.1	negative_control	bacterial	1500	55251
NZ_CP065631.1_frag_333_L1500	NZ_CP065631.1	negative_control	bacterial	1500	1447017
NZ_AFIJ01000044.1_frag_10_L1500	NZ_AFIJ01000044.1	negative_control	bacterial	1500	23508
NZ_AP012332.1_frag_595_L1500	NZ_AP012332.1	negative_control	bacterial	1500	1667406
NZ_CP065631.1_frag_619_L1500	NZ_CP065631.1	negative_control	bacterial	1500	1447017
NZ_CP039266.1_frag_348_L1500	NZ_CP039266.1	negative_control	bacterial	1500	2023061
NZ_AP012332.1_frag_159_L1500	NZ_AP012332.1	negative_control	bacterial	1500	1667406
NZ_CP065631.1_frag_745_L1500	NZ_CP065631.1	negative_control	bacterial	1500	1447017
NZ_CP049230.1_frag_321_L1500	NZ_CP049230.1	negative_control	bacterial	1500	1318700
NZ_AFIJ01000017.1_frag_13_L1500	NZ_AFIJ01000017.1	negative_control	bacterial	1500	21892
NZ_CP039266.1_frag_6_L1500	NZ_CP039266.1	negative_control	bacterial	1500	2023061
NZ_CP011280.1_frag_834_L1500	NZ_CP011280.1	negative_control	bacterial	1500	1330224
NZ_AP012332.1_frag_196_L1500	NZ_AP012332.1	negative_control	bacterial	1500	1667406
NZ_AFIJ01000035.1_frag_30_L1500	NZ_AFIJ01000035.1	negative_control	bacterial	1500	55251
NZ_CP011280.1_frag_180_L1500	NZ_CP011280.1	negative_control	bacterial	1500	1330224
NZ_CP049230.1_frag_228_L1500	NZ_CP049230.1	negative_control	bacterial	1500	1318700
NZ_AFIJ01000029.1_frag_18_L1500	NZ_AFIJ01000029.1	negative_control	bacterial	1500	104968
NZ_CP011280.1_frag_588_L1500	NZ_CP011280.1	negative_control	bacterial	1500	1330224
NZ_CP065631.1_frag_839_L1500	NZ_CP065631.1	negative_control	bacterial	1500	1447017
NZ_CP049230.1_frag_243_L1500	NZ_CP049230.1	negative_control	bacterial	1500	1318700
NZ_AP012332.1_frag_320_L1500	NZ_AP012332.1	negative_control	bacterial	1500	1667406
NZ_CP039266.1_frag_436_L1500	NZ_CP039266.1	negative_control	bacterial	1500	2023061
NZ_CP065631.1_frag_445_L1500	NZ_CP065631.1	negative_control	bacterial	1500	1447017
NZ_CP011280.1_frag_163_L1500	NZ_CP011280.1	negative_control	bacterial	1500	1330224
NZ_CP039266.1_frag_1012_L1500	NZ_CP039266.1	negative_control	bacterial	1500	2023061
NZ_CP039266.1_frag_831_L1500	NZ_CP039266.1	negative_control	bacterial	1500	2023061
NZ_CP049230.1_frag_158_L1500	NZ_CP049230.1	negative_control	bacterial	1500	1318700
NZ_AP012332.1_frag_118_L1500	NZ_AP012332.1	negative_control	bacterial	1500	1667406
NZ_AFIJ01000032.1_frag_53_L1500	NZ_AFIJ01000032.1	negative_control	bacterial	1500	123176
NZ_AFIJ01000004.1_frag_9_L1500	NZ_AFIJ01000004.1	negative_control	bacterial	1500	100595
NZ_CP065631.1_frag_671_L1500	NZ_CP065631.1	negative_control	bacterial	1500	1447017
NZ_CP039266.1_frag_621_L1500	NZ_CP039266.1	negative_control	bacterial	1500	2023061
NZ_CP049230.1_frag_656_L1500	NZ_CP049230.1	negative_control	bacterial	1500	1318700
NZ_CP039266.1_frag_994_L1500	NZ_CP039266.1	negative_control	bacterial	1500	2023061
NZ_CP065631.1_frag_459_L1500	NZ_CP065631.1	negative_control	bacterial	1500	1447017
NZ_AP012332.1_frag_820_L1500	NZ_AP012332.1	negative_control	bacterial	1500	1667406
NZ_AP012332.1_frag_170_L1500	NZ_AP012332.1	negative_control	bacterial	1500	1667406
NZ_CP065631.1_frag_209_L1500	NZ_CP065631.1	negative_control	bacterial	1500	1447017
NZ_CP065631.1_frag_23_L1500	NZ_CP065631.1	negative_control	bacterial	1500	1447017
NZ_AFIJ01000004.1_frag_7_L1500	NZ_AFIJ01000004.1	negative_control	bacterial	1500	100595
NZ_CP039266.1_frag_811_L1500	NZ_CP039266.1	negative_control	bacterial	1500	2023061
NZ_CP049230.1_frag_797_L1500	NZ_CP049230.1	negative_control	bacterial	1500	1318700
NZ_CP011280.1_frag_853_L1500	NZ_CP011280.1	negative_control	bacterial	1500	1330224
NZ_AFIJ01000033.1_frag_15_L1500	NZ_AFIJ01000033.1	negative_control	bacterial	1500	81962
NZ_AFIJ01000009.1_frag_3_L1500	NZ_AFIJ01000009.1	negative_control	bacterial	1500	28506
NZ_CP011280.1_frag_583_L1500	NZ_CP011280.1	negative_control	bacterial	1500	1330224
NZ_CP011280.1_frag_185_L1500	NZ_CP011280.1	negative_control	bacterial	1500	1330224
NZ_CP049230.1_frag_610_L1500	NZ_CP049230.1	negative_control	bacterial	1500	1318700
NZ_AP012332.1_frag_1052_L1500	NZ_AP012332.1	negative_control	bacterial	1500	1667406
NZ_CP011280.1_frag_704_L1500	NZ_CP011280.1	negative_control	bacterial	1500	1330224
NZ_AP012332.1_frag_733_L1500	NZ_AP012332.1	negative_control	bacterial	1500	1667406
NZ_CP049230.1_frag_717_L1500	NZ_CP049230.1	negative_control	bacterial	1500	1318700
NZ_CP049230.1_frag_441_L1500	NZ_CP049230.1	negative_control	bacterial	1500	1318700
NZ_CP039266.1_frag_434_L1500	NZ_CP039266.1	negative_control	bacterial	1500	2023061
NZ_CP039266.1_frag_395_L1500	NZ_CP039266.1	negative_control	bacterial	1500	2023061
NZ_CP011280.1_frag_362_L1500	NZ_CP011280.1	negative_control	bacterial	1500	1330224
NZ_CP011280.1_frag_94_L1500	NZ_CP011280.1	negative_control	bacterial	1500	1330224
NZ_CP049230.1_frag_287_L1500	NZ_CP049230.1	negative_control	bacterial	1500	1318700
NZ_CP039266.1_frag_354_L1500	NZ_CP039266.1	negative_control	bacterial	1500	2023061
NZ_CP039266.1_frag_1174_L1500	NZ_CP039266.1	negative_control	bacterial	1500	2023061
NZ_CP049230.1_frag_25_L1500	NZ_CP049230.1	negative_control	bacterial	1500	1318700
NZ_CP039266.1_frag_889_L1500	NZ_CP039266.1	negative_control	bacterial	1500	2023061
NZ_CP049230.1_frag_416_L1500	NZ_CP049230.1	negative_control	bacterial	1500	1318700
NZ_CP065631.1_frag_241_L1500	NZ_CP065631.1	negative_control	bacterial	1500	1447017
NZ_CP065631.1_frag_735_L1500	NZ_CP065631.1	negative_control	bacterial	1500	1447017
NZ_AFIJ01000039.1_frag_76_L1500	NZ_AFIJ01000039.1	negative_control	bacterial	1500	122540
NZ_CP049230.1_frag_555_L1500	NZ_CP049230.1	negative_control	bacterial	1500	1318700
NZ_AP012332.1_frag_863_L1500	NZ_AP012332.1	negative_control	bacterial	1500	1667406
NZ_CP011280.1_frag_428_L1500	NZ_CP011280.1	negative_control	bacterial	1500	1330224
NZ_CP049230.1_frag_164_L1500	NZ_CP049230.1	negative_control	bacterial	1500	1318700
NZ_AFIJ01000039.1_frag_65_L1500	NZ_AFIJ01000039.1	negative_control	bacterial	1500	122540
NZ_AFIJ01000039.1_frag_63_L1500	NZ_AFIJ01000039.1	negative_control	bacterial	1500	122540
NZ_CP039266.1_frag_1068_L1500	NZ_CP039266.1	negative_control	bacterial	1500	2023061
NZ_CP039266.1_frag_94_L1500	NZ_CP039266.1	negative_control	bacterial	1500	2023061
NZ_AP012332.1_frag_126_L1500	NZ_AP012332.1	negative_control	bacterial	1500	1667406
NZ_AFIJ01000008.1_frag_67_L1500	NZ_AFIJ01000008.1	negative_control	bacterial	1500	149073
NZ_AFIJ01000029.1_frag_1_L1500	NZ_AFIJ01000029.1	negative_control	bacterial	1500	104968
NZ_AFIJ01000045.1_frag_76_L1500	NZ_AFIJ01000045.1	negative_control	bacterial	1500	114466
NZ_AP012332.1_frag_945_L1500	NZ_AP012332.1	negative_control	bacterial	1500	1667406
NZ_AFIJ01000006.1_frag_7_L1500	NZ_AFIJ01000006.1	negative_control	bacterial	1500	35744
NZ_CP039266.1_frag_162_L1500	NZ_CP039266.1	negative_control	bacterial	1500	2023061
NZ_CP039266.1_frag_815_L1500	NZ_CP039266.1	negative_control	bacterial	1500	2023061
NZ_CP065631.1_frag_639_L1500	NZ_CP065631.1	negative_control	bacterial	1500	1447017
NZ_CP011280.1_frag_832_L1500	NZ_CP011280.1	negative_control	bacterial	1500	1330224
NZ_CP049230.1_frag_401_L1500	NZ_CP049230.1	negative_control	bacterial	1500	1318700
NZ_AP012332.1_frag_579_L1500	NZ_AP012332.1	negative_control	bacterial	1500	1667406
NZ_CP039266.1_frag_873_L1500	NZ_CP039266.1	negative_control	bacterial	1500	2023061
NZ_CP039266.1_frag_1209_L1500	NZ_CP039266.1	negative_control	bacterial	1500	2023061
NZ_AP012332.1_frag_130_L1500	NZ_AP012332.1	negative_control	bacterial	1500	1667406
NZ_CP065631.1_frag_689_L1500	NZ_CP065631.1	negative_control	bacterial	1500	1447017
NZ_CP049230.1_frag_419_L1500	NZ_CP049230.1	negative_control	bacterial	1500	1318700
NZ_CP039266.1_frag_173_L1500	NZ_CP039266.1	negative_control	bacterial	1500	2023061
NZ_CP065631.1_frag_349_L1500	NZ_CP065631.1	negative_control	bacterial	1500	1447017
NZ_CP039266.1_frag_926_L1500	NZ_CP039266.1	negative_control	bacterial	1500	2023061
NZ_AP012332.1_frag_364_L1500	NZ_AP012332.1	negative_control	bacterial	1500	1667406
NZ_CP065631.1_frag_443_L1500	NZ_CP065631.1	negative_control	bacterial	1500	1447017
NZ_AFIJ01000004.1_frag_17_L1500	NZ_AFIJ01000004.1	negative_control	bacterial	1500	100595
NZ_CP039266.1_frag_684_L1500	NZ_CP039266.1	negative_control	bacterial	1500	2023061
NZ_AFIJ01000017.1_frag_9_L1500	NZ_AFIJ01000017.1	negative_control	bacterial	1500	21892
NZ_CP049230.1_frag_819_L1500	NZ_CP049230.1	negative_control	bacterial	1500	1318700
NZ_CP065631.1_frag_786_L1500	NZ_CP065631.1	negative_control	bacterial	1500	1447017
NZ_CP065631.1_frag_286_L1500	NZ_CP065631.1	negative_control	bacterial	1500	1447017
NZ_AFIJ01000039.1_frag_52_L1500	NZ_AFIJ01000039.1	negative_control	bacterial	1500	122540
NZ_CP049230.1_frag_657_L1500	NZ_CP049230.1	negative_control	bacterial	1500	1318700
NZ_AP012332.1_frag_677_L1500	NZ_AP012332.1	negative_control	bacterial	1500	1667406
NZ_CP065631.1_frag_96_L1500	NZ_CP065631.1	negative_control	bacterial	1500	1447017
NZ_CP065631.1_frag_227_L1500	NZ_CP065631.1	negative_control	bacterial	1500	1447017
NZ_CP039266.1_frag_663_L1500	NZ_CP039266.1	negative_control	bacterial	1500	2023061
NZ_CP039266.1_frag_305_L1500	NZ_CP039266.1	negative_control	bacterial	1500	2023061
NZ_CP065631.1_frag_13_L1500	NZ_CP065631.1	negative_control	bacterial	1500	1447017
NZ_CP039266.1_frag_133_L1500	NZ_CP039266.1	negative_control	bacterial	1500	2023061
NZ_AFIJ01000004.1_frag_2_L1500	NZ_AFIJ01000004.1	negative_control	bacterial	1500	100595
NZ_CP049230.1_frag_806_L1500	NZ_CP049230.1	negative_control	bacterial	1500	1318700
NZ_CP049230.1_frag_114_L1500	NZ_CP049230.1	negative_control	bacterial	1500	1318700
NZ_CP039266.1_frag_1052_L1500	NZ_CP039266.1	negative_control	bacterial	1500	2023061
NZ_AP012332.1_frag_344_L1500	NZ_AP012332.1	negative_control	bacterial	1500	1667406
NZ_CP011280.1_frag_812_L1500	NZ_CP011280.1	negative_control	bacterial	1500	1330224
NZ_CP039266.1_frag_1114_L1500	NZ_CP039266.1	negative_control	bacterial	1500	2023061
NZ_CP065631.1_frag_577_L1500	NZ_CP065631.1	negative_control	bacterial	1500	1447017
NZ_AFIJ01000038.1_frag_52_L1500	NZ_AFIJ01000038.1	negative_control	bacterial	1500	96055
NZ_AFIJ01000008.1_frag_17_L1500	NZ_AFIJ01000008.1	negative_control	bacterial	1500	149073
NZ_CP011280.1_frag_133_L1500	NZ_CP011280.1	negative_control	bacterial	1500	1330224
NZ_CP011280.1_frag_504_L1500	NZ_CP011280.1	negative_control	bacterial	1500	1330224
NZ_CP039266.1_frag_251_L1500	NZ_CP039266.1	negative_control	bacterial	1500	2023061
NZ_CP049230.1_frag_666_L1500	NZ_CP049230.1	negative_control	bacterial	1500	1318700
NZ_CP039266.1_frag_479_L1500	NZ_CP039266.1	negative_control	bacterial	1500	2023061
NZ_CP049230.1_frag_159_L1500	NZ_CP049230.1	negative_control	bacterial	1500	1318700
NZ_CP049230.1_frag_61_L1500	NZ_CP049230.1	negative_control	bacterial	1500	1318700
NZ_AP012332.1_frag_627_L1500	NZ_AP012332.1	negative_control	bacterial	1500	1667406
NZ_CP039266.1_frag_474_L1500	NZ_CP039266.1	negative_control	bacterial	1500	2023061
NZ_AFIJ01000026.1_frag_17_L1500	NZ_AFIJ01000026.1	negative_control	bacterial	1500	50184
NZ_CP039266.1_frag_1258_L1500	NZ_CP039266.1	negative_control	bacterial	1500	2023061
NZ_AFIJ01000008.1_frag_48_L1500	NZ_AFIJ01000008.1	negative_control	bacterial	1500	149073
NZ_CP039266.1_frag_123_L1500	NZ_CP039266.1	negative_control	bacterial	1500	2023061
NZ_CP049230.1_frag_802_L1500	NZ_CP049230.1	negative_control	bacterial	1500	1318700
NZ_CP039266.1_frag_990_L1500	NZ_CP039266.1	negative_control	bacterial	1500	2023061
NZ_AFIJ01000007.1_frag_78_L1500	NZ_AFIJ01000007.1	negative_control	bacterial	1500	148045
NZ_CP065631.1_frag_617_L1500	NZ_CP065631.1	negative_control	bacterial	1500	1447017
NZ_CP049230.1_frag_750_L1500	NZ_CP049230.1	negative_control	bacterial	1500	1318700
NZ_AFIJ01000045.1_frag_48_L1500	NZ_AFIJ01000045.1	negative_control	bacterial	1500	114466
NZ_CP065631.1_frag_146_L1500	NZ_CP065631.1	negative_control	bacterial	1500	1447017
NZ_AFIJ01000018.1_frag_1_L1500	NZ_AFIJ01000018.1	negative_control	bacterial	1500	43361
NZ_AFIJ01000033.1_frag_34_L1500	NZ_AFIJ01000033.1	negative_control	bacterial	1500	81962
NZ_AP012332.1_frag_507_L1500	NZ_AP012332.1	negative_control	bacterial	1500	1667406
NZ_CP039266.1_frag_860_L1500	NZ_CP039266.1	negative_control	bacterial	1500	2023061
NZ_CP039266.1_frag_551_L1500	NZ_CP039266.1	negative_control	bacterial	1500	2023061
NZ_AFIJ01000020.1_frag_45_L1500	NZ_AFIJ01000020.1	negative_control	bacterial	1500	80676
NZ_CP039266.1_frag_973_L1500	NZ_CP039266.1	negative_control	bacterial	1500	2023061
NZ_CP011280.1_frag_569_L1500	NZ_CP011280.1	negative_control	bacterial	1500	1330224
NZ_CP065631.1_frag_369_L1500	NZ_CP065631.1	negative_control	bacterial	1500	1447017
NZ_CP065631.1_frag_918_L1500	NZ_CP065631.1	negative_control	bacterial	1500	1447017
NZ_AFIJ01000035.1_frag_8_L1500	NZ_AFIJ01000035.1	negative_control	bacterial	1500	55251
NZ_AFIJ01000023.1_frag_38_L1500	NZ_AFIJ01000023.1	negative_control	bacterial	1500	71554
NZ_CP065631.1_frag_268_L1500	NZ_CP065631.1	negative_control	bacterial	1500	1447017
NZ_CP011280.1_frag_11_L1500	NZ_CP011280.1	negative_control	bacterial	1500	1330224
NZ_AFIJ01000038.1_frag_6_L1500	NZ_AFIJ01000038.1	negative_control	bacterial	1500	96055
NZ_CP011280.1_frag_630_L1500	NZ_CP011280.1	negative_control	bacterial	1500	1330224
NZ_AFIJ01000018.1_frag_6_L1500	NZ_AFIJ01000018.1	negative_control	bacterial	1500	43361
NZ_AP012332.1_frag_682_L1500	NZ_AP012332.1	negative_control	bacterial	1500	1667406
NZ_CP065631.1_frag_925_L1500	NZ_CP065631.1	negative_control	bacterial	1500	1447017
NZ_CP011280.1_frag_143_L1500	NZ_CP011280.1	negative_control	bacterial	1500	1330224
NZ_AFIJ01000007.1_frag_97_L1500	NZ_AFIJ01000007.1	negative_control	bacterial	1500	148045
NZ_CP065631.1_frag_861_L1500	NZ_CP065631.1	negative_control	bacterial	1500	1447017
NZ_CP049230.1_frag_185_L1500	NZ_CP049230.1	negative_control	bacterial	1500	1318700
NZ_CP039266.1_frag_1188_L1500	NZ_CP039266.1	negative_control	bacterial	1500	2023061
NZ_CP039266.1_frag_271_L1500	NZ_CP039266.1	negative_control	bacterial	1500	2023061
NZ_CP065631.1_frag_712_L1500	NZ_CP065631.1	negative_control	bacterial	1500	1447017
NZ_AP012332.1_frag_787_L1500	NZ_AP012332.1	negative_control	bacterial	1500	1667406
NZ_AP012332.1_frag_887_L1500	NZ_AP012332.1	negative_control	bacterial	1500	1667406
NZ_AFIJ01000038.1_frag_56_L1500	NZ_AFIJ01000038.1	negative_control	bacterial	1500	96055
NZ_AFIJ01000026.1_frag_15_L1500	NZ_AFIJ01000026.1	negative_control	bacterial	1500	50184
NZ_CP065631.1_frag_628_L1500	NZ_CP065631.1	negative_control	bacterial	1500	1447017
NZ_CP065631.1_frag_525_L1500	NZ_CP065631.1	negative_control	bacterial	1500	1447017
NZ_AFIJ01000008.1_frag_74_L1500	NZ_AFIJ01000008.1	negative_control	bacterial	1500	149073
NZ_CP065631.1_frag_105_L1500	NZ_CP065631.1	negative_control	bacterial	1500	1447017
NZ_CP039266.1_frag_1077_L1500	NZ_CP039266.1	negative_control	bacterial	1500	2023061
NZ_CP049230.1_frag_432_L1500	NZ_CP049230.1	negative_control	bacterial	1500	1318700
NZ_AP012332.1_frag_441_L1500	NZ_AP012332.1	negative_control	bacterial	1500	1667406
NZ_CP039266.1_frag_431_L1500	NZ_CP039266.1	negative_control	bacterial	1500	2023061
NZ_CP049230.1_frag_29_L1500	NZ_CP049230.1	negative_control	bacterial	1500	1318700
NZ_CP049230.1_frag_763_L1500	NZ_CP049230.1	negative_control	bacterial	1500	1318700
NZ_AFIJ01000045.1_frag_7_L1500	NZ_AFIJ01000045.1	negative_control	bacterial	1500	114466
NZ_CP011280.1_frag_20_L1500	NZ_CP011280.1	negative_control	bacterial	1500	1330224
NZ_AP012332.1_frag_939_L1500	NZ_AP012332.1	negative_control	bacterial	1500	1667406
NZ_CP065631.1_frag_814_L1500	NZ_CP065631.1	negative_control	bacterial	1500	1447017
NZ_CP065631.1_frag_42_L1500	NZ_CP065631.1	negative_control	bacterial	1500	1447017
NZ_CP011280.1_frag_543_L1500	NZ_CP011280.1	negative_control	bacterial	1500	1330224
NZ_CP065631.1_frag_130_L1500	NZ_CP065631.1	negative_control	bacterial	1500	1447017
NZ_AFIJ01000044.1_frag_3_L1500	NZ_AFIJ01000044.1	negative_control	bacterial	1500	23508
NZ_CP065631.1_frag_787_L1500	NZ_CP065631.1	negative_control	bacterial	1500	1447017
NZ_CP065631.1_frag_452_L1500	NZ_CP065631.1	negative_control	bacterial	1500	1447017
NZ_AP012332.1_frag_250_L1500	NZ_AP012332.1	negative_control	bacterial	1500	1667406
NZ_AFIJ01000038.1_frag_44_L1500	NZ_AFIJ01000038.1	negative_control	bacterial	1500	96055
NZ_CP039266.1_frag_170_L1500	NZ_CP039266.1	negative_control	bacterial	1500	2023061
NZ_AFIJ01000038.1_frag_19_L1500	NZ_AFIJ01000038.1	negative_control	bacterial	1500	96055
NZ_AP012332.1_frag_845_L1500	NZ_AP012332.1	negative_control	bacterial	1500	1667406
NZ_CP039266.1_frag_206_L1500	NZ_CP039266.1	negative_control	bacterial	1500	2023061
NZ_AP012332.1_frag_730_L1500	NZ_AP012332.1	negative_control	bacterial	1500	1667406
NZ_AFIJ01000004.1_frag_67_L1500	NZ_AFIJ01000004.1	negative_control	bacterial	1500	100595
NZ_CP039266.1_frag_397_L1500	NZ_CP039266.1	negative_control	bacterial	1500	2023061
NZ_CP039266.1_frag_1319_L1500	NZ_CP039266.1	negative_control	bacterial	1500	2023061
NZ_CP011280.1_frag_882_L1500	NZ_CP011280.1	negative_control	bacterial	1500	1330224
NZ_AFIJ01000007.1_frag_67_L1500	NZ_AFIJ01000007.1	negative_control	bacterial	1500	148045
NZ_AFIJ01000032.1_frag_73_L1500	NZ_AFIJ01000032.1	negative_control	bacterial	1500	123176
NZ_AP012332.1_frag_492_L1500	NZ_AP012332.1	negative_control	bacterial	1500	1667406
NZ_AP012332.1_frag_608_L1500	NZ_AP012332.1	negative_control	bacterial	1500	1667406
NZ_CP011280.1_frag_509_L1500	NZ_CP011280.1	negative_control	bacterial	1500	1330224
NZ_CP039266.1_frag_383_L1500	NZ_CP039266.1	negative_control	bacterial	1500	2023061
NZ_CP065631.1_frag_584_L1500	NZ_CP065631.1	negative_control	bacterial	1500	1447017
NZ_AP012332.1_frag_1110_L1500	NZ_AP012332.1	negative_control	bacterial	1500	1667406
NZ_CP039266.1_frag_1333_L1500	NZ_CP039266.1	negative_control	bacterial	1500	2023061
NZ_AP012332.1_frag_1105_L1500	NZ_AP012332.1	negative_control	bacterial	1500	1667406
NZ_CP049230.1_frag_300_L1500	NZ_CP049230.1	negative_control	bacterial	1500	1318700
NZ_AP012332.1_frag_425_L1500	NZ_AP012332.1	negative_control	bacterial	1500	1667406
NZ_CP039266.1_frag_327_L1500	NZ_CP039266.1	negative_control	bacterial	1500	2023061
NZ_AFIJ01000019.1_frag_6_L1500	NZ_AFIJ01000019.1	negative_control	bacterial	1500	11839
NZ_CP011280.1_frag_211_L1500	NZ_CP011280.1	negative_control	bacterial	1500	1330224
NZ_CP011280.1_frag_584_L1500	NZ_CP011280.1	negative_control	bacterial	1500	1330224
NZ_CP011280.1_frag_47_L1500	NZ_CP011280.1	negative_control	bacterial	1500	1330224
NZ_CP039266.1_frag_1142_L1500	NZ_CP039266.1	negative_control	bacterial	1500	2023061
NZ_CP039266.1_frag_283_L1500	NZ_CP039266.1	negative_control	bacterial	1500	2023061
NZ_CP011280.1_frag_842_L1500	NZ_CP011280.1	negative_control	bacterial	1500	1330224
NZ_AFIJ01000023.1_frag_33_L1500	NZ_AFIJ01000023.1	negative_control	bacterial	1500	71554
NZ_CP011280.1_frag_517_L1500	NZ_CP011280.1	negative_control	bacterial	1500	1330224
NZ_AFIJ01000039.1_frag_73_L1500	NZ_AFIJ01000039.1	negative_control	bacterial	1500	122540
NZ_CP011280.1_frag_21_L1500	NZ_CP011280.1	negative_control	bacterial	1500	1330224
NZ_AP012332.1_frag_602_L1500	NZ_AP012332.1	negative_control	bacterial	1500	1667406
NZ_CP039266.1_frag_385_L1500	NZ_CP039266.1	negative_control	bacterial	1500	2023061
NZ_AP012332.1_frag_528_L1500	NZ_AP012332.1	negative_control	bacterial	1500	1667406
NZ_CP065631.1_frag_98_L1500	NZ_CP065631.1	negative_control	bacterial	1500	1447017
NZ_CP011280.1_frag_91_L1500	NZ_CP011280.1	negative_control	bacterial	1500	1330224
NZ_CP065631.1_frag_203_L1500	NZ_CP065631.1	negative_control	bacterial	1500	1447017
NZ_AP012332.1_frag_919_L1500	NZ_AP012332.1	negative_control	bacterial	1500	1667406
NZ_CP039266.1_frag_121_L1500	NZ_CP039266.1	negative_control	bacterial	1500	2023061
NZ_CP049230.1_frag_77_L1500	NZ_CP049230.1	negative_control	bacterial	1500	1318700
NZ_CP039266.1_frag_163_L1500	NZ_CP039266.1	negative_control	bacterial	1500	2023061
NZ_CP065631.1_frag_371_L1500	NZ_CP065631.1	negative_control	bacterial	1500	1447017
NZ_CP039266.1_frag_699_L1500	NZ_CP039266.1	negative_control	bacterial	1500	2023061
NZ_AFIJ01000023.1_frag_23_L1500	NZ_AFIJ01000023.1	negative_control	bacterial	1500	71554
NZ_AFIJ01000020.1_frag_49_L1500	NZ_AFIJ01000020.1	negative_control	bacterial	1500	80676
NZ_CP039266.1_frag_1324_L1500	NZ_CP039266.1	negative_control	bacterial	1500	2023061
NZ_AP012332.1_frag_626_L1500	NZ_AP012332.1	negative_control	bacterial	1500	1667406
NZ_CP039266.1_frag_372_L1500	NZ_CP039266.1	negative_control	bacterial	1500	2023061
NZ_CP039266.1_frag_565_L1500	NZ_CP039266.1	negative_control	bacterial	1500	2023061
NZ_AP012332.1_frag_834_L1500	NZ_AP012332.1	negative_control	bacterial	1500	1667406
NZ_CP049230.1_frag_456_L1500	NZ_CP049230.1	negative_control	bacterial	1500	1318700
NZ_AFIJ01000044.1_frag_12_L1500	NZ_AFIJ01000044.1	negative_control	bacterial	1500	23508
NZ_CP011280.1_frag_599_L1500	NZ_CP011280.1	negative_control	bacterial	1500	1330224
NZ_CP049230.1_frag_319_L1500	NZ_CP049230.1	negative_control	bacterial	1500	1318700
NZ_AFIJ01000020.1_frag_18_L1500	NZ_AFIJ01000020.1	negative_control	bacterial	1500	80676
NZ_AP012332.1_frag_992_L1500	NZ_AP012332.1	negative_control	bacterial	1500	1667406
NZ_CP049230.1_frag_625_L1500	NZ_CP049230.1	negative_control	bacterial	1500	1318700
NZ_CP011280.1_frag_40_L1500	NZ_CP011280.1	negative_control	bacterial	1500	1330224
NZ_CP011280.1_frag_118_L1500	NZ_CP011280.1	negative_control	bacterial	1500	1330224
NZ_AP012332.1_frag_478_L1500	NZ_AP012332.1	negative_control	bacterial	1500	1667406
NZ_CP039266.1_frag_352_L1500	NZ_CP039266.1	negative_control	bacterial	1500	2023061
NZ_AFIJ01000020.1_frag_12_L1500	NZ_AFIJ01000020.1	negative_control	bacterial	1500	80676
NZ_AFIJ01000039.1_frag_55_L1500	NZ_AFIJ01000039.1	negative_control	bacterial	1500	122540
NZ_AP012332.1_frag_724_L1500	NZ_AP012332.1	negative_control	bacterial	1500	1667406
NZ_CP065631.1_frag_351_L1500	NZ_CP065631.1	negative_control	bacterial	1500	1447017
novel_Faec_phage_04_frag_1_L3000	novel_Faec_phage_04	novel_Faec_phage	viral	3000	56842
novel_Faec_phage_04_frag_2_L3000	novel_Faec_phage_04	novel_Faec_phage	viral	3000	56842
novel_Faec_phage_04_frag_3_L3000	novel_Faec_phage_04	novel_Faec_phage	viral	3000	56842
novel_Faec_phage_04_frag_4_L3000	novel_Faec_phage_04	novel_Faec_phage	viral	3000	56842
novel_Faec_phage_04_frag_5_L3000	novel_Faec_phage_04	novel_Faec_phage	viral	3000	56842
novel_Faec_phage_04_frag_6_L3000	novel_Faec_phage_04	novel_Faec_phage	viral	3000	56842
novel_Faec_phage_04_frag_7_L3000	novel_Faec_phage_04	novel_Faec_phage	viral	3000	56842
novel_Faec_phage_04_frag_8_L3000	novel_Faec_phage_04	novel_Faec_phage	viral	3000	56842
novel_Faec_phage_04_frag_9_L3000	novel_Faec_phage_04	novel_Faec_phage	viral	3000	56842
novel_Faec_phage_04_frag_10_L3000	novel_Faec_phage_04	novel_Faec_phage	viral	3000	56842
novel_Faec_phage_04_frag_11_L3000	novel_Faec_phage_04	novel_Faec_phage	viral	3000	56842
novel_Faec_phage_04_frag_12_L3000	novel_Faec_phage_04	novel_Faec_phage	viral	3000	56842
novel_Faec_phage_04_frag_13_L3000	novel_Faec_phage_04	novel_Faec_phage	viral	3000	56842
novel_Faec_phage_04_frag_14_L3000	novel_Faec_phage_04	novel_Faec_phage	viral	3000	56842
novel_Faec_phage_04_frag_15_L3000	novel_Faec_phage_04	novel_Faec_phage	viral	3000	56842
novel_Faec_phage_04_frag_16_L3000	novel_Faec_phage_04	novel_Faec_phage	viral	3000	56842
novel_Faec_phage_04_frag_17_L3000	novel_Faec_phage_04	novel_Faec_phage	viral	3000	56842
novel_Faec_phage_04_frag_18_L3000	novel_Faec_phage_04	novel_Faec_phage	viral	3000	56842
novel_Arth_phage_13_frag_1_L3000	novel_Arth_phage_13	novel_Arth_phage	viral	3000	39239
novel_Arth_phage_13_frag_2_L3000	novel_Arth_phage_13	novel_Arth_phage	viral	3000	39239
novel_Arth_phage_13_frag_3_L3000	novel_Arth_phage_13	novel_Arth_phage	viral	3000	39239
novel_Arth_phage_13_frag_4_L3000	novel_Arth_phage_13	novel_Arth_phage	viral	3000	39239
novel_Arth_phage_13_frag_5_L3000	novel_Arth_phage_13	novel_Arth_phage	viral	3000	39239
novel_Arth_phage_13_frag_6_L3000	novel_Arth_phage_13	novel_Arth_phage	viral	3000	39239
novel_Arth_phage_13_frag_7_L3000	novel_Arth_phage_13	novel_Arth_phage	viral	3000	39239
novel_Arth_phage_13_frag_8_L3000	novel_Arth_phage_13	novel_Arth_phage	viral	3000	39239
novel_Arth_phage_13_frag_9_L3000	novel_Arth_phage_13	novel_Arth_phage	viral	3000	39239
novel_Arth_phage_13_frag_10_L3000	novel_Arth_phage_13	novel_Arth_phage	viral	3000	39239
novel_Arth_phage_13_frag_11_L3000	novel_Arth_phage_13	novel_Arth_phage	viral	3000	39239
novel_Arth_phage_13_frag_12_L3000	novel_Arth_phage_13	novel_Arth_phage	viral	3000	39239
novel_Arth_phage_13_frag_13_L3000	novel_Arth_phage_13	novel_Arth_phage	viral	3000	39239
novel_Clos_phage_10_frag_1_L3000	novel_Clos_phage_10	novel_Clos_phage	viral	3000	40330
novel_Clos_phage_10_frag_2_L3000	novel_Clos_phage_10	novel_Clos_phage	viral	3000	40330
novel_Clos_phage_10_frag_3_L3000	novel_Clos_phage_10	novel_Clos_phage	viral	3000	40330
novel_Clos_phage_10_frag_4_L3000	novel_Clos_phage_10	novel_Clos_phage	viral	3000	40330
novel_Clos_phage_10_frag_5_L3000	novel_Clos_phage_10	novel_Clos_phage	viral	3000	40330
novel_Clos_phage_10_frag_6_L3000	novel_Clos_phage_10	novel_Clos_phage	viral	3000	40330
novel_Clos_phage_10_frag_7_L3000	novel_Clos_phage_10	novel_Clos_phage	viral	3000	40330
novel_Clos_phage_10_frag_8_L3000	novel_Clos_phage_10	novel_Clos_phage	viral	3000	40330
novel_Clos_phage_10_frag_9_L3000	novel_Clos_phage_10	novel_Clos_phage	viral	3000	40330
novel_Clos_phage_10_frag_10_L3000	novel_Clos_phage_10	novel_Clos_phage	viral	3000	40330
novel_Clos_phage_10_frag_11_L3000	novel_Clos_phage_10	novel_Clos_phage	viral	3000	40330
novel_Clos_phage_10_frag_12_L3000	novel_Clos_phage_10	novel_Clos_phage	viral	3000	40330
novel_Clos_phage_10_frag_13_L3000	novel_Clos_phage_10	novel_Clos_phage	viral	3000	40330
novel_Bac_phage_01_frag_1_L3000	novel_Bac_phage_01	novel_Bac_phage	viral	3000	65142
novel_Bac_phage_01_frag_2_L3000	novel_Bac_phage_01	novel_Bac_phage	viral	3000	65142
novel_Bac_phage_01_frag_3_L3000	novel_Bac_phage_01	novel_Bac_phage	viral	3000	65142
novel_Bac_phage_01_frag_4_L3000	novel_Bac_phage_01	novel_Bac_phage	viral	3000	65142
novel_Bac_phage_01_frag_5_L3000	novel_Bac_phage_01	novel_Bac_phage	viral	3000	65142
novel_Bac_phage_01_frag_6_L3000	novel_Bac_phage_01	novel_Bac_phage	viral	3000	65142
novel_Bac_phage_01_frag_7_L3000	novel_Bac_phage_01	novel_Bac_phage	viral	3000	65142
novel_Bac_phage_01_frag_8_L3000	novel_Bac_phage_01	novel_Bac_phage	viral	3000	65142
novel_Bac_phage_01_frag_9_L3000	novel_Bac_phage_01	novel_Bac_phage	viral	3000	65142
novel_Bac_phage_01_frag_10_L3000	novel_Bac_phage_01	novel_Bac_phage	viral	3000	65142
novel_Bac_phage_01_frag_11_L3000	novel_Bac_phage_01	novel_Bac_phage	viral	3000	65142
novel_Bac_phage_01_frag_12_L3000	novel_Bac_phage_01	novel_Bac_phage	viral	3000	65142
novel_Bac_phage_01_frag_13_L3000	novel_Bac_phage_01	novel_Bac_phage	viral	3000	65142
novel_Bac_phage_01_frag_14_L3000	novel_Bac_phage_01	novel_Bac_phage	viral	3000	65142
novel_Bac_phage_01_frag_15_L3000	novel_Bac_phage_01	novel_Bac_phage	viral	3000	65142
novel_Bac_phage_01_frag_16_L3000	novel_Bac_phage_01	novel_Bac_phage	viral	3000	65142
novel_Bac_phage_01_frag_17_L3000	novel_Bac_phage_01	novel_Bac_phage	viral	3000	65142
novel_Bac_phage_01_frag_18_L3000	novel_Bac_phage_01	novel_Bac_phage	viral	3000	65142
novel_Bac_phage_01_frag_19_L3000	novel_Bac_phage_01	novel_Bac_phage	viral	3000	65142
novel_Bac_phage_01_frag_20_L3000	novel_Bac_phage_01	novel_Bac_phage	viral	3000	65142
novel_Bac_phage_01_frag_21_L3000	novel_Bac_phage_01	novel_Bac_phage	viral	3000	65142
novel_Cory_phage_02_frag_1_L3000	novel_Cory_phage_02	novel_Cory_phage	viral	3000	65965
novel_Cory_phage_02_frag_2_L3000	novel_Cory_phage_02	novel_Cory_phage	viral	3000	65965
novel_Cory_phage_02_frag_3_L3000	novel_Cory_phage_02	novel_Cory_phage	viral	3000	65965
novel_Cory_phage_02_frag_4_L3000	novel_Cory_phage_02	novel_Cory_phage	viral	3000	65965
novel_Cory_phage_02_frag_5_L3000	novel_Cory_phage_02	novel_Cory_phage	viral	3000	65965
novel_Cory_phage_02_frag_6_L3000	novel_Cory_phage_02	novel_Cory_phage	viral	3000	65965
novel_Cory_phage_02_frag_7_L3000	novel_Cory_phage_02	novel_Cory_phage	viral	3000	65965
novel_Cory_phage_02_frag_8_L3000	novel_Cory_phage_02	novel_Cory_phage	viral	3000	65965
novel_Cory_phage_02_frag_9_L3000	novel_Cory_phage_02	novel_Cory_phage	viral	3000	65965
novel_Cory_phage_02_frag_10_L3000	novel_Cory_phage_02	novel_Cory_phage	viral	3000	65965
novel_Cory_phage_02_frag_11_L3000	novel_Cory_phage_02	novel_Cory_phage	viral	3000	65965
novel_Cory_phage_02_frag_12_L3000	novel_Cory_phage_02	novel_Cory_phage	viral	3000	65965
novel_Cory_phage_02_frag_13_L3000	novel_Cory_phage_02	novel_Cory_phage	viral	3000	65965
novel_Cory_phage_02_frag_14_L3000	novel_Cory_phage_02	novel_Cory_phage	viral	3000	65965
novel_Cory_phage_02_frag_15_L3000	novel_Cory_phage_02	novel_Cory_phage	viral	3000	65965
novel_Cory_phage_02_frag_16_L3000	novel_Cory_phage_02	novel_Cory_phage	viral	3000	65965
novel_Cory_phage_02_frag_17_L3000	novel_Cory_phage_02	novel_Cory_phage	viral	3000	65965
novel_Cory_phage_02_frag_18_L3000	novel_Cory_phage_02	novel_Cory_phage	viral	3000	65965
novel_Cory_phage_02_frag_19_L3000	novel_Cory_phage_02	novel_Cory_phage	viral	3000	65965
novel_Cory_phage_02_frag_20_L3000	novel_Cory_phage_02	novel_Cory_phage	viral	3000	65965
novel_Cory_phage_02_frag_21_L3000	novel_Cory_phage_02	novel_Cory_phage	viral	3000	65965
novel_Cory_phage_08_frag_1_L3000	novel_Cory_phage_08	novel_Cory_phage	viral	3000	50560
novel_Cory_phage_08_frag_2_L3000	novel_Cory_phage_08	novel_Cory_phage	viral	3000	50560
novel_Cory_phage_08_frag_3_L3000	novel_Cory_phage_08	novel_Cory_phage	viral	3000	50560
novel_Cory_phage_08_frag_4_L3000	novel_Cory_phage_08	novel_Cory_phage	viral	3000	50560
novel_Cory_phage_08_frag_5_L3000	novel_Cory_phage_08	novel_Cory_phage	viral	3000	50560
novel_Cory_phage_08_frag_6_L3000	novel_Cory_phage_08	novel_Cory_phage	viral	3000	50560
novel_Cory_phage_08_frag_7_L3000	novel_Cory_phage_08	novel_Cory_phage	viral	3000	50560
novel_Cory_phage_08_frag_8_L3000	novel_Cory_phage_08	novel_Cory_phage	viral	3000	50560
novel_Cory_phage_08_frag_9_L3000	novel_Cory_phage_08	novel_Cory_phage	viral	3000	50560
novel_Cory_phage_08_frag_10_L3000	novel_Cory_phage_08	novel_Cory_phage	viral	3000	50560
novel_Cory_phage_08_frag_11_L3000	novel_Cory_phage_08	novel_Cory_phage	viral	3000	50560
novel_Cory_phage_08_frag_12_L3000	novel_Cory_phage_08	novel_Cory_phage	viral	3000	50560
novel_Cory_phage_08_frag_13_L3000	novel_Cory_phage_08	novel_Cory_phage	viral	3000	50560
novel_Cory_phage_08_frag_14_L3000	novel_Cory_phage_08	novel_Cory_phage	viral	3000	50560
novel_Cory_phage_08_frag_15_L3000	novel_Cory_phage_08	novel_Cory_phage	viral	3000	50560
novel_Cory_phage_08_frag_16_L3000	novel_Cory_phage_08	novel_Cory_phage	viral	3000	50560
novel_Clos_phage_05_frag_1_L3000	novel_Clos_phage_05	novel_Clos_phage	viral	3000	45320
novel_Clos_phage_05_frag_2_L3000	novel_Clos_phage_05	novel_Clos_phage	viral	3000	45320
novel_Clos_phage_05_frag_3_L3000	novel_Clos_phage_05	novel_Clos_phage	viral	3000	45320
novel_Clos_phage_05_frag_4_L3000	novel_Clos_phage_05	novel_Clos_phage	viral	3000	45320
novel_Clos_phage_05_frag_5_L3000	novel_Clos_phage_05	novel_Clos_phage	viral	3000	45320
novel_Clos_phage_05_frag_6_L3000	novel_Clos_phage_05	novel_Clos_phage	viral	3000	45320
novel_Clos_phage_05_frag_7_L3000	novel_Clos_phage_05	novel_Clos_phage	viral	3000	45320
novel_Clos_phage_05_frag_8_L3000	novel_Clos_phage_05	novel_Clos_phage	viral	3000	45320
novel_Clos_phage_05_frag_9_L3000	novel_Clos_phage_05	novel_Clos_phage	viral	3000	45320
novel_Clos_phage_05_frag_10_L3000	novel_Clos_phage_05	novel_Clos_phage	viral	3000	45320
novel_Clos_phage_05_frag_11_L3000	novel_Clos_phage_05	novel_Clos_phage	viral	3000	45320
novel_Clos_phage_05_frag_12_L3000	novel_Clos_phage_05	novel_Clos_phage	viral	3000	45320
novel_Clos_phage_05_frag_13_L3000	novel_Clos_phage_05	novel_Clos_phage	viral	3000	45320
novel_Clos_phage_05_frag_14_L3000	novel_Clos_phage_05	novel_Clos_phage	viral	3000	45320
novel_Clos_phage_05_frag_15_L3000	novel_Clos_phage_05	novel_Clos_phage	viral	3000	45320
novel_Lcoc_phage_15_frag_1_L3000	novel_Lcoc_phage_15	novel_Lcoc_phage	viral	3000	49152
novel_Lcoc_phage_15_frag_2_L3000	novel_Lcoc_phage_15	novel_Lcoc_phage	viral	3000	49152
novel_Lcoc_phage_15_frag_3_L3000	novel_Lcoc_phage_15	novel_Lcoc_phage	viral	3000	49152
novel_Lcoc_phage_15_frag_4_L3000	novel_Lcoc_phage_15	novel_Lcoc_phage	viral	3000	49152
novel_Lcoc_phage_15_frag_5_L3000	novel_Lcoc_phage_15	novel_Lcoc_phage	viral	3000	49152
novel_Lcoc_phage_15_frag_6_L3000	novel_Lcoc_phage_15	novel_Lcoc_phage	viral	3000	49152
novel_Lcoc_phage_15_frag_7_L3000	novel_Lcoc_phage_15	novel_Lcoc_phage	viral	3000	49152
novel_Lcoc_phage_15_frag_8_L3000	novel_Lcoc_phage_15	novel_Lcoc_phage	viral	3000	49152
novel_Lcoc_phage_15_frag_9_L3000	novel_Lcoc_phage_15	novel_Lcoc_phage	viral	3000	49152
novel_Lcoc_phage_15_frag_10_L3000	novel_Lcoc_phage_15	novel_Lcoc_phage	viral	3000	49152
novel_Lcoc_phage_15_frag_11_L3000	novel_Lcoc_phage_15	novel_Lcoc_phage	viral	3000	49152
novel_Lcoc_phage_15_frag_12_L3000	novel_Lcoc_phage_15	novel_Lcoc_phage	viral	3000	49152
novel_Lcoc_phage_15_frag_13_L3000	novel_Lcoc_phage_15	novel_Lcoc_phage	viral	3000	49152
novel_Lcoc_phage_15_frag_14_L3000	novel_Lcoc_phage_15	novel_Lcoc_phage	viral	3000	49152
novel_Lcoc_phage_15_frag_15_L3000	novel_Lcoc_phage_15	novel_Lcoc_phage	viral	3000	49152
novel_Lcoc_phage_15_frag_16_L3000	novel_Lcoc_phage_15	novel_Lcoc_phage	viral	3000	49152
novel_Faec_phage_03_frag_1_L3000	novel_Faec_phage_03	novel_Faec_phage	viral	3000	56958
novel_Faec_phage_03_frag_2_L3000	novel_Faec_phage_03	novel_Faec_phage	viral	3000	56958
novel_Faec_phage_03_frag_3_L3000	novel_Faec_phage_03	novel_Faec_phage	viral	3000	56958
novel_Faec_phage_03_frag_4_L3000	novel_Faec_phage_03	novel_Faec_phage	viral	3000	56958
novel_Faec_phage_03_frag_5_L3000	novel_Faec_phage_03	novel_Faec_phage	viral	3000	56958
novel_Faec_phage_03_frag_6_L3000	novel_Faec_phage_03	novel_Faec_phage	viral	3000	56958
novel_Faec_phage_03_frag_7_L3000	novel_Faec_phage_03	novel_Faec_phage	viral	3000	56958
novel_Faec_phage_03_frag_8_L3000	novel_Faec_phage_03	novel_Faec_phage	viral	3000	56958
novel_Faec_phage_03_frag_9_L3000	novel_Faec_phage_03	novel_Faec_phage	viral	3000	56958
novel_Faec_phage_03_frag_10_L3000	novel_Faec_phage_03	novel_Faec_phage	viral	3000	56958
novel_Faec_phage_03_frag_11_L3000	novel_Faec_phage_03	novel_Faec_phage	viral	3000	56958
novel_Faec_phage_03_frag_12_L3000	novel_Faec_phage_03	novel_Faec_phage	viral	3000	56958
novel_Faec_phage_03_frag_13_L3000	novel_Faec_phage_03	novel_Faec_phage	viral	3000	56958
novel_Faec_phage_03_frag_14_L3000	novel_Faec_phage_03	novel_Faec_phage	viral	3000	56958
novel_Faec_phage_03_frag_15_L3000	novel_Faec_phage_03	novel_Faec_phage	viral	3000	56958
novel_Faec_phage_03_frag_16_L3000	novel_Faec_phage_03	novel_Faec_phage	viral	3000	56958
novel_Faec_phage_03_frag_17_L3000	novel_Faec_phage_03	novel_Faec_phage	viral	3000	56958
novel_Faec_phage_03_frag_18_L3000	novel_Faec_phage_03	novel_Faec_phage	viral	3000	56958
novel_Cory_phage_06_frag_1_L3000	novel_Cory_phage_06	novel_Cory_phage	viral	3000	51909
novel_Cory_phage_06_frag_2_L3000	novel_Cory_phage_06	novel_Cory_phage	viral	3000	51909
novel_Cory_phage_06_frag_3_L3000	novel_Cory_phage_06	novel_Cory_phage	viral	3000	51909
novel_Cory_phage_06_frag_4_L3000	novel_Cory_phage_06	novel_Cory_phage	viral	3000	51909
novel_Cory_phage_06_frag_5_L3000	novel_Cory_phage_06	novel_Cory_phage	viral	3000	51909
novel_Cory_phage_06_frag_6_L3000	novel_Cory_phage_06	novel_Cory_phage	viral	3000	51909
novel_Cory_phage_06_frag_7_L3000	novel_Cory_phage_06	novel_Cory_phage	viral	3000	51909
novel_Cory_phage_06_frag_8_L3000	novel_Cory_phage_06	novel_Cory_phage	viral	3000	51909
novel_Cory_phage_06_frag_9_L3000	novel_Cory_phage_06	novel_Cory_phage	viral	3000	51909
novel_Cory_phage_06_frag_10_L3000	novel_Cory_phage_06	novel_Cory_phage	viral	3000	51909
novel_Cory_phage_06_frag_11_L3000	novel_Cory_phage_06	novel_Cory_phage	viral	3000	51909
novel_Cory_phage_06_frag_12_L3000	novel_Cory_phage_06	novel_Cory_phage	viral	3000	51909
novel_Cory_phage_06_frag_13_L3000	novel_Cory_phage_06	novel_Cory_phage	viral	3000	51909
novel_Cory_phage_06_frag_14_L3000	novel_Cory_phage_06	novel_Cory_phage	viral	3000	51909
novel_Cory_phage_06_frag_15_L3000	novel_Cory_phage_06	novel_Cory_phage	viral	3000	51909
novel_Cory_phage_06_frag_16_L3000	novel_Cory_phage_06	novel_Cory_phage	viral	3000	51909
novel_Cory_phage_06_frag_17_L3000	novel_Cory_phage_06	novel_Cory_phage	viral	3000	51909
novel_Lcoc_phage_14_frag_1_L3000	novel_Lcoc_phage_14	novel_Lcoc_phage	viral	3000	49739
novel_Lcoc_phage_14_frag_2_L3000	novel_Lcoc_phage_14	novel_Lcoc_phage	viral	3000	49739
novel_Lcoc_phage_14_frag_3_L3000	novel_Lcoc_phage_14	novel_Lcoc_phage	viral	3000	49739
novel_Lcoc_phage_14_frag_4_L3000	novel_Lcoc_phage_14	novel_Lcoc_phage	viral	3000	49739
novel_Lcoc_phage_14_frag_5_L3000	novel_Lcoc_phage_14	novel_Lcoc_phage	viral	3000	49739
novel_Lcoc_phage_14_frag_6_L3000	novel_Lcoc_phage_14	novel_Lcoc_phage	viral	3000	49739
novel_Lcoc_phage_14_frag_7_L3000	novel_Lcoc_phage_14	novel_Lcoc_phage	viral	3000	49739
novel_Lcoc_phage_14_frag_8_L3000	novel_Lcoc_phage_14	novel_Lcoc_phage	viral	3000	49739
novel_Lcoc_phage_14_frag_9_L3000	novel_Lcoc_phage_14	novel_Lcoc_phage	viral	3000	49739
novel_Lcoc_phage_14_frag_10_L3000	novel_Lcoc_phage_14	novel_Lcoc_phage	viral	3000	49739
novel_Lcoc_phage_14_frag_11_L3000	novel_Lcoc_phage_14	novel_Lcoc_phage	viral	3000	49739
novel_Lcoc_phage_14_frag_12_L3000	novel_Lcoc_phage_14	novel_Lcoc_phage	viral	3000	49739
novel_Lcoc_phage_14_frag_13_L3000	novel_Lcoc_phage_14	novel_Lcoc_phage	viral	3000	49739
novel_Lcoc_phage_14_frag_14_L3000	novel_Lcoc_phage_14	novel_Lcoc_phage	viral	3000	49739
novel_Lcoc_phage_14_frag_15_L3000	novel_Lcoc_phage_14	novel_Lcoc_phage	viral	3000	49739
novel_Lcoc_phage_14_frag_16_L3000	novel_Lcoc_phage_14	novel_Lcoc_phage	viral	3000	49739
novel_Cory_phage_07_frag_1_L3000	novel_Cory_phage_07	novel_Cory_phage	viral	3000	47724
novel_Cory_phage_07_frag_2_L3000	novel_Cory_phage_07	novel_Cory_phage	viral	3000	47724
novel_Cory_phage_07_frag_3_L3000	novel_Cory_phage_07	novel_Cory_phage	viral	3000	47724
novel_Cory_phage_07_frag_4_L3000	novel_Cory_phage_07	novel_Cory_phage	viral	3000	47724
novel_Cory_phage_07_frag_5_L3000	novel_Cory_phage_07	novel_Cory_phage	viral	3000	47724
novel_Cory_phage_07_frag_6_L3000	novel_Cory_phage_07	novel_Cory_phage	viral	3000	47724
novel_Cory_phage_07_frag_7_L3000	novel_Cory_phage_07	novel_Cory_phage	viral	3000	47724
novel_Cory_phage_07_frag_8_L3000	novel_Cory_phage_07	novel_Cory_phage	viral	3000	47724
novel_Cory_phage_07_frag_9_L3000	novel_Cory_phage_07	novel_Cory_phage	viral	3000	47724
novel_Cory_phage_07_frag_10_L3000	novel_Cory_phage_07	novel_Cory_phage	viral	3000	47724
novel_Cory_phage_07_frag_11_L3000	novel_Cory_phage_07	novel_Cory_phage	viral	3000	47724
novel_Cory_phage_07_frag_12_L3000	novel_Cory_phage_07	novel_Cory_phage	viral	3000	47724
novel_Cory_phage_07_frag_13_L3000	novel_Cory_phage_07	novel_Cory_phage	viral	3000	47724
novel_Cory_phage_07_frag_14_L3000	novel_Cory_phage_07	novel_Cory_phage	viral	3000	47724
novel_Cory_phage_07_frag_15_L3000	novel_Cory_phage_07	novel_Cory_phage	viral	3000	47724
novel_Lcoc_phage_09_frag_1_L3000	novel_Lcoc_phage_09	novel_Lcoc_phage	viral	3000	39676
novel_Lcoc_phage_09_frag_2_L3000	novel_Lcoc_phage_09	novel_Lcoc_phage	viral	3000	39676
novel_Lcoc_phage_09_frag_3_L3000	novel_Lcoc_phage_09	novel_Lcoc_phage	viral	3000	39676
novel_Lcoc_phage_09_frag_4_L3000	novel_Lcoc_phage_09	novel_Lcoc_phage	viral	3000	39676
novel_Lcoc_phage_09_frag_5_L3000	novel_Lcoc_phage_09	novel_Lcoc_phage	viral	3000	39676
novel_Lcoc_phage_09_frag_6_L3000	novel_Lcoc_phage_09	novel_Lcoc_phage	viral	3000	39676
novel_Lcoc_phage_09_frag_7_L3000	novel_Lcoc_phage_09	novel_Lcoc_phage	viral	3000	39676
novel_Lcoc_phage_09_frag_8_L3000	novel_Lcoc_phage_09	novel_Lcoc_phage	viral	3000	39676
novel_Lcoc_phage_09_frag_9_L3000	novel_Lcoc_phage_09	novel_Lcoc_phage	viral	3000	39676
novel_Lcoc_phage_09_frag_10_L3000	novel_Lcoc_phage_09	novel_Lcoc_phage	viral	3000	39676
novel_Lcoc_phage_09_frag_11_L3000	novel_Lcoc_phage_09	novel_Lcoc_phage	viral	3000	39676
novel_Lcoc_phage_09_frag_12_L3000	novel_Lcoc_phage_09	novel_Lcoc_phage	viral	3000	39676
novel_Lcoc_phage_09_frag_13_L3000	novel_Lcoc_phage_09	novel_Lcoc_phage	viral	3000	39676
novel_Gord_phage_11_frag_1_L3000	novel_Gord_phage_11	novel_Gord_phage	viral	3000	49659
novel_Gord_phage_11_frag_2_L3000	novel_Gord_phage_11	novel_Gord_phage	viral	3000	49659
novel_Gord_phage_11_frag_3_L3000	novel_Gord_phage_11	novel_Gord_phage	viral	3000	49659
novel_Gord_phage_11_frag_4_L3000	novel_Gord_phage_11	novel_Gord_phage	viral	3000	49659
novel_Gord_phage_11_frag_5_L3000	novel_Gord_phage_11	novel_Gord_phage	viral	3000	49659
novel_Gord_phage_11_frag_6_L3000	novel_Gord_phage_11	novel_Gord_phage	viral	3000	49659
novel_Gord_phage_11_frag_7_L3000	novel_Gord_phage_11	novel_Gord_phage	viral	3000	49659
novel_Gord_phage_11_frag_8_L3000	novel_Gord_phage_11	novel_Gord_phage	viral	3000	49659
novel_Gord_phage_11_frag_9_L3000	novel_Gord_phage_11	novel_Gord_phage	viral	3000	49659
novel_Gord_phage_11_frag_10_L3000	novel_Gord_phage_11	novel_Gord_phage	viral	3000	49659
novel_Gord_phage_11_frag_11_L3000	novel_Gord_phage_11	novel_Gord_phage	viral	3000	49659
novel_Gord_phage_11_frag_12_L3000	novel_Gord_phage_11	novel_Gord_phage	viral	3000	49659
novel_Gord_phage_11_frag_13_L3000	novel_Gord_phage_11	novel_Gord_phage	viral	3000	49659
novel_Gord_phage_11_frag_14_L3000	novel_Gord_phage_11	novel_Gord_phage	viral	3000	49659
novel_Gord_phage_11_frag_15_L3000	novel_Gord_phage_11	novel_Gord_phage	viral	3000	49659
novel_Gord_phage_11_frag_16_L3000	novel_Gord_phage_11	novel_Gord_phage	viral	3000	49659
novel_Riem_phage_12_frag_1_L3000	novel_Riem_phage_12	novel_Riem_phage	viral	3000	42100
novel_Riem_phage_12_frag_2_L3000	novel_Riem_phage_12	novel_Riem_phage	viral	3000	42100
novel_Riem_phage_12_frag_3_L3000	novel_Riem_phage_12	novel_Riem_phage	viral	3000	42100
novel_Riem_phage_12_frag_4_L3000	novel_Riem_phage_12	novel_Riem_phage	viral	3000	42100
novel_Riem_phage_12_frag_5_L3000	novel_Riem_phage_12	novel_Riem_phage	viral	3000	42100
novel_Riem_phage_12_frag_6_L3000	novel_Riem_phage_12	novel_Riem_phage	viral	3000	42100
novel_Riem_phage_12_frag_7_L3000	novel_Riem_phage_12	novel_Riem_phage	viral	3000	42100
novel_Riem_phage_12_frag_8_L3000	novel_Riem_phage_12	novel_Riem_phage	viral	3000	42100
novel_Riem_phage_12_frag_9_L3000	novel_Riem_phage_12	novel_Riem_phage	viral	3000	42100
novel_Riem_phage_12_frag_10_L3000	novel_Riem_phage_12	novel_Riem_phage	viral	3000	42100
novel_Riem_phage_12_frag_11_L3000	novel_Riem_phage_12	novel_Riem_phage	viral	3000	42100
novel_Riem_phage_12_frag_12_L3000	novel_Riem_phage_12	novel_Riem_phage	viral	3000	42100
novel_Riem_phage_12_frag_13_L3000	novel_Riem_phage_12	novel_Riem_phage	viral	3000	42100
novel_Riem_phage_12_frag_14_L3000	novel_Riem_phage_12	novel_Riem_phage	viral	3000	42100
NZ_CP011280.1_frag_220_L3000	NZ_CP011280.1	negative_control	bacterial	3000	1330224
NZ_CP049230.1_frag_351_L3000	NZ_CP049230.1	negative_control	bacterial	3000	1318700
NZ_CP065631.1_frag_61_L3000	NZ_CP065631.1	negative_control	bacterial	3000	1447017
NZ_CP039266.1_frag_570_L3000	NZ_CP039266.1	negative_control	bacterial	3000	2023061
NZ_AP012332.1_frag_116_L3000	NZ_AP012332.1	negative_control	bacterial	3000	1667406
NZ_CP011280.1_frag_162_L3000	NZ_CP011280.1	negative_control	bacterial	3000	1330224
NZ_CP065631.1_frag_326_L3000	NZ_CP065631.1	negative_control	bacterial	3000	1447017
NZ_CP065631.1_frag_168_L3000	NZ_CP065631.1	negative_control	bacterial	3000	1447017
NZ_AP012332.1_frag_436_L3000	NZ_AP012332.1	negative_control	bacterial	3000	1667406
NZ_CP039266.1_frag_335_L3000	NZ_CP039266.1	negative_control	bacterial	3000	2023061
NZ_CP049230.1_frag_242_L3000	NZ_CP049230.1	negative_control	bacterial	3000	1318700
NZ_CP049230.1_frag_218_L3000	NZ_CP049230.1	negative_control	bacterial	3000	1318700
NZ_AFIJ01000023.1_frag_8_L3000	NZ_AFIJ01000023.1	negative_control	bacterial	3000	71554
NZ_CP011280.1_frag_417_L3000	NZ_CP011280.1	negative_control	bacterial	3000	1330224
NZ_CP039266.1_frag_27_L3000	NZ_CP039266.1	negative_control	bacterial	3000	2023061
NZ_CP039266.1_frag_56_L3000	NZ_CP039266.1	negative_control	bacterial	3000	2023061
NZ_CP011280.1_frag_17_L3000	NZ_CP011280.1	negative_control	bacterial	3000	1330224
NZ_AFIJ01000007.1_frag_22_L3000	NZ_AFIJ01000007.1	negative_control	bacterial	3000	148045
NZ_AFIJ01000039.1_frag_23_L3000	NZ_AFIJ01000039.1	negative_control	bacterial	3000	122540
NZ_CP011280.1_frag_304_L3000	NZ_CP011280.1	negative_control	bacterial	3000	1330224
NZ_CP039266.1_frag_619_L3000	NZ_CP039266.1	negative_control	bacterial	3000	2023061
NZ_CP039266.1_frag_543_L3000	NZ_CP039266.1	negative_control	bacterial	3000	2023061
NZ_CP065631.1_frag_163_L3000	NZ_CP065631.1	negative_control	bacterial	3000	1447017
NZ_CP039266.1_frag_197_L3000	NZ_CP039266.1	negative_control	bacterial	3000	2023061
NZ_CP011280.1_frag_88_L3000	NZ_CP011280.1	negative_control	bacterial	3000	1330224
NZ_CP049230.1_frag_279_L3000	NZ_CP049230.1	negative_control	bacterial	3000	1318700
NZ_AFIJ01000008.1_frag_21_L3000	NZ_AFIJ01000008.1	negative_control	bacterial	3000	149073
NZ_CP011280.1_frag_202_L3000	NZ_CP011280.1	negative_control	bacterial	3000	1330224
NZ_CP039266.1_frag_427_L3000	NZ_CP039266.1	negative_control	bacterial	3000	2023061
NZ_CP049230.1_frag_317_L3000	NZ_CP049230.1	negative_control	bacterial	3000	1318700
NZ_CP049230.1_frag_255_L3000	NZ_CP049230.1	negative_control	bacterial	3000	1318700
NZ_AFIJ01000033.1_frag_13_L3000	NZ_AFIJ01000033.1	negative_control	bacterial	3000	81962
NZ_CP039266.1_frag_654_L3000	NZ_CP039266.1	negative_control	bacterial	3000	2023061
NZ_CP039266.1_frag_539_L3000	NZ_CP039266.1	negative_control	bacterial	3000	2023061
NZ_CP065631.1_frag_441_L3000	NZ_CP065631.1	negative_control	bacterial	3000	1447017
NZ_AFIJ01000006.1_frag_10_L3000	NZ_AFIJ01000006.1	negative_control	bacterial	3000	35744
NZ_AFIJ01000008.1_frag_8_L3000	NZ_AFIJ01000008.1	negative_control	bacterial	3000	149073
NZ_CP039266.1_frag_453_L3000	NZ_CP039266.1	negative_control	bacterial	3000	2023061
NZ_CP065631.1_frag_60_L3000	NZ_CP065631.1	negative_control	bacterial	3000	1447017
NZ_CP011280.1_frag_9_L3000	NZ_CP011280.1	negative_control	bacterial	3000	1330224
NZ_CP049230.1_frag_270_L3000	NZ_CP049230.1	negative_control	bacterial	3000	1318700
NZ_CP049230.1_frag_7_L3000	NZ_CP049230.1	negative_control	bacterial	3000	1318700
NZ_AFIJ01000045.1_frag_5_L3000	NZ_AFIJ01000045.1	negative_control	bacterial	3000	114466
NZ_CP065631.1_frag_139_L3000	NZ_CP065631.1	negative_control	bacterial	3000	1447017
NZ_CP065631.1_frag_19_L3000	NZ_CP065631.1	negative_control	bacterial	3000	1447017
NZ_CP039266.1_frag_245_L3000	NZ_CP039266.1	negative_control	bacterial	3000	2023061
NZ_CP039266.1_frag_616_L3000	NZ_CP039266.1	negative_control	bacterial	3000	2023061
NZ_CP039266.1_frag_201_L3000	NZ_CP039266.1	negative_control	bacterial	3000	2023061
NZ_AP012332.1_frag_550_L3000	NZ_AP012332.1	negative_control	bacterial	3000	1667406
NZ_AFIJ01000032.1_frag_4_L3000	NZ_AFIJ01000032.1	negative_control	bacterial	3000	123176
NZ_CP065631.1_frag_217_L3000	NZ_CP065631.1	negative_control	bacterial	3000	1447017
NZ_CP039266.1_frag_648_L3000	NZ_CP039266.1	negative_control	bacterial	3000	2023061
NZ_CP039266.1_frag_235_L3000	NZ_CP039266.1	negative_control	bacterial	3000	2023061
NZ_CP011280.1_frag_415_L3000	NZ_CP011280.1	negative_control	bacterial	3000	1330224
NZ_CP039266.1_frag_452_L3000	NZ_CP039266.1	negative_control	bacterial	3000	2023061
NZ_CP039266.1_frag_39_L3000	NZ_CP039266.1	negative_control	bacterial	3000	2023061
NZ_AP012332.1_frag_468_L3000	NZ_AP012332.1	negative_control	bacterial	3000	1667406
NZ_CP049230.1_frag_211_L3000	NZ_CP049230.1	negative_control	bacterial	3000	1318700
NZ_CP065631.1_frag_396_L3000	NZ_CP065631.1	negative_control	bacterial	3000	1447017
NZ_CP065631.1_frag_213_L3000	NZ_CP065631.1	negative_control	bacterial	3000	1447017
NZ_CP049230.1_frag_158_L3000	NZ_CP049230.1	negative_control	bacterial	3000	1318700
NZ_AFIJ01000008.1_frag_27_L3000	NZ_AFIJ01000008.1	negative_control	bacterial	3000	149073
NZ_CP039266.1_frag_220_L3000	NZ_CP039266.1	negative_control	bacterial	3000	2023061
NZ_CP011280.1_frag_24_L3000	NZ_CP011280.1	negative_control	bacterial	3000	1330224
NZ_AP012332.1_frag_75_L3000	NZ_AP012332.1	negative_control	bacterial	3000	1667406
NZ_CP039266.1_frag_432_L3000	NZ_CP039266.1	negative_control	bacterial	3000	2023061
NZ_CP011280.1_frag_428_L3000	NZ_CP011280.1	negative_control	bacterial	3000	1330224
NZ_AFIJ01000017.1_frag_4_L3000	NZ_AFIJ01000017.1	negative_control	bacterial	3000	21892
NZ_AP012332.1_frag_193_L3000	NZ_AP012332.1	negative_control	bacterial	3000	1667406
NZ_CP049230.1_frag_249_L3000	NZ_CP049230.1	negative_control	bacterial	3000	1318700
NZ_CP049230.1_frag_26_L3000	NZ_CP049230.1	negative_control	bacterial	3000	1318700
NZ_CP039266.1_frag_151_L3000	NZ_CP039266.1	negative_control	bacterial	3000	2023061
NZ_AP012332.1_frag_88_L3000	NZ_AP012332.1	negative_control	bacterial	3000	1667406
NZ_CP011280.1_frag_250_L3000	NZ_CP011280.1	negative_control	bacterial	3000	1330224
NZ_AFIJ01000045.1_frag_23_L3000	NZ_AFIJ01000045.1	negative_control	bacterial	3000	114466
NZ_CP065631.1_frag_264_L3000	NZ_CP065631.1	negative_control	bacterial	3000	1447017
NZ_CP065631.1_frag_405_L3000	NZ_CP065631.1	negative_control	bacterial	3000	1447017
NZ_AFIJ01000045.1_frag_30_L3000	NZ_AFIJ01000045.1	negative_control	bacterial	3000	114466
NZ_CP049230.1_frag_166_L3000	NZ_CP049230.1	negative_control	bacterial	3000	1318700
NZ_CP039266.1_frag_618_L3000	NZ_CP039266.1	negative_control	bacterial	3000	2023061
NZ_AFIJ01000006.1_frag_11_L3000	NZ_AFIJ01000006.1	negative_control	bacterial	3000	35744
NZ_CP039266.1_frag_606_L3000	NZ_CP039266.1	negative_control	bacterial	3000	2023061
NZ_CP065631.1_frag_406_L3000	NZ_CP065631.1	negative_control	bacterial	3000	1447017
NZ_CP039266.1_frag_14_L3000	NZ_CP039266.1	negative_control	bacterial	3000	2023061
NZ_CP065631.1_frag_41_L3000	NZ_CP065631.1	negative_control	bacterial	3000	1447017
NZ_CP011280.1_frag_317_L3000	NZ_CP011280.1	negative_control	bacterial	3000	1330224
NZ_CP065631.1_frag_177_L3000	NZ_CP065631.1	negative_control	bacterial	3000	1447017
NZ_AP012332.1_frag_326_L3000	NZ_AP012332.1	negative_control	bacterial	3000	1667406
NZ_CP039266.1_frag_152_L3000	NZ_CP039266.1	negative_control	bacterial	3000	2023061
NZ_AP012332.1_frag_516_L3000	NZ_AP012332.1	negative_control	bacterial	3000	1667406
NZ_AFIJ01000007.1_frag_14_L3000	NZ_AFIJ01000007.1	negative_control	bacterial	3000	148045
NZ_CP011280.1_frag_109_L3000	NZ_CP011280.1	negative_control	bacterial	3000	1330224
NZ_CP039266.1_frag_223_L3000	NZ_CP039266.1	negative_control	bacterial	3000	2023061
NZ_CP065631.1_frag_28_L3000	NZ_CP065631.1	negative_control	bacterial	3000	1447017
NZ_CP049230.1_frag_196_L3000	NZ_CP049230.1	negative_control	bacterial	3000	1318700
NZ_AP012332.1_frag_71_L3000	NZ_AP012332.1	negative_control	bacterial	3000	1667406
NZ_AP012332.1_frag_103_L3000	NZ_AP012332.1	negative_control	bacterial	3000	1667406
NZ_CP039266.1_frag_673_L3000	NZ_CP039266.1	negative_control	bacterial	3000	2023061
NZ_CP039266.1_frag_212_L3000	NZ_CP039266.1	negative_control	bacterial	3000	2023061
NZ_CP049230.1_frag_111_L3000	NZ_CP049230.1	negative_control	bacterial	3000	1318700
NZ_AP012332.1_frag_530_L3000	NZ_AP012332.1	negative_control	bacterial	3000	1667406
NZ_CP049230.1_frag_305_L3000	NZ_CP049230.1	negative_control	bacterial	3000	1318700
NZ_AP012332.1_frag_161_L3000	NZ_AP012332.1	negative_control	bacterial	3000	1667406
NZ_CP065631.1_frag_147_L3000	NZ_CP065631.1	negative_control	bacterial	3000	1447017
NZ_CP039266.1_frag_105_L3000	NZ_CP039266.1	negative_control	bacterial	3000	2023061
NZ_CP011280.1_frag_310_L3000	NZ_CP011280.1	negative_control	bacterial	3000	1330224
NZ_CP039266.1_frag_170_L3000	NZ_CP039266.1	negative_control	bacterial	3000	2023061
NZ_CP049230.1_frag_60_L3000	NZ_CP049230.1	negative_control	bacterial	3000	1318700
NZ_CP049230.1_frag_82_L3000	NZ_CP049230.1	negative_control	bacterial	3000	1318700
NZ_CP039266.1_frag_454_L3000	NZ_CP039266.1	negative_control	bacterial	3000	2023061
NZ_CP011280.1_frag_208_L3000	NZ_CP011280.1	negative_control	bacterial	3000	1330224
NZ_AP012332.1_frag_549_L3000	NZ_AP012332.1	negative_control	bacterial	3000	1667406
NZ_CP049230.1_frag_89_L3000	NZ_CP049230.1	negative_control	bacterial	3000	1318700
NZ_CP049230.1_frag_71_L3000	NZ_CP049230.1	negative_control	bacterial	3000	1318700
NZ_CP039266.1_frag_459_L3000	NZ_CP039266.1	negative_control	bacterial	3000	2023061
NZ_AP012332.1_frag_72_L3000	NZ_AP012332.1	negative_control	bacterial	3000	1667406
NZ_AP012332.1_frag_289_L3000	NZ_AP012332.1	negative_control	bacterial	3000	1667406
NZ_CP049230.1_frag_165_L3000	NZ_CP049230.1	negative_control	bacterial	3000	1318700
NZ_AP012332.1_frag_443_L3000	NZ_AP012332.1	negative_control	bacterial	3000	1667406
NZ_CP065631.1_frag_249_L3000	NZ_CP065631.1	negative_control	bacterial	3000	1447017
NZ_CP039266.1_frag_108_L3000	NZ_CP039266.1	negative_control	bacterial	3000	2023061
NZ_CP011280.1_frag_41_L3000	NZ_CP011280.1	negative_control	bacterial	3000	1330224
NZ_CP065631.1_frag_444_L3000	NZ_CP065631.1	negative_control	bacterial	3000	1447017
NZ_AFIJ01000004.1_frag_2_L3000	NZ_AFIJ01000004.1	negative_control	bacterial	3000	100595
NZ_CP065631.1_frag_469_L3000	NZ_CP065631.1	negative_control	bacterial	3000	1447017
NZ_CP039266.1_frag_307_L3000	NZ_CP039266.1	negative_control	bacterial	3000	2023061
NZ_CP065631.1_frag_224_L3000	NZ_CP065631.1	negative_control	bacterial	3000	1447017
NZ_CP011280.1_frag_138_L3000	NZ_CP011280.1	negative_control	bacterial	3000	1330224
NZ_AFIJ01000008.1_frag_37_L3000	NZ_AFIJ01000008.1	negative_control	bacterial	3000	149073
NZ_CP011280.1_frag_354_L3000	NZ_CP011280.1	negative_control	bacterial	3000	1330224
NZ_CP039266.1_frag_560_L3000	NZ_CP039266.1	negative_control	bacterial	3000	2023061
NZ_CP039266.1_frag_118_L3000	NZ_CP039266.1	negative_control	bacterial	3000	2023061
NZ_AP012332.1_frag_419_L3000	NZ_AP012332.1	negative_control	bacterial	3000	1667406
NZ_CP049230.1_frag_54_L3000	NZ_CP049230.1	negative_control	bacterial	3000	1318700
NZ_CP049230.1_frag_314_L3000	NZ_CP049230.1	negative_control	bacterial	3000	1318700
NZ_CP065631.1_frag_215_L3000	NZ_CP065631.1	negative_control	bacterial	3000	1447017
NZ_CP065631.1_frag_460_L3000	NZ_CP065631.1	negative_control	bacterial	3000	1447017
NZ_CP065631.1_frag_255_L3000	NZ_CP065631.1	negative_control	bacterial	3000	1447017
NZ_AFIJ01000032.1_frag_40_L3000	NZ_AFIJ01000032.1	negative_control	bacterial	3000	123176
NZ_CP011280.1_frag_134_L3000	NZ_CP011280.1	negative_control	bacterial	3000	1330224
NZ_CP039266.1_frag_71_L3000	NZ_CP039266.1	negative_control	bacterial	3000	2023061
NZ_CP049230.1_frag_403_L3000	NZ_CP049230.1	negative_control	bacterial	3000	1318700
NZ_AFIJ01000045.1_frag_22_L3000	NZ_AFIJ01000045.1	negative_control	bacterial	3000	114466
NZ_AFIJ01000009.1_frag_9_L3000	NZ_AFIJ01000009.1	negative_control	bacterial	3000	28506
NZ_CP011280.1_frag_71_L3000	NZ_CP011280.1	negative_control	bacterial	3000	1330224
NZ_CP039266.1_frag_409_L3000	NZ_CP039266.1	negative_control	bacterial	3000	2023061
NZ_CP049230.1_frag_257_L3000	NZ_CP049230.1	negative_control	bacterial	3000	1318700
NZ_CP039266.1_frag_261_L3000	NZ_CP039266.1	negative_control	bacterial	3000	2023061
NZ_AFIJ01000011.1_frag_9_L3000	NZ_AFIJ01000011.1	negative_control	bacterial	3000	37253
NZ_AFIJ01000026.1_frag_9_L3000	NZ_AFIJ01000026.1	negative_control	bacterial	3000	50184
NZ_AP012332.1_frag_110_L3000	NZ_AP012332.1	negative_control	bacterial	3000	1667406
NZ_CP011280.1_frag_384_L3000	NZ_CP011280.1	negative_control	bacterial	3000	1330224
NZ_AP012332.1_frag_551_L3000	NZ_AP012332.1	negative_control	bacterial	3000	1667406
NZ_AFIJ01000018.1_frag_2_L3000	NZ_AFIJ01000018.1	negative_control	bacterial	3000	43361
NZ_CP049230.1_frag_293_L3000	NZ_CP049230.1	negative_control	bacterial	3000	1318700
NZ_AFIJ01000033.1_frag_8_L3000	NZ_AFIJ01000033.1	negative_control	bacterial	3000	81962
NZ_CP039266.1_frag_52_L3000	NZ_CP039266.1	negative_control	bacterial	3000	2023061
NZ_CP039266.1_frag_119_L3000	NZ_CP039266.1	negative_control	bacterial	3000	2023061
NZ_CP049230.1_frag_313_L3000	NZ_CP049230.1	negative_control	bacterial	3000	1318700
NZ_CP065631.1_frag_47_L3000	NZ_CP065631.1	negative_control	bacterial	3000	1447017
NZ_CP039266.1_frag_612_L3000	NZ_CP039266.1	negative_control	bacterial	3000	2023061
NZ_AP012332.1_frag_206_L3000	NZ_AP012332.1	negative_control	bacterial	3000	1667406
NZ_CP065631.1_frag_274_L3000	NZ_CP065631.1	negative_control	bacterial	3000	1447017
NZ_CP049230.1_frag_246_L3000	NZ_CP049230.1	negative_control	bacterial	3000	1318700
NZ_AFIJ01000029.1_frag_21_L3000	NZ_AFIJ01000029.1	negative_control	bacterial	3000	104968
NZ_CP011280.1_frag_193_L3000	NZ_CP011280.1	negative_control	bacterial	3000	1330224
NZ_CP049230.1_frag_421_L3000	NZ_CP049230.1	negative_control	bacterial	3000	1318700
NZ_CP039266.1_frag_502_L3000	NZ_CP039266.1	negative_control	bacterial	3000	2023061
NZ_CP039266.1_frag_276_L3000	NZ_CP039266.1	negative_control	bacterial	3000	2023061
NZ_AFIJ01000044.1_frag_6_L3000	NZ_AFIJ01000044.1	negative_control	bacterial	3000	23508
NZ_CP011280.1_frag_302_L3000	NZ_CP011280.1	negative_control	bacterial	3000	1330224
NZ_CP065631.1_frag_50_L3000	NZ_CP065631.1	negative_control	bacterial	3000	1447017
NZ_CP039266.1_frag_600_L3000	NZ_CP039266.1	negative_control	bacterial	3000	2023061
NZ_AP012332.1_frag_204_L3000	NZ_AP012332.1	negative_control	bacterial	3000	1667406
NZ_CP011280.1_frag_273_L3000	NZ_CP011280.1	negative_control	bacterial	3000	1330224
NZ_AFIJ01000035.1_frag_9_L3000	NZ_AFIJ01000035.1	negative_control	bacterial	3000	55251
NZ_CP049230.1_frag_254_L3000	NZ_CP049230.1	negative_control	bacterial	3000	1318700
NZ_CP039266.1_frag_569_L3000	NZ_CP039266.1	negative_control	bacterial	3000	2023061
NZ_CP039266.1_frag_590_L3000	NZ_CP039266.1	negative_control	bacterial	3000	2023061
NZ_CP065631.1_frag_220_L3000	NZ_CP065631.1	negative_control	bacterial	3000	1447017
NZ_CP011280.1_frag_424_L3000	NZ_CP011280.1	negative_control	bacterial	3000	1330224
NZ_CP049230.1_frag_318_L3000	NZ_CP049230.1	negative_control	bacterial	3000	1318700
NZ_CP011280.1_frag_170_L3000	NZ_CP011280.1	negative_control	bacterial	3000	1330224
NZ_CP065631.1_frag_120_L3000	NZ_CP065631.1	negative_control	bacterial	3000	1447017
NZ_AFIJ01000033.1_frag_1_L3000	NZ_AFIJ01000033.1	negative_control	bacterial	3000	81962
NZ_AP012332.1_frag_506_L3000	NZ_AP012332.1	negative_control	bacterial	3000	1667406
NZ_AP012332.1_frag_12_L3000	NZ_AP012332.1	negative_control	bacterial	3000	1667406
NZ_CP065631.1_frag_42_L3000	NZ_CP065631.1	negative_control	bacterial	3000	1447017
NZ_AFIJ01000045.1_frag_2_L3000	NZ_AFIJ01000045.1	negative_control	bacterial	3000	114466
NZ_CP011280.1_frag_120_L3000	NZ_CP011280.1	negative_control	bacterial	3000	1330224
NZ_AFIJ01000011.1_frag_3_L3000	NZ_AFIJ01000011.1	negative_control	bacterial	3000	37253
NZ_AP012332.1_frag_163_L3000	NZ_AP012332.1	negative_control	bacterial	3000	1667406
NZ_CP039266.1_frag_114_L3000	NZ_CP039266.1	negative_control	bacterial	3000	2023061
NZ_AP012332.1_frag_479_L3000	NZ_AP012332.1	negative_control	bacterial	3000	1667406
NZ_CP065631.1_frag_102_L3000	NZ_CP065631.1	negative_control	bacterial	3000	1447017
NZ_CP039266.1_frag_96_L3000	NZ_CP039266.1	negative_control	bacterial	3000	2023061
NZ_CP039266.1_frag_138_L3000	NZ_CP039266.1	negative_control	bacterial	3000	2023061
NZ_CP049230.1_frag_199_L3000	NZ_CP049230.1	negative_control	bacterial	3000	1318700
NZ_CP011280.1_frag_296_L3000	NZ_CP011280.1	negative_control	bacterial	3000	1330224
NZ_CP039266.1_frag_598_L3000	NZ_CP039266.1	negative_control	bacterial	3000	2023061
NZ_AFIJ01000039.1_frag_18_L3000	NZ_AFIJ01000039.1	negative_control	bacterial	3000	122540
NZ_CP065631.1_frag_242_L3000	NZ_CP065631.1	negative_control	bacterial	3000	1447017
NZ_CP065631.1_frag_470_L3000	NZ_CP065631.1	negative_control	bacterial	3000	1447017
NZ_AFIJ01000009.1_frag_5_L3000	NZ_AFIJ01000009.1	negative_control	bacterial	3000	28506
NZ_CP049230.1_frag_50_L3000	NZ_CP049230.1	negative_control	bacterial	3000	1318700
NZ_AP012332.1_frag_198_L3000	NZ_AP012332.1	negative_control	bacterial	3000	1667406
NZ_CP065631.1_frag_370_L3000	NZ_CP065631.1	negative_control	bacterial	3000	1447017
NZ_CP049230.1_frag_186_L3000	NZ_CP049230.1	negative_control	bacterial	3000	1318700
NZ_AP012332.1_frag_458_L3000	NZ_AP012332.1	negative_control	bacterial	3000	1667406
NZ_AP012332.1_frag_456_L3000	NZ_AP012332.1	negative_control	bacterial	3000	1667406
NZ_AP012332.1_frag_165_L3000	NZ_AP012332.1	negative_control	bacterial	3000	1667406
NZ_CP011280.1_frag_402_L3000	NZ_CP011280.1	negative_control	bacterial	3000	1330224
NZ_CP049230.1_frag_282_L3000	NZ_CP049230.1	negative_control	bacterial	3000	1318700
NZ_CP011280.1_frag_272_L3000	NZ_CP011280.1	negative_control	bacterial	3000	1330224
NZ_CP039266.1_frag_340_L3000	NZ_CP039266.1	negative_control	bacterial	3000	2023061
NZ_CP039266.1_frag_132_L3000	NZ_CP039266.1	negative_control	bacterial	3000	2023061
NZ_CP049230.1_frag_153_L3000	NZ_CP049230.1	negative_control	bacterial	3000	1318700
NZ_AFIJ01000045.1_frag_20_L3000	NZ_AFIJ01000045.1	negative_control	bacterial	3000	114466
NZ_AP012332.1_frag_102_L3000	NZ_AP012332.1	negative_control	bacterial	3000	1667406
NZ_CP011280.1_frag_192_L3000	NZ_CP011280.1	negative_control	bacterial	3000	1330224
NZ_CP039266.1_frag_145_L3000	NZ_CP039266.1	negative_control	bacterial	3000	2023061
NZ_CP039266.1_frag_551_L3000	NZ_CP039266.1	negative_control	bacterial	3000	2023061
NZ_CP065631.1_frag_392_L3000	NZ_CP065631.1	negative_control	bacterial	3000	1447017
NZ_CP049230.1_frag_87_L3000	NZ_CP049230.1	negative_control	bacterial	3000	1318700
NZ_AFIJ01000023.1_frag_23_L3000	NZ_AFIJ01000023.1	negative_control	bacterial	3000	71554
NZ_CP039266.1_frag_538_L3000	NZ_CP039266.1	negative_control	bacterial	3000	2023061
NZ_AP012332.1_frag_238_L3000	NZ_AP012332.1	negative_control	bacterial	3000	1667406
NZ_AP012332.1_frag_425_L3000	NZ_AP012332.1	negative_control	bacterial	3000	1667406
NZ_AFIJ01000006.1_frag_8_L3000	NZ_AFIJ01000006.1	negative_control	bacterial	3000	35744
NZ_CP039266.1_frag_580_L3000	NZ_CP039266.1	negative_control	bacterial	3000	2023061
NZ_CP065631.1_frag_410_L3000	NZ_CP065631.1	negative_control	bacterial	3000	1447017
NZ_CP049230.1_frag_2_L3000	NZ_CP049230.1	negative_control	bacterial	3000	1318700
NZ_CP065631.1_frag_266_L3000	NZ_CP065631.1	negative_control	bacterial	3000	1447017
NZ_AP012332.1_frag_57_L3000	NZ_AP012332.1	negative_control	bacterial	3000	1667406
NZ_CP065631.1_frag_203_L3000	NZ_CP065631.1	negative_control	bacterial	3000	1447017
NZ_CP039266.1_frag_291_L3000	NZ_CP039266.1	negative_control	bacterial	3000	2023061
NZ_CP039266.1_frag_22_L3000	NZ_CP039266.1	negative_control	bacterial	3000	2023061
NZ_CP049230.1_frag_105_L3000	NZ_CP049230.1	negative_control	bacterial	3000	1318700
NZ_CP039266.1_frag_458_L3000	NZ_CP039266.1	negative_control	bacterial	3000	2023061
NZ_AP012332.1_frag_29_L3000	NZ_AP012332.1	negative_control	bacterial	3000	1667406
NZ_AP012332.1_frag_424_L3000	NZ_AP012332.1	negative_control	bacterial	3000	1667406
NZ_CP039266.1_frag_357_L3000	NZ_CP039266.1	negative_control	bacterial	3000	2023061
NZ_CP065631.1_frag_151_L3000	NZ_CP065631.1	negative_control	bacterial	3000	1447017
NZ_CP039266.1_frag_365_L3000	NZ_CP039266.1	negative_control	bacterial	3000	2023061
NZ_CP049230.1_frag_202_L3000	NZ_CP049230.1	negative_control	bacterial	3000	1318700
NZ_AFIJ01000038.1_frag_28_L3000	NZ_AFIJ01000038.1	negative_control	bacterial	3000	96055
NZ_CP065631.1_frag_428_L3000	NZ_CP065631.1	negative_control	bacterial	3000	1447017
NZ_AFIJ01000006.1_frag_5_L3000	NZ_AFIJ01000006.1	negative_control	bacterial	3000	35744
NZ_AP012332.1_frag_89_L3000	NZ_AP012332.1	negative_control	bacterial	3000	1667406
NZ_AFIJ01000023.1_frag_3_L3000	NZ_AFIJ01000023.1	negative_control	bacterial	3000	71554
NZ_CP039266.1_frag_45_L3000	NZ_CP039266.1	negative_control	bacterial	3000	2023061
NZ_CP049230.1_frag_394_L3000	NZ_CP049230.1	negative_control	bacterial	3000	1318700
NZ_CP011280.1_frag_378_L3000	NZ_CP011280.1	negative_control	bacterial	3000	1330224
NZ_CP065631.1_frag_132_L3000	NZ_CP065631.1	negative_control	bacterial	3000	1447017
NZ_CP065631.1_frag_358_L3000	NZ_CP065631.1	negative_control	bacterial	3000	1447017
NZ_CP065631.1_frag_395_L3000	NZ_CP065631.1	negative_control	bacterial	3000	1447017
NZ_CP039266.1_frag_167_L3000	NZ_CP039266.1	negative_control	bacterial	3000	2023061
NZ_CP065631.1_frag_289_L3000	NZ_CP065631.1	negative_control	bacterial	3000	1447017
NZ_CP039266.1_frag_593_L3000	NZ_CP039266.1	negative_control	bacterial	3000	2023061
NZ_CP039266.1_frag_672_L3000	NZ_CP039266.1	negative_control	bacterial	3000	2023061
NZ_AFIJ01000044.1_frag_2_L3000	NZ_AFIJ01000044.1	negative_control	bacterial	3000	23508
NZ_AP012332.1_frag_111_L3000	NZ_AP012332.1	negative_control	bacterial	3000	1667406
NZ_AP012332.1_frag_49_L3000	NZ_AP012332.1	negative_control	bacterial	3000	1667406
NZ_AP012332.1_frag_209_L3000	NZ_AP012332.1	negative_control	bacterial	3000	1667406
NZ_AFIJ01000008.1_frag_7_L3000	NZ_AFIJ01000008.1	negative_control	bacterial	3000	149073
NZ_CP039266.1_frag_112_L3000	NZ_CP039266.1	negative_control	bacterial	3000	2023061
NZ_CP065631.1_frag_119_L3000	NZ_CP065631.1	negative_control	bacterial	3000	1447017
NZ_AP012332.1_frag_433_L3000	NZ_AP012332.1	negative_control	bacterial	3000	1667406
NZ_AFIJ01000020.1_frag_15_L3000	NZ_AFIJ01000020.1	negative_control	bacterial	3000	80676
NZ_CP049230.1_frag_70_L3000	NZ_CP049230.1	negative_control	bacterial	3000	1318700
NZ_CP011280.1_frag_207_L3000	NZ_CP011280.1	negative_control	bacterial	3000	1330224
NZ_CP039266.1_frag_429_L3000	NZ_CP039266.1	negative_control	bacterial	3000	2023061
NZ_AP012332.1_frag_318_L3000	NZ_AP012332.1	negative_control	bacterial	3000	1667406
NZ_AP012332.1_frag_481_L3000	NZ_AP012332.1	negative_control	bacterial	3000	1667406
NZ_CP011280.1_frag_371_L3000	NZ_CP011280.1	negative_control	bacterial	3000	1330224
NZ_CP049230.1_frag_148_L3000	NZ_CP049230.1	negative_control	bacterial	3000	1318700
NZ_AP012332.1_frag_135_L3000	NZ_AP012332.1	negative_control	bacterial	3000	1667406
NZ_CP011280.1_frag_224_L3000	NZ_CP011280.1	negative_control	bacterial	3000	1330224
NZ_CP065631.1_frag_158_L3000	NZ_CP065631.1	negative_control	bacterial	3000	1447017
NZ_CP011280.1_frag_254_L3000	NZ_CP011280.1	negative_control	bacterial	3000	1330224
NZ_CP039266.1_frag_521_L3000	NZ_CP039266.1	negative_control	bacterial	3000	2023061
NZ_CP011280.1_frag_293_L3000	NZ_CP011280.1	negative_control	bacterial	3000	1330224
NZ_CP011280.1_frag_437_L3000	NZ_CP011280.1	negative_control	bacterial	3000	1330224
NZ_AP012332.1_frag_24_L3000	NZ_AP012332.1	negative_control	bacterial	3000	1667406
NZ_AP012332.1_frag_120_L3000	NZ_AP012332.1	negative_control	bacterial	3000	1667406
NZ_CP011280.1_frag_322_L3000	NZ_CP011280.1	negative_control	bacterial	3000	1330224
NZ_CP011280.1_frag_414_L3000	NZ_CP011280.1	negative_control	bacterial	3000	1330224
NZ_CP011280.1_frag_306_L3000	NZ_CP011280.1	negative_control	bacterial	3000	1330224
NZ_AP012332.1_frag_55_L3000	NZ_AP012332.1	negative_control	bacterial	3000	1667406
NZ_CP049230.1_frag_332_L3000	NZ_CP049230.1	negative_control	bacterial	3000	1318700
NZ_AP012332.1_frag_491_L3000	NZ_AP012332.1	negative_control	bacterial	3000	1667406
NZ_CP011280.1_frag_114_L3000	NZ_CP011280.1	negative_control	bacterial	3000	1330224
NZ_CP065631.1_frag_260_L3000	NZ_CP065631.1	negative_control	bacterial	3000	1447017
NZ_AFIJ01000004.1_frag_6_L3000	NZ_AFIJ01000004.1	negative_control	bacterial	3000	100595
NZ_AFIJ01000020.1_frag_25_L3000	NZ_AFIJ01000020.1	negative_control	bacterial	3000	80676
NZ_CP065631.1_frag_128_L3000	NZ_CP065631.1	negative_control	bacterial	3000	1447017
NZ_CP065631.1_frag_77_L3000	NZ_CP065631.1	negative_control	bacterial	3000	1447017
NZ_CP039266.1_frag_495_L3000	NZ_CP039266.1	negative_control	bacterial	3000	2023061
NZ_CP065631.1_frag_324_L3000	NZ_CP065631.1	negative_control	bacterial	3000	1447017
NZ_AFIJ01000045.1_frag_28_L3000	NZ_AFIJ01000045.1	negative_control	bacterial	3000	114466
NZ_CP049230.1_frag_16_L3000	NZ_CP049230.1	negative_control	bacterial	3000	1318700
NZ_AFIJ01000033.1_frag_27_L3000	NZ_AFIJ01000033.1	negative_control	bacterial	3000	81962
NZ_CP065631.1_frag_445_L3000	NZ_CP065631.1	negative_control	bacterial	3000	1447017
NZ_AP012332.1_frag_553_L3000	NZ_AP012332.1	negative_control	bacterial	3000	1667406
NZ_CP049230.1_frag_341_L3000	NZ_CP049230.1	negative_control	bacterial	3000	1318700
NZ_AP012332.1_frag_324_L3000	NZ_AP012332.1	negative_control	bacterial	3000	1667406
NZ_CP039266.1_frag_494_L3000	NZ_CP039266.1	negative_control	bacterial	3000	2023061
NZ_CP049230.1_frag_152_L3000	NZ_CP049230.1	negative_control	bacterial	3000	1318700
NZ_AP012332.1_frag_158_L3000	NZ_AP012332.1	negative_control	bacterial	3000	1667406
NZ_CP039266.1_frag_488_L3000	NZ_CP039266.1	negative_control	bacterial	3000	2023061
NZ_CP011280.1_frag_225_L3000	NZ_CP011280.1	negative_control	bacterial	3000	1330224
NZ_CP039266.1_frag_571_L3000	NZ_CP039266.1	negative_control	bacterial	3000	2023061
NZ_AP012332.1_frag_180_L3000	NZ_AP012332.1	negative_control	bacterial	3000	1667406
NZ_CP039266.1_frag_107_L3000	NZ_CP039266.1	negative_control	bacterial	3000	2023061
NZ_CP011280.1_frag_385_L3000	NZ_CP011280.1	negative_control	bacterial	3000	1330224
NZ_CP049230.1_frag_161_L3000	NZ_CP049230.1	negative_control	bacterial	3000	1318700
NZ_CP011280.1_frag_1_L3000	NZ_CP011280.1	negative_control	bacterial	3000	1330224
NZ_AFIJ01000029.1_frag_7_L3000	NZ_AFIJ01000029.1	negative_control	bacterial	3000	104968
NZ_CP039266.1_frag_631_L3000	NZ_CP039266.1	negative_control	bacterial	3000	2023061
NZ_CP039266.1_frag_211_L3000	NZ_CP039266.1	negative_control	bacterial	3000	2023061
NZ_CP039266.1_frag_437_L3000	NZ_CP039266.1	negative_control	bacterial	3000	2023061
NZ_CP049230.1_frag_13_L3000	NZ_CP049230.1	negative_control	bacterial	3000	1318700
NZ_AFIJ01000035.1_frag_5_L3000	NZ_AFIJ01000035.1	negative_control	bacterial	3000	55251
NZ_CP039266.1_frag_536_L3000	NZ_CP039266.1	negative_control	bacterial	3000	2023061
NZ_AP012332.1_frag_455_L3000	NZ_AP012332.1	negative_control	bacterial	3000	1667406
NZ_CP039266.1_frag_90_L3000	NZ_CP039266.1	negative_control	bacterial	3000	2023061
NZ_CP011280.1_frag_191_L3000	NZ_CP011280.1	negative_control	bacterial	3000	1330224
NZ_CP039266.1_frag_350_L3000	NZ_CP039266.1	negative_control	bacterial	3000	2023061
NZ_AFIJ01000004.1_frag_8_L3000	NZ_AFIJ01000004.1	negative_control	bacterial	3000	100595
NZ_CP065631.1_frag_310_L3000	NZ_CP065631.1	negative_control	bacterial	3000	1447017
NZ_CP039266.1_frag_362_L3000	NZ_CP039266.1	negative_control	bacterial	3000	2023061
NZ_AP012332.1_frag_325_L3000	NZ_AP012332.1	negative_control	bacterial	3000	1667406
NZ_AFIJ01000045.1_frag_35_L3000	NZ_AFIJ01000045.1	negative_control	bacterial	3000	114466
NZ_AFIJ01000039.1_frag_4_L3000	NZ_AFIJ01000039.1	negative_control	bacterial	3000	122540
NZ_CP065631.1_frag_121_L3000	NZ_CP065631.1	negative_control	bacterial	3000	1447017
NZ_CP011280.1_frag_339_L3000	NZ_CP011280.1	negative_control	bacterial	3000	1330224
NZ_CP039266.1_frag_32_L3000	NZ_CP039266.1	negative_control	bacterial	3000	2023061
NZ_CP049230.1_frag_178_L3000	NZ_CP049230.1	negative_control	bacterial	3000	1318700
NZ_AFIJ01000008.1_frag_39_L3000	NZ_AFIJ01000008.1	negative_control	bacterial	3000	149073
NZ_AP012332.1_frag_365_L3000	NZ_AP012332.1	negative_control	bacterial	3000	1667406
NZ_AP012332.1_frag_514_L3000	NZ_AP012332.1	negative_control	bacterial	3000	1667406
NZ_CP049230.1_frag_308_L3000	NZ_CP049230.1	negative_control	bacterial	3000	1318700
NZ_AP012332.1_frag_96_L3000	NZ_AP012332.1	negative_control	bacterial	3000	1667406
NZ_CP011280.1_frag_242_L3000	NZ_CP011280.1	negative_control	bacterial	3000	1330224
NZ_CP049230.1_frag_45_L3000	NZ_CP049230.1	negative_control	bacterial	3000	1318700
NZ_AP012332.1_frag_109_L3000	NZ_AP012332.1	negative_control	bacterial	3000	1667406
NZ_AP012332.1_frag_4_L3000	NZ_AP012332.1	negative_control	bacterial	3000	1667406
NZ_AP012332.1_frag_136_L3000	NZ_AP012332.1	negative_control	bacterial	3000	1667406
NZ_CP039266.1_frag_408_L3000	NZ_CP039266.1	negative_control	bacterial	3000	2023061
NZ_CP049230.1_frag_310_L3000	NZ_CP049230.1	negative_control	bacterial	3000	1318700
NZ_AP012332.1_frag_438_L3000	NZ_AP012332.1	negative_control	bacterial	3000	1667406
NZ_AP012332.1_frag_531_L3000	NZ_AP012332.1	negative_control	bacterial	3000	1667406
NZ_CP011280.1_frag_229_L3000	NZ_CP011280.1	negative_control	bacterial	3000	1330224
NZ_CP039266.1_frag_520_L3000	NZ_CP039266.1	negative_control	bacterial	3000	2023061
NZ_CP039266.1_frag_214_L3000	NZ_CP039266.1	negative_control	bacterial	3000	2023061
NZ_CP011280.1_frag_338_L3000	NZ_CP011280.1	negative_control	bacterial	3000	1330224
NZ_CP039266.1_frag_194_L3000	NZ_CP039266.1	negative_control	bacterial	3000	2023061
NZ_CP039266.1_frag_2_L3000	NZ_CP039266.1	negative_control	bacterial	3000	2023061
NZ_AP012332.1_frag_528_L3000	NZ_AP012332.1	negative_control	bacterial	3000	1667406
NZ_CP065631.1_frag_351_L3000	NZ_CP065631.1	negative_control	bacterial	3000	1447017
NZ_AP012332.1_frag_178_L3000	NZ_AP012332.1	negative_control	bacterial	3000	1667406
NZ_CP039266.1_frag_324_L3000	NZ_CP039266.1	negative_control	bacterial	3000	2023061
NZ_CP011280.1_frag_212_L3000	NZ_CP011280.1	negative_control	bacterial	3000	1330224
NZ_CP049230.1_frag_139_L3000	NZ_CP049230.1	negative_control	bacterial	3000	1318700
NZ_CP011280.1_frag_13_L3000	NZ_CP011280.1	negative_control	bacterial	3000	1330224
NZ_CP049230.1_frag_157_L3000	NZ_CP049230.1	negative_control	bacterial	3000	1318700
NZ_CP011280.1_frag_412_L3000	NZ_CP011280.1	negative_control	bacterial	3000	1330224
NZ_AFIJ01000008.1_frag_36_L3000	NZ_AFIJ01000008.1	negative_control	bacterial	3000	149073
NZ_AP012332.1_frag_138_L3000	NZ_AP012332.1	negative_control	bacterial	3000	1667406
NZ_CP011280.1_frag_441_L3000	NZ_CP011280.1	negative_control	bacterial	3000	1330224
NZ_CP049230.1_frag_73_L3000	NZ_CP049230.1	negative_control	bacterial	3000	1318700
NZ_CP039266.1_frag_248_L3000	NZ_CP039266.1	negative_control	bacterial	3000	2023061
NZ_CP039266.1_frag_38_L3000	NZ_CP039266.1	negative_control	bacterial	3000	2023061
NZ_CP011280.1_frag_279_L3000	NZ_CP011280.1	negative_control	bacterial	3000	1330224
NZ_CP011280.1_frag_73_L3000	NZ_CP011280.1	negative_control	bacterial	3000	1330224
NZ_CP065631.1_frag_458_L3000	NZ_CP065631.1	negative_control	bacterial	3000	1447017
NZ_CP039266.1_frag_415_L3000	NZ_CP039266.1	negative_control	bacterial	3000	2023061
NZ_CP065631.1_frag_222_L3000	NZ_CP065631.1	negative_control	bacterial	3000	1447017
NZ_CP011280.1_frag_199_L3000	NZ_CP011280.1	negative_control	bacterial	3000	1330224
NZ_CP039266.1_frag_204_L3000	NZ_CP039266.1	negative_control	bacterial	3000	2023061
NZ_CP039266.1_frag_524_L3000	NZ_CP039266.1	negative_control	bacterial	3000	2023061
NZ_CP011280.1_frag_26_L3000	NZ_CP011280.1	negative_control	bacterial	3000	1330224
NZ_CP049230.1_frag_382_L3000	NZ_CP049230.1	negative_control	bacterial	3000	1318700
NZ_CP039266.1_frag_595_L3000	NZ_CP039266.1	negative_control	bacterial	3000	2023061
NZ_CP039266.1_frag_665_L3000	NZ_CP039266.1	negative_control	bacterial	3000	2023061
NZ_CP065631.1_frag_227_L3000	NZ_CP065631.1	negative_control	bacterial	3000	1447017
NZ_CP039266.1_frag_471_L3000	NZ_CP039266.1	negative_control	bacterial	3000	2023061
NZ_AP012332.1_frag_261_L3000	NZ_AP012332.1	negative_control	bacterial	3000	1667406
NZ_AP012332.1_frag_60_L3000	NZ_AP012332.1	negative_control	bacterial	3000	1667406
NZ_CP049230.1_frag_101_L3000	NZ_CP049230.1	negative_control	bacterial	3000	1318700
NZ_CP049230.1_frag_124_L3000	NZ_CP049230.1	negative_control	bacterial	3000	1318700
NZ_AFIJ01000032.1_frag_22_L3000	NZ_AFIJ01000032.1	negative_control	bacterial	3000	123176
NZ_CP039266.1_frag_109_L3000	NZ_CP039266.1	negative_control	bacterial	3000	2023061
NZ_AFIJ01000008.1_frag_32_L3000	NZ_AFIJ01000008.1	negative_control	bacterial	3000	149073
NZ_CP011280.1_frag_145_L3000	NZ_CP011280.1	negative_control	bacterial	3000	1330224
NZ_AFIJ01000029.1_frag_31_L3000	NZ_AFIJ01000029.1	negative_control	bacterial	3000	104968
NZ_CP011280.1_frag_358_L3000	NZ_CP011280.1	negative_control	bacterial	3000	1330224
NZ_AP012332.1_frag_74_L3000	NZ_AP012332.1	negative_control	bacterial	3000	1667406
NZ_CP065631.1_frag_211_L3000	NZ_CP065631.1	negative_control	bacterial	3000	1447017
NZ_CP049230.1_frag_378_L3000	NZ_CP049230.1	negative_control	bacterial	3000	1318700
NZ_CP065631.1_frag_456_L3000	NZ_CP065631.1	negative_control	bacterial	3000	1447017
NZ_CP039266.1_frag_320_L3000	NZ_CP039266.1	negative_control	bacterial	3000	2023061
NZ_AP012332.1_frag_403_L3000	NZ_AP012332.1	negative_control	bacterial	3000	1667406
NZ_AP012332.1_frag_97_L3000	NZ_AP012332.1	negative_control	bacterial	3000	1667406
NZ_AP012332.1_frag_511_L3000	NZ_AP012332.1	negative_control	bacterial	3000	1667406
NZ_AP012332.1_frag_508_L3000	NZ_AP012332.1	negative_control	bacterial	3000	1667406
NZ_CP049230.1_frag_94_L3000	NZ_CP049230.1	negative_control	bacterial	3000	1318700
NZ_CP065631.1_frag_374_L3000	NZ_CP065631.1	negative_control	bacterial	3000	1447017
NZ_CP065631.1_frag_252_L3000	NZ_CP065631.1	negative_control	bacterial	3000	1447017
NZ_AP012332.1_frag_442_L3000	NZ_AP012332.1	negative_control	bacterial	3000	1667406
NZ_AFIJ01000039.1_frag_37_L3000	NZ_AFIJ01000039.1	negative_control	bacterial	3000	122540
NZ_CP039266.1_frag_164_L3000	NZ_CP039266.1	negative_control	bacterial	3000	2023061
NZ_AFIJ01000004.1_frag_11_L3000	NZ_AFIJ01000004.1	negative_control	bacterial	3000	100595
NZ_AP012332.1_frag_471_L3000	NZ_AP012332.1	negative_control	bacterial	3000	1667406
NZ_CP065631.1_frag_457_L3000	NZ_CP065631.1	negative_control	bacterial	3000	1447017
NZ_CP011280.1_frag_290_L3000	NZ_CP011280.1	negative_control	bacterial	3000	1330224
NZ_CP065631.1_frag_167_L3000	NZ_CP065631.1	negative_control	bacterial	3000	1447017
NZ_CP065631.1_frag_117_L3000	NZ_CP065631.1	negative_control	bacterial	3000	1447017
NZ_CP065631.1_frag_21_L3000	NZ_CP065631.1	negative_control	bacterial	3000	1447017
NZ_CP065631.1_frag_18_L3000	NZ_CP065631.1	negative_control	bacterial	3000	1447017
NZ_CP049230.1_frag_4_L3000	NZ_CP049230.1	negative_control	bacterial	3000	1318700
NZ_CP011280.1_frag_190_L3000	NZ_CP011280.1	negative_control	bacterial	3000	1330224
NZ_CP065631.1_frag_277_L3000	NZ_CP065631.1	negative_control	bacterial	3000	1447017
NZ_AP012332.1_frag_487_L3000	NZ_AP012332.1	negative_control	bacterial	3000	1667406
NZ_AP012332.1_frag_364_L3000	NZ_AP012332.1	negative_control	bacterial	3000	1667406
NZ_CP039266.1_frag_568_L3000	NZ_CP039266.1	negative_control	bacterial	3000	2023061
NZ_CP039266.1_frag_474_L3000	NZ_CP039266.1	negative_control	bacterial	3000	2023061
NZ_CP039266.1_frag_308_L3000	NZ_CP039266.1	negative_control	bacterial	3000	2023061
NZ_CP065631.1_frag_188_L3000	NZ_CP065631.1	negative_control	bacterial	3000	1447017
NZ_CP065631.1_frag_110_L3000	NZ_CP065631.1	negative_control	bacterial	3000	1447017
NZ_CP049230.1_frag_312_L3000	NZ_CP049230.1	negative_control	bacterial	3000	1318700
NZ_CP065631.1_frag_321_L3000	NZ_CP065631.1	negative_control	bacterial	3000	1447017
NZ_CP039266.1_frag_377_L3000	NZ_CP039266.1	negative_control	bacterial	3000	2023061
NZ_CP049230.1_frag_386_L3000	NZ_CP049230.1	negative_control	bacterial	3000	1318700
NZ_CP011280.1_frag_69_L3000	NZ_CP011280.1	negative_control	bacterial	3000	1330224
NZ_CP065631.1_frag_477_L3000	NZ_CP065631.1	negative_control	bacterial	3000	1447017
NZ_CP049230.1_frag_422_L3000	NZ_CP049230.1	negative_control	bacterial	3000	1318700
NZ_AP012332.1_frag_414_L3000	NZ_AP012332.1	negative_control	bacterial	3000	1667406
NZ_CP039266.1_frag_205_L3000	NZ_CP039266.1	negative_control	bacterial	3000	2023061
NZ_CP049230.1_frag_384_L3000	NZ_CP049230.1	negative_control	bacterial	3000	1318700
NZ_CP049230.1_frag_307_L3000	NZ_CP049230.1	negative_control	bacterial	3000	1318700
NZ_CP049230.1_frag_140_L3000	NZ_CP049230.1	negative_control	bacterial	3000	1318700
NZ_CP039266.1_frag_135_L3000	NZ_CP039266.1	negative_control	bacterial	3000	2023061
NZ_AFIJ01000023.1_frag_19_L3000	NZ_AFIJ01000023.1	negative_control	bacterial	3000	71554
NZ_AFIJ01000019.1_frag_2_L3000	NZ_AFIJ01000019.1	negative_control	bacterial	3000	11839
NZ_CP011280.1_frag_139_L3000	NZ_CP011280.1	negative_control	bacterial	3000	1330224
NZ_AP012332.1_frag_440_L3000	NZ_AP012332.1	negative_control	bacterial	3000	1667406
NZ_CP011280.1_frag_410_L3000	NZ_CP011280.1	negative_control	bacterial	3000	1330224
NZ_AP012332.1_frag_317_L3000	NZ_AP012332.1	negative_control	bacterial	3000	1667406
NZ_AP012332.1_frag_330_L3000	NZ_AP012332.1	negative_control	bacterial	3000	1667406
NZ_AP012332.1_frag_226_L3000	NZ_AP012332.1	negative_control	bacterial	3000	1667406
NZ_AP012332.1_frag_128_L3000	NZ_AP012332.1	negative_control	bacterial	3000	1667406
NZ_CP049230.1_frag_278_L3000	NZ_CP049230.1	negative_control	bacterial	3000	1318700
NZ_CP049230.1_frag_439_L3000	NZ_CP049230.1	negative_control	bacterial	3000	1318700
NZ_CP039266.1_frag_97_L3000	NZ_CP039266.1	negative_control	bacterial	3000	2023061
NZ_AP012332.1_frag_144_L3000	NZ_AP012332.1	negative_control	bacterial	3000	1667406
NZ_CP039266.1_frag_300_L3000	NZ_CP039266.1	negative_control	bacterial	3000	2023061
NZ_AP012332.1_frag_520_L3000	NZ_AP012332.1	negative_control	bacterial	3000	1667406
NZ_CP049230.1_frag_203_L3000	NZ_CP049230.1	negative_control	bacterial	3000	1318700
NZ_CP039266.1_frag_611_L3000	NZ_CP039266.1	negative_control	bacterial	3000	2023061
NZ_CP039266.1_frag_322_L3000	NZ_CP039266.1	negative_control	bacterial	3000	2023061
NZ_CP039266.1_frag_173_L3000	NZ_CP039266.1	negative_control	bacterial	3000	2023061
NZ_CP011280.1_frag_161_L3000	NZ_CP011280.1	negative_control	bacterial	3000	1330224
NZ_CP065631.1_frag_130_L3000	NZ_CP065631.1	negative_control	bacterial	3000	1447017
NZ_AFIJ01000038.1_frag_10_L3000	NZ_AFIJ01000038.1	negative_control	bacterial	3000	96055
NZ_AFIJ01000004.1_frag_27_L3000	NZ_AFIJ01000004.1	negative_control	bacterial	3000	100595
NZ_CP065631.1_frag_200_L3000	NZ_CP065631.1	negative_control	bacterial	3000	1447017
NZ_AP012332.1_frag_63_L3000	NZ_AP012332.1	negative_control	bacterial	3000	1667406
NZ_CP065631.1_frag_329_L3000	NZ_CP065631.1	negative_control	bacterial	3000	1447017
NZ_CP065631.1_frag_127_L3000	NZ_CP065631.1	negative_control	bacterial	3000	1447017
NZ_CP011280.1_frag_159_L3000	NZ_CP011280.1	negative_control	bacterial	3000	1330224
NZ_CP039266.1_frag_104_L3000	NZ_CP039266.1	negative_control	bacterial	3000	2023061
NZ_AFIJ01000008.1_frag_48_L3000	NZ_AFIJ01000008.1	negative_control	bacterial	3000	149073
NZ_AFIJ01000008.1_frag_18_L3000	NZ_AFIJ01000008.1	negative_control	bacterial	3000	149073
NZ_AFIJ01000026.1_frag_8_L3000	NZ_AFIJ01000026.1	negative_control	bacterial	3000	50184
NZ_CP039266.1_frag_416_L3000	NZ_CP039266.1	negative_control	bacterial	3000	2023061
NZ_CP065631.1_frag_138_L3000	NZ_CP065631.1	negative_control	bacterial	3000	1447017
NZ_AFIJ01000029.1_frag_6_L3000	NZ_AFIJ01000029.1	negative_control	bacterial	3000	104968
NZ_AFIJ01000038.1_frag_23_L3000	NZ_AFIJ01000038.1	negative_control	bacterial	3000	96055
NZ_CP065631.1_frag_11_L3000	NZ_CP065631.1	negative_control	bacterial	3000	1447017
NZ_CP039266.1_frag_624_L3000	NZ_CP039266.1	negative_control	bacterial	3000	2023061
NZ_AFIJ01000017.1_frag_1_L3000	NZ_AFIJ01000017.1	negative_control	bacterial	3000	21892
NZ_AFIJ01000007.1_frag_3_L3000	NZ_AFIJ01000007.1	negative_control	bacterial	3000	148045
NZ_AP012332.1_frag_108_L3000	NZ_AP012332.1	negative_control	bacterial	3000	1667406
NZ_CP049230.1_frag_330_L3000	NZ_CP049230.1	negative_control	bacterial	3000	1318700
NZ_CP011280.1_frag_112_L3000	NZ_CP011280.1	negative_control	bacterial	3000	1330224
NZ_AFIJ01000017.1_frag_6_L3000	NZ_AFIJ01000017.1	negative_control	bacterial	3000	21892
NZ_CP039266.1_frag_74_L3000	NZ_CP039266.1	negative_control	bacterial	3000	2023061
NZ_AP012332.1_frag_300_L3000	NZ_AP012332.1	negative_control	bacterial	3000	1667406
NZ_CP065631.1_frag_429_L3000	NZ_CP065631.1	negative_control	bacterial	3000	1447017
NZ_AP012332.1_frag_46_L3000	NZ_AP012332.1	negative_control	bacterial	3000	1667406
NZ_AP012332.1_frag_196_L3000	NZ_AP012332.1	negative_control	bacterial	3000	1667406
NZ_CP039266.1_frag_293_L3000	NZ_CP039266.1	negative_control	bacterial	3000	2023061
NZ_CP049230.1_frag_365_L3000	NZ_CP049230.1	negative_control	bacterial	3000	1318700
NZ_AFIJ01000004.1_frag_32_L3000	NZ_AFIJ01000004.1	negative_control	bacterial	3000	100595
NZ_CP065631.1_frag_118_L3000	NZ_CP065631.1	negative_control	bacterial	3000	1447017
NZ_CP039266.1_frag_635_L3000	NZ_CP039266.1	negative_control	bacterial	3000	2023061
NZ_CP011280.1_frag_174_L3000	NZ_CP011280.1	negative_control	bacterial	3000	1330224
NZ_AFIJ01000036.1_frag_1_L3000	NZ_AFIJ01000036.1	negative_control	bacterial	3000	38748
NZ_AFIJ01000035.1_frag_15_L3000	NZ_AFIJ01000035.1	negative_control	bacterial	3000	55251
NZ_AP012332.1_frag_494_L3000	NZ_AP012332.1	negative_control	bacterial	3000	1667406
NZ_CP065631.1_frag_143_L3000	NZ_CP065631.1	negative_control	bacterial	3000	1447017
NZ_CP039266.1_frag_428_L3000	NZ_CP039266.1	negative_control	bacterial	3000	2023061
NZ_CP039266.1_frag_391_L3000	NZ_CP039266.1	negative_control	bacterial	3000	2023061
NZ_CP065631.1_frag_161_L3000	NZ_CP065631.1	negative_control	bacterial	3000	1447017
NZ_AP012332.1_frag_148_L3000	NZ_AP012332.1	negative_control	bacterial	3000	1667406
NZ_CP065631.1_frag_6_L3000	NZ_CP065631.1	negative_control	bacterial	3000	1447017
NZ_CP065631.1_frag_26_L3000	NZ_CP065631.1	negative_control	bacterial	3000	1447017
NZ_CP011280.1_frag_29_L3000	NZ_CP011280.1	negative_control	bacterial	3000	1330224
NZ_CP065631.1_frag_448_L3000	NZ_CP065631.1	negative_control	bacterial	3000	1447017
NZ_CP011280.1_frag_201_L3000	NZ_CP011280.1	negative_control	bacterial	3000	1330224
NZ_CP049230.1_frag_219_L3000	NZ_CP049230.1	negative_control	bacterial	3000	1318700
NZ_CP065631.1_frag_319_L3000	NZ_CP065631.1	negative_control	bacterial	3000	1447017
NZ_CP039266.1_frag_348_L3000	NZ_CP039266.1	negative_control	bacterial	3000	2023061
NZ_CP049230.1_frag_383_L3000	NZ_CP049230.1	negative_control	bacterial	3000	1318700
NZ_CP065631.1_frag_341_L3000	NZ_CP065631.1	negative_control	bacterial	3000	1447017
NZ_CP049230.1_frag_109_L3000	NZ_CP049230.1	negative_control	bacterial	3000	1318700
NZ_CP039266.1_frag_259_L3000	NZ_CP039266.1	negative_control	bacterial	3000	2023061
NZ_CP039266.1_frag_622_L3000	NZ_CP039266.1	negative_control	bacterial	3000	2023061
NZ_CP039266.1_frag_664_L3000	NZ_CP039266.1	negative_control	bacterial	3000	2023061
NZ_AP012332.1_frag_301_L3000	NZ_AP012332.1	negative_control	bacterial	3000	1667406
NZ_CP065631.1_frag_204_L3000	NZ_CP065631.1	negative_control	bacterial	3000	1447017
NZ_CP039266.1_frag_450_L3000	NZ_CP039266.1	negative_control	bacterial	3000	2023061
NZ_CP049230.1_frag_9_L3000	NZ_CP049230.1	negative_control	bacterial	3000	1318700
NZ_CP011280.1_frag_406_L3000	NZ_CP011280.1	negative_control	bacterial	3000	1330224
NZ_AFIJ01000009.1_frag_2_L3000	NZ_AFIJ01000009.1	negative_control	bacterial	3000	28506
NZ_CP039266.1_frag_287_L3000	NZ_CP039266.1	negative_control	bacterial	3000	2023061
NZ_AP012332.1_frag_294_L3000	NZ_AP012332.1	negative_control	bacterial	3000	1667406
NZ_CP065631.1_frag_131_L3000	NZ_CP065631.1	negative_control	bacterial	3000	1447017
NZ_CP039266.1_frag_166_L3000	NZ_CP039266.1	negative_control	bacterial	3000	2023061
NZ_CP065631.1_frag_79_L3000	NZ_CP065631.1	negative_control	bacterial	3000	1447017
NZ_CP011280.1_frag_113_L3000	NZ_CP011280.1	negative_control	bacterial	3000	1330224
NZ_AP012332.1_frag_276_L3000	NZ_AP012332.1	negative_control	bacterial	3000	1667406
NZ_CP065631.1_frag_313_L3000	NZ_CP065631.1	negative_control	bacterial	3000	1447017
NZ_AFIJ01000045.1_frag_1_L3000	NZ_AFIJ01000045.1	negative_control	bacterial	3000	114466
NZ_CP039266.1_frag_621_L3000	NZ_CP039266.1	negative_control	bacterial	3000	2023061
NZ_CP011280.1_frag_34_L3000	NZ_CP011280.1	negative_control	bacterial	3000	1330224
NZ_AP012332.1_frag_441_L3000	NZ_AP012332.1	negative_control	bacterial	3000	1667406
NZ_AP012332.1_frag_207_L3000	NZ_AP012332.1	negative_control	bacterial	3000	1667406
NZ_CP039266.1_frag_399_L3000	NZ_CP039266.1	negative_control	bacterial	3000	2023061
NZ_CP039266.1_frag_669_L3000	NZ_CP039266.1	negative_control	bacterial	3000	2023061
NZ_CP065631.1_frag_150_L3000	NZ_CP065631.1	negative_control	bacterial	3000	1447017
NZ_CP039266.1_frag_492_L3000	NZ_CP039266.1	negative_control	bacterial	3000	2023061
NZ_CP065631.1_frag_417_L3000	NZ_CP065631.1	negative_control	bacterial	3000	1447017
NZ_AP012332.1_frag_260_L3000	NZ_AP012332.1	negative_control	bacterial	3000	1667406
NZ_AFIJ01000045.1_frag_38_L3000	NZ_AFIJ01000045.1	negative_control	bacterial	3000	114466
NZ_CP039266.1_frag_241_L3000	NZ_CP039266.1	negative_control	bacterial	3000	2023061
NZ_AP012332.1_frag_232_L3000	NZ_AP012332.1	negative_control	bacterial	3000	1667406
NZ_CP049230.1_frag_244_L3000	NZ_CP049230.1	negative_control	bacterial	3000	1318700
NZ_CP011280.1_frag_423_L3000	NZ_CP011280.1	negative_control	bacterial	3000	1330224
NZ_CP065631.1_frag_400_L3000	NZ_CP065631.1	negative_control	bacterial	3000	1447017
NZ_CP049230.1_frag_44_L3000	NZ_CP049230.1	negative_control	bacterial	3000	1318700
NZ_CP039266.1_frag_8_L3000	NZ_CP039266.1	negative_control	bacterial	3000	2023061
NZ_CP011280.1_frag_248_L3000	NZ_CP011280.1	negative_control	bacterial	3000	1330224
NZ_CP065631.1_frag_71_L3000	NZ_CP065631.1	negative_control	bacterial	3000	1447017
NZ_CP049230.1_frag_95_L3000	NZ_CP049230.1	negative_control	bacterial	3000	1318700
NZ_CP039266.1_frag_268_L3000	NZ_CP039266.1	negative_control	bacterial	3000	2023061
NZ_CP039266.1_frag_94_L3000	NZ_CP039266.1	negative_control	bacterial	3000	2023061
NZ_AP012332.1_frag_56_L3000	NZ_AP012332.1	negative_control	bacterial	3000	1667406
NZ_CP011280.1_frag_144_L3000	NZ_CP011280.1	negative_control	bacterial	3000	1330224
NZ_CP049230.1_frag_434_L3000	NZ_CP049230.1	negative_control	bacterial	3000	1318700
NZ_CP065631.1_frag_468_L3000	NZ_CP065631.1	negative_control	bacterial	3000	1447017
NZ_CP011280.1_frag_379_L3000	NZ_CP011280.1	negative_control	bacterial	3000	1330224
NZ_CP065631.1_frag_332_L3000	NZ_CP065631.1	negative_control	bacterial	3000	1447017
NZ_CP065631.1_frag_38_L3000	NZ_CP065631.1	negative_control	bacterial	3000	1447017
NZ_CP039266.1_frag_207_L3000	NZ_CP039266.1	negative_control	bacterial	3000	2023061
NZ_AP012332.1_frag_14_L3000	NZ_AP012332.1	negative_control	bacterial	3000	1667406
NZ_CP039266.1_frag_594_L3000	NZ_CP039266.1	negative_control	bacterial	3000	2023061
NZ_CP065631.1_frag_133_L3000	NZ_CP065631.1	negative_control	bacterial	3000	1447017
NZ_AP012332.1_frag_146_L3000	NZ_AP012332.1	negative_control	bacterial	3000	1667406
NZ_AP012332.1_frag_199_L3000	NZ_AP012332.1	negative_control	bacterial	3000	1667406
NZ_CP039266.1_frag_656_L3000	NZ_CP039266.1	negative_control	bacterial	3000	2023061
NZ_AP012332.1_frag_134_L3000	NZ_AP012332.1	negative_control	bacterial	3000	1667406
NZ_CP039266.1_frag_169_L3000	NZ_CP039266.1	negative_control	bacterial	3000	2023061
NZ_CP011280.1_frag_246_L3000	NZ_CP011280.1	negative_control	bacterial	3000	1330224
NZ_AFIJ01000023.1_frag_7_L3000	NZ_AFIJ01000023.1	negative_control	bacterial	3000	71554
NZ_CP011280.1_frag_223_L3000	NZ_CP011280.1	negative_control	bacterial	3000	1330224
NZ_CP011280.1_frag_35_L3000	NZ_CP011280.1	negative_control	bacterial	3000	1330224
NZ_AP012332.1_frag_219_L3000	NZ_AP012332.1	negative_control	bacterial	3000	1667406
NZ_AFIJ01000007.1_frag_30_L3000	NZ_AFIJ01000007.1	negative_control	bacterial	3000	148045
NZ_CP039266.1_frag_343_L3000	NZ_CP039266.1	negative_control	bacterial	3000	2023061
NZ_CP049230.1_frag_329_L3000	NZ_CP049230.1	negative_control	bacterial	3000	1318700
NZ_CP039266.1_frag_332_L3000	NZ_CP039266.1	negative_control	bacterial	3000	2023061
NZ_AP012332.1_frag_147_L3000	NZ_AP012332.1	negative_control	bacterial	3000	1667406
NZ_CP039266.1_frag_493_L3000	NZ_CP039266.1	negative_control	bacterial	3000	2023061
NZ_CP011280.1_frag_245_L3000	NZ_CP011280.1	negative_control	bacterial	3000	1330224
NZ_AP012332.1_frag_346_L3000	NZ_AP012332.1	negative_control	bacterial	3000	1667406
NZ_AFIJ01000039.1_frag_35_L3000	NZ_AFIJ01000039.1	negative_control	bacterial	3000	122540
NZ_CP011280.1_frag_99_L3000	NZ_CP011280.1	negative_control	bacterial	3000	1330224
NZ_AFIJ01000032.1_frag_30_L3000	NZ_AFIJ01000032.1	negative_control	bacterial	3000	123176
NZ_CP049230.1_frag_381_L3000	NZ_CP049230.1	negative_control	bacterial	3000	1318700
NZ_AFIJ01000038.1_frag_6_L3000	NZ_AFIJ01000038.1	negative_control	bacterial	3000	96055
NZ_CP011280.1_frag_237_L3000	NZ_CP011280.1	negative_control	bacterial	3000	1330224
NZ_AFIJ01000008.1_frag_45_L3000	NZ_AFIJ01000008.1	negative_control	bacterial	3000	149073
NZ_AP012332.1_frag_188_L3000	NZ_AP012332.1	negative_control	bacterial	3000	1667406
NZ_CP065631.1_frag_206_L3000	NZ_CP065631.1	negative_control	bacterial	3000	1447017
NZ_CP065631.1_frag_17_L3000	NZ_CP065631.1	negative_control	bacterial	3000	1447017
NZ_CP039266.1_frag_273_L3000	NZ_CP039266.1	negative_control	bacterial	3000	2023061
NZ_AFIJ01000045.1_frag_34_L3000	NZ_AFIJ01000045.1	negative_control	bacterial	3000	114466
NZ_CP011280.1_frag_429_L3000	NZ_CP011280.1	negative_control	bacterial	3000	1330224
NZ_CP065631.1_frag_279_L3000	NZ_CP065631.1	negative_control	bacterial	3000	1447017
NZ_CP011280.1_frag_93_L3000	NZ_CP011280.1	negative_control	bacterial	3000	1330224
NZ_AFIJ01000039.1_frag_16_L3000	NZ_AFIJ01000039.1	negative_control	bacterial	3000	122540
NZ_CP039266.1_frag_499_L3000	NZ_CP039266.1	negative_control	bacterial	3000	2023061
NZ_CP011280.1_frag_365_L3000	NZ_CP011280.1	negative_control	bacterial	3000	1330224
NZ_CP065631.1_frag_347_L3000	NZ_CP065631.1	negative_control	bacterial	3000	1447017
NZ_CP039266.1_frag_199_L3000	NZ_CP039266.1	negative_control	bacterial	3000	2023061
NZ_AP012332.1_frag_309_L3000	NZ_AP012332.1	negative_control	bacterial	3000	1667406
NZ_CP039266.1_frag_519_L3000	NZ_CP039266.1	negative_control	bacterial	3000	2023061
NZ_AP012332.1_frag_554_L3000	NZ_AP012332.1	negative_control	bacterial	3000	1667406
NZ_CP065631.1_frag_311_L3000	NZ_CP065631.1	negative_control	bacterial	3000	1447017
NZ_AFIJ01000035.1_frag_1_L3000	NZ_AFIJ01000035.1	negative_control	bacterial	3000	55251
NZ_AP012332.1_frag_385_L3000	NZ_AP012332.1	negative_control	bacterial	3000	1667406
NZ_AFIJ01000018.1_frag_3_L3000	NZ_AFIJ01000018.1	negative_control	bacterial	3000	43361
NZ_CP011280.1_frag_74_L3000	NZ_CP011280.1	negative_control	bacterial	3000	1330224
NZ_AFIJ01000029.1_frag_15_L3000	NZ_AFIJ01000029.1	negative_control	bacterial	3000	104968
NZ_AP012332.1_frag_124_L3000	NZ_AP012332.1	negative_control	bacterial	3000	1667406
NZ_CP039266.1_frag_85_L3000	NZ_CP039266.1	negative_control	bacterial	3000	2023061
NZ_CP065631.1_frag_39_L3000	NZ_CP065631.1	negative_control	bacterial	3000	1447017
NZ_CP049230.1_frag_23_L3000	NZ_CP049230.1	negative_control	bacterial	3000	1318700
NZ_CP039266.1_frag_403_L3000	NZ_CP039266.1	negative_control	bacterial	3000	2023061
NZ_CP011280.1_frag_219_L3000	NZ_CP011280.1	negative_control	bacterial	3000	1330224
NZ_CP011280.1_frag_263_L3000	NZ_CP011280.1	negative_control	bacterial	3000	1330224
NZ_CP065631.1_frag_363_L3000	NZ_CP065631.1	negative_control	bacterial	3000	1447017
NZ_CP039266.1_frag_40_L3000	NZ_CP039266.1	negative_control	bacterial	3000	2023061
NZ_AFIJ01000039.1_frag_7_L3000	NZ_AFIJ01000039.1	negative_control	bacterial	3000	122540
NZ_AFIJ01000004.1_frag_14_L3000	NZ_AFIJ01000004.1	negative_control	bacterial	3000	100595
NZ_AP012332.1_frag_52_L3000	NZ_AP012332.1	negative_control	bacterial	3000	1667406
NZ_CP039266.1_frag_54_L3000	NZ_CP039266.1	negative_control	bacterial	3000	2023061
NZ_CP039266.1_frag_292_L3000	NZ_CP039266.1	negative_control	bacterial	3000	2023061
NZ_AP012332.1_frag_45_L3000	NZ_AP012332.1	negative_control	bacterial	3000	1667406
NZ_CP065631.1_frag_307_L3000	NZ_CP065631.1	negative_control	bacterial	3000	1447017
NZ_CP011280.1_frag_291_L3000	NZ_CP011280.1	negative_control	bacterial	3000	1330224
NZ_CP065631.1_frag_239_L3000	NZ_CP065631.1	negative_control	bacterial	3000	1447017
NZ_AFIJ01000008.1_frag_11_L3000	NZ_AFIJ01000008.1	negative_control	bacterial	3000	149073
NZ_CP065631.1_frag_322_L3000	NZ_CP065631.1	negative_control	bacterial	3000	1447017
NZ_CP011280.1_frag_329_L3000	NZ_CP011280.1	negative_control	bacterial	3000	1330224
NZ_CP039266.1_frag_414_L3000	NZ_CP039266.1	negative_control	bacterial	3000	2023061
NZ_CP065631.1_frag_342_L3000	NZ_CP065631.1	negative_control	bacterial	3000	1447017
NZ_AP012332.1_frag_311_L3000	NZ_AP012332.1	negative_control	bacterial	3000	1667406
NZ_AP012332.1_frag_356_L3000	NZ_AP012332.1	negative_control	bacterial	3000	1667406
NZ_CP011280.1_frag_125_L3000	NZ_CP011280.1	negative_control	bacterial	3000	1330224
NZ_AFIJ01000033.1_frag_26_L3000	NZ_AFIJ01000033.1	negative_control	bacterial	3000	81962
NZ_CP065631.1_frag_278_L3000	NZ_CP065631.1	negative_control	bacterial	3000	1447017
NZ_CP065631.1_frag_23_L3000	NZ_CP065631.1	negative_control	bacterial	3000	1447017
NZ_AFIJ01000004.1_frag_15_L3000	NZ_AFIJ01000004.1	negative_control	bacterial	3000	100595
NZ_AP012332.1_frag_70_L3000	NZ_AP012332.1	negative_control	bacterial	3000	1667406
NZ_CP039266.1_frag_449_L3000	NZ_CP039266.1	negative_control	bacterial	3000	2023061
NZ_AP012332.1_frag_256_L3000	NZ_AP012332.1	negative_control	bacterial	3000	1667406
NZ_CP011280.1_frag_289_L3000	NZ_CP011280.1	negative_control	bacterial	3000	1330224
NZ_AP012332.1_frag_509_L3000	NZ_AP012332.1	negative_control	bacterial	3000	1667406
NZ_CP065631.1_frag_344_L3000	NZ_CP065631.1	negative_control	bacterial	3000	1447017
NZ_CP011280.1_frag_368_L3000	NZ_CP011280.1	negative_control	bacterial	3000	1330224
NZ_AFIJ01000007.1_frag_40_L3000	NZ_AFIJ01000007.1	negative_control	bacterial	3000	148045
NZ_CP011280.1_frag_442_L3000	NZ_CP011280.1	negative_control	bacterial	3000	1330224
NZ_CP039266.1_frag_256_L3000	NZ_CP039266.1	negative_control	bacterial	3000	2023061
NZ_AP012332.1_frag_362_L3000	NZ_AP012332.1	negative_control	bacterial	3000	1667406
NZ_AFIJ01000039.1_frag_17_L3000	NZ_AFIJ01000039.1	negative_control	bacterial	3000	122540
NZ_CP065631.1_frag_20_L3000	NZ_CP065631.1	negative_control	bacterial	3000	1447017
NZ_CP065631.1_frag_291_L3000	NZ_CP065631.1	negative_control	bacterial	3000	1447017
NZ_CP049230.1_frag_193_L3000	NZ_CP049230.1	negative_control	bacterial	3000	1318700
NZ_AFIJ01000004.1_frag_5_L3000	NZ_AFIJ01000004.1	negative_control	bacterial	3000	100595
NZ_CP039266.1_frag_99_L3000	NZ_CP039266.1	negative_control	bacterial	3000	2023061
NZ_AP012332.1_frag_28_L3000	NZ_AP012332.1	negative_control	bacterial	3000	1667406
NZ_AFIJ01000045.1_frag_37_L3000	NZ_AFIJ01000045.1	negative_control	bacterial	3000	114466
NZ_CP065631.1_frag_68_L3000	NZ_CP065631.1	negative_control	bacterial	3000	1447017
NZ_CP049230.1_frag_179_L3000	NZ_CP049230.1	negative_control	bacterial	3000	1318700
NZ_CP039266.1_frag_424_L3000	NZ_CP039266.1	negative_control	bacterial	3000	2023061
NZ_CP049230.1_frag_241_L3000	NZ_CP049230.1	negative_control	bacterial	3000	1318700
NZ_CP011280.1_frag_110_L3000	NZ_CP011280.1	negative_control	bacterial	3000	1330224
NZ_CP065631.1_frag_52_L3000	NZ_CP065631.1	negative_control	bacterial	3000	1447017
NZ_CP049230.1_frag_396_L3000	NZ_CP049230.1	negative_control	bacterial	3000	1318700
NZ_AP012332.1_frag_51_L3000	NZ_AP012332.1	negative_control	bacterial	3000	1667406
NZ_CP011280.1_frag_121_L3000	NZ_CP011280.1	negative_control	bacterial	3000	1330224
NZ_CP039266.1_frag_525_L3000	NZ_CP039266.1	negative_control	bacterial	3000	2023061
NZ_AFIJ01000008.1_frag_1_L3000	NZ_AFIJ01000008.1	negative_control	bacterial	3000	149073
NZ_CP065631.1_frag_350_L3000	NZ_CP065631.1	negative_control	bacterial	3000	1447017
NZ_CP065631.1_frag_87_L3000	NZ_CP065631.1	negative_control	bacterial	3000	1447017
NZ_AFIJ01000029.1_frag_30_L3000	NZ_AFIJ01000029.1	negative_control	bacterial	3000	104968
NZ_AP012332.1_frag_489_L3000	NZ_AP012332.1	negative_control	bacterial	3000	1667406
NZ_CP011280.1_frag_106_L3000	NZ_CP011280.1	negative_control	bacterial	3000	1330224
NZ_CP039266.1_frag_674_L3000	NZ_CP039266.1	negative_control	bacterial	3000	2023061
NZ_AFIJ01000007.1_frag_17_L3000	NZ_AFIJ01000007.1	negative_control	bacterial	3000	148045
NZ_AFIJ01000004.1_frag_30_L3000	NZ_AFIJ01000004.1	negative_control	bacterial	3000	100595
NZ_CP039266.1_frag_476_L3000	NZ_CP039266.1	negative_control	bacterial	3000	2023061
NZ_CP049230.1_frag_322_L3000	NZ_CP049230.1	negative_control	bacterial	3000	1318700
NZ_CP065631.1_frag_33_L3000	NZ_CP065631.1	negative_control	bacterial	3000	1447017
NZ_CP049230.1_frag_86_L3000	NZ_CP049230.1	negative_control	bacterial	3000	1318700
NZ_CP049230.1_frag_400_L3000	NZ_CP049230.1	negative_control	bacterial	3000	1318700
NZ_CP039266.1_frag_274_L3000	NZ_CP039266.1	negative_control	bacterial	3000	2023061
NZ_CP011280.1_frag_266_L3000	NZ_CP011280.1	negative_control	bacterial	3000	1330224
NZ_AFIJ01000038.1_frag_3_L3000	NZ_AFIJ01000038.1	negative_control	bacterial	3000	96055
NZ_CP039266.1_frag_25_L3000	NZ_CP039266.1	negative_control	bacterial	3000	2023061
NZ_AP012332.1_frag_500_L3000	NZ_AP012332.1	negative_control	bacterial	3000	1667406
NZ_CP011280.1_frag_27_L3000	NZ_CP011280.1	negative_control	bacterial	3000	1330224
NZ_AP012332.1_frag_59_L3000	NZ_AP012332.1	negative_control	bacterial	3000	1667406
NZ_AFIJ01000033.1_frag_15_L3000	NZ_AFIJ01000033.1	negative_control	bacterial	3000	81962
NZ_CP039266.1_frag_465_L3000	NZ_CP039266.1	negative_control	bacterial	3000	2023061
NZ_CP039266.1_frag_270_L3000	NZ_CP039266.1	negative_control	bacterial	3000	2023061
NZ_CP049230.1_frag_88_L3000	NZ_CP049230.1	negative_control	bacterial	3000	1318700
NZ_AP012332.1_frag_240_L3000	NZ_AP012332.1	negative_control	bacterial	3000	1667406
NZ_CP049230.1_frag_22_L3000	NZ_CP049230.1	negative_control	bacterial	3000	1318700
NZ_CP039266.1_frag_485_L3000	NZ_CP039266.1	negative_control	bacterial	3000	2023061
NZ_CP011280.1_frag_253_L3000	NZ_CP011280.1	negative_control	bacterial	3000	1330224
NZ_CP049230.1_frag_120_L3000	NZ_CP049230.1	negative_control	bacterial	3000	1318700
NZ_CP011280.1_frag_240_L3000	NZ_CP011280.1	negative_control	bacterial	3000	1330224
NZ_CP049230.1_frag_25_L3000	NZ_CP049230.1	negative_control	bacterial	3000	1318700
NZ_AP012332.1_frag_457_L3000	NZ_AP012332.1	negative_control	bacterial	3000	1667406
NZ_AP012332.1_frag_358_L3000	NZ_AP012332.1	negative_control	bacterial	3000	1667406
NZ_CP039266.1_frag_396_L3000	NZ_CP039266.1	negative_control	bacterial	3000	2023061
NZ_AP012332.1_frag_160_L3000	NZ_AP012332.1	negative_control	bacterial	3000	1667406
NZ_CP065631.1_frag_423_L3000	NZ_CP065631.1	negative_control	bacterial	3000	1447017
NZ_CP011280.1_frag_132_L3000	NZ_CP011280.1	negative_control	bacterial	3000	1330224
NZ_AFIJ01000023.1_frag_9_L3000	NZ_AFIJ01000023.1	negative_control	bacterial	3000	71554
NZ_CP039266.1_frag_653_L3000	NZ_CP039266.1	negative_control	bacterial	3000	2023061
NZ_CP049230.1_frag_252_L3000	NZ_CP049230.1	negative_control	bacterial	3000	1318700
NZ_CP039266.1_frag_318_L3000	NZ_CP039266.1	negative_control	bacterial	3000	2023061
NZ_AP012332.1_frag_244_L3000	NZ_AP012332.1	negative_control	bacterial	3000	1667406
NZ_CP065631.1_frag_221_L3000	NZ_CP065631.1	negative_control	bacterial	3000	1447017
NZ_CP049230.1_frag_17_L3000	NZ_CP049230.1	negative_control	bacterial	3000	1318700
NZ_AP012332.1_frag_536_L3000	NZ_AP012332.1	negative_control	bacterial	3000	1667406
NZ_CP039266.1_frag_337_L3000	NZ_CP039266.1	negative_control	bacterial	3000	2023061
NZ_AFIJ01000045.1_frag_3_L3000	NZ_AFIJ01000045.1	negative_control	bacterial	3000	114466
NZ_CP039266.1_frag_550_L3000	NZ_CP039266.1	negative_control	bacterial	3000	2023061
NZ_CP039266.1_frag_30_L3000	NZ_CP039266.1	negative_control	bacterial	3000	2023061
NZ_CP011280.1_frag_235_L3000	NZ_CP011280.1	negative_control	bacterial	3000	1330224
NZ_AFIJ01000039.1_frag_32_L3000	NZ_AFIJ01000039.1	negative_control	bacterial	3000	122540
NZ_AP012332.1_frag_524_L3000	NZ_AP012332.1	negative_control	bacterial	3000	1667406
NZ_AP012332.1_frag_11_L3000	NZ_AP012332.1	negative_control	bacterial	3000	1667406
NZ_CP049230.1_frag_335_L3000	NZ_CP049230.1	negative_control	bacterial	3000	1318700
NZ_AFIJ01000026.1_frag_6_L3000	NZ_AFIJ01000026.1	negative_control	bacterial	3000	50184
NZ_CP049230.1_frag_6_L3000	NZ_CP049230.1	negative_control	bacterial	3000	1318700
NZ_CP039266.1_frag_65_L3000	NZ_CP039266.1	negative_control	bacterial	3000	2023061
NZ_CP065631.1_frag_471_L3000	NZ_CP065631.1	negative_control	bacterial	3000	1447017
NZ_CP065631.1_frag_2_L3000	NZ_CP065631.1	negative_control	bacterial	3000	1447017
NZ_CP039266.1_frag_515_L3000	NZ_CP039266.1	negative_control	bacterial	3000	2023061
NZ_CP049230.1_frag_57_L3000	NZ_CP049230.1	negative_control	bacterial	3000	1318700
NZ_CP011280.1_frag_107_L3000	NZ_CP011280.1	negative_control	bacterial	3000	1330224
NZ_AP012332.1_frag_192_L3000	NZ_AP012332.1	negative_control	bacterial	3000	1667406
NZ_AP012332.1_frag_354_L3000	NZ_AP012332.1	negative_control	bacterial	3000	1667406
NZ_CP039266.1_frag_156_L3000	NZ_CP039266.1	negative_control	bacterial	3000	2023061
NZ_AP012332.1_frag_352_L3000	NZ_AP012332.1	negative_control	bacterial	3000	1667406
NZ_CP049230.1_frag_342_L3000	NZ_CP049230.1	negative_control	bacterial	3000	1318700
NZ_CP065631.1_frag_82_L3000	NZ_CP065631.1	negative_control	bacterial	3000	1447017
NZ_CP065631.1_frag_49_L3000	NZ_CP065631.1	negative_control	bacterial	3000	1447017
NZ_AFIJ01000025.1_frag_4_L3000	NZ_AFIJ01000025.1	negative_control	bacterial	3000	12101
NZ_AFIJ01000032.1_frag_6_L3000	NZ_AFIJ01000032.1	negative_control	bacterial	3000	123176
NZ_CP011280.1_frag_7_L3000	NZ_CP011280.1	negative_control	bacterial	3000	1330224
NZ_CP065631.1_frag_212_L3000	NZ_CP065631.1	negative_control	bacterial	3000	1447017
NZ_AFIJ01000036.1_frag_12_L3000	NZ_AFIJ01000036.1	negative_control	bacterial	3000	38748
NZ_CP011280.1_frag_303_L3000	NZ_CP011280.1	negative_control	bacterial	3000	1330224
NZ_AFIJ01000007.1_frag_16_L3000	NZ_AFIJ01000007.1	negative_control	bacterial	3000	148045
NZ_CP039266.1_frag_466_L3000	NZ_CP039266.1	negative_control	bacterial	3000	2023061
NZ_CP011280.1_frag_260_L3000	NZ_CP011280.1	negative_control	bacterial	3000	1330224
NZ_AFIJ01000008.1_frag_31_L3000	NZ_AFIJ01000008.1	negative_control	bacterial	3000	149073
NZ_AFIJ01000035.1_frag_2_L3000	NZ_AFIJ01000035.1	negative_control	bacterial	3000	55251
NZ_CP049230.1_frag_137_L3000	NZ_CP049230.1	negative_control	bacterial	3000	1318700
NZ_CP039266.1_frag_69_L3000	NZ_CP039266.1	negative_control	bacterial	3000	2023061
NZ_CP039266.1_frag_484_L3000	NZ_CP039266.1	negative_control	bacterial	3000	2023061
NZ_CP065631.1_frag_164_L3000	NZ_CP065631.1	negative_control	bacterial	3000	1447017
NZ_AP012332.1_frag_81_L3000	NZ_AP012332.1	negative_control	bacterial	3000	1667406
NZ_AFIJ01000032.1_frag_28_L3000	NZ_AFIJ01000032.1	negative_control	bacterial	3000	123176
NZ_AP012332.1_frag_533_L3000	NZ_AP012332.1	negative_control	bacterial	3000	1667406
NZ_CP011280.1_frag_380_L3000	NZ_CP011280.1	negative_control	bacterial	3000	1330224
NZ_AFIJ01000023.1_frag_17_L3000	NZ_AFIJ01000023.1	negative_control	bacterial	3000	71554
NZ_AFIJ01000039.1_frag_9_L3000	NZ_AFIJ01000039.1	negative_control	bacterial	3000	122540
NZ_CP011280.1_frag_330_L3000	NZ_CP011280.1	negative_control	bacterial	3000	1330224
NZ_CP039266.1_frag_490_L3000	NZ_CP039266.1	negative_control	bacterial	3000	2023061
NZ_CP065631.1_frag_14_L3000	NZ_CP065631.1	negative_control	bacterial	3000	1447017
NZ_CP039266.1_frag_395_L3000	NZ_CP039266.1	negative_control	bacterial	3000	2023061
NZ_AFIJ01000029.1_frag_34_L3000	NZ_AFIJ01000029.1	negative_control	bacterial	3000	104968
NZ_CP065631.1_frag_78_L3000	NZ_CP065631.1	negative_control	bacterial	3000	1447017
NZ_CP049230.1_frag_84_L3000	NZ_CP049230.1	negative_control	bacterial	3000	1318700
NZ_CP039266.1_frag_181_L3000	NZ_CP039266.1	negative_control	bacterial	3000	2023061
NZ_AP012332.1_frag_544_L3000	NZ_AP012332.1	negative_control	bacterial	3000	1667406
NZ_AFIJ01000029.1_frag_24_L3000	NZ_AFIJ01000029.1	negative_control	bacterial	3000	104968
NZ_AP012332.1_frag_121_L3000	NZ_AP012332.1	negative_control	bacterial	3000	1667406
NZ_CP039266.1_frag_644_L3000	NZ_CP039266.1	negative_control	bacterial	3000	2023061
NZ_AFIJ01000033.1_frag_20_L3000	NZ_AFIJ01000033.1	negative_control	bacterial	3000	81962
NZ_AFIJ01000023.1_frag_15_L3000	NZ_AFIJ01000023.1	negative_control	bacterial	3000	71554
NZ_AP012332.1_frag_277_L3000	NZ_AP012332.1	negative_control	bacterial	3000	1667406
NZ_AFIJ01000020.1_frag_23_L3000	NZ_AFIJ01000020.1	negative_control	bacterial	3000	80676
NZ_CP011280.1_frag_360_L3000	NZ_CP011280.1	negative_control	bacterial	3000	1330224
NZ_CP039266.1_frag_605_L3000	NZ_CP039266.1	negative_control	bacterial	3000	2023061
NZ_AFIJ01000008.1_frag_24_L3000	NZ_AFIJ01000008.1	negative_control	bacterial	3000	149073
NZ_AFIJ01000008.1_frag_41_L3000	NZ_AFIJ01000008.1	negative_control	bacterial	3000	149073
NZ_CP011280.1_frag_422_L3000	NZ_CP011280.1	negative_control	bacterial	3000	1330224
NZ_CP039266.1_frag_655_L3000	NZ_CP039266.1	negative_control	bacterial	3000	2023061
NZ_CP065631.1_frag_467_L3000	NZ_CP065631.1	negative_control	bacterial	3000	1447017
NZ_CP011280.1_frag_252_L3000	NZ_CP011280.1	negative_control	bacterial	3000	1330224
NZ_CP011280.1_frag_267_L3000	NZ_CP011280.1	negative_control	bacterial	3000	1330224
NZ_CP039266.1_frag_633_L3000	NZ_CP039266.1	negative_control	bacterial	3000	2023061
NZ_CP065631.1_frag_413_L3000	NZ_CP065631.1	negative_control	bacterial	3000	1447017
NZ_CP065631.1_frag_372_L3000	NZ_CP065631.1	negative_control	bacterial	3000	1447017
NZ_CP049230.1_frag_234_L3000	NZ_CP049230.1	negative_control	bacterial	3000	1318700
NZ_CP049230.1_frag_85_L3000	NZ_CP049230.1	negative_control	bacterial	3000	1318700
NZ_CP039266.1_frag_178_L3000	NZ_CP039266.1	negative_control	bacterial	3000	2023061
NZ_AFIJ01000007.1_frag_10_L3000	NZ_AFIJ01000007.1	negative_control	bacterial	3000	148045
NZ_AP012332.1_frag_499_L3000	NZ_AP012332.1	negative_control	bacterial	3000	1667406
NZ_CP039266.1_frag_356_L3000	NZ_CP039266.1	negative_control	bacterial	3000	2023061
NZ_CP039266.1_frag_227_L3000	NZ_CP039266.1	negative_control	bacterial	3000	2023061
NZ_AFIJ01000007.1_frag_4_L3000	NZ_AFIJ01000007.1	negative_control	bacterial	3000	148045
NZ_CP065631.1_frag_12_L3000	NZ_CP065631.1	negative_control	bacterial	3000	1447017
NZ_CP011280.1_frag_214_L3000	NZ_CP011280.1	negative_control	bacterial	3000	1330224
NZ_CP049230.1_frag_51_L3000	NZ_CP049230.1	negative_control	bacterial	3000	1318700
NZ_CP039266.1_frag_122_L3000	NZ_CP039266.1	negative_control	bacterial	3000	2023061
NZ_CP039266.1_frag_545_L3000	NZ_CP039266.1	negative_control	bacterial	3000	2023061
NZ_AP012332.1_frag_415_L3000	NZ_AP012332.1	negative_control	bacterial	3000	1667406
NZ_CP011280.1_frag_123_L3000	NZ_CP011280.1	negative_control	bacterial	3000	1330224
NZ_CP049230.1_frag_402_L3000	NZ_CP049230.1	negative_control	bacterial	3000	1318700
NZ_CP049230.1_frag_292_L3000	NZ_CP049230.1	negative_control	bacterial	3000	1318700
NZ_AP012332.1_frag_476_L3000	NZ_AP012332.1	negative_control	bacterial	3000	1667406
NZ_AP012332.1_frag_323_L3000	NZ_AP012332.1	negative_control	bacterial	3000	1667406
NZ_CP049230.1_frag_52_L3000	NZ_CP049230.1	negative_control	bacterial	3000	1318700
NZ_CP049230.1_frag_265_L3000	NZ_CP049230.1	negative_control	bacterial	3000	1318700
NZ_AP012332.1_frag_555_L3000	NZ_AP012332.1	negative_control	bacterial	3000	1667406
NZ_CP049230.1_frag_392_L3000	NZ_CP049230.1	negative_control	bacterial	3000	1318700
NZ_CP049230.1_frag_375_L3000	NZ_CP049230.1	negative_control	bacterial	3000	1318700
NZ_AP012332.1_frag_357_L3000	NZ_AP012332.1	negative_control	bacterial	3000	1667406
NZ_AP012332.1_frag_18_L3000	NZ_AP012332.1	negative_control	bacterial	3000	1667406
NZ_CP049230.1_frag_33_L3000	NZ_CP049230.1	negative_control	bacterial	3000	1318700
NZ_CP011280.1_frag_352_L3000	NZ_CP011280.1	negative_control	bacterial	3000	1330224
NZ_CP065631.1_frag_399_L3000	NZ_CP065631.1	negative_control	bacterial	3000	1447017
NZ_CP049230.1_frag_108_L3000	NZ_CP049230.1	negative_control	bacterial	3000	1318700
NZ_AP012332.1_frag_73_L3000	NZ_AP012332.1	negative_control	bacterial	3000	1667406
NZ_AP012332.1_frag_507_L3000	NZ_AP012332.1	negative_control	bacterial	3000	1667406
NZ_CP039266.1_frag_331_L3000	NZ_CP039266.1	negative_control	bacterial	3000	2023061
NZ_CP039266.1_frag_310_L3000	NZ_CP039266.1	negative_control	bacterial	3000	2023061
NZ_CP065631.1_frag_3_L3000	NZ_CP065631.1	negative_control	bacterial	3000	1447017
NZ_CP049230.1_frag_387_L3000	NZ_CP049230.1	negative_control	bacterial	3000	1318700
NZ_AFIJ01000035.1_frag_13_L3000	NZ_AFIJ01000035.1	negative_control	bacterial	3000	55251
NZ_CP065631.1_frag_360_L3000	NZ_CP065631.1	negative_control	bacterial	3000	1447017
NZ_AFIJ01000039.1_frag_22_L3000	NZ_AFIJ01000039.1	negative_control	bacterial	3000	122540
NZ_CP065631.1_frag_283_L3000	NZ_CP065631.1	negative_control	bacterial	3000	1447017
NZ_CP049230.1_frag_413_L3000	NZ_CP049230.1	negative_control	bacterial	3000	1318700
NZ_AP012332.1_frag_269_L3000	NZ_AP012332.1	negative_control	bacterial	3000	1667406
NZ_AFIJ01000045.1_frag_27_L3000	NZ_AFIJ01000045.1	negative_control	bacterial	3000	114466
NZ_AP012332.1_frag_263_L3000	NZ_AP012332.1	negative_control	bacterial	3000	1667406
NZ_CP065631.1_frag_331_L3000	NZ_CP065631.1	negative_control	bacterial	3000	1447017
NZ_CP011280.1_frag_355_L3000	NZ_CP011280.1	negative_control	bacterial	3000	1330224
NZ_AP012332.1_frag_322_L3000	NZ_AP012332.1	negative_control	bacterial	3000	1667406
NZ_AFIJ01000038.1_frag_4_L3000	NZ_AFIJ01000038.1	negative_control	bacterial	3000	96055
NZ_CP049230.1_frag_262_L3000	NZ_CP049230.1	negative_control	bacterial	3000	1318700
NZ_CP049230.1_frag_66_L3000	NZ_CP049230.1	negative_control	bacterial	3000	1318700
NZ_CP039266.1_frag_572_L3000	NZ_CP039266.1	negative_control	bacterial	3000	2023061
NZ_CP065631.1_frag_391_L3000	NZ_CP065631.1	negative_control	bacterial	3000	1447017
NZ_AFIJ01000008.1_frag_13_L3000	NZ_AFIJ01000008.1	negative_control	bacterial	3000	149073
NZ_CP065631.1_frag_327_L3000	NZ_CP065631.1	negative_control	bacterial	3000	1447017
NZ_CP039266.1_frag_363_L3000	NZ_CP039266.1	negative_control	bacterial	3000	2023061
NZ_CP065631.1_frag_472_L3000	NZ_CP065631.1	negative_control	bacterial	3000	1447017
NZ_CP011280.1_frag_115_L3000	NZ_CP011280.1	negative_control	bacterial	3000	1330224
NZ_CP011280.1_frag_42_L3000	NZ_CP011280.1	negative_control	bacterial	3000	1330224
NZ_AP012332.1_frag_118_L3000	NZ_AP012332.1	negative_control	bacterial	3000	1667406
NZ_CP049230.1_frag_201_L3000	NZ_CP049230.1	negative_control	bacterial	3000	1318700
NZ_CP049230.1_frag_363_L3000	NZ_CP049230.1	negative_control	bacterial	3000	1318700
NZ_CP011280.1_frag_430_L3000	NZ_CP011280.1	negative_control	bacterial	3000	1330224
NZ_AP012332.1_frag_82_L3000	NZ_AP012332.1	negative_control	bacterial	3000	1667406
NZ_CP049230.1_frag_149_L3000	NZ_CP049230.1	negative_control	bacterial	3000	1318700
NZ_AFIJ01000008.1_frag_3_L3000	NZ_AFIJ01000008.1	negative_control	bacterial	3000	149073
NZ_CP039266.1_frag_115_L3000	NZ_CP039266.1	negative_control	bacterial	3000	2023061
NZ_CP011280.1_frag_366_L3000	NZ_CP011280.1	negative_control	bacterial	3000	1330224
NZ_AFIJ01000020.1_frag_20_L3000	NZ_AFIJ01000020.1	negative_control	bacterial	3000	80676
NZ_CP049230.1_frag_107_L3000	NZ_CP049230.1	negative_control	bacterial	3000	1318700
NZ_CP065631.1_frag_373_L3000	NZ_CP065631.1	negative_control	bacterial	3000	1447017
NZ_CP011280.1_frag_184_L3000	NZ_CP011280.1	negative_control	bacterial	3000	1330224
NZ_CP039266.1_frag_477_L3000	NZ_CP039266.1	negative_control	bacterial	3000	2023061
NZ_AFIJ01000008.1_frag_17_L3000	NZ_AFIJ01000008.1	negative_control	bacterial	3000	149073
NZ_CP049230.1_frag_64_L3000	NZ_CP049230.1	negative_control	bacterial	3000	1318700
NZ_AFIJ01000033.1_frag_7_L3000	NZ_AFIJ01000033.1	negative_control	bacterial	3000	81962
NZ_CP049230.1_frag_297_L3000	NZ_CP049230.1	negative_control	bacterial	3000	1318700
NZ_CP065631.1_frag_54_L3000	NZ_CP065631.1	negative_control	bacterial	3000	1447017
NZ_CP049230.1_frag_306_L3000	NZ_CP049230.1	negative_control	bacterial	3000	1318700
NZ_AP012332.1_frag_402_L3000	NZ_AP012332.1	negative_control	bacterial	3000	1667406
NZ_CP065631.1_frag_320_L3000	NZ_CP065631.1	negative_control	bacterial	3000	1447017
NZ_CP049230.1_frag_266_L3000	NZ_CP049230.1	negative_control	bacterial	3000	1318700
NZ_CP039266.1_frag_184_L3000	NZ_CP039266.1	negative_control	bacterial	3000	2023061
NZ_CP065631.1_frag_154_L3000	NZ_CP065631.1	negative_control	bacterial	3000	1447017
NZ_CP011280.1_frag_404_L3000	NZ_CP011280.1	negative_control	bacterial	3000	1330224
NZ_AFIJ01000039.1_frag_2_L3000	NZ_AFIJ01000039.1	negative_control	bacterial	3000	122540
NZ_CP039266.1_frag_44_L3000	NZ_CP039266.1	negative_control	bacterial	3000	2023061
NZ_CP065631.1_frag_165_L3000	NZ_CP065631.1	negative_control	bacterial	3000	1447017
NZ_AP012332.1_frag_281_L3000	NZ_AP012332.1	negative_control	bacterial	3000	1667406
NZ_CP039266.1_frag_625_L3000	NZ_CP039266.1	negative_control	bacterial	3000	2023061
NZ_AFIJ01000033.1_frag_22_L3000	NZ_AFIJ01000033.1	negative_control	bacterial	3000	81962
NZ_AP012332.1_frag_340_L3000	NZ_AP012332.1	negative_control	bacterial	3000	1667406
NZ_CP049230.1_frag_10_L3000	NZ_CP049230.1	negative_control	bacterial	3000	1318700
NZ_CP065631.1_frag_107_L3000	NZ_CP065631.1	negative_control	bacterial	3000	1447017
NZ_AP012332.1_frag_371_L3000	NZ_AP012332.1	negative_control	bacterial	3000	1667406
NZ_CP039266.1_frag_535_L3000	NZ_CP039266.1	negative_control	bacterial	3000	2023061
NZ_CP065631.1_frag_422_L3000	NZ_CP065631.1	negative_control	bacterial	3000	1447017
NZ_CP011280.1_frag_103_L3000	NZ_CP011280.1	negative_control	bacterial	3000	1330224
NZ_AFIJ01000032.1_frag_33_L3000	NZ_AFIJ01000032.1	negative_control	bacterial	3000	123176
NZ_CP039266.1_frag_87_L3000	NZ_CP039266.1	negative_control	bacterial	3000	2023061
NZ_CP039266.1_frag_303_L3000	NZ_CP039266.1	negative_control	bacterial	3000	2023061
NZ_CP049230.1_frag_115_L3000	NZ_CP049230.1	negative_control	bacterial	3000	1318700
NZ_AFIJ01000009.1_frag_4_L3000	NZ_AFIJ01000009.1	negative_control	bacterial	3000	28506
NZ_CP065631.1_frag_475_L3000	NZ_CP065631.1	negative_control	bacterial	3000	1447017
NZ_CP039266.1_frag_247_L3000	NZ_CP039266.1	negative_control	bacterial	3000	2023061
NZ_CP049230.1_frag_343_L3000	NZ_CP049230.1	negative_control	bacterial	3000	1318700
NZ_CP039266.1_frag_93_L3000	NZ_CP039266.1	negative_control	bacterial	3000	2023061
NZ_CP011280.1_frag_82_L3000	NZ_CP011280.1	negative_control	bacterial	3000	1330224
NZ_CP065631.1_frag_466_L3000	NZ_CP065631.1	negative_control	bacterial	3000	1447017
NZ_AP012332.1_frag_409_L3000	NZ_AP012332.1	negative_control	bacterial	3000	1667406
NZ_AFIJ01000018.1_frag_13_L3000	NZ_AFIJ01000018.1	negative_control	bacterial	3000	43361
NZ_CP065631.1_frag_454_L3000	NZ_CP065631.1	negative_control	bacterial	3000	1447017
NZ_CP049230.1_frag_160_L3000	NZ_CP049230.1	negative_control	bacterial	3000	1318700
NZ_CP039266.1_frag_113_L3000	NZ_CP039266.1	negative_control	bacterial	3000	2023061
NZ_CP049230.1_frag_438_L3000	NZ_CP049230.1	negative_control	bacterial	3000	1318700
NZ_AFIJ01000014.1_frag_1_L3000	NZ_AFIJ01000014.1	negative_control	bacterial	3000	11574
NZ_CP039266.1_frag_110_L3000	NZ_CP039266.1	negative_control	bacterial	3000	2023061
NZ_CP039266.1_frag_533_L3000	NZ_CP039266.1	negative_control	bacterial	3000	2023061
NZ_CP039266.1_frag_257_L3000	NZ_CP039266.1	negative_control	bacterial	3000	2023061
NZ_CP011280.1_frag_10_L3000	NZ_CP011280.1	negative_control	bacterial	3000	1330224
NZ_CP011280.1_frag_28_L3000	NZ_CP011280.1	negative_control	bacterial	3000	1330224
NZ_CP039266.1_frag_447_L3000	NZ_CP039266.1	negative_control	bacterial	3000	2023061
NZ_CP011280.1_frag_287_L3000	NZ_CP011280.1	negative_control	bacterial	3000	1330224
NZ_CP049230.1_frag_237_L3000	NZ_CP049230.1	negative_control	bacterial	3000	1318700
NZ_CP065631.1_frag_389_L3000	NZ_CP065631.1	negative_control	bacterial	3000	1447017
NZ_CP065631.1_frag_109_L3000	NZ_CP065631.1	negative_control	bacterial	3000	1447017
NZ_CP049230.1_frag_39_L3000	NZ_CP049230.1	negative_control	bacterial	3000	1318700
NZ_AP012332.1_frag_41_L3000	NZ_AP012332.1	negative_control	bacterial	3000	1667406
NZ_AP012332.1_frag_25_L3000	NZ_AP012332.1	negative_control	bacterial	3000	1667406
NZ_AFIJ01000023.1_frag_20_L3000	NZ_AFIJ01000023.1	negative_control	bacterial	3000	71554
NZ_AP012332.1_frag_123_L3000	NZ_AP012332.1	negative_control	bacterial	3000	1667406
NZ_CP039266.1_frag_239_L3000	NZ_CP039266.1	negative_control	bacterial	3000	2023061
NZ_CP049230.1_frag_103_L3000	NZ_CP049230.1	negative_control	bacterial	3000	1318700
NZ_CP049230.1_frag_250_L3000	NZ_CP049230.1	negative_control	bacterial	3000	1318700
NZ_AFIJ01000007.1_frag_38_L3000	NZ_AFIJ01000007.1	negative_control	bacterial	3000	148045
NZ_CP039266.1_frag_172_L3000	NZ_CP039266.1	negative_control	bacterial	3000	2023061
NZ_CP065631.1_frag_384_L3000	NZ_CP065631.1	negative_control	bacterial	3000	1447017
NZ_AP012332.1_frag_529_L3000	NZ_AP012332.1	negative_control	bacterial	3000	1667406
NZ_AP012332.1_frag_459_L3000	NZ_AP012332.1	negative_control	bacterial	3000	1667406
NZ_CP011280.1_frag_256_L3000	NZ_CP011280.1	negative_control	bacterial	3000	1330224
NZ_CP049230.1_frag_192_L3000	NZ_CP049230.1	negative_control	bacterial	3000	1318700
NZ_AP012332.1_frag_444_L3000	NZ_AP012332.1	negative_control	bacterial	3000	1667406
NZ_AFIJ01000038.1_frag_15_L3000	NZ_AFIJ01000038.1	negative_control	bacterial	3000	96055
NZ_CP049230.1_frag_40_L3000	NZ_CP049230.1	negative_control	bacterial	3000	1318700
NZ_CP011280.1_frag_169_L3000	NZ_CP011280.1	negative_control	bacterial	3000	1330224
NZ_AP012332.1_frag_465_L3000	NZ_AP012332.1	negative_control	bacterial	3000	1667406
NZ_CP039266.1_frag_289_L3000	NZ_CP039266.1	negative_control	bacterial	3000	2023061
NZ_CP065631.1_frag_108_L3000	NZ_CP065631.1	negative_control	bacterial	3000	1447017
NZ_CP039266.1_frag_282_L3000	NZ_CP039266.1	negative_control	bacterial	3000	2023061
NZ_AFIJ01000032.1_frag_10_L3000	NZ_AFIJ01000032.1	negative_control	bacterial	3000	123176
NZ_CP011280.1_frag_432_L3000	NZ_CP011280.1	negative_control	bacterial	3000	1330224
NZ_CP065631.1_frag_201_L3000	NZ_CP065631.1	negative_control	bacterial	3000	1447017
NZ_CP039266.1_frag_9_L3000	NZ_CP039266.1	negative_control	bacterial	3000	2023061
NZ_CP065631.1_frag_191_L3000	NZ_CP065631.1	negative_control	bacterial	3000	1447017
NZ_AFIJ01000013.1_frag_1_L3000	NZ_AFIJ01000013.1	negative_control	bacterial	3000	6229
NZ_CP065631.1_frag_385_L3000	NZ_CP065631.1	negative_control	bacterial	3000	1447017
NZ_AFIJ01000029.1_frag_9_L3000	NZ_AFIJ01000029.1	negative_control	bacterial	3000	104968
NZ_CP049230.1_frag_258_L3000	NZ_CP049230.1	negative_control	bacterial	3000	1318700
NZ_CP011280.1_frag_80_L3000	NZ_CP011280.1	negative_control	bacterial	3000	1330224
NZ_AP012332.1_frag_211_L3000	NZ_AP012332.1	negative_control	bacterial	3000	1667406
NZ_AFIJ01000039.1_frag_12_L3000	NZ_AFIJ01000039.1	negative_control	bacterial	3000	122540
NZ_AP012332.1_frag_439_L3000	NZ_AP012332.1	negative_control	bacterial	3000	1667406
NZ_AFIJ01000007.1_frag_33_L3000	NZ_AFIJ01000007.1	negative_control	bacterial	3000	148045
NZ_AP012332.1_frag_282_L3000	NZ_AP012332.1	negative_control	bacterial	3000	1667406
NZ_CP039266.1_frag_321_L3000	NZ_CP039266.1	negative_control	bacterial	3000	2023061
NZ_CP039266.1_frag_407_L3000	NZ_CP039266.1	negative_control	bacterial	3000	2023061
NZ_AFIJ01000038.1_frag_9_L3000	NZ_AFIJ01000038.1	negative_control	bacterial	3000	96055
NZ_AP012332.1_frag_392_L3000	NZ_AP012332.1	negative_control	bacterial	3000	1667406
NZ_CP011280.1_frag_332_L3000	NZ_CP011280.1	negative_control	bacterial	3000	1330224
NZ_CP011280.1_frag_343_L3000	NZ_CP011280.1	negative_control	bacterial	3000	1330224
NZ_CP065631.1_frag_377_L3000	NZ_CP065631.1	negative_control	bacterial	3000	1447017
NZ_CP049230.1_frag_177_L3000	NZ_CP049230.1	negative_control	bacterial	3000	1318700
NZ_AP012332.1_frag_92_L3000	NZ_AP012332.1	negative_control	bacterial	3000	1667406
NZ_CP039266.1_frag_456_L3000	NZ_CP039266.1	negative_control	bacterial	3000	2023061
NZ_CP011280.1_frag_54_L3000	NZ_CP011280.1	negative_control	bacterial	3000	1330224
NZ_AFIJ01000039.1_frag_31_L3000	NZ_AFIJ01000039.1	negative_control	bacterial	3000	122540
NZ_CP039266.1_frag_20_L3000	NZ_CP039266.1	negative_control	bacterial	3000	2023061
NZ_AFIJ01000032.1_frag_5_L3000	NZ_AFIJ01000032.1	negative_control	bacterial	3000	123176
NZ_AP012332.1_frag_79_L3000	NZ_AP012332.1	negative_control	bacterial	3000	1667406
NZ_CP011280.1_frag_173_L3000	NZ_CP011280.1	negative_control	bacterial	3000	1330224
NZ_AFIJ01000029.1_frag_32_L3000	NZ_AFIJ01000029.1	negative_control	bacterial	3000	104968
NZ_CP049230.1_frag_430_L3000	NZ_CP049230.1	negative_control	bacterial	3000	1318700
NZ_CP011280.1_frag_298_L3000	NZ_CP011280.1	negative_control	bacterial	3000	1330224
NZ_CP065631.1_frag_27_L3000	NZ_CP065631.1	negative_control	bacterial	3000	1447017
NZ_AFIJ01000029.1_frag_3_L3000	NZ_AFIJ01000029.1	negative_control	bacterial	3000	104968
NZ_CP039266.1_frag_382_L3000	NZ_CP039266.1	negative_control	bacterial	3000	2023061
NZ_CP049230.1_frag_380_L3000	NZ_CP049230.1	negative_control	bacterial	3000	1318700
NZ_AFIJ01000025.1_frag_3_L3000	NZ_AFIJ01000025.1	negative_control	bacterial	3000	12101
NZ_CP049230.1_frag_164_L3000	NZ_CP049230.1	negative_control	bacterial	3000	1318700
NZ_CP049230.1_frag_187_L3000	NZ_CP049230.1	negative_control	bacterial	3000	1318700
NZ_CP065631.1_frag_186_L3000	NZ_CP065631.1	negative_control	bacterial	3000	1447017
NZ_AFIJ01000007.1_frag_19_L3000	NZ_AFIJ01000007.1	negative_control	bacterial	3000	148045
NZ_AFIJ01000039.1_frag_34_L3000	NZ_AFIJ01000039.1	negative_control	bacterial	3000	122540
NZ_AP012332.1_frag_231_L3000	NZ_AP012332.1	negative_control	bacterial	3000	1667406
NZ_CP039266.1_frag_61_L3000	NZ_CP039266.1	negative_control	bacterial	3000	2023061
NZ_CP049230.1_frag_135_L3000	NZ_CP049230.1	negative_control	bacterial	3000	1318700
NZ_CP039266.1_frag_37_L3000	NZ_CP039266.1	negative_control	bacterial	3000	2023061
NZ_CP065631.1_frag_352_L3000	NZ_CP065631.1	negative_control	bacterial	3000	1447017
NZ_AFIJ01000008.1_frag_34_L3000	NZ_AFIJ01000008.1	negative_control	bacterial	3000	149073
NZ_CP065631.1_frag_240_L3000	NZ_CP065631.1	negative_control	bacterial	3000	1447017
NZ_CP039266.1_frag_463_L3000	NZ_CP039266.1	negative_control	bacterial	3000	2023061
NZ_AFIJ01000011.1_frag_8_L3000	NZ_AFIJ01000011.1	negative_control	bacterial	3000	37253
NZ_CP011280.1_frag_239_L3000	NZ_CP011280.1	negative_control	bacterial	3000	1330224
NZ_CP065631.1_frag_67_L3000	NZ_CP065631.1	negative_control	bacterial	3000	1447017
NZ_CP039266.1_frag_528_L3000	NZ_CP039266.1	negative_control	bacterial	3000	2023061
NZ_CP039266.1_frag_353_L3000	NZ_CP039266.1	negative_control	bacterial	3000	2023061
NZ_CP049230.1_frag_80_L3000	NZ_CP049230.1	negative_control	bacterial	3000	1318700
NZ_AFIJ01000033.1_frag_16_L3000	NZ_AFIJ01000033.1	negative_control	bacterial	3000	81962
NZ_CP049230.1_frag_431_L3000	NZ_CP049230.1	negative_control	bacterial	3000	1318700
NZ_CP049230.1_frag_112_L3000	NZ_CP049230.1	negative_control	bacterial	3000	1318700
NZ_AP012332.1_frag_399_L3000	NZ_AP012332.1	negative_control	bacterial	3000	1667406
NZ_CP049230.1_frag_163_L3000	NZ_CP049230.1	negative_control	bacterial	3000	1318700
NZ_CP039266.1_frag_89_L3000	NZ_CP039266.1	negative_control	bacterial	3000	2023061
NZ_CP011280.1_frag_119_L3000	NZ_CP011280.1	negative_control	bacterial	3000	1330224
NZ_CP039266.1_frag_632_L3000	NZ_CP039266.1	negative_control	bacterial	3000	2023061
NZ_AP012332.1_frag_453_L3000	NZ_AP012332.1	negative_control	bacterial	3000	1667406
NZ_AP012332.1_frag_474_L3000	NZ_AP012332.1	negative_control	bacterial	3000	1667406
NZ_AP012332.1_frag_488_L3000	NZ_AP012332.1	negative_control	bacterial	3000	1667406
NZ_AP012332.1_frag_271_L3000	NZ_AP012332.1	negative_control	bacterial	3000	1667406
NZ_CP011280.1_frag_443_L3000	NZ_CP011280.1	negative_control	bacterial	3000	1330224
NZ_CP039266.1_frag_531_L3000	NZ_CP039266.1	negative_control	bacterial	3000	2023061
NZ_AP012332.1_frag_162_L3000	NZ_AP012332.1	negative_control	bacterial	3000	1667406
NZ_AFIJ01000027.1_frag_4_L3000	NZ_AFIJ01000027.1	negative_control	bacterial	3000	12043
NZ_CP065631.1_frag_74_L3000	NZ_CP065631.1	negative_control	bacterial	3000	1447017
NZ_CP039266.1_frag_63_L3000	NZ_CP039266.1	negative_control	bacterial	3000	2023061
NZ_AFIJ01000036.1_frag_4_L3000	NZ_AFIJ01000036.1	negative_control	bacterial	3000	38748
NZ_CP065631.1_frag_170_L3000	NZ_CP065631.1	negative_control	bacterial	3000	1447017
NZ_CP011280.1_frag_399_L3000	NZ_CP011280.1	negative_control	bacterial	3000	1330224
NZ_CP011280.1_frag_97_L3000	NZ_CP011280.1	negative_control	bacterial	3000	1330224
NZ_AP012332.1_frag_432_L3000	NZ_AP012332.1	negative_control	bacterial	3000	1667406
NZ_CP049230.1_frag_29_L3000	NZ_CP049230.1	negative_control	bacterial	3000	1318700
NZ_CP011280.1_frag_38_L3000	NZ_CP011280.1	negative_control	bacterial	3000	1330224
NZ_AFIJ01000011.1_frag_7_L3000	NZ_AFIJ01000011.1	negative_control	bacterial	3000	37253
NZ_CP039266.1_frag_43_L3000	NZ_CP039266.1	negative_control	bacterial	3000	2023061
NZ_CP011280.1_frag_407_L3000	NZ_CP011280.1	negative_control	bacterial	3000	1330224
NZ_CP039266.1_frag_187_L3000	NZ_CP039266.1	negative_control	bacterial	3000	2023061
NZ_AP012332.1_frag_17_L3000	NZ_AP012332.1	negative_control	bacterial	3000	1667406
NZ_CP011280.1_frag_101_L3000	NZ_CP011280.1	negative_control	bacterial	3000	1330224
NZ_CP039266.1_frag_224_L3000	NZ_CP039266.1	negative_control	bacterial	3000	2023061
NZ_AP012332.1_frag_312_L3000	NZ_AP012332.1	negative_control	bacterial	3000	1667406
NZ_AP012332.1_frag_381_L3000	NZ_AP012332.1	negative_control	bacterial	3000	1667406
NZ_CP039266.1_frag_317_L3000	NZ_CP039266.1	negative_control	bacterial	3000	2023061
NZ_CP011280.1_frag_15_L3000	NZ_CP011280.1	negative_control	bacterial	3000	1330224
NZ_CP065631.1_frag_197_L3000	NZ_CP065631.1	negative_control	bacterial	3000	1447017
NZ_CP011280.1_frag_43_L3000	NZ_CP011280.1	negative_control	bacterial	3000	1330224
NZ_CP065631.1_frag_463_L3000	NZ_CP065631.1	negative_control	bacterial	3000	1447017
NZ_CP065631.1_frag_361_L3000	NZ_CP065631.1	negative_control	bacterial	3000	1447017
NZ_AP012332.1_frag_298_L3000	NZ_AP012332.1	negative_control	bacterial	3000	1667406
NZ_CP065631.1_frag_259_L3000	NZ_CP065631.1	negative_control	bacterial	3000	1447017
NZ_CP039267.1_frag_2_L3000	NZ_CP039267.1	negative_control	bacterial	3000	16343
NZ_CP011280.1_frag_70_L3000	NZ_CP011280.1	negative_control	bacterial	3000	1330224
NZ_CP049230.1_frag_113_L3000	NZ_CP049230.1	negative_control	bacterial	3000	1318700
NZ_AP012332.1_frag_333_L3000	NZ_AP012332.1	negative_control	bacterial	3000	1667406
NZ_AFIJ01000023.1_frag_4_L3000	NZ_AFIJ01000023.1	negative_control	bacterial	3000	71554
NZ_AFIJ01000005.1_frag_2_L3000	NZ_AFIJ01000005.1	negative_control	bacterial	3000	10272
NZ_CP011280.1_frag_230_L3000	NZ_CP011280.1	negative_control	bacterial	3000	1330224
NZ_CP039266.1_frag_555_L3000	NZ_CP039266.1	negative_control	bacterial	3000	2023061
NZ_CP011280.1_frag_72_L3000	NZ_CP011280.1	negative_control	bacterial	3000	1330224
NZ_CP039266.1_frag_582_L3000	NZ_CP039266.1	negative_control	bacterial	3000	2023061
NZ_AP012332.1_frag_338_L3000	NZ_AP012332.1	negative_control	bacterial	3000	1667406
NZ_CP065631.1_frag_64_L3000	NZ_CP065631.1	negative_control	bacterial	3000	1447017
NZ_CP039266.1_frag_162_L3000	NZ_CP039266.1	negative_control	bacterial	3000	2023061
NZ_AP012332.1_frag_275_L3000	NZ_AP012332.1	negative_control	bacterial	3000	1667406
NZ_CP065631.1_frag_383_L3000	NZ_CP065631.1	negative_control	bacterial	3000	1447017
NZ_AP012332.1_frag_154_L3000	NZ_AP012332.1	negative_control	bacterial	3000	1667406
NZ_CP011280.1_frag_98_L3000	NZ_CP011280.1	negative_control	bacterial	3000	1330224
NZ_CP049230.1_frag_336_L3000	NZ_CP049230.1	negative_control	bacterial	3000	1318700
NZ_AFIJ01000007.1_frag_15_L3000	NZ_AFIJ01000007.1	negative_control	bacterial	3000	148045
NZ_CP011280.1_frag_14_L3000	NZ_CP011280.1	negative_control	bacterial	3000	1330224
NZ_CP011280.1_frag_232_L3000	NZ_CP011280.1	negative_control	bacterial	3000	1330224
NZ_CP065631.1_frag_4_L3000	NZ_CP065631.1	negative_control	bacterial	3000	1447017
NZ_AP012332.1_frag_126_L3000	NZ_AP012332.1	negative_control	bacterial	3000	1667406
NZ_CP011280.1_frag_421_L3000	NZ_CP011280.1	negative_control	bacterial	3000	1330224
NZ_CP011280.1_frag_427_L3000	NZ_CP011280.1	negative_control	bacterial	3000	1330224
NZ_CP065631.1_frag_93_L3000	NZ_CP065631.1	negative_control	bacterial	3000	1447017
NZ_AFIJ01000038.1_frag_22_L3000	NZ_AFIJ01000038.1	negative_control	bacterial	3000	96055
NZ_AP012332.1_frag_504_L3000	NZ_AP012332.1	negative_control	bacterial	3000	1667406
NZ_AFIJ01000019.1_frag_3_L3000	NZ_AFIJ01000019.1	negative_control	bacterial	3000	11839
NZ_CP039266.1_frag_430_L3000	NZ_CP039266.1	negative_control	bacterial	3000	2023061
NZ_CP011280.1_frag_25_L3000	NZ_CP011280.1	negative_control	bacterial	3000	1330224
NZ_CP039266.1_frag_398_L3000	NZ_CP039266.1	negative_control	bacterial	3000	2023061
NZ_CP049230.1_frag_134_L3000	NZ_CP049230.1	negative_control	bacterial	3000	1318700
NZ_CP065631.1_frag_438_L3000	NZ_CP065631.1	negative_control	bacterial	3000	1447017
NZ_CP065631.1_frag_390_L3000	NZ_CP065631.1	negative_control	bacterial	3000	1447017
NZ_CP011280.1_frag_269_L3000	NZ_CP011280.1	negative_control	bacterial	3000	1330224
NZ_AP012332.1_frag_39_L3000	NZ_AP012332.1	negative_control	bacterial	3000	1667406
NZ_AP012332.1_frag_3_L3000	NZ_AP012332.1	negative_control	bacterial	3000	1667406
NZ_CP065631.1_frag_280_L3000	NZ_CP065631.1	negative_control	bacterial	3000	1447017
NZ_AFIJ01000018.1_frag_10_L3000	NZ_AFIJ01000018.1	negative_control	bacterial	3000	43361
NZ_AFIJ01000008.1_frag_22_L3000	NZ_AFIJ01000008.1	negative_control	bacterial	3000	149073
NZ_AFIJ01000007.1_frag_41_L3000	NZ_AFIJ01000007.1	negative_control	bacterial	3000	148045
NZ_CP065631.1_frag_276_L3000	NZ_CP065631.1	negative_control	bacterial	3000	1447017
NZ_CP011280.1_frag_312_L3000	NZ_CP011280.1	negative_control	bacterial	3000	1330224
NZ_CP039266.1_frag_574_L3000	NZ_CP039266.1	negative_control	bacterial	3000	2023061
NZ_CP039266.1_frag_462_L3000	NZ_CP039266.1	negative_control	bacterial	3000	2023061
NZ_AFIJ01000045.1_frag_31_L3000	NZ_AFIJ01000045.1	negative_control	bacterial	3000	114466
NZ_CP039266.1_frag_373_L3000	NZ_CP039266.1	negative_control	bacterial	3000	2023061
NZ_CP049230.1_frag_8_L3000	NZ_CP049230.1	negative_control	bacterial	3000	1318700
NZ_CP065631.1_frag_306_L3000	NZ_CP065631.1	negative_control	bacterial	3000	1447017
NZ_CP011280.1_frag_321_L3000	NZ_CP011280.1	negative_control	bacterial	3000	1330224
NZ_CP039266.1_frag_645_L3000	NZ_CP039266.1	negative_control	bacterial	3000	2023061
NZ_CP065631.1_frag_179_L3000	NZ_CP065631.1	negative_control	bacterial	3000	1447017
NZ_AP012332.1_frag_407_L3000	NZ_AP012332.1	negative_control	bacterial	3000	1667406
NZ_CP039266.1_frag_501_L3000	NZ_CP039266.1	negative_control	bacterial	3000	2023061
NZ_AFIJ01000008.1_frag_42_L3000	NZ_AFIJ01000008.1	negative_control	bacterial	3000	149073
NZ_CP039266.1_frag_29_L3000	NZ_CP039266.1	negative_control	bacterial	3000	2023061
NZ_CP049230.1_frag_328_L3000	NZ_CP049230.1	negative_control	bacterial	3000	1318700
NZ_AFIJ01000035.1_frag_7_L3000	NZ_AFIJ01000035.1	negative_control	bacterial	3000	55251
NZ_AFIJ01000011.1_frag_10_L3000	NZ_AFIJ01000011.1	negative_control	bacterial	3000	37253
NZ_CP039266.1_frag_376_L3000	NZ_CP039266.1	negative_control	bacterial	3000	2023061
NZ_CP039266.1_frag_433_L3000	NZ_CP039266.1	negative_control	bacterial	3000	2023061
NZ_CP039266.1_frag_496_L3000	NZ_CP039266.1	negative_control	bacterial	3000	2023061
NZ_CP011280.1_frag_375_L3000	NZ_CP011280.1	negative_control	bacterial	3000	1330224
NZ_CP039266.1_frag_253_L3000	NZ_CP039266.1	negative_control	bacterial	3000	2023061
NZ_AP012332.1_frag_296_L3000	NZ_AP012332.1	negative_control	bacterial	3000	1667406
NZ_AP012332.1_frag_36_L3000	NZ_AP012332.1	negative_control	bacterial	3000	1667406
NZ_CP065631.1_frag_43_L3000	NZ_CP065631.1	negative_control	bacterial	3000	1447017
NZ_CP011280.1_frag_141_L3000	NZ_CP011280.1	negative_control	bacterial	3000	1330224
NZ_CP065631.1_frag_176_L3000	NZ_CP065631.1	negative_control	bacterial	3000	1447017
NZ_CP011280.1_frag_413_L3000	NZ_CP011280.1	negative_control	bacterial	3000	1330224
NZ_CP039266.1_frag_295_L3000	NZ_CP039266.1	negative_control	bacterial	3000	2023061
NZ_AFIJ01000004.1_frag_20_L3000	NZ_AFIJ01000004.1	negative_control	bacterial	3000	100595
NZ_CP011280.1_frag_351_L3000	NZ_CP011280.1	negative_control	bacterial	3000	1330224
NZ_CP011280.1_frag_305_L3000	NZ_CP011280.1	negative_control	bacterial	3000	1330224
NZ_CP039266.1_frag_67_L3000	NZ_CP039266.1	negative_control	bacterial	3000	2023061
NZ_AFIJ01000038.1_frag_1_L3000	NZ_AFIJ01000038.1	negative_control	bacterial	3000	96055
NZ_AP012332.1_frag_278_L3000	NZ_AP012332.1	negative_control	bacterial	3000	1667406
NZ_AP012332.1_frag_538_L3000	NZ_AP012332.1	negative_control	bacterial	3000	1667406
NZ_CP065631.1_frag_245_L3000	NZ_CP065631.1	negative_control	bacterial	3000	1447017
NZ_CP011280.1_frag_255_L3000	NZ_CP011280.1	negative_control	bacterial	3000	1330224
NZ_CP049230.1_frag_96_L3000	NZ_CP049230.1	negative_control	bacterial	3000	1318700
NZ_CP011280.1_frag_116_L3000	NZ_CP011280.1	negative_control	bacterial	3000	1330224
NZ_CP011280.1_frag_283_L3000	NZ_CP011280.1	negative_control	bacterial	3000	1330224
NZ_AP012332.1_frag_285_L3000	NZ_AP012332.1	negative_control	bacterial	3000	1667406
NZ_CP039266.1_frag_401_L3000	NZ_CP039266.1	negative_control	bacterial	3000	2023061
NZ_CP039266.1_frag_506_L3000	NZ_CP039266.1	negative_control	bacterial	3000	2023061
NZ_CP065631.1_frag_309_L3000	NZ_CP065631.1	negative_control	bacterial	3000	1447017
NZ_AP012332.1_frag_249_L3000	NZ_AP012332.1	negative_control	bacterial	3000	1667406
NZ_AP012332.1_frag_131_L3000	NZ_AP012332.1	negative_control	bacterial	3000	1667406
NZ_CP049230.1_frag_14_L3000	NZ_CP049230.1	negative_control	bacterial	3000	1318700
NZ_CP039266.1_frag_667_L3000	NZ_CP039266.1	negative_control	bacterial	3000	2023061
NZ_CP039266.1_frag_271_L3000	NZ_CP039266.1	negative_control	bacterial	3000	2023061
NZ_AP012332.1_frag_475_L3000	NZ_AP012332.1	negative_control	bacterial	3000	1667406
NZ_CP065631.1_frag_99_L3000	NZ_CP065631.1	negative_control	bacterial	3000	1447017
NZ_CP039266.1_frag_615_L3000	NZ_CP039266.1	negative_control	bacterial	3000	2023061
NZ_AP012332.1_frag_99_L3000	NZ_AP012332.1	negative_control	bacterial	3000	1667406
NZ_CP039266.1_frag_651_L3000	NZ_CP039266.1	negative_control	bacterial	3000	2023061
NZ_CP011280.1_frag_400_L3000	NZ_CP011280.1	negative_control	bacterial	3000	1330224
NZ_CP011280.1_frag_411_L3000	NZ_CP011280.1	negative_control	bacterial	3000	1330224
NZ_CP039266.1_frag_171_L3000	NZ_CP039266.1	negative_control	bacterial	3000	2023061
NZ_CP039266.1_frag_275_L3000	NZ_CP039266.1	negative_control	bacterial	3000	2023061
NZ_AFIJ01000038.1_frag_2_L3000	NZ_AFIJ01000038.1	negative_control	bacterial	3000	96055
NZ_CP039266.1_frag_457_L3000	NZ_CP039266.1	negative_control	bacterial	3000	2023061
NZ_AFIJ01000004.1_frag_18_L3000	NZ_AFIJ01000004.1	negative_control	bacterial	3000	100595
NZ_AP012332.1_frag_95_L3000	NZ_AP012332.1	negative_control	bacterial	3000	1667406
NZ_CP049230.1_frag_349_L3000	NZ_CP049230.1	negative_control	bacterial	3000	1318700
NZ_CP011280.1_frag_286_L3000	NZ_CP011280.1	negative_control	bacterial	3000	1330224
NZ_CP039266.1_frag_480_L3000	NZ_CP039266.1	negative_control	bacterial	3000	2023061
NZ_AFIJ01000039.1_frag_36_L3000	NZ_AFIJ01000039.1	negative_control	bacterial	3000	122540
NZ_AP012332.1_frag_175_L3000	NZ_AP012332.1	negative_control	bacterial	3000	1667406
NZ_CP039266.1_frag_523_L3000	NZ_CP039266.1	negative_control	bacterial	3000	2023061
NZ_AP012332.1_frag_90_L3000	NZ_AP012332.1	negative_control	bacterial	3000	1667406
NZ_CP065631.1_frag_232_L3000	NZ_CP065631.1	negative_control	bacterial	3000	1447017
NZ_CP065631.1_frag_424_L3000	NZ_CP065631.1	negative_control	bacterial	3000	1447017
NZ_AFIJ01000038.1_frag_16_L3000	NZ_AFIJ01000038.1	negative_control	bacterial	3000	96055
NZ_AFIJ01000008.1_frag_15_L3000	NZ_AFIJ01000008.1	negative_control	bacterial	3000	149073
NZ_CP049230.1_frag_198_L3000	NZ_CP049230.1	negative_control	bacterial	3000	1318700
NZ_CP011280.1_frag_376_L3000	NZ_CP011280.1	negative_control	bacterial	3000	1330224
NZ_CP049230.1_frag_289_L3000	NZ_CP049230.1	negative_control	bacterial	3000	1318700
NZ_CP039266.1_frag_661_L3000	NZ_CP039266.1	negative_control	bacterial	3000	2023061
NZ_CP049230.1_frag_333_L3000	NZ_CP049230.1	negative_control	bacterial	3000	1318700
NZ_CP039266.1_frag_62_L3000	NZ_CP039266.1	negative_control	bacterial	3000	2023061
NZ_CP065631.1_frag_223_L3000	NZ_CP065631.1	negative_control	bacterial	3000	1447017
NZ_CP011280.1_frag_61_L3000	NZ_CP011280.1	negative_control	bacterial	3000	1330224
NZ_CP011280.1_frag_420_L3000	NZ_CP011280.1	negative_control	bacterial	3000	1330224
NZ_CP065631.1_frag_1_L3000	NZ_CP065631.1	negative_control	bacterial	3000	1447017
NZ_CP011280.1_frag_341_L3000	NZ_CP011280.1	negative_control	bacterial	3000	1330224
NZ_CP011280.1_frag_78_L3000	NZ_CP011280.1	negative_control	bacterial	3000	1330224
NZ_AP012332.1_frag_288_L3000	NZ_AP012332.1	negative_control	bacterial	3000	1667406
NZ_CP039266.1_frag_360_L3000	NZ_CP039266.1	negative_control	bacterial	3000	2023061
NZ_AFIJ01000038.1_frag_27_L3000	NZ_AFIJ01000038.1	negative_control	bacterial	3000	96055
NZ_AP012332.1_frag_446_L3000	NZ_AP012332.1	negative_control	bacterial	3000	1667406
NZ_AP012332.1_frag_91_L3000	NZ_AP012332.1	negative_control	bacterial	3000	1667406
NZ_CP039266.1_frag_328_L3000	NZ_CP039266.1	negative_control	bacterial	3000	2023061
NZ_AFIJ01000023.1_frag_18_L3000	NZ_AFIJ01000023.1	negative_control	bacterial	3000	71554
NZ_CP011280.1_frag_425_L3000	NZ_CP011280.1	negative_control	bacterial	3000	1330224
NZ_CP039266.1_frag_177_L3000	NZ_CP039266.1	negative_control	bacterial	3000	2023061
NZ_CP049230.1_frag_281_L3000	NZ_CP049230.1	negative_control	bacterial	3000	1318700
NZ_CP011280.1_frag_401_L3000	NZ_CP011280.1	negative_control	bacterial	3000	1330224
NZ_AFIJ01000032.1_frag_12_L3000	NZ_AFIJ01000032.1	negative_control	bacterial	3000	123176
NZ_AP012332.1_frag_512_L3000	NZ_AP012332.1	negative_control	bacterial	3000	1667406
NZ_AP012332.1_frag_58_L3000	NZ_AP012332.1	negative_control	bacterial	3000	1667406
NZ_AFIJ01000029.1_frag_17_L3000	NZ_AFIJ01000029.1	negative_control	bacterial	3000	104968
NZ_CP065631.1_frag_412_L3000	NZ_CP065631.1	negative_control	bacterial	3000	1447017
NZ_CP039266.1_frag_72_L3000	NZ_CP039266.1	negative_control	bacterial	3000	2023061
NZ_CP039266.1_frag_614_L3000	NZ_CP039266.1	negative_control	bacterial	3000	2023061
NZ_CP039266.1_frag_527_L3000	NZ_CP039266.1	negative_control	bacterial	3000	2023061
NZ_CP039266.1_frag_309_L3000	NZ_CP039266.1	negative_control	bacterial	3000	2023061
NZ_CP049230.1_frag_48_L3000	NZ_CP049230.1	negative_control	bacterial	3000	1318700
NZ_AP012332.1_frag_152_L3000	NZ_AP012332.1	negative_control	bacterial	3000	1667406
NZ_CP039266.1_frag_554_L3000	NZ_CP039266.1	negative_control	bacterial	3000	2023061
NZ_CP011280.1_frag_281_L3000	NZ_CP011280.1	negative_control	bacterial	3000	1330224
NZ_CP039266.1_frag_564_L3000	NZ_CP039266.1	negative_control	bacterial	3000	2023061
NZ_CP065631.1_frag_355_L3000	NZ_CP065631.1	negative_control	bacterial	3000	1447017
NZ_CP065631.1_frag_253_L3000	NZ_CP065631.1	negative_control	bacterial	3000	1447017
NZ_CP049230.1_frag_296_L3000	NZ_CP049230.1	negative_control	bacterial	3000	1318700
NZ_CP049230.1_frag_240_L3000	NZ_CP049230.1	negative_control	bacterial	3000	1318700
NZ_CP011280.1_frag_405_L3000	NZ_CP011280.1	negative_control	bacterial	3000	1330224
NZ_AP012332.1_frag_241_L3000	NZ_AP012332.1	negative_control	bacterial	3000	1667406
NZ_CP039266.1_frag_314_L3000	NZ_CP039266.1	negative_control	bacterial	3000	2023061
NZ_AP012332.1_frag_492_L3000	NZ_AP012332.1	negative_control	bacterial	3000	1667406
NZ_CP039266.1_frag_312_L3000	NZ_CP039266.1	negative_control	bacterial	3000	2023061
NZ_AFIJ01000008.1_frag_40_L3000	NZ_AFIJ01000008.1	negative_control	bacterial	3000	149073
NZ_CP039266.1_frag_285_L3000	NZ_CP039266.1	negative_control	bacterial	3000	2023061
NZ_CP039266.1_frag_573_L3000	NZ_CP039266.1	negative_control	bacterial	3000	2023061
NZ_AFIJ01000032.1_frag_11_L3000	NZ_AFIJ01000032.1	negative_control	bacterial	3000	123176
NZ_CP049230.1_frag_325_L3000	NZ_CP049230.1	negative_control	bacterial	3000	1318700
NZ_CP065631.1_frag_37_L3000	NZ_CP065631.1	negative_control	bacterial	3000	1447017
NZ_AP012332.1_frag_449_L3000	NZ_AP012332.1	negative_control	bacterial	3000	1667406
NZ_AP012332.1_frag_361_L3000	NZ_AP012332.1	negative_control	bacterial	3000	1667406
NZ_CP065631.1_frag_473_L3000	NZ_CP065631.1	negative_control	bacterial	3000	1447017
NZ_AP012332.1_frag_490_L3000	NZ_AP012332.1	negative_control	bacterial	3000	1667406
NZ_CP065631.1_frag_90_L3000	NZ_CP065631.1	negative_control	bacterial	3000	1447017
NZ_CP065631.1_frag_184_L3000	NZ_CP065631.1	negative_control	bacterial	3000	1447017
NZ_CP039266.1_frag_587_L3000	NZ_CP039266.1	negative_control	bacterial	3000	2023061
NZ_AP012332.1_frag_534_L3000	NZ_AP012332.1	negative_control	bacterial	3000	1667406
NZ_CP039266.1_frag_585_L3000	NZ_CP039266.1	negative_control	bacterial	3000	2023061
NZ_AFIJ01000032.1_frag_13_L3000	NZ_AFIJ01000032.1	negative_control	bacterial	3000	123176
NZ_AFIJ01000029.1_frag_19_L3000	NZ_AFIJ01000029.1	negative_control	bacterial	3000	104968
NZ_CP065631.1_frag_225_L3000	NZ_CP065631.1	negative_control	bacterial	3000	1447017
NZ_CP011280.1_frag_396_L3000	NZ_CP011280.1	negative_control	bacterial	3000	1330224
NZ_AP012332.1_frag_331_L3000	NZ_AP012332.1	negative_control	bacterial	3000	1667406
NZ_CP049230.1_frag_300_L3000	NZ_CP049230.1	negative_control	bacterial	3000	1318700
NZ_AFIJ01000032.1_frag_1_L3000	NZ_AFIJ01000032.1	negative_control	bacterial	3000	123176
NZ_AP012332.1_frag_105_L3000	NZ_AP012332.1	negative_control	bacterial	3000	1667406
NZ_CP065631.1_frag_209_L3000	NZ_CP065631.1	negative_control	bacterial	3000	1447017
NZ_CP011280.1_frag_262_L3000	NZ_CP011280.1	negative_control	bacterial	3000	1330224
NZ_AP012332.1_frag_521_L3000	NZ_AP012332.1	negative_control	bacterial	3000	1667406
NZ_CP039266.1_frag_98_L3000	NZ_CP039266.1	negative_control	bacterial	3000	2023061
NZ_AP012332.1_frag_80_L3000	NZ_AP012332.1	negative_control	bacterial	3000	1667406
NZ_AP012332.1_frag_286_L3000	NZ_AP012332.1	negative_control	bacterial	3000	1667406
NZ_CP065631.1_frag_250_L3000	NZ_CP065631.1	negative_control	bacterial	3000	1447017
NZ_CP011280.1_frag_251_L3000	NZ_CP011280.1	negative_control	bacterial	3000	1330224
NZ_CP065631.1_frag_425_L3000	NZ_CP065631.1	negative_control	bacterial	3000	1447017
NZ_CP039266.1_frag_478_L3000	NZ_CP039266.1	negative_control	bacterial	3000	2023061
NZ_AFIJ01000038.1_frag_5_L3000	NZ_AFIJ01000038.1	negative_control	bacterial	3000	96055
NZ_CP039266.1_frag_51_L3000	NZ_CP039266.1	negative_control	bacterial	3000	2023061
NZ_AFIJ01000014.1_frag_2_L3000	NZ_AFIJ01000014.1	negative_control	bacterial	3000	11574
NZ_CP039266.1_frag_346_L3000	NZ_CP039266.1	negative_control	bacterial	3000	2023061
NZ_CP065631.1_frag_323_L3000	NZ_CP065631.1	negative_control	bacterial	3000	1447017
NZ_AP012332.1_frag_191_L3000	NZ_AP012332.1	negative_control	bacterial	3000	1667406
NZ_CP039266.1_frag_262_L3000	NZ_CP039266.1	negative_control	bacterial	3000	2023061
NZ_AP012332.1_frag_383_L3000	NZ_AP012332.1	negative_control	bacterial	3000	1667406
NZ_CP039266.1_frag_244_L3000	NZ_CP039266.1	negative_control	bacterial	3000	2023061
NZ_AFIJ01000020.1_frag_11_L3000	NZ_AFIJ01000020.1	negative_control	bacterial	3000	80676
NZ_AFIJ01000018.1_frag_7_L3000	NZ_AFIJ01000018.1	negative_control	bacterial	3000	43361
NZ_CP049230.1_frag_36_L3000	NZ_CP049230.1	negative_control	bacterial	3000	1318700
NZ_CP065631.1_frag_258_L3000	NZ_CP065631.1	negative_control	bacterial	3000	1447017
NZ_CP039266.1_frag_473_L3000	NZ_CP039266.1	negative_control	bacterial	3000	2023061
NZ_CP039266.1_frag_53_L3000	NZ_CP039266.1	negative_control	bacterial	3000	2023061
NZ_CP065631.1_frag_192_L3000	NZ_CP065631.1	negative_control	bacterial	3000	1447017
NZ_AFIJ01000038.1_frag_21_L3000	NZ_AFIJ01000038.1	negative_control	bacterial	3000	96055
NZ_CP011280.1_frag_335_L3000	NZ_CP011280.1	negative_control	bacterial	3000	1330224
NZ_CP049230.1_frag_253_L3000	NZ_CP049230.1	negative_control	bacterial	3000	1318700
NZ_CP049230.1_frag_76_L3000	NZ_CP049230.1	negative_control	bacterial	3000	1318700
NZ_CP065631.1_frag_124_L3000	NZ_CP065631.1	negative_control	bacterial	3000	1447017
NZ_CP065631.1_frag_476_L3000	NZ_CP065631.1	negative_control	bacterial	3000	1447017
NZ_CP011280.1_frag_389_L3000	NZ_CP011280.1	negative_control	bacterial	3000	1330224
NZ_CP011280.1_frag_67_L3000	NZ_CP011280.1	negative_control	bacterial	3000	1330224
NZ_AP012332.1_frag_315_L3000	NZ_AP012332.1	negative_control	bacterial	3000	1667406
NZ_AFIJ01000009.1_frag_6_L3000	NZ_AFIJ01000009.1	negative_control	bacterial	3000	28506
NZ_AFIJ01000029.1_frag_26_L3000	NZ_AFIJ01000029.1	negative_control	bacterial	3000	104968
NZ_CP049230.1_frag_205_L3000	NZ_CP049230.1	negative_control	bacterial	3000	1318700
NZ_AFIJ01000026.1_frag_16_L3000	NZ_AFIJ01000026.1	negative_control	bacterial	3000	50184
NZ_CP039266.1_frag_503_L3000	NZ_CP039266.1	negative_control	bacterial	3000	2023061
NZ_AFIJ01000045.1_frag_8_L3000	NZ_AFIJ01000045.1	negative_control	bacterial	3000	114466
NZ_AP012332.1_frag_308_L3000	NZ_AP012332.1	negative_control	bacterial	3000	1667406
NZ_CP039266.1_frag_445_L3000	NZ_CP039266.1	negative_control	bacterial	3000	2023061
NZ_AFIJ01000004.1_frag_33_L3000	NZ_AFIJ01000004.1	negative_control	bacterial	3000	100595
NZ_AFIJ01000045.1_frag_26_L3000	NZ_AFIJ01000045.1	negative_control	bacterial	3000	114466
NZ_CP049230.1_frag_432_L3000	NZ_CP049230.1	negative_control	bacterial	3000	1318700
NZ_CP049230.1_frag_294_L3000	NZ_CP049230.1	negative_control	bacterial	3000	1318700
NZ_CP039266.1_frag_229_L3000	NZ_CP039266.1	negative_control	bacterial	3000	2023061
NZ_AP012332.1_frag_54_L3000	NZ_AP012332.1	negative_control	bacterial	3000	1667406
NZ_CP049230.1_frag_352_L3000	NZ_CP049230.1	negative_control	bacterial	3000	1318700
NZ_CP039266.1_frag_131_L3000	NZ_CP039266.1	negative_control	bacterial	3000	2023061
NZ_AFIJ01000045.1_frag_12_L3000	NZ_AFIJ01000045.1	negative_control	bacterial	3000	114466
NZ_CP039266.1_frag_481_L3000	NZ_CP039266.1	negative_control	bacterial	3000	2023061
NZ_CP039266.1_frag_394_L3000	NZ_CP039266.1	negative_control	bacterial	3000	2023061
NZ_AP012332.1_frag_43_L3000	NZ_AP012332.1	negative_control	bacterial	3000	1667406
NZ_CP065631.1_frag_359_L3000	NZ_CP065631.1	negative_control	bacterial	3000	1447017
NZ_CP065631.1_frag_465_L3000	NZ_CP065631.1	negative_control	bacterial	3000	1447017
NZ_CP065631.1_frag_256_L3000	NZ_CP065631.1	negative_control	bacterial	3000	1447017
NZ_CP039266.1_frag_355_L3000	NZ_CP039266.1	negative_control	bacterial	3000	2023061
NZ_AP012332.1_frag_7_L3000	NZ_AP012332.1	negative_control	bacterial	3000	1667406
NZ_CP039266.1_frag_400_L3000	NZ_CP039266.1	negative_control	bacterial	3000	2023061
NZ_CP011280.1_frag_315_L3000	NZ_CP011280.1	negative_control	bacterial	3000	1330224
NZ_CP049230.1_frag_32_L3000	NZ_CP049230.1	negative_control	bacterial	3000	1318700
NZ_CP065631.1_frag_153_L3000	NZ_CP065631.1	negative_control	bacterial	3000	1447017
NZ_AP012332.1_frag_264_L3000	NZ_AP012332.1	negative_control	bacterial	3000	1667406
NZ_AP012332.1_frag_262_L3000	NZ_AP012332.1	negative_control	bacterial	3000	1667406
NZ_AFIJ01000045.1_frag_14_L3000	NZ_AFIJ01000045.1	negative_control	bacterial	3000	114466
NZ_AFIJ01000004.1_frag_16_L3000	NZ_AFIJ01000004.1	negative_control	bacterial	3000	100595
NZ_CP039266.1_frag_284_L3000	NZ_CP039266.1	negative_control	bacterial	3000	2023061
NZ_AP012332.1_frag_153_L3000	NZ_AP012332.1	negative_control	bacterial	3000	1667406
NZ_CP011280.1_frag_45_L3000	NZ_CP011280.1	negative_control	bacterial	3000	1330224
NZ_AP012332.1_frag_302_L3000	NZ_AP012332.1	negative_control	bacterial	3000	1667406
NZ_AP012332.1_frag_320_L3000	NZ_AP012332.1	negative_control	bacterial	3000	1667406
NZ_AP012332.1_frag_174_L3000	NZ_AP012332.1	negative_control	bacterial	3000	1667406
NZ_CP039266.1_frag_157_L3000	NZ_CP039266.1	negative_control	bacterial	3000	2023061
NZ_CP039266.1_frag_168_L3000	NZ_CP039266.1	negative_control	bacterial	3000	2023061
NZ_CP065631.1_frag_29_L3000	NZ_CP065631.1	negative_control	bacterial	3000	1447017
NZ_CP039266.1_frag_443_L3000	NZ_CP039266.1	negative_control	bacterial	3000	2023061
NZ_AFIJ01000008.1_frag_5_L3000	NZ_AFIJ01000008.1	negative_control	bacterial	3000	149073
NZ_AFIJ01000020.1_frag_7_L3000	NZ_AFIJ01000020.1	negative_control	bacterial	3000	80676
NZ_CP065631.1_frag_237_L3000	NZ_CP065631.1	negative_control	bacterial	3000	1447017
NZ_AP012332.1_frag_370_L3000	NZ_AP012332.1	negative_control	bacterial	3000	1667406
NZ_CP065631.1_frag_480_L3000	NZ_CP065631.1	negative_control	bacterial	3000	1447017
NZ_CP065631.1_frag_356_L3000	NZ_CP065631.1	negative_control	bacterial	3000	1447017
NZ_AFIJ01000020.1_frag_1_L3000	NZ_AFIJ01000020.1	negative_control	bacterial	3000	80676
NZ_CP039266.1_frag_226_L3000	NZ_CP039266.1	negative_control	bacterial	3000	2023061
NZ_CP039266.1_frag_516_L3000	NZ_CP039266.1	negative_control	bacterial	3000	2023061
NZ_CP039266.1_frag_597_L3000	NZ_CP039266.1	negative_control	bacterial	3000	2023061
NZ_AP012332.1_frag_216_L3000	NZ_AP012332.1	negative_control	bacterial	3000	1667406
NZ_CP065631.1_frag_126_L3000	NZ_CP065631.1	negative_control	bacterial	3000	1447017
NZ_AP012332.1_frag_268_L3000	NZ_AP012332.1	negative_control	bacterial	3000	1667406
NZ_CP011280.1_frag_87_L3000	NZ_CP011280.1	negative_control	bacterial	3000	1330224
NZ_CP011280.1_frag_154_L3000	NZ_CP011280.1	negative_control	bacterial	3000	1330224
NZ_CP049230.1_frag_175_L3000	NZ_CP049230.1	negative_control	bacterial	3000	1318700
NZ_CP039266.1_frag_487_L3000	NZ_CP039266.1	negative_control	bacterial	3000	2023061
NZ_CP039266.1_frag_461_L3000	NZ_CP039266.1	negative_control	bacterial	3000	2023061
NZ_CP049230.1_frag_285_L3000	NZ_CP049230.1	negative_control	bacterial	3000	1318700
NZ_AFIJ01000009.1_frag_1_L3000	NZ_AFIJ01000009.1	negative_control	bacterial	3000	28506
NZ_AFIJ01000018.1_frag_5_L3000	NZ_AFIJ01000018.1	negative_control	bacterial	3000	43361
NZ_CP049230.1_frag_19_L3000	NZ_CP049230.1	negative_control	bacterial	3000	1318700
NZ_CP011280.1_frag_58_L3000	NZ_CP011280.1	negative_control	bacterial	3000	1330224
NZ_AP012332.1_frag_284_L3000	NZ_AP012332.1	negative_control	bacterial	3000	1667406
NZ_AP012332.1_frag_386_L3000	NZ_AP012332.1	negative_control	bacterial	3000	1667406
NZ_CP039266.1_frag_389_L3000	NZ_CP039266.1	negative_control	bacterial	3000	2023061
NZ_AP012332.1_frag_466_L3000	NZ_AP012332.1	negative_control	bacterial	3000	1667406
NZ_AP012332.1_frag_251_L3000	NZ_AP012332.1	negative_control	bacterial	3000	1667406
NZ_AP012332.1_frag_205_L3000	NZ_AP012332.1	negative_control	bacterial	3000	1667406
NZ_CP065631.1_frag_157_L3000	NZ_CP065631.1	negative_control	bacterial	3000	1447017
NZ_AP012332.1_frag_184_L3000	NZ_AP012332.1	negative_control	bacterial	3000	1667406
NZ_AFIJ01000011.1_frag_11_L3000	NZ_AFIJ01000011.1	negative_control	bacterial	3000	37253
NZ_CP011280.1_frag_408_L3000	NZ_CP011280.1	negative_control	bacterial	3000	1330224
NZ_CP039266.1_frag_12_L3000	NZ_CP039266.1	negative_control	bacterial	3000	2023061
NZ_AP012332.1_frag_218_L3000	NZ_AP012332.1	negative_control	bacterial	3000	1667406
NZ_CP011280.1_frag_213_L3000	NZ_CP011280.1	negative_control	bacterial	3000	1330224
NZ_AFIJ01000039.1_frag_29_L3000	NZ_AFIJ01000039.1	negative_control	bacterial	3000	122540
NZ_AFIJ01000032.1_frag_17_L3000	NZ_AFIJ01000032.1	negative_control	bacterial	3000	123176
NZ_CP039266.1_frag_361_L3000	NZ_CP039266.1	negative_control	bacterial	3000	2023061
NZ_CP049230.1_frag_35_L3000	NZ_CP049230.1	negative_control	bacterial	3000	1318700
NZ_CP011280.1_frag_137_L3000	NZ_CP011280.1	negative_control	bacterial	3000	1330224
NZ_CP039266.1_frag_552_L3000	NZ_CP039266.1	negative_control	bacterial	3000	2023061
NZ_CP049230.1_frag_132_L3000	NZ_CP049230.1	negative_control	bacterial	3000	1318700
NZ_CP039266.1_frag_298_L3000	NZ_CP039266.1	negative_control	bacterial	3000	2023061
NZ_AFIJ01000035.1_frag_10_L3000	NZ_AFIJ01000035.1	negative_control	bacterial	3000	55251
NZ_CP039266.1_frag_31_L3000	NZ_CP039266.1	negative_control	bacterial	3000	2023061
NZ_CP049230.1_frag_410_L3000	NZ_CP049230.1	negative_control	bacterial	3000	1318700
NZ_CP065631.1_frag_44_L3000	NZ_CP065631.1	negative_control	bacterial	3000	1447017
NZ_CP039266.1_frag_364_L3000	NZ_CP039266.1	negative_control	bacterial	3000	2023061
NZ_AFIJ01000035.1_frag_4_L3000	NZ_AFIJ01000035.1	negative_control	bacterial	3000	55251
NZ_CP011280.1_frag_75_L3000	NZ_CP011280.1	negative_control	bacterial	3000	1330224
NZ_CP011280.1_frag_440_L3000	NZ_CP011280.1	negative_control	bacterial	3000	1330224
NZ_AFIJ01000023.1_frag_2_L3000	NZ_AFIJ01000023.1	negative_control	bacterial	3000	71554
NZ_AFIJ01000028.1_frag_1_L3000	NZ_AFIJ01000028.1	negative_control	bacterial	3000	3598
NZ_CP049230.1_frag_233_L3000	NZ_CP049230.1	negative_control	bacterial	3000	1318700
NZ_CP039266.1_frag_238_L3000	NZ_CP039266.1	negative_control	bacterial	3000	2023061
NZ_CP039266.1_frag_576_L3000	NZ_CP039266.1	negative_control	bacterial	3000	2023061
NZ_CP011280.1_frag_150_L3000	NZ_CP011280.1	negative_control	bacterial	3000	1330224
NZ_AP012332.1_frag_112_L3000	NZ_AP012332.1	negative_control	bacterial	3000	1667406
NZ_CP011280.1_frag_323_L3000	NZ_CP011280.1	negative_control	bacterial	3000	1330224
NZ_AP012332.1_frag_107_L3000	NZ_AP012332.1	negative_control	bacterial	3000	1667406
NZ_AFIJ01000007.1_frag_7_L3000	NZ_AFIJ01000007.1	negative_control	bacterial	3000	148045
NZ_CP065631.1_frag_337_L3000	NZ_CP065631.1	negative_control	bacterial	3000	1447017
NZ_AFIJ01000007.1_frag_6_L3000	NZ_AFIJ01000007.1	negative_control	bacterial	3000	148045
NZ_CP039266.1_frag_367_L3000	NZ_CP039266.1	negative_control	bacterial	3000	2023061
NZ_AFIJ01000036.1_frag_3_L3000	NZ_AFIJ01000036.1	negative_control	bacterial	3000	38748
NZ_CP039266.1_frag_277_L3000	NZ_CP039266.1	negative_control	bacterial	3000	2023061
NZ_AP012332.1_frag_203_L3000	NZ_AP012332.1	negative_control	bacterial	3000	1667406
NZ_AP012332.1_frag_527_L3000	NZ_AP012332.1	negative_control	bacterial	3000	1667406
NZ_AP012332.1_frag_321_L3000	NZ_AP012332.1	negative_control	bacterial	3000	1667406
NZ_CP065631.1_frag_478_L3000	NZ_CP065631.1	negative_control	bacterial	3000	1447017
NZ_CP039266.1_frag_279_L3000	NZ_CP039266.1	negative_control	bacterial	3000	2023061
NZ_AP012332.1_frag_23_L3000	NZ_AP012332.1	negative_control	bacterial	3000	1667406
NZ_AP012332.1_frag_515_L3000	NZ_AP012332.1	negative_control	bacterial	3000	1667406
NZ_CP065631.1_frag_364_L3000	NZ_CP065631.1	negative_control	bacterial	3000	1447017
NZ_CP039266.1_frag_589_L3000	NZ_CP039266.1	negative_control	bacterial	3000	2023061
NZ_CP039266.1_frag_92_L3000	NZ_CP039266.1	negative_control	bacterial	3000	2023061
NZ_AP012332.1_frag_480_L3000	NZ_AP012332.1	negative_control	bacterial	3000	1667406
NZ_CP011280.1_frag_64_L3000	NZ_CP011280.1	negative_control	bacterial	3000	1330224
NZ_CP011280.1_frag_350_L3000	NZ_CP011280.1	negative_control	bacterial	3000	1330224
NZ_AP012332.1_frag_279_L3000	NZ_AP012332.1	negative_control	bacterial	3000	1667406
NZ_CP011280.1_frag_124_L3000	NZ_CP011280.1	negative_control	bacterial	3000	1330224
NZ_CP049230.1_frag_174_L3000	NZ_CP049230.1	negative_control	bacterial	3000	1318700
NZ_CP065631.1_frag_137_L3000	NZ_CP065631.1	negative_control	bacterial	3000	1447017
NZ_AP012332.1_frag_210_L3000	NZ_AP012332.1	negative_control	bacterial	3000	1667406
NZ_CP065631.1_frag_348_L3000	NZ_CP065631.1	negative_control	bacterial	3000	1447017
NZ_CP011280.1_frag_200_L3000	NZ_CP011280.1	negative_control	bacterial	3000	1330224
NZ_AFIJ01000026.1_frag_12_L3000	NZ_AFIJ01000026.1	negative_control	bacterial	3000	50184
NZ_AP012332.1_frag_291_L3000	NZ_AP012332.1	negative_control	bacterial	3000	1667406
NZ_AP012332.1_frag_185_L3000	NZ_AP012332.1	negative_control	bacterial	3000	1667406
NZ_CP065631.1_frag_303_L3000	NZ_CP065631.1	negative_control	bacterial	3000	1447017
NZ_CP049230.1_frag_391_L3000	NZ_CP049230.1	negative_control	bacterial	3000	1318700
NZ_AP012332.1_frag_526_L3000	NZ_AP012332.1	negative_control	bacterial	3000	1667406
NZ_AP012332.1_frag_327_L3000	NZ_AP012332.1	negative_control	bacterial	3000	1667406
NZ_CP039266.1_frag_326_L3000	NZ_CP039266.1	negative_control	bacterial	3000	2023061
NZ_CP049230.1_frag_1_L3000	NZ_CP049230.1	negative_control	bacterial	3000	1318700
NZ_CP065631.1_frag_267_L3000	NZ_CP065631.1	negative_control	bacterial	3000	1447017
NZ_CP049230.1_frag_284_L3000	NZ_CP049230.1	negative_control	bacterial	3000	1318700
NZ_CP049230.1_frag_222_L3000	NZ_CP049230.1	negative_control	bacterial	3000	1318700
NZ_CP065631.1_frag_235_L3000	NZ_CP065631.1	negative_control	bacterial	3000	1447017
NZ_AP012332.1_frag_484_L3000	NZ_AP012332.1	negative_control	bacterial	3000	1667406
NZ_CP039266.1_frag_557_L3000	NZ_CP039266.1	negative_control	bacterial	3000	2023061
NZ_AFIJ01000008.1_frag_23_L3000	NZ_AFIJ01000008.1	negative_control	bacterial	3000	149073
NZ_AFIJ01000045.1_frag_4_L3000	NZ_AFIJ01000045.1	negative_control	bacterial	3000	114466
NZ_AFIJ01000029.1_frag_28_L3000	NZ_AFIJ01000029.1	negative_control	bacterial	3000	104968
NZ_AFIJ01000039.1_frag_5_L3000	NZ_AFIJ01000039.1	negative_control	bacterial	3000	122540
NZ_CP065631.1_frag_416_L3000	NZ_CP065631.1	negative_control	bacterial	3000	1447017
NZ_AP012332.1_frag_313_L3000	NZ_AP012332.1	negative_control	bacterial	3000	1667406
NZ_CP039266.1_frag_385_L3000	NZ_CP039266.1	negative_control	bacterial	3000	2023061
NZ_AFIJ01000029.1_frag_27_L3000	NZ_AFIJ01000029.1	negative_control	bacterial	3000	104968
NZ_AP012332.1_frag_543_L3000	NZ_AP012332.1	negative_control	bacterial	3000	1667406
NZ_AFIJ01000007.1_frag_2_L3000	NZ_AFIJ01000007.1	negative_control	bacterial	3000	148045
NZ_CP049230.1_frag_62_L3000	NZ_CP049230.1	negative_control	bacterial	3000	1318700
NZ_AP012332.1_frag_293_L3000	NZ_AP012332.1	negative_control	bacterial	3000	1667406
NZ_CP011280.1_frag_325_L3000	NZ_CP011280.1	negative_control	bacterial	3000	1330224
NZ_CP065631.1_frag_430_L3000	NZ_CP065631.1	negative_control	bacterial	3000	1447017
NZ_CP039266.1_frag_641_L3000	NZ_CP039266.1	negative_control	bacterial	3000	2023061
NZ_CP049230.1_frag_119_L3000	NZ_CP049230.1	negative_control	bacterial	3000	1318700
NZ_CP065631.1_frag_263_L3000	NZ_CP065631.1	negative_control	bacterial	3000	1447017
NZ_CP039266.1_frag_581_L3000	NZ_CP039266.1	negative_control	bacterial	3000	2023061
NZ_CP039266.1_frag_128_L3000	NZ_CP039266.1	negative_control	bacterial	3000	2023061
NZ_CP039266.1_frag_548_L3000	NZ_CP039266.1	negative_control	bacterial	3000	2023061
NZ_AFIJ01000007.1_frag_12_L3000	NZ_AFIJ01000007.1	negative_control	bacterial	3000	148045
NZ_AFIJ01000045.1_frag_24_L3000	NZ_AFIJ01000045.1	negative_control	bacterial	3000	114466
NZ_AP012332.1_frag_344_L3000	NZ_AP012332.1	negative_control	bacterial	3000	1667406
NZ_CP065631.1_frag_144_L3000	NZ_CP065631.1	negative_control	bacterial	3000	1447017
NZ_CP039266.1_frag_426_L3000	NZ_CP039266.1	negative_control	bacterial	3000	2023061
NZ_CP011280.1_frag_52_L3000	NZ_CP011280.1	negative_control	bacterial	3000	1330224
NZ_AFIJ01000003.1_frag_3_L3000	NZ_AFIJ01000003.1	negative_control	bacterial	3000	19318
NZ_CP065631.1_frag_287_L3000	NZ_CP065631.1	negative_control	bacterial	3000	1447017
NZ_CP039266.1_frag_250_L3000	NZ_CP039266.1	negative_control	bacterial	3000	2023061
NZ_CP039266.1_frag_344_L3000	NZ_CP039266.1	negative_control	bacterial	3000	2023061
NZ_CP011280.1_frag_90_L3000	NZ_CP011280.1	negative_control	bacterial	3000	1330224
NZ_CP049230.1_frag_275_L3000	NZ_CP049230.1	negative_control	bacterial	3000	1318700
NZ_AP012332.1_frag_159_L3000	NZ_AP012332.1	negative_control	bacterial	3000	1667406
NZ_CP039266.1_frag_390_L3000	NZ_CP039266.1	negative_control	bacterial	3000	2023061
NZ_CP039266.1_frag_48_L3000	NZ_CP039266.1	negative_control	bacterial	3000	2023061
NZ_AFIJ01000045.1_frag_13_L3000	NZ_AFIJ01000045.1	negative_control	bacterial	3000	114466
NZ_CP039266.1_frag_379_L3000	NZ_CP039266.1	negative_control	bacterial	3000	2023061
NZ_AP012332.1_frag_437_L3000	NZ_AP012332.1	negative_control	bacterial	3000	1667406
NZ_CP011280.1_frag_158_L3000	NZ_CP011280.1	negative_control	bacterial	3000	1330224
NZ_CP011280.1_frag_175_L3000	NZ_CP011280.1	negative_control	bacterial	3000	1330224
NZ_CP049230.1_frag_190_L3000	NZ_CP049230.1	negative_control	bacterial	3000	1318700
NZ_CP065631.1_frag_393_L3000	NZ_CP065631.1	negative_control	bacterial	3000	1447017
NZ_CP049230.1_frag_90_L3000	NZ_CP049230.1	negative_control	bacterial	3000	1318700
NZ_CP065631.1_frag_231_L3000	NZ_CP065631.1	negative_control	bacterial	3000	1447017
NZ_AFIJ01000039.1_frag_15_L3000	NZ_AFIJ01000039.1	negative_control	bacterial	3000	122540
NZ_CP039266.1_frag_575_L3000	NZ_CP039266.1	negative_control	bacterial	3000	2023061
NZ_CP065631.1_frag_365_L3000	NZ_CP065631.1	negative_control	bacterial	3000	1447017
NZ_CP011280.1_frag_152_L3000	NZ_CP011280.1	negative_control	bacterial	3000	1330224
NZ_CP011280.1_frag_168_L3000	NZ_CP011280.1	negative_control	bacterial	3000	1330224
NZ_AP012332.1_frag_410_L3000	NZ_AP012332.1	negative_control	bacterial	3000	1667406
NZ_CP049230.1_frag_355_L3000	NZ_CP049230.1	negative_control	bacterial	3000	1318700
NZ_CP065631.1_frag_136_L3000	NZ_CP065631.1	negative_control	bacterial	3000	1447017
NZ_CP049230.1_frag_12_L3000	NZ_CP049230.1	negative_control	bacterial	3000	1318700
NZ_AFIJ01000039.1_frag_28_L3000	NZ_AFIJ01000039.1	negative_control	bacterial	3000	122540
NZ_AP012332.1_frag_355_L3000	NZ_AP012332.1	negative_control	bacterial	3000	1667406
NZ_AFIJ01000023.1_frag_5_L3000	NZ_AFIJ01000023.1	negative_control	bacterial	3000	71554
NZ_AP012332.1_frag_19_L3000	NZ_AP012332.1	negative_control	bacterial	3000	1667406
NZ_AFIJ01000020.1_frag_22_L3000	NZ_AFIJ01000020.1	negative_control	bacterial	3000	80676
NZ_CP065631.1_frag_34_L3000	NZ_CP065631.1	negative_control	bacterial	3000	1447017
NZ_CP011280.1_frag_419_L3000	NZ_CP011280.1	negative_control	bacterial	3000	1330224
NZ_AP012332.1_frag_132_L3000	NZ_AP012332.1	negative_control	bacterial	3000	1667406
NZ_CP039266.1_frag_358_L3000	NZ_CP039266.1	negative_control	bacterial	3000	2023061
NZ_CP049230.1_frag_372_L3000	NZ_CP049230.1	negative_control	bacterial	3000	1318700
NZ_CP039266.1_frag_83_L3000	NZ_CP039266.1	negative_control	bacterial	3000	2023061
NZ_CP039266.1_frag_179_L3000	NZ_CP039266.1	negative_control	bacterial	3000	2023061
NZ_CP039266.1_frag_472_L3000	NZ_CP039266.1	negative_control	bacterial	3000	2023061
NZ_AFIJ01000038.1_frag_30_L3000	NZ_AFIJ01000038.1	negative_control	bacterial	3000	96055
NZ_AP012332.1_frag_100_L3000	NZ_AP012332.1	negative_control	bacterial	3000	1667406
NZ_CP011280.1_frag_89_L3000	NZ_CP011280.1	negative_control	bacterial	3000	1330224
NZ_AP012332.1_frag_190_L3000	NZ_AP012332.1	negative_control	bacterial	3000	1667406
NZ_AP012332.1_frag_517_L3000	NZ_AP012332.1	negative_control	bacterial	3000	1667406
NZ_AP012332.1_frag_421_L3000	NZ_AP012332.1	negative_control	bacterial	3000	1667406
NZ_CP011280.1_frag_122_L3000	NZ_CP011280.1	negative_control	bacterial	3000	1330224
NZ_AP012332.1_frag_170_L3000	NZ_AP012332.1	negative_control	bacterial	3000	1667406
NZ_AP012332.1_frag_130_L3000	NZ_AP012332.1	negative_control	bacterial	3000	1667406
NZ_AFIJ01000044.1_frag_1_L3000	NZ_AFIJ01000044.1	negative_control	bacterial	3000	23508
NZ_CP049230.1_frag_217_L3000	NZ_CP049230.1	negative_control	bacterial	3000	1318700
NZ_AP012332.1_frag_215_L3000	NZ_AP012332.1	negative_control	bacterial	3000	1667406
NZ_CP065631.1_frag_474_L3000	NZ_CP065631.1	negative_control	bacterial	3000	1447017
NZ_CP011280.1_frag_155_L3000	NZ_CP011280.1	negative_control	bacterial	3000	1330224
NZ_CP065631.1_frag_169_L3000	NZ_CP065631.1	negative_control	bacterial	3000	1447017
NZ_CP039266.1_frag_208_L3000	NZ_CP039266.1	negative_control	bacterial	3000	2023061
NZ_CP039266.1_frag_500_L3000	NZ_CP039266.1	negative_control	bacterial	3000	2023061
NZ_AFIJ01000020.1_frag_9_L3000	NZ_AFIJ01000020.1	negative_control	bacterial	3000	80676
NZ_CP011280.1_frag_50_L3000	NZ_CP011280.1	negative_control	bacterial	3000	1330224
NZ_AFIJ01000039.1_frag_19_L3000	NZ_AFIJ01000039.1	negative_control	bacterial	3000	122540
NZ_CP065631.1_frag_300_L3000	NZ_CP065631.1	negative_control	bacterial	3000	1447017
NZ_CP011280.1_frag_244_L3000	NZ_CP011280.1	negative_control	bacterial	3000	1330224
NZ_AP012332.1_frag_316_L3000	NZ_AP012332.1	negative_control	bacterial	3000	1667406
NZ_AP012332.1_frag_127_L3000	NZ_AP012332.1	negative_control	bacterial	3000	1667406
NZ_AFIJ01000018.1_frag_14_L3000	NZ_AFIJ01000018.1	negative_control	bacterial	3000	43361
NZ_AP012332.1_frag_202_L3000	NZ_AP012332.1	negative_control	bacterial	3000	1667406
NZ_AP012332.1_frag_273_L3000	NZ_AP012332.1	negative_control	bacterial	3000	1667406
NZ_CP065631.1_frag_308_L3000	NZ_CP065631.1	negative_control	bacterial	3000	1447017
NZ_AFIJ01000008.1_frag_10_L3000	NZ_AFIJ01000008.1	negative_control	bacterial	3000	149073
NZ_CP039266.1_frag_267_L3000	NZ_CP039266.1	negative_control	bacterial	3000	2023061
NZ_AFIJ01000029.1_frag_25_L3000	NZ_AFIJ01000029.1	negative_control	bacterial	3000	104968
NZ_CP039266.1_frag_80_L3000	NZ_CP039266.1	negative_control	bacterial	3000	2023061
NZ_CP039266.1_frag_17_L3000	NZ_CP039266.1	negative_control	bacterial	3000	2023061
NZ_CP049230.1_frag_184_L3000	NZ_CP049230.1	negative_control	bacterial	3000	1318700
NZ_AP012332.1_frag_477_L3000	NZ_AP012332.1	negative_control	bacterial	3000	1667406
NZ_CP065631.1_frag_293_L3000	NZ_CP065631.1	negative_control	bacterial	3000	1447017
NZ_AP012332.1_frag_486_L3000	NZ_AP012332.1	negative_control	bacterial	3000	1667406
NZ_AFIJ01000039.1_frag_20_L3000	NZ_AFIJ01000039.1	negative_control	bacterial	3000	122540
NZ_CP011280.1_frag_32_L3000	NZ_CP011280.1	negative_control	bacterial	3000	1330224
NZ_CP039266.1_frag_174_L3000	NZ_CP039266.1	negative_control	bacterial	3000	2023061
NZ_CP065631.1_frag_433_L3000	NZ_CP065631.1	negative_control	bacterial	3000	1447017
NZ_AP012332.1_frag_50_L3000	NZ_AP012332.1	negative_control	bacterial	3000	1667406
NZ_AFIJ01000004.1_frag_1_L3000	NZ_AFIJ01000004.1	negative_control	bacterial	3000	100595
NZ_CP049230.1_frag_340_L3000	NZ_CP049230.1	negative_control	bacterial	3000	1318700
NZ_CP039266.1_frag_419_L3000	NZ_CP039266.1	negative_control	bacterial	3000	2023061
NZ_CP011280.1_frag_95_L3000	NZ_CP011280.1	negative_control	bacterial	3000	1330224
NZ_AFIJ01000007.1_frag_20_L3000	NZ_AFIJ01000007.1	negative_control	bacterial	3000	148045
NZ_CP039266.1_frag_468_L3000	NZ_CP039266.1	negative_control	bacterial	3000	2023061
NZ_CP039266.1_frag_81_L3000	NZ_CP039266.1	negative_control	bacterial	3000	2023061
NZ_AFIJ01000011.1_frag_6_L3000	NZ_AFIJ01000011.1	negative_control	bacterial	3000	37253
NZ_CP065631.1_frag_30_L3000	NZ_CP065631.1	negative_control	bacterial	3000	1447017
NZ_CP065631.1_frag_439_L3000	NZ_CP065631.1	negative_control	bacterial	3000	1447017
NZ_CP049230.1_frag_195_L3000	NZ_CP049230.1	negative_control	bacterial	3000	1318700
NZ_CP039266.1_frag_70_L3000	NZ_CP039266.1	negative_control	bacterial	3000	2023061
NZ_CP065631.1_frag_175_L3000	NZ_CP065631.1	negative_control	bacterial	3000	1447017
NZ_AFIJ01000032.1_frag_16_L3000	NZ_AFIJ01000032.1	negative_control	bacterial	3000	123176
NZ_CP049230.1_frag_83_L3000	NZ_CP049230.1	negative_control	bacterial	3000	1318700
NZ_AP012332.1_frag_69_L3000	NZ_AP012332.1	negative_control	bacterial	3000	1667406
NZ_CP039266.1_frag_402_L3000	NZ_CP039266.1	negative_control	bacterial	3000	2023061
NZ_AP012332.1_frag_21_L3000	NZ_AP012332.1	negative_control	bacterial	3000	1667406
NZ_CP049230.1_frag_298_L3000	NZ_CP049230.1	negative_control	bacterial	3000	1318700
NZ_AFIJ01000020.1_frag_19_L3000	NZ_AFIJ01000020.1	negative_control	bacterial	3000	80676
NZ_AFIJ01000008.1_frag_16_L3000	NZ_AFIJ01000008.1	negative_control	bacterial	3000	149073
NZ_CP011280.1_frag_172_L3000	NZ_CP011280.1	negative_control	bacterial	3000	1330224
NZ_CP039266.1_frag_222_L3000	NZ_CP039266.1	negative_control	bacterial	3000	2023061
NZ_CP049230.1_frag_159_L3000	NZ_CP049230.1	negative_control	bacterial	3000	1318700
NZ_CP039266.1_frag_511_L3000	NZ_CP039266.1	negative_control	bacterial	3000	2023061
NZ_CP011280.1_frag_111_L3000	NZ_CP011280.1	negative_control	bacterial	3000	1330224
NZ_CP011280.1_frag_146_L3000	NZ_CP011280.1	negative_control	bacterial	3000	1330224
NZ_CP039267.1_frag_4_L3000	NZ_CP039267.1	negative_control	bacterial	3000	16343
NZ_CP049230.1_frag_408_L3000	NZ_CP049230.1	negative_control	bacterial	3000	1318700
NZ_CP065631.1_frag_182_L3000	NZ_CP065631.1	negative_control	bacterial	3000	1447017
NZ_CP039266.1_frag_446_L3000	NZ_CP039266.1	negative_control	bacterial	3000	2023061
NZ_AP012332.1_frag_418_L3000	NZ_AP012332.1	negative_control	bacterial	3000	1667406
NZ_AFIJ01000025.1_frag_2_L3000	NZ_AFIJ01000025.1	negative_control	bacterial	3000	12101
NZ_AFIJ01000008.1_frag_47_L3000	NZ_AFIJ01000008.1	negative_control	bacterial	3000	149073
NZ_CP065631.1_frag_411_L3000	NZ_CP065631.1	negative_control	bacterial	3000	1447017
NZ_AFIJ01000039.1_frag_30_L3000	NZ_AFIJ01000039.1	negative_control	bacterial	3000	122540
NZ_CP011280.1_frag_416_L3000	NZ_CP011280.1	negative_control	bacterial	3000	1330224
NZ_CP049230.1_frag_412_L3000	NZ_CP049230.1	negative_control	bacterial	3000	1318700
NZ_CP065631.1_frag_316_L3000	NZ_CP065631.1	negative_control	bacterial	3000	1447017
NZ_CP065631.1_frag_407_L3000	NZ_CP065631.1	negative_control	bacterial	3000	1447017
NZ_AFIJ01000029.1_frag_23_L3000	NZ_AFIJ01000029.1	negative_control	bacterial	3000	104968
NZ_AFIJ01000045.1_frag_9_L3000	NZ_AFIJ01000045.1	negative_control	bacterial	3000	114466
NZ_CP049230.1_frag_436_L3000	NZ_CP049230.1	negative_control	bacterial	3000	1318700
NZ_CP049230.1_frag_437_L3000	NZ_CP049230.1	negative_control	bacterial	3000	1318700
NZ_CP065631.1_frag_36_L3000	NZ_CP065631.1	negative_control	bacterial	3000	1447017
NZ_AP012332.1_frag_250_L3000	NZ_AP012332.1	negative_control	bacterial	3000	1667406
NZ_CP039266.1_frag_630_L3000	NZ_CP039266.1	negative_control	bacterial	3000	2023061
NZ_CP039266.1_frag_154_L3000	NZ_CP039266.1	negative_control	bacterial	3000	2023061
NZ_CP039266.1_frag_657_L3000	NZ_CP039266.1	negative_control	bacterial	3000	2023061
NZ_CP065631.1_frag_63_L3000	NZ_CP065631.1	negative_control	bacterial	3000	1447017
NZ_AFIJ01000032.1_frag_38_L3000	NZ_AFIJ01000032.1	negative_control	bacterial	3000	123176
NZ_CP039266.1_frag_513_L3000	NZ_CP039266.1	negative_control	bacterial	3000	2023061
NZ_AP012332.1_frag_382_L3000	NZ_AP012332.1	negative_control	bacterial	3000	1667406
NZ_CP039266.1_frag_4_L3000	NZ_CP039266.1	negative_control	bacterial	3000	2023061
NZ_CP065631.1_frag_369_L3000	NZ_CP065631.1	negative_control	bacterial	3000	1447017
NZ_CP049230.1_frag_43_L3000	NZ_CP049230.1	negative_control	bacterial	3000	1318700
NZ_CP039266.1_frag_182_L3000	NZ_CP039266.1	negative_control	bacterial	3000	2023061
NZ_CP049230.1_frag_197_L3000	NZ_CP049230.1	negative_control	bacterial	3000	1318700
NZ_AP012332.1_frag_341_L3000	NZ_AP012332.1	negative_control	bacterial	3000	1667406
NZ_CP039266.1_frag_233_L3000	NZ_CP039266.1	negative_control	bacterial	3000	2023061
NZ_CP011280.1_frag_133_L3000	NZ_CP011280.1	negative_control	bacterial	3000	1330224
NZ_CP065631.1_frag_354_L3000	NZ_CP065631.1	negative_control	bacterial	3000	1447017
NZ_CP065631.1_frag_145_L3000	NZ_CP065631.1	negative_control	bacterial	3000	1447017
NZ_CP011280.1_frag_62_L3000	NZ_CP011280.1	negative_control	bacterial	3000	1330224
NZ_CP049230.1_frag_210_L3000	NZ_CP049230.1	negative_control	bacterial	3000	1318700
NZ_CP039267.1_frag_3_L3000	NZ_CP039267.1	negative_control	bacterial	3000	16343
NZ_CP011280.1_frag_129_L3000	NZ_CP011280.1	negative_control	bacterial	3000	1330224
NZ_CP049230.1_frag_359_L3000	NZ_CP049230.1	negative_control	bacterial	3000	1318700
NZ_CP039266.1_frag_505_L3000	NZ_CP039266.1	negative_control	bacterial	3000	2023061
NZ_CP039266.1_frag_336_L3000	NZ_CP039266.1	negative_control	bacterial	3000	2023061
NZ_CP049230.1_frag_385_L3000	NZ_CP049230.1	negative_control	bacterial	3000	1318700
NZ_CP039266.1_frag_186_L3000	NZ_CP039266.1	negative_control	bacterial	3000	2023061
NZ_AFIJ01000020.1_frag_26_L3000	NZ_AFIJ01000020.1	negative_control	bacterial	3000	80676
NZ_CP011280.1_frag_36_L3000	NZ_CP011280.1	negative_control	bacterial	3000	1330224
NZ_AFIJ01000029.1_frag_20_L3000	NZ_AFIJ01000029.1	negative_control	bacterial	3000	104968
NZ_AFIJ01000045.1_frag_32_L3000	NZ_AFIJ01000045.1	negative_control	bacterial	3000	114466
NZ_CP049230.1_frag_366_L3000	NZ_CP049230.1	negative_control	bacterial	3000	1318700
NZ_AP012332.1_frag_179_L3000	NZ_AP012332.1	negative_control	bacterial	3000	1667406
NZ_AP012332.1_frag_85_L3000	NZ_AP012332.1	negative_control	bacterial	3000	1667406
NZ_AFIJ01000032.1_frag_36_L3000	NZ_AFIJ01000032.1	negative_control	bacterial	3000	123176
NZ_AFIJ01000007.1_frag_1_L3000	NZ_AFIJ01000007.1	negative_control	bacterial	3000	148045
NZ_CP065631.1_frag_403_L3000	NZ_CP065631.1	negative_control	bacterial	3000	1447017
NZ_CP065631.1_frag_317_L3000	NZ_CP065631.1	negative_control	bacterial	3000	1447017
NZ_CP065631.1_frag_174_L3000	NZ_CP065631.1	negative_control	bacterial	3000	1447017
NZ_CP011280.1_frag_128_L3000	NZ_CP011280.1	negative_control	bacterial	3000	1330224
NZ_CP011280.1_frag_31_L3000	NZ_CP011280.1	negative_control	bacterial	3000	1330224
NZ_AFIJ01000023.1_frag_16_L3000	NZ_AFIJ01000023.1	negative_control	bacterial	3000	71554
NZ_CP049230.1_frag_224_L3000	NZ_CP049230.1	negative_control	bacterial	3000	1318700
NZ_CP011280.1_frag_56_L3000	NZ_CP011280.1	negative_control	bacterial	3000	1330224
NZ_AP012332.1_frag_208_L3000	NZ_AP012332.1	negative_control	bacterial	3000	1667406
NZ_CP039266.1_frag_305_L3000	NZ_CP039266.1	negative_control	bacterial	3000	2023061
NZ_AFIJ01000014.1_frag_3_L3000	NZ_AFIJ01000014.1	negative_control	bacterial	3000	11574
NZ_AFIJ01000035.1_frag_17_L3000	NZ_AFIJ01000035.1	negative_control	bacterial	3000	55251
NZ_CP049230.1_frag_390_L3000	NZ_CP049230.1	negative_control	bacterial	3000	1318700
NZ_CP065631.1_frag_84_L3000	NZ_CP065631.1	negative_control	bacterial	3000	1447017
NZ_CP039266.1_frag_663_L3000	NZ_CP039266.1	negative_control	bacterial	3000	2023061
NZ_AP012332.1_frag_140_L3000	NZ_AP012332.1	negative_control	bacterial	3000	1667406
NZ_CP039266.1_frag_73_L3000	NZ_CP039266.1	negative_control	bacterial	3000	2023061
NZ_AFIJ01000038.1_frag_19_L3000	NZ_AFIJ01000038.1	negative_control	bacterial	3000	96055
NZ_AFIJ01000026.1_frag_13_L3000	NZ_AFIJ01000026.1	negative_control	bacterial	3000	50184
NZ_CP039266.1_frag_148_L3000	NZ_CP039266.1	negative_control	bacterial	3000	2023061
NZ_CP039266.1_frag_243_L3000	NZ_CP039266.1	negative_control	bacterial	3000	2023061
NZ_AP012332.1_frag_416_L3000	NZ_AP012332.1	negative_control	bacterial	3000	1667406
NZ_AP012332.1_frag_541_L3000	NZ_AP012332.1	negative_control	bacterial	3000	1667406
NZ_AFIJ01000029.1_frag_2_L3000	NZ_AFIJ01000029.1	negative_control	bacterial	3000	104968
NZ_CP011280.1_frag_261_L3000	NZ_CP011280.1	negative_control	bacterial	3000	1330224
NZ_AFIJ01000038.1_frag_26_L3000	NZ_AFIJ01000038.1	negative_control	bacterial	3000	96055
NZ_AFIJ01000032.1_frag_3_L3000	NZ_AFIJ01000032.1	negative_control	bacterial	3000	123176
NZ_CP011280.1_frag_349_L3000	NZ_CP011280.1	negative_control	bacterial	3000	1330224
NZ_CP011280.1_frag_278_L3000	NZ_CP011280.1	negative_control	bacterial	3000	1330224
NZ_CP039266.1_frag_349_L3000	NZ_CP039266.1	negative_control	bacterial	3000	2023061
NZ_CP049230.1_frag_110_L3000	NZ_CP049230.1	negative_control	bacterial	3000	1318700
NZ_AP012332.1_frag_253_L3000	NZ_AP012332.1	negative_control	bacterial	3000	1667406
NZ_AP012332.1_frag_246_L3000	NZ_AP012332.1	negative_control	bacterial	3000	1667406
NZ_CP049230.1_frag_81_L3000	NZ_CP049230.1	negative_control	bacterial	3000	1318700
NZ_CP039266.1_frag_297_L3000	NZ_CP039266.1	negative_control	bacterial	3000	2023061
NZ_CP039266.1_frag_662_L3000	NZ_CP039266.1	negative_control	bacterial	3000	2023061
NZ_CP065631.1_frag_268_L3000	NZ_CP065631.1	negative_control	bacterial	3000	1447017
NZ_AP012332.1_frag_295_L3000	NZ_AP012332.1	negative_control	bacterial	3000	1667406
NZ_CP011280.1_frag_204_L3000	NZ_CP011280.1	negative_control	bacterial	3000	1330224
NZ_CP049230.1_frag_360_L3000	NZ_CP049230.1	negative_control	bacterial	3000	1318700
NZ_CP011280.1_frag_156_L3000	NZ_CP011280.1	negative_control	bacterial	3000	1330224
NZ_CP065631.1_frag_89_L3000	NZ_CP065631.1	negative_control	bacterial	3000	1447017
NZ_AP012332.1_frag_493_L3000	NZ_AP012332.1	negative_control	bacterial	3000	1667406
NZ_AP012332.1_frag_406_L3000	NZ_AP012332.1	negative_control	bacterial	3000	1667406
NZ_AP012332.1_frag_125_L3000	NZ_AP012332.1	negative_control	bacterial	3000	1667406
NZ_AFIJ01000033.1_frag_14_L3000	NZ_AFIJ01000033.1	negative_control	bacterial	3000	81962
NZ_CP049230.1_frag_236_L3000	NZ_CP049230.1	negative_control	bacterial	3000	1318700
NZ_AP012332.1_frag_195_L3000	NZ_AP012332.1	negative_control	bacterial	3000	1667406
NZ_CP039266.1_frag_334_L3000	NZ_CP039266.1	negative_control	bacterial	3000	2023061
NZ_CP039266.1_frag_351_L3000	NZ_CP039266.1	negative_control	bacterial	3000	2023061
NZ_AP012332.1_frag_463_L3000	NZ_AP012332.1	negative_control	bacterial	3000	1667406
NZ_CP011280.1_frag_435_L3000	NZ_CP011280.1	negative_control	bacterial	3000	1330224
NZ_AFIJ01000032.1_frag_26_L3000	NZ_AFIJ01000032.1	negative_control	bacterial	3000	123176
NZ_CP011280.1_frag_409_L3000	NZ_CP011280.1	negative_control	bacterial	3000	1330224
NZ_CP039266.1_frag_59_L3000	NZ_CP039266.1	negative_control	bacterial	3000	2023061
NZ_AP012332.1_frag_434_L3000	NZ_AP012332.1	negative_control	bacterial	3000	1667406
NZ_CP049230.1_frag_180_L3000	NZ_CP049230.1	negative_control	bacterial	3000	1318700
NZ_CP065631.1_frag_59_L3000	NZ_CP065631.1	negative_control	bacterial	3000	1447017
NZ_CP039266.1_frag_417_L3000	NZ_CP039266.1	negative_control	bacterial	3000	2023061
NZ_CP011280.1_frag_439_L3000	NZ_CP011280.1	negative_control	bacterial	3000	1330224
NZ_AFIJ01000006.1_frag_3_L3000	NZ_AFIJ01000006.1	negative_control	bacterial	3000	35744
NZ_AFIJ01000007.1_frag_36_L3000	NZ_AFIJ01000007.1	negative_control	bacterial	3000	148045
NZ_AFIJ01000023.1_frag_21_L3000	NZ_AFIJ01000023.1	negative_control	bacterial	3000	71554
NZ_CP049230.1_frag_337_L3000	NZ_CP049230.1	negative_control	bacterial	3000	1318700
NZ_CP011280.1_frag_4_L3000	NZ_CP011280.1	negative_control	bacterial	3000	1330224
NZ_CP065631.1_frag_482_L3000	NZ_CP065631.1	negative_control	bacterial	3000	1447017
NZ_CP065631.1_frag_382_L3000	NZ_CP065631.1	negative_control	bacterial	3000	1447017
NZ_AFIJ01000008.1_frag_2_L3000	NZ_AFIJ01000008.1	negative_control	bacterial	3000	149073
NZ_AP012332.1_frag_523_L3000	NZ_AP012332.1	negative_control	bacterial	3000	1667406
NZ_AP012332.1_frag_395_L3000	NZ_AP012332.1	negative_control	bacterial	3000	1667406
NZ_CP065631.1_frag_262_L3000	NZ_CP065631.1	negative_control	bacterial	3000	1447017
NZ_CP049230.1_frag_154_L3000	NZ_CP049230.1	negative_control	bacterial	3000	1318700
NZ_CP049230.1_frag_370_L3000	NZ_CP049230.1	negative_control	bacterial	3000	1318700
NZ_AP012332.1_frag_31_L3000	NZ_AP012332.1	negative_control	bacterial	3000	1667406
NZ_CP049230.1_frag_264_L3000	NZ_CP049230.1	negative_control	bacterial	3000	1318700
NZ_CP065631.1_frag_160_L3000	NZ_CP065631.1	negative_control	bacterial	3000	1447017
NZ_AP012332.1_frag_6_L3000	NZ_AP012332.1	negative_control	bacterial	3000	1667406
NZ_CP065631.1_frag_106_L3000	NZ_CP065631.1	negative_control	bacterial	3000	1447017
NZ_CP011280.1_frag_195_L3000	NZ_CP011280.1	negative_control	bacterial	3000	1330224
NZ_AP012332.1_frag_13_L3000	NZ_AP012332.1	negative_control	bacterial	3000	1667406
NZ_CP039266.1_frag_497_L3000	NZ_CP039266.1	negative_control	bacterial	3000	2023061
NZ_CP049230.1_frag_419_L3000	NZ_CP049230.1	negative_control	bacterial	3000	1318700
NZ_CP049230.1_frag_130_L3000	NZ_CP049230.1	negative_control	bacterial	3000	1318700
NZ_CP011280.1_frag_189_L3000	NZ_CP011280.1	negative_control	bacterial	3000	1330224
NZ_AP012332.1_frag_270_L3000	NZ_AP012332.1	negative_control	bacterial	3000	1667406
NZ_CP065631.1_frag_219_L3000	NZ_CP065631.1	negative_control	bacterial	3000	1447017
NZ_AFIJ01000026.1_frag_7_L3000	NZ_AFIJ01000026.1	negative_control	bacterial	3000	50184
NZ_CP049230.1_frag_97_L3000	NZ_CP049230.1	negative_control	bacterial	3000	1318700
NZ_AFIJ01000032.1_frag_37_L3000	NZ_AFIJ01000032.1	negative_control	bacterial	3000	123176
NZ_CP065631.1_frag_195_L3000	NZ_CP065631.1	negative_control	bacterial	3000	1447017
NZ_AFIJ01000029.1_frag_5_L3000	NZ_AFIJ01000029.1	negative_control	bacterial	3000	104968
NZ_CP011280.1_frag_143_L3000	NZ_CP011280.1	negative_control	bacterial	3000	1330224
NZ_AP012332.1_frag_171_L3000	NZ_AP012332.1	negative_control	bacterial	3000	1667406
NZ_AP012332.1_frag_363_L3000	NZ_AP012332.1	negative_control	bacterial	3000	1667406
NZ_AP012332.1_frag_547_L3000	NZ_AP012332.1	negative_control	bacterial	3000	1667406
NZ_CP011280.1_frag_94_L3000	NZ_CP011280.1	negative_control	bacterial	3000	1330224
NZ_CP065631.1_frag_381_L3000	NZ_CP065631.1	negative_control	bacterial	3000	1447017
NZ_AP012332.1_frag_478_L3000	NZ_AP012332.1	negative_control	bacterial	3000	1667406
NZ_CP065631.1_frag_284_L3000	NZ_CP065631.1	negative_control	bacterial	3000	1447017
NZ_AP012332.1_frag_242_L3000	NZ_AP012332.1	negative_control	bacterial	3000	1667406
NZ_CP039266.1_frag_405_L3000	NZ_CP039266.1	negative_control	bacterial	3000	2023061
NZ_AFIJ01000004.1_frag_3_L3000	NZ_AFIJ01000004.1	negative_control	bacterial	3000	100595
NZ_AP012332.1_frag_304_L3000	NZ_AP012332.1	negative_control	bacterial	3000	1667406
NZ_CP049230.1_frag_295_L3000	NZ_CP049230.1	negative_control	bacterial	3000	1318700
NZ_AP012332.1_frag_155_L3000	NZ_AP012332.1	negative_control	bacterial	3000	1667406
NZ_CP039266.1_frag_530_L3000	NZ_CP039266.1	negative_control	bacterial	3000	2023061
NZ_AP012332.1_frag_20_L3000	NZ_AP012332.1	negative_control	bacterial	3000	1667406
NZ_CP039266.1_frag_371_L3000	NZ_CP039266.1	negative_control	bacterial	3000	2023061
NZ_CP039266.1_frag_140_L3000	NZ_CP039266.1	negative_control	bacterial	3000	2023061
NZ_CP039266.1_frag_628_L3000	NZ_CP039266.1	negative_control	bacterial	3000	2023061
NZ_CP039266.1_frag_116_L3000	NZ_CP039266.1	negative_control	bacterial	3000	2023061
NZ_AP012332.1_frag_243_L3000	NZ_AP012332.1	negative_control	bacterial	3000	1667406
NZ_CP065631.1_frag_86_L3000	NZ_CP065631.1	negative_control	bacterial	3000	1447017
NZ_CP011280.1_frag_367_L3000	NZ_CP011280.1	negative_control	bacterial	3000	1330224
NZ_AP012332.1_frag_194_L3000	NZ_AP012332.1	negative_control	bacterial	3000	1667406
NZ_CP011280.1_frag_176_L3000	NZ_CP011280.1	negative_control	bacterial	3000	1330224
NZ_CP049230.1_frag_416_L3000	NZ_CP049230.1	negative_control	bacterial	3000	1318700
NZ_AFIJ01000005.1_frag_1_L3000	NZ_AFIJ01000005.1	negative_control	bacterial	3000	10272
NZ_AFIJ01000011.1_frag_2_L3000	NZ_AFIJ01000011.1	negative_control	bacterial	3000	37253
NZ_AP012332.1_frag_390_L3000	NZ_AP012332.1	negative_control	bacterial	3000	1667406
NZ_AP012332.1_frag_404_L3000	NZ_AP012332.1	negative_control	bacterial	3000	1667406
NZ_CP065631.1_frag_451_L3000	NZ_CP065631.1	negative_control	bacterial	3000	1447017
NZ_CP065631.1_frag_434_L3000	NZ_CP065631.1	negative_control	bacterial	3000	1447017
NZ_CP065631.1_frag_243_L3000	NZ_CP065631.1	negative_control	bacterial	3000	1447017
NZ_CP039266.1_frag_10_L3000	NZ_CP039266.1	negative_control	bacterial	3000	2023061
NZ_AP012332.1_frag_245_L3000	NZ_AP012332.1	negative_control	bacterial	3000	1667406
NZ_CP049230.1_frag_395_L3000	NZ_CP049230.1	negative_control	bacterial	3000	1318700
NZ_CP065631.1_frag_302_L3000	NZ_CP065631.1	negative_control	bacterial	3000	1447017
NZ_CP011280.1_frag_142_L3000	NZ_CP011280.1	negative_control	bacterial	3000	1330224
NZ_AP012332.1_frag_169_L3000	NZ_AP012332.1	negative_control	bacterial	3000	1667406
NZ_CP065631.1_frag_297_L3000	NZ_CP065631.1	negative_control	bacterial	3000	1447017
NZ_CP011280.1_frag_387_L3000	NZ_CP011280.1	negative_control	bacterial	3000	1330224
NZ_CP065631.1_frag_401_L3000	NZ_CP065631.1	negative_control	bacterial	3000	1447017
NZ_CP039266.1_frag_163_L3000	NZ_CP039266.1	negative_control	bacterial	3000	2023061
NZ_CP011280.1_frag_307_L3000	NZ_CP011280.1	negative_control	bacterial	3000	1330224
NZ_AFIJ01000035.1_frag_14_L3000	NZ_AFIJ01000035.1	negative_control	bacterial	3000	55251
NZ_AP012332.1_frag_258_L3000	NZ_AP012332.1	negative_control	bacterial	3000	1667406
NZ_AFIJ01000029.1_frag_8_L3000	NZ_AFIJ01000029.1	negative_control	bacterial	3000	104968
NZ_AP012332.1_frag_254_L3000	NZ_AP012332.1	negative_control	bacterial	3000	1667406
NZ_CP039266.1_frag_252_L3000	NZ_CP039266.1	negative_control	bacterial	3000	2023061
NZ_CP039266.1_frag_58_L3000	NZ_CP039266.1	negative_control	bacterial	3000	2023061
NZ_CP049230.1_frag_291_L3000	NZ_CP049230.1	negative_control	bacterial	3000	1318700
NZ_AP012332.1_frag_353_L3000	NZ_AP012332.1	negative_control	bacterial	3000	1667406
NZ_CP049230.1_frag_309_L3000	NZ_CP049230.1	negative_control	bacterial	3000	1318700
NZ_AFIJ01000036.1_frag_9_L3000	NZ_AFIJ01000036.1	negative_control	bacterial	3000	38748
NZ_CP039266.1_frag_418_L3000	NZ_CP039266.1	negative_control	bacterial	3000	2023061
NZ_AFIJ01000007.1_frag_23_L3000	NZ_AFIJ01000007.1	negative_control	bacterial	3000	148045
NZ_AFIJ01000023.1_frag_11_L3000	NZ_AFIJ01000023.1	negative_control	bacterial	3000	71554
NZ_AP012332.1_frag_222_L3000	NZ_AP012332.1	negative_control	bacterial	3000	1667406
NZ_AP012332.1_frag_335_L3000	NZ_AP012332.1	negative_control	bacterial	3000	1667406
NZ_CP049230.1_frag_92_L3000	NZ_CP049230.1	negative_control	bacterial	3000	1318700
NZ_AFIJ01000020.1_frag_4_L3000	NZ_AFIJ01000020.1	negative_control	bacterial	3000	80676
NZ_CP049230.1_frag_223_L3000	NZ_CP049230.1	negative_control	bacterial	3000	1318700
NZ_CP039266.1_frag_13_L3000	NZ_CP039266.1	negative_control	bacterial	3000	2023061
NZ_CP011280.1_frag_403_L3000	NZ_CP011280.1	negative_control	bacterial	3000	1330224
NZ_CP049230.1_frag_145_L3000	NZ_CP049230.1	negative_control	bacterial	3000	1318700
NZ_CP039266.1_frag_441_L3000	NZ_CP039266.1	negative_control	bacterial	3000	2023061
NZ_CP011280.1_frag_274_L3000	NZ_CP011280.1	negative_control	bacterial	3000	1330224
NZ_CP065631.1_frag_207_L3000	NZ_CP065631.1	negative_control	bacterial	3000	1447017
NZ_CP039266.1_frag_304_L3000	NZ_CP039266.1	negative_control	bacterial	3000	2023061
NZ_CP011280.1_frag_391_L3000	NZ_CP011280.1	negative_control	bacterial	3000	1330224
NZ_CP065631.1_frag_421_L3000	NZ_CP065631.1	negative_control	bacterial	3000	1447017
NZ_CP065631.1_frag_10_L3000	NZ_CP065631.1	negative_control	bacterial	3000	1447017
NZ_CP039266.1_frag_213_L3000	NZ_CP039266.1	negative_control	bacterial	3000	2023061
NZ_CP039266.1_frag_124_L3000	NZ_CP039266.1	negative_control	bacterial	3000	2023061
NZ_AP012332.1_frag_200_L3000	NZ_AP012332.1	negative_control	bacterial	3000	1667406
NZ_CP065631.1_frag_162_L3000	NZ_CP065631.1	negative_control	bacterial	3000	1447017
NZ_CP049230.1_frag_61_L3000	NZ_CP049230.1	negative_control	bacterial	3000	1318700
NZ_CP011280.1_frag_181_L3000	NZ_CP011280.1	negative_control	bacterial	3000	1330224
NZ_AFIJ01000032.1_frag_9_L3000	NZ_AFIJ01000032.1	negative_control	bacterial	3000	123176
NZ_CP065631.1_frag_32_L3000	NZ_CP065631.1	negative_control	bacterial	3000	1447017
NZ_AFIJ01000045.1_frag_17_L3000	NZ_AFIJ01000045.1	negative_control	bacterial	3000	114466
NZ_CP065631.1_frag_56_L3000	NZ_CP065631.1	negative_control	bacterial	3000	1447017
NZ_AP012332.1_frag_78_L3000	NZ_AP012332.1	negative_control	bacterial	3000	1667406
NZ_CP049230.1_frag_171_L3000	NZ_CP049230.1	negative_control	bacterial	3000	1318700
NZ_CP065631.1_frag_8_L3000	NZ_CP065631.1	negative_control	bacterial	3000	1447017
NZ_CP039266.1_frag_529_L3000	NZ_CP039266.1	negative_control	bacterial	3000	2023061
NZ_AFIJ01000036.1_frag_11_L3000	NZ_AFIJ01000036.1	negative_control	bacterial	3000	38748
NZ_CP065631.1_frag_257_L3000	NZ_CP065631.1	negative_control	bacterial	3000	1447017
NZ_AP012332.1_frag_157_L3000	NZ_AP012332.1	negative_control	bacterial	3000	1667406
NZ_AFIJ01000038.1_frag_24_L3000	NZ_AFIJ01000038.1	negative_control	bacterial	3000	96055
NZ_CP065631.1_frag_294_L3000	NZ_CP065631.1	negative_control	bacterial	3000	1447017
NZ_CP039266.1_frag_7_L3000	NZ_CP039266.1	negative_control	bacterial	3000	2023061
NZ_CP011280.1_frag_211_L3000	NZ_CP011280.1	negative_control	bacterial	3000	1330224
NZ_AFIJ01000029.1_frag_10_L3000	NZ_AFIJ01000029.1	negative_control	bacterial	3000	104968
NZ_CP011280.1_frag_53_L3000	NZ_CP011280.1	negative_control	bacterial	3000	1330224
NZ_CP065631.1_frag_432_L3000	NZ_CP065631.1	negative_control	bacterial	3000	1447017
NZ_CP065631.1_frag_447_L3000	NZ_CP065631.1	negative_control	bacterial	3000	1447017
NZ_CP065631.1_frag_216_L3000	NZ_CP065631.1	negative_control	bacterial	3000	1447017
NZ_CP065631.1_frag_100_L3000	NZ_CP065631.1	negative_control	bacterial	3000	1447017
NZ_CP039266.1_frag_475_L3000	NZ_CP039266.1	negative_control	bacterial	3000	2023061
NZ_CP049230.1_frag_77_L3000	NZ_CP049230.1	negative_control	bacterial	3000	1318700
NZ_CP011280.1_frag_127_L3000	NZ_CP011280.1	negative_control	bacterial	3000	1330224
NZ_CP011280.1_frag_259_L3000	NZ_CP011280.1	negative_control	bacterial	3000	1330224
NZ_CP065631.1_frag_281_L3000	NZ_CP065631.1	negative_control	bacterial	3000	1447017
NZ_CP011280.1_frag_257_L3000	NZ_CP011280.1	negative_control	bacterial	3000	1330224
NZ_AP012332.1_frag_445_L3000	NZ_AP012332.1	negative_control	bacterial	3000	1667406
NZ_AP012332.1_frag_149_L3000	NZ_AP012332.1	negative_control	bacterial	3000	1667406
NZ_CP065631.1_frag_92_L3000	NZ_CP065631.1	negative_control	bacterial	3000	1447017
NZ_CP065631.1_frag_292_L3000	NZ_CP065631.1	negative_control	bacterial	3000	1447017
NZ_AP012332.1_frag_5_L3000	NZ_AP012332.1	negative_control	bacterial	3000	1667406
NZ_AP012332.1_frag_411_L3000	NZ_AP012332.1	negative_control	bacterial	3000	1667406
NZ_AFIJ01000008.1_frag_12_L3000	NZ_AFIJ01000008.1	negative_control	bacterial	3000	149073
NZ_CP065631.1_frag_325_L3000	NZ_CP065631.1	negative_control	bacterial	3000	1447017
NZ_CP049230.1_frag_299_L3000	NZ_CP049230.1	negative_control	bacterial	3000	1318700
NZ_CP049230.1_frag_404_L3000	NZ_CP049230.1	negative_control	bacterial	3000	1318700
NZ_CP049230.1_frag_155_L3000	NZ_CP049230.1	negative_control	bacterial	3000	1318700
NZ_CP049230.1_frag_189_L3000	NZ_CP049230.1	negative_control	bacterial	3000	1318700
NZ_CP011280.1_frag_66_L3000	NZ_CP011280.1	negative_control	bacterial	3000	1330224
NZ_AFIJ01000026.1_frag_4_L3000	NZ_AFIJ01000026.1	negative_control	bacterial	3000	50184
NZ_CP039266.1_frag_242_L3000	NZ_CP039266.1	negative_control	bacterial	3000	2023061
NZ_CP065631.1_frag_244_L3000	NZ_CP065631.1	negative_control	bacterial	3000	1447017
NZ_AFIJ01000035.1_frag_18_L3000	NZ_AFIJ01000035.1	negative_control	bacterial	3000	55251
NZ_AFIJ01000045.1_frag_33_L3000	NZ_AFIJ01000045.1	negative_control	bacterial	3000	114466
NZ_AP012332.1_frag_496_L3000	NZ_AP012332.1	negative_control	bacterial	3000	1667406
NZ_AP012332.1_frag_435_L3000	NZ_AP012332.1	negative_control	bacterial	3000	1667406
NZ_CP011280.1_frag_370_L3000	NZ_CP011280.1	negative_control	bacterial	3000	1330224
NZ_CP039266.1_frag_137_L3000	NZ_CP039266.1	negative_control	bacterial	3000	2023061
NZ_CP065631.1_frag_181_L3000	NZ_CP065631.1	negative_control	bacterial	3000	1447017
NZ_CP065631.1_frag_129_L3000	NZ_CP065631.1	negative_control	bacterial	3000	1447017
NZ_CP011280.1_frag_327_L3000	NZ_CP011280.1	negative_control	bacterial	3000	1330224
NZ_AP012332.1_frag_505_L3000	NZ_AP012332.1	negative_control	bacterial	3000	1667406
NZ_CP039266.1_frag_591_L3000	NZ_CP039266.1	negative_control	bacterial	3000	2023061
NZ_CP011280.1_frag_347_L3000	NZ_CP011280.1	negative_control	bacterial	3000	1330224
NZ_CP039266.1_frag_209_L3000	NZ_CP039266.1	negative_control	bacterial	3000	2023061
NZ_CP065631.1_frag_459_L3000	NZ_CP065631.1	negative_control	bacterial	3000	1447017
NZ_CP049230.1_frag_397_L3000	NZ_CP049230.1	negative_control	bacterial	3000	1318700
NZ_AP012332.1_frag_76_L3000	NZ_AP012332.1	negative_control	bacterial	3000	1667406
NZ_CP011280.1_frag_344_L3000	NZ_CP011280.1	negative_control	bacterial	3000	1330224
NZ_CP049230.1_frag_79_L3000	NZ_CP049230.1	negative_control	bacterial	3000	1318700
NZ_CP011280.1_frag_397_L3000	NZ_CP011280.1	negative_control	bacterial	3000	1330224
NZ_CP049230.1_frag_182_L3000	NZ_CP049230.1	negative_control	bacterial	3000	1318700
NZ_CP011280.1_frag_203_L3000	NZ_CP011280.1	negative_control	bacterial	3000	1330224
NZ_CP049230.1_frag_268_L3000	NZ_CP049230.1	negative_control	bacterial	3000	1318700
NZ_CP065631.1_frag_218_L3000	NZ_CP065631.1	negative_control	bacterial	3000	1447017
NZ_CP011280.1_frag_345_L3000	NZ_CP011280.1	negative_control	bacterial	3000	1330224
NZ_CP039266.1_frag_219_L3000	NZ_CP039266.1	negative_control	bacterial	3000	2023061
NZ_AFIJ01000045.1_frag_16_L3000	NZ_AFIJ01000045.1	negative_control	bacterial	3000	114466
NZ_CP039266.1_frag_319_L3000	NZ_CP039266.1	negative_control	bacterial	3000	2023061
NZ_AP012332.1_frag_53_L3000	NZ_AP012332.1	negative_control	bacterial	3000	1667406
NZ_CP039266.1_frag_553_L3000	NZ_CP039266.1	negative_control	bacterial	3000	2023061
NZ_CP065631.1_frag_94_L3000	NZ_CP065631.1	negative_control	bacterial	3000	1447017
NZ_CP049230.1_frag_227_L3000	NZ_CP049230.1	negative_control	bacterial	3000	1318700
NZ_CP065631.1_frag_397_L3000	NZ_CP065631.1	negative_control	bacterial	3000	1447017
NZ_AP012332.1_frag_151_L3000	NZ_AP012332.1	negative_control	bacterial	3000	1667406
NZ_AP012332.1_frag_213_L3000	NZ_AP012332.1	negative_control	bacterial	3000	1667406
NZ_CP011280.1_frag_227_L3000	NZ_CP011280.1	negative_control	bacterial	3000	1330224
NZ_AFIJ01000039.1_frag_24_L3000	NZ_AFIJ01000039.1	negative_control	bacterial	3000	122540
NZ_AFIJ01000039.1_frag_33_L3000	NZ_AFIJ01000039.1	negative_control	bacterial	3000	122540
NZ_CP039266.1_frag_626_L3000	NZ_CP039266.1	negative_control	bacterial	3000	2023061
NZ_AP012332.1_frag_22_L3000	NZ_AP012332.1	negative_control	bacterial	3000	1667406
NZ_CP039266.1_frag_489_L3000	NZ_CP039266.1	negative_control	bacterial	3000	2023061
NZ_CP039266.1_frag_372_L3000	NZ_CP039266.1	negative_control	bacterial	3000	2023061
NZ_AP012332.1_frag_221_L3000	NZ_AP012332.1	negative_control	bacterial	3000	1667406
NZ_CP039266.1_frag_136_L3000	NZ_CP039266.1	negative_control	bacterial	3000	2023061
NZ_AFIJ01000033.1_frag_17_L3000	NZ_AFIJ01000033.1	negative_control	bacterial	3000	81962
NZ_CP065631.1_frag_65_L3000	NZ_CP065631.1	negative_control	bacterial	3000	1447017
NZ_CP065631.1_frag_24_L3000	NZ_CP065631.1	negative_control	bacterial	3000	1447017
NZ_CP011280.1_frag_48_L3000	NZ_CP011280.1	negative_control	bacterial	3000	1330224
NZ_CP039266.1_frag_188_L3000	NZ_CP039266.1	negative_control	bacterial	3000	2023061
NZ_CP039266.1_frag_425_L3000	NZ_CP039266.1	negative_control	bacterial	3000	2023061
NZ_AP012332.1_frag_513_L3000	NZ_AP012332.1	negative_control	bacterial	3000	1667406
NZ_AP012332.1_frag_104_L3000	NZ_AP012332.1	negative_control	bacterial	3000	1667406
NZ_CP049230.1_frag_144_L3000	NZ_CP049230.1	negative_control	bacterial	3000	1318700
NZ_AFIJ01000032.1_frag_8_L3000	NZ_AFIJ01000032.1	negative_control	bacterial	3000	123176
NZ_AFIJ01000004.1_frag_17_L3000	NZ_AFIJ01000004.1	negative_control	bacterial	3000	100595
NZ_CP039266.1_frag_588_L3000	NZ_CP039266.1	negative_control	bacterial	3000	2023061
NZ_CP039266.1_frag_155_L3000	NZ_CP039266.1	negative_control	bacterial	3000	2023061
NZ_AP012332.1_frag_137_L3000	NZ_AP012332.1	negative_control	bacterial	3000	1667406
NZ_AP012332.1_frag_220_L3000	NZ_AP012332.1	negative_control	bacterial	3000	1667406
NZ_AP012332.1_frag_519_L3000	NZ_AP012332.1	negative_control	bacterial	3000	1667406
NZ_AP012332.1_frag_378_L3000	NZ_AP012332.1	negative_control	bacterial	3000	1667406
NZ_CP011280.1_frag_179_L3000	NZ_CP011280.1	negative_control	bacterial	3000	1330224
NZ_CP065631.1_frag_31_L3000	NZ_CP065631.1	negative_control	bacterial	3000	1447017
NZ_CP065631.1_frag_408_L3000	NZ_CP065631.1	negative_control	bacterial	3000	1447017
NZ_CP011280.1_frag_436_L3000	NZ_CP011280.1	negative_control	bacterial	3000	1330224
NZ_CP049230.1_frag_212_L3000	NZ_CP049230.1	negative_control	bacterial	3000	1318700
NZ_CP049230.1_frag_65_L3000	NZ_CP049230.1	negative_control	bacterial	3000	1318700
NZ_AP012332.1_frag_283_L3000	NZ_AP012332.1	negative_control	bacterial	3000	1667406
NZ_CP065631.1_frag_290_L3000	NZ_CP065631.1	negative_control	bacterial	3000	1447017
NZ_CP039266.1_frag_280_L3000	NZ_CP039266.1	negative_control	bacterial	3000	2023061
NZ_CP065631.1_frag_13_L3000	NZ_CP065631.1	negative_control	bacterial	3000	1447017
NZ_CP011280.1_frag_198_L3000	NZ_CP011280.1	negative_control	bacterial	3000	1330224
NZ_CP011280.1_frag_79_L3000	NZ_CP011280.1	negative_control	bacterial	3000	1330224
NZ_CP011280.1_frag_68_L3000	NZ_CP011280.1	negative_control	bacterial	3000	1330224
NZ_CP065631.1_frag_415_L3000	NZ_CP065631.1	negative_control	bacterial	3000	1447017
NZ_CP039266.1_frag_139_L3000	NZ_CP039266.1	negative_control	bacterial	3000	2023061
NZ_CP049230.1_frag_273_L3000	NZ_CP049230.1	negative_control	bacterial	3000	1318700
NZ_CP039266.1_frag_542_L3000	NZ_CP039266.1	negative_control	bacterial	3000	2023061
NZ_AP012332.1_frag_187_L3000	NZ_AP012332.1	negative_control	bacterial	3000	1667406
NZ_CP065631.1_frag_443_L3000	NZ_CP065631.1	negative_control	bacterial	3000	1447017
NZ_CP065631.1_frag_45_L3000	NZ_CP065631.1	negative_control	bacterial	3000	1447017
NZ_AP012332.1_frag_2_L3000	NZ_AP012332.1	negative_control	bacterial	3000	1667406
NZ_AP012332.1_frag_217_L3000	NZ_AP012332.1	negative_control	bacterial	3000	1667406
NZ_AFIJ01000017.1_frag_7_L3000	NZ_AFIJ01000017.1	negative_control	bacterial	3000	21892
NZ_CP065631.1_frag_51_L3000	NZ_CP065631.1	negative_control	bacterial	3000	1447017
NZ_CP039266.1_frag_359_L3000	NZ_CP039266.1	negative_control	bacterial	3000	2023061
NZ_CP039266.1_frag_660_L3000	NZ_CP039266.1	negative_control	bacterial	3000	2023061
NZ_AFIJ01000039.1_frag_11_L3000	NZ_AFIJ01000039.1	negative_control	bacterial	3000	122540
NZ_CP011280.1_frag_63_L3000	NZ_CP011280.1	negative_control	bacterial	3000	1330224
NZ_CP039267.1_frag_5_L3000	NZ_CP039267.1	negative_control	bacterial	3000	16343
NZ_CP049230.1_frag_38_L3000	NZ_CP049230.1	negative_control	bacterial	3000	1318700
NZ_CP049230.1_frag_191_L3000	NZ_CP049230.1	negative_control	bacterial	3000	1318700
NZ_AP012332.1_frag_68_L3000	NZ_AP012332.1	negative_control	bacterial	3000	1667406
NZ_AFIJ01000033.1_frag_11_L3000	NZ_AFIJ01000033.1	negative_control	bacterial	3000	81962
NZ_CP039266.1_frag_302_L3000	NZ_CP039266.1	negative_control	bacterial	3000	2023061
NZ_AFIJ01000004.1_frag_31_L3000	NZ_AFIJ01000004.1	negative_control	bacterial	3000	100595
NZ_CP039266.1_frag_341_L3000	NZ_CP039266.1	negative_control	bacterial	3000	2023061
NZ_CP011280.1_frag_51_L3000	NZ_CP011280.1	negative_control	bacterial	3000	1330224
NZ_CP011280.1_frag_39_L3000	NZ_CP011280.1	negative_control	bacterial	3000	1330224
NZ_CP011280.1_frag_2_L3000	NZ_CP011280.1	negative_control	bacterial	3000	1330224
NZ_CP049230.1_frag_371_L3000	NZ_CP049230.1	negative_control	bacterial	3000	1318700
NZ_AFIJ01000029.1_frag_14_L3000	NZ_AFIJ01000029.1	negative_control	bacterial	3000	104968
NZ_AFIJ01000011.1_frag_5_L3000	NZ_AFIJ01000011.1	negative_control	bacterial	3000	37253
NZ_CP049230.1_frag_204_L3000	NZ_CP049230.1	negative_control	bacterial	3000	1318700
NZ_AFIJ01000020.1_frag_13_L3000	NZ_AFIJ01000020.1	negative_control	bacterial	3000	80676
NZ_CP011280.1_frag_390_L3000	NZ_CP011280.1	negative_control	bacterial	3000	1330224
NZ_CP011280.1_frag_233_L3000	NZ_CP011280.1	negative_control	bacterial	3000	1330224
NZ_CP039266.1_frag_147_L3000	NZ_CP039266.1	negative_control	bacterial	3000	2023061
NZ_CP011280.1_frag_11_L3000	NZ_CP011280.1	negative_control	bacterial	3000	1330224
NZ_CP039266.1_frag_491_L3000	NZ_CP039266.1	negative_control	bacterial	3000	2023061
NZ_AP012332.1_frag_26_L3000	NZ_AP012332.1	negative_control	bacterial	3000	1667406
NZ_CP049230.1_frag_200_L3000	NZ_CP049230.1	negative_control	bacterial	3000	1318700
NZ_AP012332.1_frag_113_L3000	NZ_AP012332.1	negative_control	bacterial	3000	1667406
NZ_CP065631.1_frag_464_L3000	NZ_CP065631.1	negative_control	bacterial	3000	1447017
NZ_CP011280.1_frag_178_L3000	NZ_CP011280.1	negative_control	bacterial	3000	1330224
NZ_CP049230.1_frag_256_L3000	NZ_CP049230.1	negative_control	bacterial	3000	1318700
NZ_CP039266.1_frag_288_L3000	NZ_CP039266.1	negative_control	bacterial	3000	2023061
NZ_AP012332.1_frag_351_L3000	NZ_AP012332.1	negative_control	bacterial	3000	1667406
NZ_AP012332.1_frag_48_L3000	NZ_AP012332.1	negative_control	bacterial	3000	1667406
NZ_CP039266.1_frag_508_L3000	NZ_CP039266.1	negative_control	bacterial	3000	2023061
NZ_CP049230.1_frag_168_L3000	NZ_CP049230.1	negative_control	bacterial	3000	1318700
NZ_CP039266.1_frag_566_L3000	NZ_CP039266.1	negative_control	bacterial	3000	2023061
NZ_CP011280.1_frag_377_L3000	NZ_CP011280.1	negative_control	bacterial	3000	1330224
NZ_AFIJ01000017.1_frag_3_L3000	NZ_AFIJ01000017.1	negative_control	bacterial	3000	21892
NZ_AFIJ01000007.1_frag_9_L3000	NZ_AFIJ01000007.1	negative_control	bacterial	3000	148045
NZ_CP049230.1_frag_414_L3000	NZ_CP049230.1	negative_control	bacterial	3000	1318700
NZ_CP011280.1_frag_182_L3000	NZ_CP011280.1	negative_control	bacterial	3000	1330224
NZ_CP065631.1_frag_238_L3000	NZ_CP065631.1	negative_control	bacterial	3000	1447017
NZ_CP049230.1_frag_20_L3000	NZ_CP049230.1	negative_control	bacterial	3000	1318700
NZ_CP049230.1_frag_42_L3000	NZ_CP049230.1	negative_control	bacterial	3000	1318700
NZ_CP039266.1_frag_537_L3000	NZ_CP039266.1	negative_control	bacterial	3000	2023061
NZ_CP039266.1_frag_100_L3000	NZ_CP039266.1	negative_control	bacterial	3000	2023061
NZ_CP011280.1_frag_426_L3000	NZ_CP011280.1	negative_control	bacterial	3000	1330224
NZ_CP011280.1_frag_292_L3000	NZ_CP011280.1	negative_control	bacterial	3000	1330224
NZ_AP012332.1_frag_8_L3000	NZ_AP012332.1	negative_control	bacterial	3000	1667406
NZ_CP049230.1_frag_320_L3000	NZ_CP049230.1	negative_control	bacterial	3000	1318700
NZ_AP012332.1_frag_367_L3000	NZ_AP012332.1	negative_control	bacterial	3000	1667406
NZ_CP039266.1_frag_19_L3000	NZ_CP039266.1	negative_control	bacterial	3000	2023061
NZ_AFIJ01000006.1_frag_7_L3000	NZ_AFIJ01000006.1	negative_control	bacterial	3000	35744
NZ_CP049230.1_frag_188_L3000	NZ_CP049230.1	negative_control	bacterial	3000	1318700
NZ_AP012332.1_frag_401_L3000	NZ_AP012332.1	negative_control	bacterial	3000	1667406
NZ_CP039266.1_frag_141_L3000	NZ_CP039266.1	negative_control	bacterial	3000	2023061
NZ_CP049230.1_frag_426_L3000	NZ_CP049230.1	negative_control	bacterial	3000	1318700
NZ_CP039266.1_frag_412_L3000	NZ_CP039266.1	negative_control	bacterial	3000	2023061
NZ_AP012332.1_frag_119_L3000	NZ_AP012332.1	negative_control	bacterial	3000	1667406
NZ_AP012332.1_frag_391_L3000	NZ_AP012332.1	negative_control	bacterial	3000	1667406
NZ_AFIJ01000045.1_frag_25_L3000	NZ_AFIJ01000045.1	negative_control	bacterial	3000	114466
NZ_CP039266.1_frag_339_L3000	NZ_CP039266.1	negative_control	bacterial	3000	2023061
NZ_CP011280.1_frag_395_L3000	NZ_CP011280.1	negative_control	bacterial	3000	1330224
NZ_CP011280.1_frag_258_L3000	NZ_CP011280.1	negative_control	bacterial	3000	1330224
NZ_CP039266.1_frag_120_L3000	NZ_CP039266.1	negative_control	bacterial	3000	2023061
NZ_CP049230.1_frag_69_L3000	NZ_CP049230.1	negative_control	bacterial	3000	1318700
NZ_AFIJ01000039.1_frag_40_L3000	NZ_AFIJ01000039.1	negative_control	bacterial	3000	122540
NZ_AP012332.1_frag_428_L3000	NZ_AP012332.1	negative_control	bacterial	3000	1667406
NZ_CP065631.1_frag_80_L3000	NZ_CP065631.1	negative_control	bacterial	3000	1447017
NZ_CP039266.1_frag_111_L3000	NZ_CP039266.1	negative_control	bacterial	3000	2023061
NZ_CP065631.1_frag_247_L3000	NZ_CP065631.1	negative_control	bacterial	3000	1447017
NZ_CP049230.1_frag_99_L3000	NZ_CP049230.1	negative_control	bacterial	3000	1318700
NZ_CP065631.1_frag_22_L3000	NZ_CP065631.1	negative_control	bacterial	3000	1447017
NZ_CP039266.1_frag_559_L3000	NZ_CP039266.1	negative_control	bacterial	3000	2023061
NZ_CP011280.1_frag_22_L3000	NZ_CP011280.1	negative_control	bacterial	3000	1330224
NZ_CP039266.1_frag_55_L3000	NZ_CP039266.1	negative_control	bacterial	3000	2023061
NZ_AFIJ01000003.1_frag_4_L3000	NZ_AFIJ01000003.1	negative_control	bacterial	3000	19318
NZ_CP011280.1_frag_277_L3000	NZ_CP011280.1	negative_control	bacterial	3000	1330224
NZ_AP012332.1_frag_461_L3000	NZ_AP012332.1	negative_control	bacterial	3000	1667406
NZ_AFIJ01000004.1_frag_10_L3000	NZ_AFIJ01000004.1	negative_control	bacterial	3000	100595
NZ_AFIJ01000008.1_frag_26_L3000	NZ_AFIJ01000008.1	negative_control	bacterial	3000	149073
NZ_CP039266.1_frag_203_L3000	NZ_CP039266.1	negative_control	bacterial	3000	2023061
NZ_CP011280.1_frag_167_L3000	NZ_CP011280.1	negative_control	bacterial	3000	1330224
NZ_CP065631.1_frag_261_L3000	NZ_CP065631.1	negative_control	bacterial	3000	1447017
NZ_CP011280.1_frag_117_L3000	NZ_CP011280.1	negative_control	bacterial	3000	1330224
NZ_CP065631.1_frag_461_L3000	NZ_CP065631.1	negative_control	bacterial	3000	1447017
NZ_CP065631.1_frag_340_L3000	NZ_CP065631.1	negative_control	bacterial	3000	1447017
NZ_AFIJ01000045.1_frag_18_L3000	NZ_AFIJ01000045.1	negative_control	bacterial	3000	114466
NZ_AFIJ01000035.1_frag_11_L3000	NZ_AFIJ01000035.1	negative_control	bacterial	3000	55251
NZ_AP012332.1_frag_201_L3000	NZ_AP012332.1	negative_control	bacterial	3000	1667406
NZ_CP011280.1_frag_318_L3000	NZ_CP011280.1	negative_control	bacterial	3000	1330224
NZ_AFIJ01000032.1_frag_27_L3000	NZ_AFIJ01000032.1	negative_control	bacterial	3000	123176
NZ_CP039266.1_frag_79_L3000	NZ_CP039266.1	negative_control	bacterial	3000	2023061
NZ_AFIJ01000032.1_frag_39_L3000	NZ_AFIJ01000032.1	negative_control	bacterial	3000	123176
NZ_AP012332.1_frag_522_L3000	NZ_AP012332.1	negative_control	bacterial	3000	1667406
NZ_CP039266.1_frag_217_L3000	NZ_CP039266.1	negative_control	bacterial	3000	2023061
NZ_AFIJ01000007.1_frag_27_L3000	NZ_AFIJ01000007.1	negative_control	bacterial	3000	148045
NZ_CP065631.1_frag_330_L3000	NZ_CP065631.1	negative_control	bacterial	3000	1447017
NZ_CP049230.1_frag_238_L3000	NZ_CP049230.1	negative_control	bacterial	3000	1318700
NZ_CP039266.1_frag_518_L3000	NZ_CP039266.1	negative_control	bacterial	3000	2023061
NZ_AFIJ01000039.1_frag_25_L3000	NZ_AFIJ01000039.1	negative_control	bacterial	3000	122540
NZ_CP065631.1_frag_149_L3000	NZ_CP065631.1	negative_control	bacterial	3000	1447017
NZ_AFIJ01000032.1_frag_15_L3000	NZ_AFIJ01000032.1	negative_control	bacterial	3000	123176
NZ_AFIJ01000038.1_frag_32_L3000	NZ_AFIJ01000038.1	negative_control	bacterial	3000	96055
NZ_CP039266.1_frag_316_L3000	NZ_CP039266.1	negative_control	bacterial	3000	2023061
NZ_CP049230.1_frag_104_L3000	NZ_CP049230.1	negative_control	bacterial	3000	1318700
NZ_CP049230.1_frag_373_L3000	NZ_CP049230.1	negative_control	bacterial	3000	1318700
NZ_AP012332.1_frag_532_L3000	NZ_AP012332.1	negative_control	bacterial	3000	1667406
NZ_AP012332.1_frag_540_L3000	NZ_AP012332.1	negative_control	bacterial	3000	1667406
NZ_CP039266.1_frag_541_L3000	NZ_CP039266.1	negative_control	bacterial	3000	2023061
NZ_CP039266.1_frag_294_L3000	NZ_CP039266.1	negative_control	bacterial	3000	2023061
NZ_AFIJ01000029.1_frag_13_L3000	NZ_AFIJ01000029.1	negative_control	bacterial	3000	104968
NZ_AFIJ01000008.1_frag_4_L3000	NZ_AFIJ01000008.1	negative_control	bacterial	3000	149073
NZ_CP039266.1_frag_329_L3000	NZ_CP039266.1	negative_control	bacterial	3000	2023061
NZ_CP049230.1_frag_27_L3000	NZ_CP049230.1	negative_control	bacterial	3000	1318700
NZ_CP039266.1_frag_36_L3000	NZ_CP039266.1	negative_control	bacterial	3000	2023061
NZ_AFIJ01000033.1_frag_9_L3000	NZ_AFIJ01000033.1	negative_control	bacterial	3000	81962
NZ_CP039266.1_frag_265_L3000	NZ_CP039266.1	negative_control	bacterial	3000	2023061
NZ_CP049230.1_frag_162_L3000	NZ_CP049230.1	negative_control	bacterial	3000	1318700
NZ_CP039266.1_frag_215_L3000	NZ_CP039266.1	negative_control	bacterial	3000	2023061
NZ_CP039266.1_frag_404_L3000	NZ_CP039266.1	negative_control	bacterial	3000	2023061
NZ_CP011280.1_frag_3_L3000	NZ_CP011280.1	negative_control	bacterial	3000	1330224
NZ_AFIJ01000018.1_frag_6_L3000	NZ_AFIJ01000018.1	negative_control	bacterial	3000	43361
NZ_AFIJ01000033.1_frag_5_L3000	NZ_AFIJ01000033.1	negative_control	bacterial	3000	81962
NZ_CP039266.1_frag_563_L3000	NZ_CP039266.1	negative_control	bacterial	3000	2023061
NZ_CP039266.1_frag_567_L3000	NZ_CP039266.1	negative_control	bacterial	3000	2023061
NZ_CP049230.1_frag_420_L3000	NZ_CP049230.1	negative_control	bacterial	3000	1318700
NZ_CP011280.1_frag_271_L3000	NZ_CP011280.1	negative_control	bacterial	3000	1330224
NZ_CP011280.1_frag_157_L3000	NZ_CP011280.1	negative_control	bacterial	3000	1330224
NZ_AFIJ01000036.1_frag_7_L3000	NZ_AFIJ01000036.1	negative_control	bacterial	3000	38748
NZ_CP039266.1_frag_46_L3000	NZ_CP039266.1	negative_control	bacterial	3000	2023061
NZ_CP011280.1_frag_18_L3000	NZ_CP011280.1	negative_control	bacterial	3000	1330224
NZ_AFIJ01000011.1_frag_12_L3000	NZ_AFIJ01000011.1	negative_control	bacterial	3000	37253
NZ_CP065631.1_frag_230_L3000	NZ_CP065631.1	negative_control	bacterial	3000	1447017
NZ_AP012332.1_frag_423_L3000	NZ_AP012332.1	negative_control	bacterial	3000	1667406
NZ_AP012332.1_frag_40_L3000	NZ_AP012332.1	negative_control	bacterial	3000	1667406
NZ_CP039266.1_frag_23_L3000	NZ_CP039266.1	negative_control	bacterial	3000	2023061
NZ_CP011280.1_frag_280_L3000	NZ_CP011280.1	negative_control	bacterial	3000	1330224
NZ_CP039266.1_frag_455_L3000	NZ_CP039266.1	negative_control	bacterial	3000	2023061
NZ_CP065631.1_frag_159_L3000	NZ_CP065631.1	negative_control	bacterial	3000	1447017
NZ_CP039266.1_frag_121_L3000	NZ_CP039266.1	negative_control	bacterial	3000	2023061
NZ_CP065631.1_frag_376_L3000	NZ_CP065631.1	negative_control	bacterial	3000	1447017
NZ_CP011280.1_frag_359_L3000	NZ_CP011280.1	negative_control	bacterial	3000	1330224
NZ_AFIJ01000007.1_frag_25_L3000	NZ_AFIJ01000007.1	negative_control	bacterial	3000	148045
NZ_CP039266.1_frag_623_L3000	NZ_CP039266.1	negative_control	bacterial	3000	2023061
NZ_CP065631.1_frag_76_L3000	NZ_CP065631.1	negative_control	bacterial	3000	1447017
NZ_CP011280.1_frag_6_L3000	NZ_CP011280.1	negative_control	bacterial	3000	1330224
NZ_CP039266.1_frag_34_L3000	NZ_CP039266.1	negative_control	bacterial	3000	2023061
NZ_AFIJ01000039.1_frag_27_L3000	NZ_AFIJ01000039.1	negative_control	bacterial	3000	122540
NZ_AFIJ01000033.1_frag_3_L3000	NZ_AFIJ01000033.1	negative_control	bacterial	3000	81962
NZ_AFIJ01000035.1_frag_16_L3000	NZ_AFIJ01000035.1	negative_control	bacterial	3000	55251
NZ_AFIJ01000004.1_frag_28_L3000	NZ_AFIJ01000004.1	negative_control	bacterial	3000	100595
NZ_AP012332.1_frag_167_L3000	NZ_AP012332.1	negative_control	bacterial	3000	1667406
NZ_CP039266.1_frag_117_L3000	NZ_CP039266.1	negative_control	bacterial	3000	2023061
NZ_CP039266.1_frag_200_L3000	NZ_CP039266.1	negative_control	bacterial	3000	2023061
NZ_AFIJ01000020.1_frag_8_L3000	NZ_AFIJ01000020.1	negative_control	bacterial	3000	80676
NZ_AP012332.1_frag_377_L3000	NZ_AP012332.1	negative_control	bacterial	3000	1667406
NZ_AP012332.1_frag_310_L3000	NZ_AP012332.1	negative_control	bacterial	3000	1667406
NZ_CP011280.1_frag_275_L3000	NZ_CP011280.1	negative_control	bacterial	3000	1330224
NZ_CP011280.1_frag_21_L3000	NZ_CP011280.1	negative_control	bacterial	3000	1330224
NZ_AFIJ01000020.1_frag_14_L3000	NZ_AFIJ01000020.1	negative_control	bacterial	3000	80676
NZ_CP011280.1_frag_151_L3000	NZ_CP011280.1	negative_control	bacterial	3000	1330224
NZ_CP039266.1_frag_264_L3000	NZ_CP039266.1	negative_control	bacterial	3000	2023061
NZ_CP049230.1_frag_339_L3000	NZ_CP049230.1	negative_control	bacterial	3000	1318700
NZ_CP039266.1_frag_584_L3000	NZ_CP039266.1	negative_control	bacterial	3000	2023061
NZ_AP012332.1_frag_37_L3000	NZ_AP012332.1	negative_control	bacterial	3000	1667406
NZ_CP065631.1_frag_296_L3000	NZ_CP065631.1	negative_control	bacterial	3000	1447017
NZ_CP011280.1_frag_369_L3000	NZ_CP011280.1	negative_control	bacterial	3000	1330224
NZ_AP012332.1_frag_384_L3000	NZ_AP012332.1	negative_control	bacterial	3000	1667406
NZ_CP065631.1_frag_46_L3000	NZ_CP065631.1	negative_control	bacterial	3000	1447017
NZ_CP039266.1_frag_608_L3000	NZ_CP039266.1	negative_control	bacterial	3000	2023061
NZ_AFIJ01000045.1_frag_7_L3000	NZ_AFIJ01000045.1	negative_control	bacterial	3000	114466
NZ_CP065631.1_frag_435_L3000	NZ_CP065631.1	negative_control	bacterial	3000	1447017
NZ_AP012332.1_frag_452_L3000	NZ_AP012332.1	negative_control	bacterial	3000	1667406
NZ_CP049230.1_frag_151_L3000	NZ_CP049230.1	negative_control	bacterial	3000	1318700
NZ_AP012332.1_frag_375_L3000	NZ_AP012332.1	negative_control	bacterial	3000	1667406
NZ_CP049230.1_frag_277_L3000	NZ_CP049230.1	negative_control	bacterial	3000	1318700
NZ_CP011280.1_frag_96_L3000	NZ_CP011280.1	negative_control	bacterial	3000	1330224
NZ_AP012332.1_frag_460_L3000	NZ_AP012332.1	negative_control	bacterial	3000	1667406
NZ_AFIJ01000038.1_frag_29_L3000	NZ_AFIJ01000038.1	negative_control	bacterial	3000	96055
NZ_AP012332.1_frag_413_L3000	NZ_AP012332.1	negative_control	bacterial	3000	1667406
NZ_CP065631.1_frag_205_L3000	NZ_CP065631.1	negative_control	bacterial	3000	1447017
NZ_CP039266.1_frag_583_L3000	NZ_CP039266.1	negative_control	bacterial	3000	2023061
NZ_AFIJ01000033.1_frag_18_L3000	NZ_AFIJ01000033.1	negative_control	bacterial	3000	81962
NZ_CP065631.1_frag_228_L3000	NZ_CP065631.1	negative_control	bacterial	3000	1447017
NZ_CP065631.1_frag_48_L3000	NZ_CP065631.1	negative_control	bacterial	3000	1447017
NZ_CP039266.1_frag_333_L3000	NZ_CP039266.1	negative_control	bacterial	3000	2023061
NZ_CP065631.1_frag_334_L3000	NZ_CP065631.1	negative_control	bacterial	3000	1447017
NZ_CP049230.1_frag_274_L3000	NZ_CP049230.1	negative_control	bacterial	3000	1318700
NZ_AP012332.1_frag_451_L3000	NZ_AP012332.1	negative_control	bacterial	3000	1667406
NZ_CP065631.1_frag_9_L3000	NZ_CP065631.1	negative_control	bacterial	3000	1447017
NZ_CP039266.1_frag_255_L3000	NZ_CP039266.1	negative_control	bacterial	3000	2023061
NZ_CP049230.1_frag_407_L3000	NZ_CP049230.1	negative_control	bacterial	3000	1318700
NZ_AFIJ01000029.1_frag_4_L3000	NZ_AFIJ01000029.1	negative_control	bacterial	3000	104968
NZ_AP012332.1_frag_86_L3000	NZ_AP012332.1	negative_control	bacterial	3000	1667406
NZ_AP012332.1_frag_343_L3000	NZ_AP012332.1	negative_control	bacterial	3000	1667406
NZ_CP049230.1_frag_37_L3000	NZ_CP049230.1	negative_control	bacterial	3000	1318700
NZ_CP011280.1_frag_372_L3000	NZ_CP011280.1	negative_control	bacterial	3000	1330224
NZ_CP039266.1_frag_442_L3000	NZ_CP039266.1	negative_control	bacterial	3000	2023061
NZ_AFIJ01000023.1_frag_13_L3000	NZ_AFIJ01000023.1	negative_control	bacterial	3000	71554
NZ_CP039266.1_frag_258_L3000	NZ_CP039266.1	negative_control	bacterial	3000	2023061
NZ_CP039266.1_frag_586_L3000	NZ_CP039266.1	negative_control	bacterial	3000	2023061
NZ_CP039266.1_frag_68_L3000	NZ_CP039266.1	negative_control	bacterial	3000	2023061
NZ_CP049230.1_frag_214_L3000	NZ_CP049230.1	negative_control	bacterial	3000	1318700
NZ_AP012332.1_frag_34_L3000	NZ_AP012332.1	negative_control	bacterial	3000	1667406
NZ_CP065631.1_frag_269_L3000	NZ_CP065631.1	negative_control	bacterial	3000	1447017
NZ_CP039266.1_frag_464_L3000	NZ_CP039266.1	negative_control	bacterial	3000	2023061
NZ_CP065631.1_frag_394_L3000	NZ_CP065631.1	negative_control	bacterial	3000	1447017
NZ_CP049230.1_frag_327_L3000	NZ_CP049230.1	negative_control	bacterial	3000	1318700
NZ_CP065631.1_frag_343_L3000	NZ_CP065631.1	negative_control	bacterial	3000	1447017
NZ_AP012332.1_frag_230_L3000	NZ_AP012332.1	negative_control	bacterial	3000	1667406
NZ_AFIJ01000004.1_frag_26_L3000	NZ_AFIJ01000004.1	negative_control	bacterial	3000	100595
NZ_CP049230.1_frag_127_L3000	NZ_CP049230.1	negative_control	bacterial	3000	1318700
NZ_CP039266.1_frag_483_L3000	NZ_CP039266.1	negative_control	bacterial	3000	2023061
NZ_AP012332.1_frag_502_L3000	NZ_AP012332.1	negative_control	bacterial	3000	1667406
NZ_CP065631.1_frag_58_L3000	NZ_CP065631.1	negative_control	bacterial	3000	1447017
NZ_CP039266.1_frag_652_L3000	NZ_CP039266.1	negative_control	bacterial	3000	2023061
NZ_CP049230.1_frag_369_L3000	NZ_CP049230.1	negative_control	bacterial	3000	1318700
NZ_AP012332.1_frag_387_L3000	NZ_AP012332.1	negative_control	bacterial	3000	1667406
NZ_CP049230.1_frag_376_L3000	NZ_CP049230.1	negative_control	bacterial	3000	1318700
NZ_AFIJ01000015.1_frag_1_L3000	NZ_AFIJ01000015.1	negative_control	bacterial	3000	4417
NZ_AFIJ01000039.1_frag_13_L3000	NZ_AFIJ01000039.1	negative_control	bacterial	3000	122540
NZ_CP049230.1_frag_435_L3000	NZ_CP049230.1	negative_control	bacterial	3000	1318700
NZ_CP011280.1_frag_282_L3000	NZ_CP011280.1	negative_control	bacterial	3000	1330224
NZ_CP049230.1_frag_118_L3000	NZ_CP049230.1	negative_control	bacterial	3000	1318700
NZ_CP049230.1_frag_388_L3000	NZ_CP049230.1	negative_control	bacterial	3000	1318700
NZ_CP065631.1_frag_418_L3000	NZ_CP065631.1	negative_control	bacterial	3000	1447017
NZ_AFIJ01000036.1_frag_5_L3000	NZ_AFIJ01000036.1	negative_control	bacterial	3000	38748
NZ_AP012332.1_frag_535_L3000	NZ_AP012332.1	negative_control	bacterial	3000	1667406
NZ_CP065631.1_frag_312_L3000	NZ_CP065631.1	negative_control	bacterial	3000	1447017
NZ_CP065631.1_frag_88_L3000	NZ_CP065631.1	negative_control	bacterial	3000	1447017
NZ_CP039266.1_frag_421_L3000	NZ_CP039266.1	negative_control	bacterial	3000	2023061
NZ_AP012332.1_frag_239_L3000	NZ_AP012332.1	negative_control	bacterial	3000	1667406
NZ_AFIJ01000007.1_frag_47_L3000	NZ_AFIJ01000007.1	negative_control	bacterial	3000	148045
NZ_CP011280.1_frag_438_L3000	NZ_CP011280.1	negative_control	bacterial	3000	1330224
NZ_CP039266.1_frag_106_L3000	NZ_CP039266.1	negative_control	bacterial	3000	2023061
NZ_CP049230.1_frag_59_L3000	NZ_CP049230.1	negative_control	bacterial	3000	1318700
NZ_CP065631.1_frag_208_L3000	NZ_CP065631.1	negative_control	bacterial	3000	1447017
NZ_CP039266.1_frag_603_L3000	NZ_CP039266.1	negative_control	bacterial	3000	2023061
NZ_AFIJ01000033.1_frag_6_L3000	NZ_AFIJ01000033.1	negative_control	bacterial	3000	81962
NZ_CP011280.1_frag_234_L3000	NZ_CP011280.1	negative_control	bacterial	3000	1330224
NZ_CP039266.1_frag_498_L3000	NZ_CP039266.1	negative_control	bacterial	3000	2023061
NZ_CP049230.1_frag_146_L3000	NZ_CP049230.1	negative_control	bacterial	3000	1318700
NZ_CP039266.1_frag_130_L3000	NZ_CP039266.1	negative_control	bacterial	3000	2023061
NZ_AP012332.1_frag_61_L3000	NZ_AP012332.1	negative_control	bacterial	3000	1667406
NZ_AP012332.1_frag_42_L3000	NZ_AP012332.1	negative_control	bacterial	3000	1667406
NZ_CP049230.1_frag_247_L3000	NZ_CP049230.1	negative_control	bacterial	3000	1318700
NZ_CP049230.1_frag_401_L3000	NZ_CP049230.1	negative_control	bacterial	3000	1318700
NZ_CP049230.1_frag_276_L3000	NZ_CP049230.1	negative_control	bacterial	3000	1318700
NZ_AP012332.1_frag_485_L3000	NZ_AP012332.1	negative_control	bacterial	3000	1667406
NZ_CP065631.1_frag_265_L3000	NZ_CP065631.1	negative_control	bacterial	3000	1447017
NZ_CP065631.1_frag_402_L3000	NZ_CP065631.1	negative_control	bacterial	3000	1447017
NZ_CP039266.1_frag_3_L3000	NZ_CP039266.1	negative_control	bacterial	3000	2023061
NZ_CP039266.1_frag_158_L3000	NZ_CP039266.1	negative_control	bacterial	3000	2023061
NZ_CP065631.1_frag_178_L3000	NZ_CP065631.1	negative_control	bacterial	3000	1447017
NZ_CP065631.1_frag_315_L3000	NZ_CP065631.1	negative_control	bacterial	3000	1447017
NZ_AP012332.1_frag_87_L3000	NZ_AP012332.1	negative_control	bacterial	3000	1667406
NZ_CP011280.1_frag_194_L3000	NZ_CP011280.1	negative_control	bacterial	3000	1330224
NZ_CP011280.1_frag_140_L3000	NZ_CP011280.1	negative_control	bacterial	3000	1330224
NZ_AP012332.1_frag_483_L3000	NZ_AP012332.1	negative_control	bacterial	3000	1667406
NZ_AFIJ01000045.1_frag_15_L3000	NZ_AFIJ01000045.1	negative_control	bacterial	3000	114466
NZ_AP012332.1_frag_176_L3000	NZ_AP012332.1	negative_control	bacterial	3000	1667406
NZ_CP039266.1_frag_556_L3000	NZ_CP039266.1	negative_control	bacterial	3000	2023061
NZ_CP049230.1_frag_226_L3000	NZ_CP049230.1	negative_control	bacterial	3000	1318700
NZ_CP065631.1_frag_271_L3000	NZ_CP065631.1	negative_control	bacterial	3000	1447017
NZ_AFIJ01000020.1_frag_18_L3000	NZ_AFIJ01000020.1	negative_control	bacterial	3000	80676
NZ_CP011280.1_frag_316_L3000	NZ_CP011280.1	negative_control	bacterial	3000	1330224
NZ_CP011280.1_frag_288_L3000	NZ_CP011280.1	negative_control	bacterial	3000	1330224
NZ_CP065631.1_frag_98_L3000	NZ_CP065631.1	negative_control	bacterial	3000	1447017
NZ_AFIJ01000007.1_frag_45_L3000	NZ_AFIJ01000007.1	negative_control	bacterial	3000	148045
NZ_CP065631.1_frag_479_L3000	NZ_CP065631.1	negative_control	bacterial	3000	1447017
NZ_CP039266.1_frag_374_L3000	NZ_CP039266.1	negative_control	bacterial	3000	2023061
NZ_CP011280.1_frag_331_L3000	NZ_CP011280.1	negative_control	bacterial	3000	1330224
NZ_CP011280.1_frag_81_L3000	NZ_CP011280.1	negative_control	bacterial	3000	1330224
NZ_AFIJ01000039.1_frag_21_L3000	NZ_AFIJ01000039.1	negative_control	bacterial	3000	122540
NZ_CP011280.1_frag_313_L3000	NZ_CP011280.1	negative_control	bacterial	3000	1330224
NZ_CP049230.1_frag_228_L3000	NZ_CP049230.1	negative_control	bacterial	3000	1318700
NZ_AP012332.1_frag_287_L3000	NZ_AP012332.1	negative_control	bacterial	3000	1667406
NZ_CP039266.1_frag_1_L3000	NZ_CP039266.1	negative_control	bacterial	3000	2023061
NZ_AFIJ01000004.1_frag_24_L3000	NZ_AFIJ01000004.1	negative_control	bacterial	3000	100595
NZ_CP011280.1_frag_85_L3000	NZ_CP011280.1	negative_control	bacterial	3000	1330224
NZ_CP011280.1_frag_294_L3000	NZ_CP011280.1	negative_control	bacterial	3000	1330224
NZ_CP065631.1_frag_345_L3000	NZ_CP065631.1	negative_control	bacterial	3000	1447017
NZ_AFIJ01000029.1_frag_11_L3000	NZ_AFIJ01000029.1	negative_control	bacterial	3000	104968
NZ_CP065631.1_frag_194_L3000	NZ_CP065631.1	negative_control	bacterial	3000	1447017
NZ_CP011280.1_frag_299_L3000	NZ_CP011280.1	negative_control	bacterial	3000	1330224
NZ_AFIJ01000032.1_frag_34_L3000	NZ_AFIJ01000032.1	negative_control	bacterial	3000	123176
NZ_CP065631.1_frag_190_L3000	NZ_CP065631.1	negative_control	bacterial	3000	1447017
NZ_CP039266.1_frag_522_L3000	NZ_CP039266.1	negative_control	bacterial	3000	2023061
NZ_AP012332.1_frag_469_L3000	NZ_AP012332.1	negative_control	bacterial	3000	1667406
NZ_CP039266.1_frag_323_L3000	NZ_CP039266.1	negative_control	bacterial	3000	2023061
NZ_CP011280.1_frag_231_L3000	NZ_CP011280.1	negative_control	bacterial	3000	1330224
NZ_AP012332.1_frag_237_L3000	NZ_AP012332.1	negative_control	bacterial	3000	1667406
NZ_AFIJ01000008.1_frag_38_L3000	NZ_AFIJ01000008.1	negative_control	bacterial	3000	149073
NZ_CP039266.1_frag_352_L3000	NZ_CP039266.1	negative_control	bacterial	3000	2023061
NZ_CP039266.1_frag_198_L3000	NZ_CP039266.1	negative_control	bacterial	3000	2023061
NZ_CP065631.1_frag_420_L3000	NZ_CP065631.1	negative_control	bacterial	3000	1447017
NZ_CP011280.1_frag_65_L3000	NZ_CP011280.1	negative_control	bacterial	3000	1330224
NZ_CP039266.1_frag_123_L3000	NZ_CP039266.1	negative_control	bacterial	3000	2023061
NZ_AFIJ01000035.1_frag_12_L3000	NZ_AFIJ01000035.1	negative_control	bacterial	3000	55251
NZ_AFIJ01000018.1_frag_4_L3000	NZ_AFIJ01000018.1	negative_control	bacterial	3000	43361
NZ_CP039266.1_frag_639_L3000	NZ_CP039266.1	negative_control	bacterial	3000	2023061
NZ_CP065631.1_frag_16_L3000	NZ_CP065631.1	negative_control	bacterial	3000	1447017
NZ_AP012332.1_frag_255_L3000	NZ_AP012332.1	negative_control	bacterial	3000	1667406
NZ_CP039266.1_frag_150_L3000	NZ_CP039266.1	negative_control	bacterial	3000	2023061
NZ_AP012332.1_frag_482_L3000	NZ_AP012332.1	negative_control	bacterial	3000	1667406
NZ_CP011280.1_frag_83_L3000	NZ_CP011280.1	negative_control	bacterial	3000	1330224
NZ_CP039266.1_frag_86_L3000	NZ_CP039266.1	negative_control	bacterial	3000	2023061
NZ_CP039266.1_frag_143_L3000	NZ_CP039266.1	negative_control	bacterial	3000	2023061
NZ_AP012332.1_frag_183_L3000	NZ_AP012332.1	negative_control	bacterial	3000	1667406
NZ_AP012332.1_frag_337_L3000	NZ_AP012332.1	negative_control	bacterial	3000	1667406
NZ_CP049230.1_frag_346_L3000	NZ_CP049230.1	negative_control	bacterial	3000	1318700
NZ_CP039266.1_frag_142_L3000	NZ_CP039266.1	negative_control	bacterial	3000	2023061
NZ_CP049230.1_frag_288_L3000	NZ_CP049230.1	negative_control	bacterial	3000	1318700
NZ_CP039266.1_frag_296_L3000	NZ_CP039266.1	negative_control	bacterial	3000	2023061
NZ_CP049230.1_frag_374_L3000	NZ_CP049230.1	negative_control	bacterial	3000	1318700
NZ_AP012332.1_frag_552_L3000	NZ_AP012332.1	negative_control	bacterial	3000	1667406
NZ_AP012332.1_frag_314_L3000	NZ_AP012332.1	negative_control	bacterial	3000	1667406
NZ_AP012332.1_frag_143_L3000	NZ_AP012332.1	negative_control	bacterial	3000	1667406
NZ_AP012332.1_frag_257_L3000	NZ_AP012332.1	negative_control	bacterial	3000	1667406
NZ_CP065631.1_frag_272_L3000	NZ_CP065631.1	negative_control	bacterial	3000	1447017
NZ_AP012332.1_frag_156_L3000	NZ_AP012332.1	negative_control	bacterial	3000	1667406
NZ_CP065631.1_frag_338_L3000	NZ_CP065631.1	negative_control	bacterial	3000	1447017
NZ_AFIJ01000044.1_frag_4_L3000	NZ_AFIJ01000044.1	negative_control	bacterial	3000	23508
NZ_AFIJ01000035.1_frag_8_L3000	NZ_AFIJ01000035.1	negative_control	bacterial	3000	55251
NZ_AFIJ01000038.1_frag_18_L3000	NZ_AFIJ01000038.1	negative_control	bacterial	3000	96055
NZ_CP039266.1_frag_451_L3000	NZ_CP039266.1	negative_control	bacterial	3000	2023061
NZ_CP039266.1_frag_638_L3000	NZ_CP039266.1	negative_control	bacterial	3000	2023061
NZ_CP049230.1_frag_267_L3000	NZ_CP049230.1	negative_control	bacterial	3000	1318700
NZ_CP049230.1_frag_31_L3000	NZ_CP049230.1	negative_control	bacterial	3000	1318700
NZ_CP039266.1_frag_420_L3000	NZ_CP039266.1	negative_control	bacterial	3000	2023061
NZ_CP049230.1_frag_67_L3000	NZ_CP049230.1	negative_control	bacterial	3000	1318700
NZ_CP049230.1_frag_225_L3000	NZ_CP049230.1	negative_control	bacterial	3000	1318700
NZ_CP039266.1_frag_387_L3000	NZ_CP039266.1	negative_control	bacterial	3000	2023061
NZ_AFIJ01000004.1_frag_13_L3000	NZ_AFIJ01000004.1	negative_control	bacterial	3000	100595
NZ_AFIJ01000039.1_frag_38_L3000	NZ_AFIJ01000039.1	negative_control	bacterial	3000	122540
NZ_CP065631.1_frag_328_L3000	NZ_CP065631.1	negative_control	bacterial	3000	1447017
NZ_AP012332.1_frag_98_L3000	NZ_AP012332.1	negative_control	bacterial	3000	1667406
NZ_CP039266.1_frag_658_L3000	NZ_CP039266.1	negative_control	bacterial	3000	2023061
NZ_AFIJ01000038.1_frag_7_L3000	NZ_AFIJ01000038.1	negative_control	bacterial	3000	96055
NZ_CP065631.1_frag_104_L3000	NZ_CP065631.1	negative_control	bacterial	3000	1447017
NZ_AP012332.1_frag_467_L3000	NZ_AP012332.1	negative_control	bacterial	3000	1667406
NZ_CP011280.1_frag_398_L3000	NZ_CP011280.1	negative_control	bacterial	3000	1330224
NZ_CP039266.1_frag_301_L3000	NZ_CP039266.1	negative_control	bacterial	3000	2023061
NZ_AP012332.1_frag_448_L3000	NZ_AP012332.1	negative_control	bacterial	3000	1667406
NZ_CP011280.1_frag_186_L3000	NZ_CP011280.1	negative_control	bacterial	3000	1330224
NZ_AP012332.1_frag_32_L3000	NZ_AP012332.1	negative_control	bacterial	3000	1667406
NZ_CP065631.1_frag_148_L3000	NZ_CP065631.1	negative_control	bacterial	3000	1447017
NZ_CP049230.1_frag_131_L3000	NZ_CP049230.1	negative_control	bacterial	3000	1318700
NZ_AP012332.1_frag_388_L3000	NZ_AP012332.1	negative_control	bacterial	3000	1667406
NZ_CP049230.1_frag_185_L3000	NZ_CP049230.1	negative_control	bacterial	3000	1318700
NZ_CP049230.1_frag_353_L3000	NZ_CP049230.1	negative_control	bacterial	3000	1318700
NZ_AP012332.1_frag_114_L3000	NZ_AP012332.1	negative_control	bacterial	3000	1667406
NZ_CP039266.1_frag_467_L3000	NZ_CP039266.1	negative_control	bacterial	3000	2023061
NZ_CP011280.1_frag_131_L3000	NZ_CP011280.1	negative_control	bacterial	3000	1330224
NZ_CP039266.1_frag_642_L3000	NZ_CP039266.1	negative_control	bacterial	3000	2023061
NZ_AP012332.1_frag_66_L3000	NZ_AP012332.1	negative_control	bacterial	3000	1667406
NZ_AFIJ01000007.1_frag_39_L3000	NZ_AFIJ01000007.1	negative_control	bacterial	3000	148045
NZ_AP012332.1_frag_396_L3000	NZ_AP012332.1	negative_control	bacterial	3000	1667406
NZ_CP049230.1_frag_243_L3000	NZ_CP049230.1	negative_control	bacterial	3000	1318700
NZ_CP065631.1_frag_53_L3000	NZ_CP065631.1	negative_control	bacterial	3000	1447017
NZ_CP011280.1_frag_434_L3000	NZ_CP011280.1	negative_control	bacterial	3000	1330224
NZ_CP065631.1_frag_353_L3000	NZ_CP065631.1	negative_control	bacterial	3000	1447017
NZ_AP012332.1_frag_429_L3000	NZ_AP012332.1	negative_control	bacterial	3000	1667406
NZ_CP011280.1_frag_86_L3000	NZ_CP011280.1	negative_control	bacterial	3000	1330224
NZ_CP039266.1_frag_392_L3000	NZ_CP039266.1	negative_control	bacterial	3000	2023061
NZ_CP011280.1_frag_210_L3000	NZ_CP011280.1	negative_control	bacterial	3000	1330224
NZ_CP049230.1_frag_304_L3000	NZ_CP049230.1	negative_control	bacterial	3000	1318700
NZ_CP011280.1_frag_102_L3000	NZ_CP011280.1	negative_control	bacterial	3000	1330224
NZ_CP039266.1_frag_41_L3000	NZ_CP039266.1	negative_control	bacterial	3000	2023061
NZ_CP011280.1_frag_118_L3000	NZ_CP011280.1	negative_control	bacterial	3000	1330224
NZ_CP039266.1_frag_232_L3000	NZ_CP039266.1	negative_control	bacterial	3000	2023061
NZ_CP039266.1_frag_33_L3000	NZ_CP039266.1	negative_control	bacterial	3000	2023061
NZ_AFIJ01000020.1_frag_12_L3000	NZ_AFIJ01000020.1	negative_control	bacterial	3000	80676
NZ_AFIJ01000011.1_frag_4_L3000	NZ_AFIJ01000011.1	negative_control	bacterial	3000	37253
NZ_CP039266.1_frag_231_L3000	NZ_CP039266.1	negative_control	bacterial	3000	2023061
NZ_CP065631.1_frag_440_L3000	NZ_CP065631.1	negative_control	bacterial	3000	1447017
NZ_CP011280.1_frag_47_L3000	NZ_CP011280.1	negative_control	bacterial	3000	1330224
NZ_CP039266.1_frag_185_L3000	NZ_CP039266.1	negative_control	bacterial	3000	2023061
NZ_AFIJ01000032.1_frag_23_L3000	NZ_AFIJ01000032.1	negative_control	bacterial	3000	123176
NZ_CP039266.1_frag_549_L3000	NZ_CP039266.1	negative_control	bacterial	3000	2023061
NZ_CP065631.1_frag_123_L3000	NZ_CP065631.1	negative_control	bacterial	3000	1447017
NZ_AFIJ01000038.1_frag_13_L3000	NZ_AFIJ01000038.1	negative_control	bacterial	3000	96055
NZ_CP039266.1_frag_313_L3000	NZ_CP039266.1	negative_control	bacterial	3000	2023061
NZ_AP012332.1_frag_236_L3000	NZ_AP012332.1	negative_control	bacterial	3000	1667406
NZ_CP065631.1_frag_112_L3000	NZ_CP065631.1	negative_control	bacterial	3000	1447017
NZ_CP039266.1_frag_510_L3000	NZ_CP039266.1	negative_control	bacterial	3000	2023061
NZ_AFIJ01000003.1_frag_1_L3000	NZ_AFIJ01000003.1	negative_control	bacterial	3000	19318
NZ_AP012332.1_frag_374_L3000	NZ_AP012332.1	negative_control	bacterial	3000	1667406
NZ_AFIJ01000006.1_frag_4_L3000	NZ_AFIJ01000006.1	negative_control	bacterial	3000	35744
NZ_CP011280.1_frag_264_L3000	NZ_CP011280.1	negative_control	bacterial	3000	1330224
NZ_AP012332.1_frag_177_L3000	NZ_AP012332.1	negative_control	bacterial	3000	1667406
NZ_CP039266.1_frag_125_L3000	NZ_CP039266.1	negative_control	bacterial	3000	2023061
NZ_CP065631.1_frag_442_L3000	NZ_CP065631.1	negative_control	bacterial	3000	1447017
NZ_AFIJ01000023.1_frag_10_L3000	NZ_AFIJ01000023.1	negative_control	bacterial	3000	71554
NZ_AFIJ01000039.1_frag_10_L3000	NZ_AFIJ01000039.1	negative_control	bacterial	3000	122540
NZ_AFIJ01000032.1_frag_25_L3000	NZ_AFIJ01000032.1	negative_control	bacterial	3000	123176
NZ_AFIJ01000038.1_frag_31_L3000	NZ_AFIJ01000038.1	negative_control	bacterial	3000	96055
NZ_CP039266.1_frag_439_L3000	NZ_CP039266.1	negative_control	bacterial	3000	2023061
NZ_AP012332.1_frag_44_L3000	NZ_AP012332.1	negative_control	bacterial	3000	1667406
NZ_CP011280.1_frag_177_L3000	NZ_CP011280.1	negative_control	bacterial	3000	1330224
NZ_AFIJ01000005.1_frag_3_L3000	NZ_AFIJ01000005.1	negative_control	bacterial	3000	10272
NZ_CP039266.1_frag_422_L3000	NZ_CP039266.1	negative_control	bacterial	3000	2023061
NZ_AFIJ01000032.1_frag_7_L3000	NZ_AFIJ01000032.1	negative_control	bacterial	3000	123176
NZ_AP012332.1_frag_303_L3000	NZ_AP012332.1	negative_control	bacterial	3000	1667406
NZ_AP012332.1_frag_189_L3000	NZ_AP012332.1	negative_control	bacterial	3000	1667406
NZ_AFIJ01000044.1_frag_7_L3000	NZ_AFIJ01000044.1	negative_control	bacterial	3000	23508
NZ_CP049230.1_frag_377_L3000	NZ_CP049230.1	negative_control	bacterial	3000	1318700
NZ_CP011280.1_frag_136_L3000	NZ_CP011280.1	negative_control	bacterial	3000	1330224
NZ_AFIJ01000009.1_frag_8_L3000	NZ_AFIJ01000009.1	negative_control	bacterial	3000	28506
NZ_CP039266.1_frag_423_L3000	NZ_CP039266.1	negative_control	bacterial	3000	2023061
NZ_AFIJ01000032.1_frag_41_L3000	NZ_AFIJ01000032.1	negative_control	bacterial	3000	123176
NZ_AP012332.1_frag_412_L3000	NZ_AP012332.1	negative_control	bacterial	3000	1667406
NZ_AP012332.1_frag_349_L3000	NZ_AP012332.1	negative_control	bacterial	3000	1667406
NZ_AP012332.1_frag_224_L3000	NZ_AP012332.1	negative_control	bacterial	3000	1667406
NZ_CP049230.1_frag_220_L3000	NZ_CP049230.1	negative_control	bacterial	3000	1318700
NZ_CP049230.1_frag_245_L3000	NZ_CP049230.1	negative_control	bacterial	3000	1318700
NZ_AFIJ01000007.1_frag_42_L3000	NZ_AFIJ01000007.1	negative_control	bacterial	3000	148045
NZ_CP065631.1_frag_251_L3000	NZ_CP065631.1	negative_control	bacterial	3000	1447017
NZ_CP039266.1_frag_532_L3000	NZ_CP039266.1	negative_control	bacterial	3000	2023061
NZ_AP012332.1_frag_229_L3000	NZ_AP012332.1	negative_control	bacterial	3000	1667406
NZ_CP049230.1_frag_156_L3000	NZ_CP049230.1	negative_control	bacterial	3000	1318700
NZ_CP065631.1_frag_101_L3000	NZ_CP065631.1	negative_control	bacterial	3000	1447017
NZ_CP011280.1_frag_301_L3000	NZ_CP011280.1	negative_control	bacterial	3000	1330224
NZ_AP012332.1_frag_64_L3000	NZ_AP012332.1	negative_control	bacterial	3000	1667406
NZ_AP012332.1_frag_247_L3000	NZ_AP012332.1	negative_control	bacterial	3000	1667406
NZ_CP065631.1_frag_70_L3000	NZ_CP065631.1	negative_control	bacterial	3000	1447017
NZ_CP049230.1_frag_46_L3000	NZ_CP049230.1	negative_control	bacterial	3000	1318700
NZ_AFIJ01000036.1_frag_2_L3000	NZ_AFIJ01000036.1	negative_control	bacterial	3000	38748
NZ_AP012332.1_frag_272_L3000	NZ_AP012332.1	negative_control	bacterial	3000	1667406
NZ_CP039266.1_frag_15_L3000	NZ_CP039266.1	negative_control	bacterial	3000	2023061
NZ_CP065631.1_frag_140_L3000	NZ_CP065631.1	negative_control	bacterial	3000	1447017
NZ_CP039266.1_frag_507_L3000	NZ_CP039266.1	negative_control	bacterial	3000	2023061
NZ_CP049230.1_frag_21_L3000	NZ_CP049230.1	negative_control	bacterial	3000	1318700
NZ_CP039266.1_frag_175_L3000	NZ_CP039266.1	negative_control	bacterial	3000	2023061
NZ_AFIJ01000018.1_frag_8_L3000	NZ_AFIJ01000018.1	negative_control	bacterial	3000	43361
NZ_CP049230.1_frag_229_L3000	NZ_CP049230.1	negative_control	bacterial	3000	1318700
NZ_CP065631.1_frag_193_L3000	NZ_CP065631.1	negative_control	bacterial	3000	1447017
NZ_CP011280.1_frag_241_L3000	NZ_CP011280.1	negative_control	bacterial	3000	1330224
NZ_CP049230.1_frag_147_L3000	NZ_CP049230.1	negative_control	bacterial	3000	1318700
NZ_CP039266.1_frag_47_L3000	NZ_CP039266.1	negative_control	bacterial	3000	2023061
NZ_CP065631.1_frag_318_L3000	NZ_CP065631.1	negative_control	bacterial	3000	1447017
NZ_CP039266.1_frag_544_L3000	NZ_CP039266.1	negative_control	bacterial	3000	2023061
NZ_CP011280.1_frag_314_L3000	NZ_CP011280.1	negative_control	bacterial	3000	1330224
NZ_CP049230.1_frag_181_L3000	NZ_CP049230.1	negative_control	bacterial	3000	1318700
NZ_CP039266.1_frag_278_L3000	NZ_CP039266.1	negative_control	bacterial	3000	2023061
NZ_CP039266.1_frag_190_L3000	NZ_CP039266.1	negative_control	bacterial	3000	2023061
NZ_CP065631.1_frag_173_L3000	NZ_CP065631.1	negative_control	bacterial	3000	1447017
NZ_AFIJ01000008.1_frag_49_L3000	NZ_AFIJ01000008.1	negative_control	bacterial	3000	149073
NZ_AFIJ01000032.1_frag_31_L3000	NZ_AFIJ01000032.1	negative_control	bacterial	3000	123176
NZ_CP049230.1_frag_287_L3000	NZ_CP049230.1	negative_control	bacterial	3000	1318700
NZ_CP049230.1_frag_11_L3000	NZ_CP049230.1	negative_control	bacterial	3000	1318700
NZ_CP039266.1_frag_438_L3000	NZ_CP039266.1	negative_control	bacterial	3000	2023061
NZ_AP012332.1_frag_10_L3000	NZ_AP012332.1	negative_control	bacterial	3000	1667406
NZ_CP039266.1_frag_354_L3000	NZ_CP039266.1	negative_control	bacterial	3000	2023061
NZ_CP039266.1_frag_397_L3000	NZ_CP039266.1	negative_control	bacterial	3000	2023061
NZ_CP011280.1_frag_297_L3000	NZ_CP011280.1	negative_control	bacterial	3000	1330224
NZ_AFIJ01000007.1_frag_24_L3000	NZ_AFIJ01000007.1	negative_control	bacterial	3000	148045
NZ_AFIJ01000033.1_frag_2_L3000	NZ_AFIJ01000033.1	negative_control	bacterial	3000	81962
NZ_CP049230.1_frag_41_L3000	NZ_CP049230.1	negative_control	bacterial	3000	1318700
NZ_CP011280.1_frag_100_L3000	NZ_CP011280.1	negative_control	bacterial	3000	1330224
NZ_AFIJ01000007.1_frag_43_L3000	NZ_AFIJ01000007.1	negative_control	bacterial	3000	148045
NZ_AP012332.1_frag_389_L3000	NZ_AP012332.1	negative_control	bacterial	3000	1667406
NZ_CP039266.1_frag_192_L3000	NZ_CP039266.1	negative_control	bacterial	3000	2023061
NZ_AFIJ01000008.1_frag_9_L3000	NZ_AFIJ01000008.1	negative_control	bacterial	3000	149073
NZ_AP012332.1_frag_173_L3000	NZ_AP012332.1	negative_control	bacterial	3000	1667406
NZ_AFIJ01000007.1_frag_46_L3000	NZ_AFIJ01000007.1	negative_control	bacterial	3000	148045
NZ_AP012332.1_frag_537_L3000	NZ_AP012332.1	negative_control	bacterial	3000	1667406
NZ_CP011280.1_frag_308_L3000	NZ_CP011280.1	negative_control	bacterial	3000	1330224
NZ_CP039266.1_frag_440_L3000	NZ_CP039266.1	negative_control	bacterial	3000	2023061
NZ_AFIJ01000009.1_frag_3_L3000	NZ_AFIJ01000009.1	negative_control	bacterial	3000	28506
NZ_CP065631.1_frag_233_L3000	NZ_CP065631.1	negative_control	bacterial	3000	1447017
NZ_CP011280.1_frag_418_L3000	NZ_CP011280.1	negative_control	bacterial	3000	1330224
NZ_CP049230.1_frag_311_L3000	NZ_CP049230.1	negative_control	bacterial	3000	1318700
NZ_CP065631.1_frag_404_L3000	NZ_CP065631.1	negative_control	bacterial	3000	1447017
NZ_AP012332.1_frag_345_L3000	NZ_AP012332.1	negative_control	bacterial	3000	1667406
NZ_CP011280.1_frag_342_L3000	NZ_CP011280.1	negative_control	bacterial	3000	1330224
NZ_CP039266.1_frag_272_L3000	NZ_CP039266.1	negative_control	bacterial	3000	2023061
NZ_CP039266.1_frag_283_L3000	NZ_CP039266.1	negative_control	bacterial	3000	2023061
NZ_AFIJ01000023.1_frag_14_L3000	NZ_AFIJ01000023.1	negative_control	bacterial	3000	71554
NZ_CP049230.1_frag_138_L3000	NZ_CP049230.1	negative_control	bacterial	3000	1318700
NZ_CP039266.1_frag_196_L3000	NZ_CP039266.1	negative_control	bacterial	3000	2023061
NZ_CP039266.1_frag_195_L3000	NZ_CP039266.1	negative_control	bacterial	3000	2023061
NZ_CP039266.1_frag_650_L3000	NZ_CP039266.1	negative_control	bacterial	3000	2023061
NZ_CP065631.1_frag_314_L3000	NZ_CP065631.1	negative_control	bacterial	3000	1447017
NZ_AFIJ01000032.1_frag_2_L3000	NZ_AFIJ01000032.1	negative_control	bacterial	3000	123176
NZ_CP049230.1_frag_207_L3000	NZ_CP049230.1	negative_control	bacterial	3000	1318700
NZ_CP065631.1_frag_187_L3000	NZ_CP065631.1	negative_control	bacterial	3000	1447017
NZ_AFIJ01000020.1_frag_6_L3000	NZ_AFIJ01000020.1	negative_control	bacterial	3000	80676
NZ_CP039266.1_frag_617_L3000	NZ_CP039266.1	negative_control	bacterial	3000	2023061
NZ_AP012332.1_frag_297_L3000	NZ_AP012332.1	negative_control	bacterial	3000	1667406
NZ_CP039266.1_frag_18_L3000	NZ_CP039266.1	negative_control	bacterial	3000	2023061
NZ_CP011280.1_frag_336_L3000	NZ_CP011280.1	negative_control	bacterial	3000	1330224
NZ_CP011280.1_frag_433_L3000	NZ_CP011280.1	negative_control	bacterial	3000	1330224
NZ_AP012332.1_frag_393_L3000	NZ_AP012332.1	negative_control	bacterial	3000	1667406
NZ_CP011280.1_frag_386_L3000	NZ_CP011280.1	negative_control	bacterial	3000	1330224
NZ_CP065631.1_frag_234_L3000	NZ_CP065631.1	negative_control	bacterial	3000	1447017
NZ_CP039266.1_frag_601_L3000	NZ_CP039266.1	negative_control	bacterial	3000	2023061
NZ_CP011280.1_frag_346_L3000	NZ_CP011280.1	negative_control	bacterial	3000	1330224
NZ_CP049230.1_frag_398_L3000	NZ_CP049230.1	negative_control	bacterial	3000	1318700
NZ_CP039266.1_frag_378_L3000	NZ_CP039266.1	negative_control	bacterial	3000	2023061
NZ_CP065631.1_frag_134_L3000	NZ_CP065631.1	negative_control	bacterial	3000	1447017
NZ_CP011280.1_frag_431_L3000	NZ_CP011280.1	negative_control	bacterial	3000	1330224
NZ_CP065631.1_frag_210_L3000	NZ_CP065631.1	negative_control	bacterial	3000	1447017
NZ_AFIJ01000006.1_frag_2_L3000	NZ_AFIJ01000006.1	negative_control	bacterial	3000	35744
NZ_AFIJ01000023.1_frag_12_L3000	NZ_AFIJ01000023.1	negative_control	bacterial	3000	71554
NZ_AP012332.1_frag_1_L3000	NZ_AP012332.1	negative_control	bacterial	3000	1667406
NZ_CP049230.1_frag_170_L3000	NZ_CP049230.1	negative_control	bacterial	3000	1318700
NZ_AFIJ01000027.1_frag_3_L3000	NZ_AFIJ01000027.1	negative_control	bacterial	3000	12043
NZ_CP039266.1_frag_381_L3000	NZ_CP039266.1	negative_control	bacterial	3000	2023061
NZ_CP039266.1_frag_384_L3000	NZ_CP039266.1	negative_control	bacterial	3000	2023061
NZ_AP012332.1_frag_379_L3000	NZ_AP012332.1	negative_control	bacterial	3000	1667406
NZ_CP011280.1_frag_270_L3000	NZ_CP011280.1	negative_control	bacterial	3000	1330224
NZ_AP012332.1_frag_150_L3000	NZ_AP012332.1	negative_control	bacterial	3000	1667406
NZ_CP065631.1_frag_455_L3000	NZ_CP065631.1	negative_control	bacterial	3000	1447017
NZ_CP039266.1_frag_596_L3000	NZ_CP039266.1	negative_control	bacterial	3000	2023061
NZ_AP012332.1_frag_259_L3000	NZ_AP012332.1	negative_control	bacterial	3000	1667406
NZ_AFIJ01000045.1_frag_6_L3000	NZ_AFIJ01000045.1	negative_control	bacterial	3000	114466
NZ_AFIJ01000007.1_frag_5_L3000	NZ_AFIJ01000007.1	negative_control	bacterial	3000	148045
NZ_AFIJ01000039.1_frag_1_L3000	NZ_AFIJ01000039.1	negative_control	bacterial	3000	122540
NZ_CP011280.1_frag_381_L3000	NZ_CP011280.1	negative_control	bacterial	3000	1330224
NZ_CP049230.1_frag_34_L3000	NZ_CP049230.1	negative_control	bacterial	3000	1318700
NZ_AP012332.1_frag_252_L3000	NZ_AP012332.1	negative_control	bacterial	3000	1667406
NZ_CP039266.1_frag_636_L3000	NZ_CP039266.1	negative_control	bacterial	3000	2023061
NZ_AFIJ01000007.1_frag_13_L3000	NZ_AFIJ01000007.1	negative_control	bacterial	3000	148045
NZ_CP011280.1_frag_19_L3000	NZ_CP011280.1	negative_control	bacterial	3000	1330224
NZ_AFIJ01000008.1_frag_30_L3000	NZ_AFIJ01000008.1	negative_control	bacterial	3000	149073
NZ_CP049230.1_frag_260_L3000	NZ_CP049230.1	negative_control	bacterial	3000	1318700
NZ_CP049230.1_frag_326_L3000	NZ_CP049230.1	negative_control	bacterial	3000	1318700
NZ_CP039266.1_frag_517_L3000	NZ_CP039266.1	negative_control	bacterial	3000	2023061
NZ_AFIJ01000004.1_frag_22_L3000	NZ_AFIJ01000004.1	negative_control	bacterial	3000	100595
NZ_CP039266.1_frag_627_L3000	NZ_CP039266.1	negative_control	bacterial	3000	2023061
NZ_CP039266.1_frag_482_L3000	NZ_CP039266.1	negative_control	bacterial	3000	2023061
NZ_CP039266.1_frag_547_L3000	NZ_CP039266.1	negative_control	bacterial	3000	2023061
NZ_CP039266.1_frag_251_L3000	NZ_CP039266.1	negative_control	bacterial	3000	2023061
NZ_AFIJ01000008.1_frag_43_L3000	NZ_AFIJ01000008.1	negative_control	bacterial	3000	149073
NZ_CP039266.1_frag_228_L3000	NZ_CP039266.1	negative_control	bacterial	3000	2023061
NZ_AP012332.1_frag_450_L3000	NZ_AP012332.1	negative_control	bacterial	3000	1667406
NZ_CP011280.1_frag_284_L3000	NZ_CP011280.1	negative_control	bacterial	3000	1330224
NZ_CP011280.1_frag_216_L3000	NZ_CP011280.1	negative_control	bacterial	3000	1330224
NZ_CP049230.1_frag_405_L3000	NZ_CP049230.1	negative_control	bacterial	3000	1318700
NZ_CP039266.1_frag_159_L3000	NZ_CP039266.1	negative_control	bacterial	3000	2023061
NZ_AFIJ01000038.1_frag_8_L3000	NZ_AFIJ01000038.1	negative_control	bacterial	3000	96055
NZ_CP065631.1_frag_199_L3000	NZ_CP065631.1	negative_control	bacterial	3000	1447017
NZ_CP065631.1_frag_189_L3000	NZ_CP065631.1	negative_control	bacterial	3000	1447017
NZ_AFIJ01000020.1_frag_16_L3000	NZ_AFIJ01000020.1	negative_control	bacterial	3000	80676
NZ_AFIJ01000033.1_frag_19_L3000	NZ_AFIJ01000033.1	negative_control	bacterial	3000	81962
NZ_AFIJ01000007.1_frag_48_L3000	NZ_AFIJ01000007.1	negative_control	bacterial	3000	148045
NZ_CP011280.1_frag_60_L3000	NZ_CP011280.1	negative_control	bacterial	3000	1330224
NZ_CP065631.1_frag_95_L3000	NZ_CP065631.1	negative_control	bacterial	3000	1447017
NZ_AP012332.1_frag_172_L3000	NZ_AP012332.1	negative_control	bacterial	3000	1667406
NZ_CP011280.1_frag_243_L3000	NZ_CP011280.1	negative_control	bacterial	3000	1330224
NZ_AP012332.1_frag_498_L3000	NZ_AP012332.1	negative_control	bacterial	3000	1667406
NZ_CP049230.1_frag_91_L3000	NZ_CP049230.1	negative_control	bacterial	3000	1318700
NZ_AP012332.1_frag_35_L3000	NZ_AP012332.1	negative_control	bacterial	3000	1667406
NZ_CP049230.1_frag_283_L3000	NZ_CP049230.1	negative_control	bacterial	3000	1318700
NZ_AFIJ01000008.1_frag_6_L3000	NZ_AFIJ01000008.1	negative_control	bacterial	3000	149073
NZ_AP012332.1_frag_299_L3000	NZ_AP012332.1	negative_control	bacterial	3000	1667406
NZ_CP039266.1_frag_311_L3000	NZ_CP039266.1	negative_control	bacterial	3000	2023061
NZ_CP049230.1_frag_72_L3000	NZ_CP049230.1	negative_control	bacterial	3000	1318700
NZ_CP039266.1_frag_60_L3000	NZ_CP039266.1	negative_control	bacterial	3000	2023061
NZ_CP011280.1_frag_334_L3000	NZ_CP011280.1	negative_control	bacterial	3000	1330224
NZ_CP065631.1_frag_386_L3000	NZ_CP065631.1	negative_control	bacterial	3000	1447017
NZ_CP065631.1_frag_246_L3000	NZ_CP065631.1	negative_control	bacterial	3000	1447017
NZ_CP065631.1_frag_83_L3000	NZ_CP065631.1	negative_control	bacterial	3000	1447017
NZ_CP039266.1_frag_230_L3000	NZ_CP039266.1	negative_control	bacterial	3000	2023061
NZ_CP049230.1_frag_323_L3000	NZ_CP049230.1	negative_control	bacterial	3000	1318700
NZ_CP049230.1_frag_429_L3000	NZ_CP049230.1	negative_control	bacterial	3000	1318700
NZ_AP012332.1_frag_77_L3000	NZ_AP012332.1	negative_control	bacterial	3000	1667406
NZ_AP012332.1_frag_369_L3000	NZ_AP012332.1	negative_control	bacterial	3000	1667406
NZ_CP065631.1_frag_185_L3000	NZ_CP065631.1	negative_control	bacterial	3000	1447017
NZ_CP049230.1_frag_251_L3000	NZ_CP049230.1	negative_control	bacterial	3000	1318700
NZ_CP039266.1_frag_393_L3000	NZ_CP039266.1	negative_control	bacterial	3000	2023061
NZ_AP012332.1_frag_168_L3000	NZ_AP012332.1	negative_control	bacterial	3000	1667406
NZ_AP012332.1_frag_94_L3000	NZ_AP012332.1	negative_control	bacterial	3000	1667406
NZ_CP039266.1_frag_383_L3000	NZ_CP039266.1	negative_control	bacterial	3000	2023061
NZ_CP039266.1_frag_386_L3000	NZ_CP039266.1	negative_control	bacterial	3000	2023061
NZ_CP039266.1_frag_647_L3000	NZ_CP039266.1	negative_control	bacterial	3000	2023061
NZ_CP065631.1_frag_229_L3000	NZ_CP065631.1	negative_control	bacterial	3000	1447017
NZ_CP011280.1_frag_295_L3000	NZ_CP011280.1	negative_control	bacterial	3000	1330224
NZ_AFIJ01000039.1_frag_8_L3000	NZ_AFIJ01000039.1	negative_control	bacterial	3000	122540
NZ_CP049230.1_frag_345_L3000	NZ_CP049230.1	negative_control	bacterial	3000	1318700
NZ_AFIJ01000008.1_frag_19_L3000	NZ_AFIJ01000008.1	negative_control	bacterial	3000	149073
NZ_CP049230.1_frag_409_L3000	NZ_CP049230.1	negative_control	bacterial	3000	1318700
NZ_CP011280.1_frag_222_L3000	NZ_CP011280.1	negative_control	bacterial	3000	1330224
NZ_AP012332.1_frag_228_L3000	NZ_AP012332.1	negative_control	bacterial	3000	1667406
NZ_CP011280.1_frag_228_L3000	NZ_CP011280.1	negative_control	bacterial	3000	1330224
NZ_CP049230.1_frag_248_L3000	NZ_CP049230.1	negative_control	bacterial	3000	1318700
NZ_CP039266.1_frag_347_L3000	NZ_CP039266.1	negative_control	bacterial	3000	2023061
NZ_CP065631.1_frag_288_L3000	NZ_CP065631.1	negative_control	bacterial	3000	1447017
NZ_CP049230.1_frag_433_L3000	NZ_CP049230.1	negative_control	bacterial	3000	1318700
NZ_CP065631.1_frag_270_L3000	NZ_CP065631.1	negative_control	bacterial	3000	1447017
NZ_CP065631.1_frag_362_L3000	NZ_CP065631.1	negative_control	bacterial	3000	1447017
NZ_CP039266.1_frag_5_L3000	NZ_CP039266.1	negative_control	bacterial	3000	2023061
NZ_CP065631.1_frag_275_L3000	NZ_CP065631.1	negative_control	bacterial	3000	1447017
NZ_CP039266.1_frag_604_L3000	NZ_CP039266.1	negative_control	bacterial	3000	2023061
NZ_CP011280.1_frag_164_L3000	NZ_CP011280.1	negative_control	bacterial	3000	1330224
NZ_CP049230.1_frag_428_L3000	NZ_CP049230.1	negative_control	bacterial	3000	1318700
NZ_CP039266.1_frag_28_L3000	NZ_CP039266.1	negative_control	bacterial	3000	2023061
NZ_AFIJ01000004.1_frag_4_L3000	NZ_AFIJ01000004.1	negative_control	bacterial	3000	100595
NZ_CP039266.1_frag_193_L3000	NZ_CP039266.1	negative_control	bacterial	3000	2023061
NZ_CP049230.1_frag_350_L3000	NZ_CP049230.1	negative_control	bacterial	3000	1318700
NZ_AFIJ01000029.1_frag_16_L3000	NZ_AFIJ01000029.1	negative_control	bacterial	3000	104968
NZ_CP065631.1_frag_141_L3000	NZ_CP065631.1	negative_control	bacterial	3000	1447017
NZ_CP065631.1_frag_85_L3000	NZ_CP065631.1	negative_control	bacterial	3000	1447017
NZ_CP049230.1_frag_176_L3000	NZ_CP049230.1	negative_control	bacterial	3000	1318700
NZ_AP012332.1_frag_329_L3000	NZ_AP012332.1	negative_control	bacterial	3000	1667406
NZ_AFIJ01000007.1_frag_11_L3000	NZ_AFIJ01000007.1	negative_control	bacterial	3000	148045
NZ_CP039266.1_frag_637_L3000	NZ_CP039266.1	negative_control	bacterial	3000	2023061
NZ_CP049230.1_frag_368_L3000	NZ_CP049230.1	negative_control	bacterial	3000	1318700
NZ_CP065631.1_frag_481_L3000	NZ_CP065631.1	negative_control	bacterial	3000	1447017
NZ_CP065631.1_frag_446_L3000	NZ_CP065631.1	negative_control	bacterial	3000	1447017
NZ_AFIJ01000011.1_frag_1_L3000	NZ_AFIJ01000011.1	negative_control	bacterial	3000	37253
NZ_CP039266.1_frag_153_L3000	NZ_CP039266.1	negative_control	bacterial	3000	2023061
NZ_AFIJ01000004.1_frag_12_L3000	NZ_AFIJ01000004.1	negative_control	bacterial	3000	100595
NZ_CP049230.1_frag_358_L3000	NZ_CP049230.1	negative_control	bacterial	3000	1318700
NZ_CP039266.1_frag_565_L3000	NZ_CP039266.1	negative_control	bacterial	3000	2023061
NZ_AP012332.1_frag_267_L3000	NZ_AP012332.1	negative_control	bacterial	3000	1667406
NZ_CP011280.1_frag_183_L3000	NZ_CP011280.1	negative_control	bacterial	3000	1330224
NZ_CP011280.1_frag_20_L3000	NZ_CP011280.1	negative_control	bacterial	3000	1330224
NZ_CP039266.1_frag_330_L3000	NZ_CP039266.1	negative_control	bacterial	3000	2023061
NZ_AFIJ01000020.1_frag_3_L3000	NZ_AFIJ01000020.1	negative_control	bacterial	3000	80676
NZ_CP039266.1_frag_610_L3000	NZ_CP039266.1	negative_control	bacterial	3000	2023061
NZ_CP049230.1_frag_63_L3000	NZ_CP049230.1	negative_control	bacterial	3000	1318700
NZ_AP012332.1_frag_234_L3000	NZ_AP012332.1	negative_control	bacterial	3000	1667406
NZ_AFIJ01000032.1_frag_19_L3000	NZ_AFIJ01000032.1	negative_control	bacterial	3000	123176
NZ_CP011280.1_frag_238_L3000	NZ_CP011280.1	negative_control	bacterial	3000	1330224
NZ_CP065631.1_frag_152_L3000	NZ_CP065631.1	negative_control	bacterial	3000	1447017
NZ_CP011280.1_frag_130_L3000	NZ_CP011280.1	negative_control	bacterial	3000	1330224
NZ_AP012332.1_frag_397_L3000	NZ_AP012332.1	negative_control	bacterial	3000	1667406
NZ_CP039266.1_frag_101_L3000	NZ_CP039266.1	negative_control	bacterial	3000	2023061
NZ_AFIJ01000023.1_frag_22_L3000	NZ_AFIJ01000023.1	negative_control	bacterial	3000	71554
NZ_CP039266.1_frag_607_L3000	NZ_CP039266.1	negative_control	bacterial	3000	2023061
NZ_CP065631.1_frag_366_L3000	NZ_CP065631.1	negative_control	bacterial	3000	1447017
NZ_CP049230.1_frag_215_L3000	NZ_CP049230.1	negative_control	bacterial	3000	1318700
NZ_CP049230.1_frag_208_L3000	NZ_CP049230.1	negative_control	bacterial	3000	1318700
NZ_CP039266.1_frag_126_L3000	NZ_CP039266.1	negative_control	bacterial	3000	2023061
NZ_CP065631.1_frag_114_L3000	NZ_CP065631.1	negative_control	bacterial	3000	1447017
NZ_AFIJ01000004.1_frag_23_L3000	NZ_AFIJ01000004.1	negative_control	bacterial	3000	100595
NZ_CP049230.1_frag_74_L3000	NZ_CP049230.1	negative_control	bacterial	3000	1318700
NZ_CP039266.1_frag_129_L3000	NZ_CP039266.1	negative_control	bacterial	3000	2023061
NZ_CP039266.1_frag_659_L3000	NZ_CP039266.1	negative_control	bacterial	3000	2023061
NZ_AP012332.1_frag_347_L3000	NZ_AP012332.1	negative_control	bacterial	3000	1667406
NZ_CP039266.1_frag_16_L3000	NZ_CP039266.1	negative_control	bacterial	3000	2023061
NZ_CP065631.1_frag_241_L3000	NZ_CP065631.1	negative_control	bacterial	3000	1447017
NZ_CP011280.1_frag_30_L3000	NZ_CP011280.1	negative_control	bacterial	3000	1330224
NZ_AP012332.1_frag_376_L3000	NZ_AP012332.1	negative_control	bacterial	3000	1667406
NZ_AP012332.1_frag_93_L3000	NZ_AP012332.1	negative_control	bacterial	3000	1667406
NZ_AP012332.1_frag_359_L3000	NZ_AP012332.1	negative_control	bacterial	3000	1667406
NZ_AFIJ01000007.1_frag_8_L3000	NZ_AFIJ01000007.1	negative_control	bacterial	3000	148045
NZ_AFIJ01000007.1_frag_32_L3000	NZ_AFIJ01000007.1	negative_control	bacterial	3000	148045
NZ_CP039266.1_frag_448_L3000	NZ_CP039266.1	negative_control	bacterial	3000	2023061
NZ_AFIJ01000020.1_frag_2_L3000	NZ_AFIJ01000020.1	negative_control	bacterial	3000	80676
NZ_AFIJ01000032.1_frag_20_L3000	NZ_AFIJ01000032.1	negative_control	bacterial	3000	123176
NZ_CP011280.1_frag_215_L3000	NZ_CP011280.1	negative_control	bacterial	3000	1330224
NZ_CP049230.1_frag_169_L3000	NZ_CP049230.1	negative_control	bacterial	3000	1318700
NZ_CP039266.1_frag_260_L3000	NZ_CP039266.1	negative_control	bacterial	3000	2023061
NZ_CP011280.1_frag_8_L3000	NZ_CP011280.1	negative_control	bacterial	3000	1330224
NZ_CP049230.1_frag_106_L3000	NZ_CP049230.1	negative_control	bacterial	3000	1318700
NZ_CP011280.1_frag_206_L3000	NZ_CP011280.1	negative_control	bacterial	3000	1330224
NZ_CP011280.1_frag_218_L3000	NZ_CP011280.1	negative_control	bacterial	3000	1330224
NZ_AFIJ01000018.1_frag_9_L3000	NZ_AFIJ01000018.1	negative_control	bacterial	3000	43361
NZ_CP039266.1_frag_546_L3000	NZ_CP039266.1	negative_control	bacterial	3000	2023061
NZ_CP039266.1_frag_577_L3000	NZ_CP039266.1	negative_control	bacterial	3000	2023061
NZ_CP011280.1_frag_37_L3000	NZ_CP011280.1	negative_control	bacterial	3000	1330224
NZ_CP011280.1_frag_373_L3000	NZ_CP011280.1	negative_control	bacterial	3000	1330224
NZ_CP065631.1_frag_146_L3000	NZ_CP065631.1	negative_control	bacterial	3000	1447017
NZ_CP065631.1_frag_214_L3000	NZ_CP065631.1	negative_control	bacterial	3000	1447017
NZ_CP065631.1_frag_57_L3000	NZ_CP065631.1	negative_control	bacterial	3000	1447017
NZ_AFIJ01000020.1_frag_17_L3000	NZ_AFIJ01000020.1	negative_control	bacterial	3000	80676
NZ_CP039266.1_frag_375_L3000	NZ_CP039266.1	negative_control	bacterial	3000	2023061
NZ_CP049230.1_frag_28_L3000	NZ_CP049230.1	negative_control	bacterial	3000	1318700
NZ_AFIJ01000029.1_frag_18_L3000	NZ_AFIJ01000029.1	negative_control	bacterial	3000	104968
NZ_AP012332.1_frag_182_L3000	NZ_AP012332.1	negative_control	bacterial	3000	1667406
NZ_CP039266.1_frag_444_L3000	NZ_CP039266.1	negative_control	bacterial	3000	2023061
NZ_CP049230.1_frag_15_L3000	NZ_CP049230.1	negative_control	bacterial	3000	1318700
NZ_CP039266.1_frag_246_L3000	NZ_CP039266.1	negative_control	bacterial	3000	2023061
NZ_CP049230.1_frag_141_L3000	NZ_CP049230.1	negative_control	bacterial	3000	1318700
NZ_CP065631.1_frag_378_L3000	NZ_CP065631.1	negative_control	bacterial	3000	1447017
NZ_CP049230.1_frag_102_L3000	NZ_CP049230.1	negative_control	bacterial	3000	1318700
NZ_AFIJ01000007.1_frag_44_L3000	NZ_AFIJ01000007.1	negative_control	bacterial	3000	148045
NZ_AFIJ01000033.1_frag_24_L3000	NZ_AFIJ01000033.1	negative_control	bacterial	3000	81962
NZ_CP049230.1_frag_114_L3000	NZ_CP049230.1	negative_control	bacterial	3000	1318700
NZ_CP049230.1_frag_303_L3000	NZ_CP049230.1	negative_control	bacterial	3000	1318700
NZ_CP039266.1_frag_380_L3000	NZ_CP039266.1	negative_control	bacterial	3000	2023061
NZ_AP012332.1_frag_545_L3000	NZ_AP012332.1	negative_control	bacterial	3000	1667406
NZ_AP012332.1_frag_420_L3000	NZ_AP012332.1	negative_control	bacterial	3000	1667406
NZ_CP039266.1_frag_6_L3000	NZ_CP039266.1	negative_control	bacterial	3000	2023061
NZ_AFIJ01000029.1_frag_29_L3000	NZ_AFIJ01000029.1	negative_control	bacterial	3000	104968
NZ_CP039266.1_frag_325_L3000	NZ_CP039266.1	negative_control	bacterial	3000	2023061
NZ_AFIJ01000044.1_frag_5_L3000	NZ_AFIJ01000044.1	negative_control	bacterial	3000	23508
NZ_CP049230.1_frag_357_L3000	NZ_CP049230.1	negative_control	bacterial	3000	1318700
NZ_CP011280.1_frag_353_L3000	NZ_CP011280.1	negative_control	bacterial	3000	1330224
NZ_AFIJ01000007.1_frag_29_L3000	NZ_AFIJ01000007.1	negative_control	bacterial	3000	148045
NZ_CP011280.1_frag_33_L3000	NZ_CP011280.1	negative_control	bacterial	3000	1330224
NZ_AP012332.1_frag_427_L3000	NZ_AP012332.1	negative_control	bacterial	3000	1667406
NZ_CP039266.1_frag_160_L3000	NZ_CP039266.1	negative_control	bacterial	3000	2023061
NZ_AP012332.1_frag_470_L3000	NZ_AP012332.1	negative_control	bacterial	3000	1667406
NZ_AFIJ01000045.1_frag_36_L3000	NZ_AFIJ01000045.1	negative_control	bacterial	3000	114466
NZ_CP039266.1_frag_266_L3000	NZ_CP039266.1	negative_control	bacterial	3000	2023061
NZ_AFIJ01000013.1_frag_2_L3000	NZ_AFIJ01000013.1	negative_control	bacterial	3000	6229
NZ_CP049230.1_frag_93_L3000	NZ_CP049230.1	negative_control	bacterial	3000	1318700
NZ_AP012332.1_frag_212_L3000	NZ_AP012332.1	negative_control	bacterial	3000	1667406
NZ_AFIJ01000007.1_frag_37_L3000	NZ_AFIJ01000007.1	negative_control	bacterial	3000	148045
NZ_CP049230.1_frag_143_L3000	NZ_CP049230.1	negative_control	bacterial	3000	1318700
NZ_CP065631.1_frag_196_L3000	NZ_CP065631.1	negative_control	bacterial	3000	1447017
NZ_AFIJ01000036.1_frag_8_L3000	NZ_AFIJ01000036.1	negative_control	bacterial	3000	38748
NZ_CP039266.1_frag_509_L3000	NZ_CP039266.1	negative_control	bacterial	3000	2023061
NZ_CP049230.1_frag_136_L3000	NZ_CP049230.1	negative_control	bacterial	3000	1318700
NZ_CP011280.1_frag_337_L3000	NZ_CP011280.1	negative_control	bacterial	3000	1330224
NZ_CP049230.1_frag_347_L3000	NZ_CP049230.1	negative_control	bacterial	3000	1318700
NZ_CP011280.1_frag_221_L3000	NZ_CP011280.1	negative_control	bacterial	3000	1330224
NZ_CP039266.1_frag_366_L3000	NZ_CP039266.1	negative_control	bacterial	3000	2023061
NZ_CP039266.1_frag_206_L3000	NZ_CP039266.1	negative_control	bacterial	3000	2023061
NZ_CP011280.1_frag_328_L3000	NZ_CP011280.1	negative_control	bacterial	3000	1330224
NZ_CP039266.1_frag_102_L3000	NZ_CP039266.1	negative_control	bacterial	3000	2023061
NZ_CP011280.1_frag_165_L3000	NZ_CP011280.1	negative_control	bacterial	3000	1330224
NZ_CP011280.1_frag_57_L3000	NZ_CP011280.1	negative_control	bacterial	3000	1330224
NZ_AP012332.1_frag_497_L3000	NZ_AP012332.1	negative_control	bacterial	3000	1667406
NZ_CP065631.1_frag_73_L3000	NZ_CP065631.1	negative_control	bacterial	3000	1447017
NZ_CP011280.1_frag_249_L3000	NZ_CP011280.1	negative_control	bacterial	3000	1330224
NZ_CP039266.1_frag_315_L3000	NZ_CP039266.1	negative_control	bacterial	3000	2023061
NZ_CP049230.1_frag_75_L3000	NZ_CP049230.1	negative_control	bacterial	3000	1318700
NZ_AP012332.1_frag_400_L3000	NZ_AP012332.1	negative_control	bacterial	3000	1667406
NZ_CP039266.1_frag_57_L3000	NZ_CP039266.1	negative_control	bacterial	3000	2023061
NZ_AFIJ01000017.1_frag_2_L3000	NZ_AFIJ01000017.1	negative_control	bacterial	3000	21892
NZ_CP049230.1_frag_399_L3000	NZ_CP049230.1	negative_control	bacterial	3000	1318700
NZ_CP065631.1_frag_115_L3000	NZ_CP065631.1	negative_control	bacterial	3000	1447017
NZ_CP039266.1_frag_127_L3000	NZ_CP039266.1	negative_control	bacterial	3000	2023061
NZ_CP065631.1_frag_339_L3000	NZ_CP065631.1	negative_control	bacterial	3000	1447017
NZ_CP011280.1_frag_357_L3000	NZ_CP011280.1	negative_control	bacterial	3000	1330224
NZ_AFIJ01000006.1_frag_1_L3000	NZ_AFIJ01000006.1	negative_control	bacterial	3000	35744
NZ_AFIJ01000029.1_frag_12_L3000	NZ_AFIJ01000029.1	negative_control	bacterial	3000	104968
NZ_AP012332.1_frag_65_L3000	NZ_AP012332.1	negative_control	bacterial	3000	1667406
NZ_CP039266.1_frag_469_L3000	NZ_CP039266.1	negative_control	bacterial	3000	2023061
NZ_AP012332.1_frag_122_L3000	NZ_AP012332.1	negative_control	bacterial	3000	1667406
NZ_CP011280.1_frag_147_L3000	NZ_CP011280.1	negative_control	bacterial	3000	1330224
NZ_AP012332.1_frag_454_L3000	NZ_AP012332.1	negative_control	bacterial	3000	1667406
NZ_AP012332.1_frag_417_L3000	NZ_AP012332.1	negative_control	bacterial	3000	1667406
NZ_AFIJ01000045.1_frag_21_L3000	NZ_AFIJ01000045.1	negative_control	bacterial	3000	114466
NZ_AP012332.1_frag_235_L3000	NZ_AP012332.1	negative_control	bacterial	3000	1667406
NZ_CP049230.1_frag_315_L3000	NZ_CP049230.1	negative_control	bacterial	3000	1318700
NZ_CP039266.1_frag_176_L3000	NZ_CP039266.1	negative_control	bacterial	3000	2023061
NZ_AP012332.1_frag_539_L3000	NZ_AP012332.1	negative_control	bacterial	3000	1667406
NZ_CP039266.1_frag_561_L3000	NZ_CP039266.1	negative_control	bacterial	3000	2023061
NZ_CP065631.1_frag_116_L3000	NZ_CP065631.1	negative_control	bacterial	3000	1447017
NZ_AFIJ01000032.1_frag_32_L3000	NZ_AFIJ01000032.1	negative_control	bacterial	3000	123176
NZ_CP065631.1_frag_375_L3000	NZ_CP065631.1	negative_control	bacterial	3000	1447017
NZ_CP011280.1_frag_55_L3000	NZ_CP011280.1	negative_control	bacterial	3000	1330224
NZ_CP065631.1_frag_367_L3000	NZ_CP065631.1	negative_control	bacterial	3000	1447017
NZ_CP039266.1_frag_202_L3000	NZ_CP039266.1	negative_control	bacterial	3000	2023061
NZ_CP039266.1_frag_75_L3000	NZ_CP039266.1	negative_control	bacterial	3000	2023061
NZ_AFIJ01000039.1_frag_3_L3000	NZ_AFIJ01000039.1	negative_control	bacterial	3000	122540
NZ_AFIJ01000033.1_frag_21_L3000	NZ_AFIJ01000033.1	negative_control	bacterial	3000	81962
NZ_AFIJ01000045.1_frag_29_L3000	NZ_AFIJ01000045.1	negative_control	bacterial	3000	114466
NZ_CP011280.1_frag_40_L3000	NZ_CP011280.1	negative_control	bacterial	3000	1330224
NZ_AP012332.1_frag_225_L3000	NZ_AP012332.1	negative_control	bacterial	3000	1667406
NZ_AP012332.1_frag_280_L3000	NZ_AP012332.1	negative_control	bacterial	3000	1667406
NZ_CP065631.1_frag_226_L3000	NZ_CP065631.1	negative_control	bacterial	3000	1447017
NZ_AP012332.1_frag_510_L3000	NZ_AP012332.1	negative_control	bacterial	3000	1667406
NZ_CP065631.1_frag_388_L3000	NZ_CP065631.1	negative_control	bacterial	3000	1447017
NZ_CP065631.1_frag_409_L3000	NZ_CP065631.1	negative_control	bacterial	3000	1447017
NZ_AP012332.1_frag_197_L3000	NZ_AP012332.1	negative_control	bacterial	3000	1667406
NZ_CP039266.1_frag_103_L3000	NZ_CP039266.1	negative_control	bacterial	3000	2023061
NZ_CP049230.1_frag_122_L3000	NZ_CP049230.1	negative_control	bacterial	3000	1318700
NZ_CP039266.1_frag_643_L3000	NZ_CP039266.1	negative_control	bacterial	3000	2023061
NZ_CP065631.1_frag_449_L3000	NZ_CP065631.1	negative_control	bacterial	3000	1447017
NZ_AP012332.1_frag_348_L3000	NZ_AP012332.1	negative_control	bacterial	3000	1667406
