contig_id	label	source_genome	source_category	pident	query_coverage	length
NODE_1000_length_7652_cov_2.881980	background	-	-	-	-	7652
NODE_1001_length_7635_cov_38.892300	background	-	-	-	-	7635
NODE_1002_length_7629_cov_62.632283	background	-	-	-	-	7629
NODE_1003_length_7628_cov_2.919613	background	-	-	-	-	7628
NODE_1004_length_7624_cov_16.052339	background	-	-	-	-	7624
NODE_1005_length_7611_cov_31.376958	bacterial	NZ_AP012332.1	negative_control	98.9	80.8	7611
NODE_1006_length_7608_cov_10.428894	background	-	-	-	-	7608
NODE_1007_length_7608_cov_4.780773	background	-	-	-	-	7608
NODE_1008_length_7602_cov_8.248638	background	-	-	-	-	7602
NODE_1009_length_7594_cov_60.588267	background	-	-	-	-	7594
NODE_100_length_58061_cov_50.555757	background	-	-	-	-	58061
NODE_1010_length_7588_cov_16.808148	background	-	-	-	-	7588
NODE_1011_length_7587_cov_4.031558	background	-	-	-	-	7587
NODE_1012_length_7581_cov_3.907516	background	-	-	-	-	7581
NODE_1013_length_7559_cov_3.270516	background	-	-	-	-	7559
NODE_1014_length_7547_cov_55.365596	bacterial	NZ_CP049230.1	negative_control	99.0	100.0	7547
NODE_1015_length_7543_cov_3.295473	background	-	-	-	-	7543
NODE_1016_length_7540_cov_3.161195	background	-	-	-	-	7540
NODE_1017_length_7529_cov_18.413446	background	-	-	-	-	7529
NODE_1018_length_7514_cov_4.409305	background	-	-	-	-	7514
NODE_1019_length_7509_cov_140.111276	background	-	-	-	-	7509
NODE_101_length_57488_cov_13.704656	background	-	-	-	-	57488
NODE_1020_length_7495_cov_7.212726	background	-	-	-	-	7495
NODE_1021_length_7483_cov_3.383473	background	-	-	-	-	7483
NODE_1022_length_7435_cov_14.877820	background	-	-	-	-	7435
NODE_1023_length_7435_cov_8.084670	background	-	-	-	-	7435
NODE_1024_length_7402_cov_4.679317	background	-	-	-	-	7402
NODE_1025_length_7397_cov_3.348224	background	-	-	-	-	7397
NODE_1026_length_7367_cov_4.550892	background	-	-	-	-	7367
NODE_1027_length_7365_cov_5.146679	background	-	-	-	-	7365
NODE_1028_length_7362_cov_2.693617	background	-	-	-	-	7362
NODE_1029_length_7342_cov_4.369443	background	-	-	-	-	7342
NODE_102_length_56990_cov_13.481032	background	-	-	-	-	56990
NODE_1030_length_7339_cov_2.849490	background	-	-	-	-	7339
NODE_1031_length_7327_cov_4.395310	background	-	-	-	-	7327
NODE_1032_length_7322_cov_9.987440	background	-	-	-	-	7322
NODE_1033_length_7316_cov_3.890040	background	-	-	-	-	7316
NODE_1034_length_7315_cov_43.205305	background	-	-	-	-	7315
NODE_1035_length_7314_cov_73.484731	background	-	-	-	-	7314
NODE_1036_length_7313_cov_38.444721	background	-	-	-	-	7313
NODE_1037_length_7302_cov_4.734671	background	-	-	-	-	7302
NODE_1038_length_7300_cov_33.228298	background	-	-	-	-	7300
NODE_1039_length_7298_cov_87.491206	background	-	-	-	-	7298
NODE_103_length_56923_cov_13.071298	background	-	-	-	-	56923
NODE_1040_length_7294_cov_3.444229	background	-	-	-	-	7294
NODE_1041_length_7284_cov_22.604135	background	-	-	-	-	7284
NODE_1042_length_7280_cov_2.647369	background	-	-	-	-	7280
NODE_1043_length_7264_cov_4.925143	background	-	-	-	-	7264
NODE_1044_length_7259_cov_47.824283	background	-	-	-	-	7259
NODE_1045_length_7257_cov_2.578830	background	-	-	-	-	7257
NODE_1046_length_7256_cov_22.421786	background	-	-	-	-	7256
NODE_1047_length_7256_cov_6.770024	background	-	-	-	-	7256
NODE_1048_length_7256_cov_3.702744	background	-	-	-	-	7256
NODE_1049_length_7247_cov_3.174059	background	-	-	-	-	7247
NODE_104_length_56683_cov_126.854503	background	-	-	-	-	56683
NODE_1050_length_7245_cov_187.264788	background	-	-	-	-	7245
NODE_1051_length_7234_cov_3.578315	background	-	-	-	-	7234
NODE_1052_length_7233_cov_136.638066	bacterial	NZ_CP065631.1	negative_control	98.3	99.7	7233
NODE_1053_length_7229_cov_6.190716	background	-	-	-	-	7229
NODE_1054_length_7217_cov_13.029832	background	-	-	-	-	7217
NODE_1055_length_7213_cov_2.847534	background	-	-	-	-	7213
NODE_1056_length_7187_cov_37.088889	background	-	-	-	-	7187
NODE_1057_length_7185_cov_3.376899	background	-	-	-	-	7185
NODE_1058_length_7180_cov_17.310151	background	-	-	-	-	7180
NODE_1059_length_7180_cov_4.937491	background	-	-	-	-	7180
NODE_105_length_56451_cov_10.031078	background	-	-	-	-	56451
NODE_1060_length_7168_cov_5.546608	background	-	-	-	-	7168
NODE_1061_length_7158_cov_8.895495	background	-	-	-	-	7158
NODE_1062_length_7155_cov_3.165160	background	-	-	-	-	7155
NODE_1063_length_7154_cov_29.243465	bacterial	NZ_AP012332.1	negative_control	97.8	99.9	7154
NODE_1064_length_7124_cov_181.353200	background	-	-	-	-	7124
NODE_1065_length_7115_cov_36.845126	background	-	-	-	-	7115
NODE_1066_length_7108_cov_10.439198	background	-	-	-	-	7108
NODE_1067_length_7106_cov_83.592403	background	-	-	-	-	7106
NODE_1068_length_7088_cov_7.180573	background	-	-	-	-	7088
NODE_1069_length_7075_cov_3.874821	background	-	-	-	-	7075
NODE_106_length_56447_cov_54.830300	bacterial	NZ_CP049230.1	negative_control	98.8	93.9	56447
NODE_1070_length_7067_cov_146.001288	bacterial	NZ_CP065631.1	negative_control	96.8	95.0	7067
NODE_1071_length_7066_cov_7.935470	background	-	-	-	-	7066
NODE_1072_length_7050_cov_143.905779	background	-	-	-	-	7050
NODE_1073_length_7047_cov_119.304878	background	-	-	-	-	7047
NODE_1074_length_7043_cov_47.576945	background	-	-	-	-	7043
NODE_1075_length_7032_cov_11.382027	background	-	-	-	-	7032
NODE_1076_length_7017_cov_5.100000	background	-	-	-	-	7017
NODE_1077_length_7015_cov_10.230470	background	-	-	-	-	7015
NODE_1078_length_7011_cov_11.360686	bacterial	NZ_CP011280.1	negative_control	98.9	100.0	7011
NODE_1079_length_7006_cov_5.624333	background	-	-	-	-	7006
NODE_107_length_54174_cov_66.210252	background	-	-	-	-	54174
NODE_1080_length_7006_cov_5.096406	background	-	-	-	-	7006
NODE_1081_length_7006_cov_4.687401	background	-	-	-	-	7006
NODE_1082_length_7002_cov_13.920722	background	-	-	-	-	7002
NODE_1083_length_7002_cov_4.845776	background	-	-	-	-	7002
NODE_1084_length_6999_cov_58.791245	background	-	-	-	-	6999
NODE_1085_length_6954_cov_12.158354	background	-	-	-	-	6954
NODE_1086_length_6937_cov_8.335131	background	-	-	-	-	6937
NODE_1087_length_6933_cov_4.690490	background	-	-	-	-	6933
NODE_1088_length_6923_cov_6.401402	background	-	-	-	-	6923
NODE_1089_length_6918_cov_5.159187	background	-	-	-	-	6918
NODE_108_length_54115_cov_8.932492	background	-	-	-	-	54115
NODE_1090_length_6917_cov_6.787865	background	-	-	-	-	6917
NODE_1091_length_6904_cov_5.943606	background	-	-	-	-	6904
NODE_1092_length_6898_cov_4.579241	background	-	-	-	-	6898
NODE_1093_length_6888_cov_7.325943	background	-	-	-	-	6888
NODE_1094_length_6888_cov_3.525767	background	-	-	-	-	6888
NODE_1095_length_6877_cov_2.645147	background	-	-	-	-	6877
NODE_1096_length_6876_cov_30.190469	background	-	-	-	-	6876
NODE_1097_length_6872_cov_3.450625	background	-	-	-	-	6872
NODE_1098_length_6871_cov_81.938328	background	-	-	-	-	6871
NODE_1099_length_6854_cov_63.148296	background	-	-	-	-	6854
NODE_109_length_53846_cov_11.549815	background	-	-	-	-	53846
NODE_10_length_185806_cov_1165.628146	background	-	-	-	-	185806
NODE_1100_length_6840_cov_4.615851	background	-	-	-	-	6840
NODE_1101_length_6836_cov_3.694186	background	-	-	-	-	6836
NODE_1102_length_6831_cov_3.631478	background	-	-	-	-	6831
NODE_1103_length_6809_cov_72.091949	background	-	-	-	-	6809
NODE_1104_length_6807_cov_49.683061	bacterial	NZ_CP049230.1	negative_control	99.2	94.9	6807
NODE_1105_length_6807_cov_2.895542	background	-	-	-	-	6807
NODE_1106_length_6805_cov_11.875000	background	-	-	-	-	6805
NODE_1107_length_6804_cov_4.468114	background	-	-	-	-	6804
NODE_1108_length_6789_cov_5.556764	background	-	-	-	-	6789
NODE_1109_length_6788_cov_2.502161	background	-	-	-	-	6788
NODE_110_length_52793_cov_5.360384	background	-	-	-	-	52793
NODE_1110_length_6775_cov_114.473276	background	-	-	-	-	6775
NODE_1111_length_6772_cov_5.184615	background	-	-	-	-	6772
NODE_1112_length_6768_cov_3.957256	background	-	-	-	-	6768
NODE_1113_length_6756_cov_33.724510	bacterial	NZ_AP012332.1	negative_control	98.4	100.0	6756
NODE_1114_length_6752_cov_2.707715	background	-	-	-	-	6752
NODE_1115_length_6737_cov_183.553904	background	-	-	-	-	6737
NODE_1116_length_6734_cov_3.715337	background	-	-	-	-	6734
NODE_1117_length_6733_cov_4.477464	background	-	-	-	-	6733
NODE_1118_length_6729_cov_22.038184	background	-	-	-	-	6729
NODE_1119_length_6729_cov_6.471587	background	-	-	-	-	6729
NODE_111_length_52576_cov_10.643688	background	-	-	-	-	52576
NODE_1120_length_6719_cov_4.498645	background	-	-	-	-	6719
NODE_1121_length_6710_cov_8.613146	background	-	-	-	-	6710
NODE_1122_length_6708_cov_3.521490	background	-	-	-	-	6708
NODE_1123_length_6707_cov_2.631976	background	-	-	-	-	6707
NODE_1124_length_6699_cov_25.522803	background	-	-	-	-	6699
NODE_1125_length_6699_cov_4.093325	background	-	-	-	-	6699
NODE_1126_length_6676_cov_6.222913	background	-	-	-	-	6676
NODE_1127_length_6673_cov_117.646301	background	-	-	-	-	6673
NODE_1128_length_6665_cov_4.632362	background	-	-	-	-	6665
NODE_1129_length_6660_cov_5.486556	background	-	-	-	-	6660
NODE_112_length_52347_cov_1181.149857	background	-	-	-	-	52347
NODE_1130_length_6658_cov_25.884060	background	-	-	-	-	6658
NODE_1131_length_6657_cov_2.814134	background	-	-	-	-	6657
NODE_1132_length_6654_cov_4.637525	background	-	-	-	-	6654
NODE_1133_length_6649_cov_13.157943	bacterial	NZ_CP011280.1	negative_control	98.6	93.4	6649
NODE_1134_length_6637_cov_257.667530	background	-	-	-	-	6637
NODE_1135_length_6635_cov_88.504117	background	-	-	-	-	6635
NODE_1136_length_6633_cov_119.742221	background	-	-	-	-	6633
NODE_1137_length_6630_cov_197.182817	bacterial	NZ_CP065631.1	negative_control	98.6	99.7	6630
NODE_1138_length_6627_cov_5.024275	background	-	-	-	-	6627
NODE_1139_length_6620_cov_6.606297	background	-	-	-	-	6620
NODE_113_length_50855_cov_7.593860	background	-	-	-	-	50855
NODE_1140_length_6619_cov_231.807551	bacterial	NZ_AP012332.1	negative_control	98.6	100.0	6619
NODE_1141_length_6579_cov_6.192864	background	-	-	-	-	6579
NODE_1142_length_6573_cov_98.346829	background	-	-	-	-	6573
NODE_1143_length_6572_cov_2.713318	background	-	-	-	-	6572
NODE_1144_length_6571_cov_20.956575	background	-	-	-	-	6571
NODE_1145_length_6567_cov_11.828351	background	-	-	-	-	6567
NODE_1146_length_6563_cov_16.566759	background	-	-	-	-	6563
NODE_1147_length_6554_cov_3.970820	background	-	-	-	-	6554
NODE_1148_length_6549_cov_133.531675	background	-	-	-	-	6549
NODE_1149_length_6544_cov_79.080254	background	-	-	-	-	6544
NODE_114_length_50746_cov_15.316170	background	-	-	-	-	50746
NODE_1150_length_6533_cov_1083.958643	background	-	-	-	-	6533
NODE_1151_length_6533_cov_5.386307	background	-	-	-	-	6533
NODE_1152_length_6528_cov_3.321035	background	-	-	-	-	6528
NODE_1153_length_6515_cov_34.905716	bacterial	NZ_AP012332.1	negative_control	98.7	83.3	6515
NODE_1154_length_6508_cov_5.144457	background	-	-	-	-	6508
NODE_1155_length_6498_cov_3.204797	background	-	-	-	-	6498
NODE_1156_length_6493_cov_212.701216	background	-	-	-	-	6493
NODE_1157_length_6479_cov_9.753515	background	-	-	-	-	6479
NODE_1158_length_6474_cov_166.193997	background	-	-	-	-	6474
NODE_1159_length_6472_cov_2.964347	background	-	-	-	-	6472
NODE_115_length_50063_cov_14.017505	background	-	-	-	-	50063
NODE_1160_length_6471_cov_12.945887	background	-	-	-	-	6471
NODE_1161_length_6470_cov_5.687627	background	-	-	-	-	6470
NODE_1162_length_6453_cov_3.520703	background	-	-	-	-	6453
NODE_1163_length_6449_cov_39.475989	background	-	-	-	-	6449
NODE_1164_length_6449_cov_4.176083	background	-	-	-	-	6449
NODE_1165_length_6444_cov_180.146223	bacterial	NZ_CP065631.1	negative_control	96.3	100.0	6444
NODE_1166_length_6444_cov_19.006754	background	-	-	-	-	6444
NODE_1167_length_6435_cov_79.427178	background	-	-	-	-	6435
NODE_1168_length_6432_cov_3.926987	background	-	-	-	-	6432
NODE_1169_length_6431_cov_3.849386	background	-	-	-	-	6431
NODE_116_length_49730_cov_7.616982	background	-	-	-	-	49730
NODE_1170_length_6413_cov_15.115688	background	-	-	-	-	6413
NODE_1171_length_6412_cov_38.486661	background	-	-	-	-	6412
NODE_1172_length_6411_cov_4.408746	background	-	-	-	-	6411
NODE_1173_length_6371_cov_2.607563	background	-	-	-	-	6371
NODE_1174_length_6368_cov_5.590367	background	-	-	-	-	6368
NODE_1175_length_6368_cov_4.785408	background	-	-	-	-	6368
NODE_1176_length_6353_cov_9.373646	background	-	-	-	-	6353
NODE_1177_length_6351_cov_3.701945	background	-	-	-	-	6351
NODE_1178_length_6348_cov_12.605326	background	-	-	-	-	6348
NODE_1179_length_6342_cov_583.801596	background	-	-	-	-	6342
NODE_117_length_49699_cov_10.492141	background	-	-	-	-	49699
NODE_1180_length_6342_cov_83.698005	background	-	-	-	-	6342
NODE_1181_length_6340_cov_72.975251	background	-	-	-	-	6340
NODE_1182_length_6338_cov_3.035458	background	-	-	-	-	6338
NODE_1183_length_6330_cov_33.978730	background	-	-	-	-	6330
NODE_1184_length_6328_cov_206.902736	bacterial	NZ_CP065631.1	negative_control	98.9	100.0	6328
NODE_1185_length_6326_cov_8.532245	background	-	-	-	-	6326
NODE_1186_length_6324_cov_65.045142	background	-	-	-	-	6324
NODE_1187_length_6320_cov_13.716002	background	-	-	-	-	6320
NODE_1188_length_6317_cov_4.848077	background	-	-	-	-	6317
NODE_1189_length_6316_cov_2.744831	background	-	-	-	-	6316
NODE_118_length_49585_cov_77.628161	background	-	-	-	-	49585
NODE_1190_length_6311_cov_103.897177	background	-	-	-	-	6311
NODE_1191_length_6309_cov_13.205873	background	-	-	-	-	6309
NODE_1192_length_6307_cov_59.558427	background	-	-	-	-	6307
NODE_1193_length_6300_cov_12.882372	bacterial	NZ_CP011280.1	negative_control	98.6	100.0	6300
NODE_1194_length_6297_cov_10.006592	background	-	-	-	-	6297
NODE_1195_length_6290_cov_76.809432	background	-	-	-	-	6290
NODE_1196_length_6290_cov_13.183003	background	-	-	-	-	6290
NODE_1197_length_6290_cov_7.239981	background	-	-	-	-	6290
NODE_1198_length_6287_cov_3.884702	background	-	-	-	-	6287
NODE_1199_length_6286_cov_726.280722	background	-	-	-	-	6286
NODE_119_length_49262_cov_947.919040	background	-	-	-	-	49262
NODE_11_length_180231_cov_46.157066	background	-	-	-	-	180231
NODE_1200_length_6286_cov_3.891770	background	-	-	-	-	6286
NODE_1201_length_6270_cov_2.944938	background	-	-	-	-	6270
NODE_1202_length_6249_cov_4.175632	background	-	-	-	-	6249
NODE_1203_length_6246_cov_6.426325	background	-	-	-	-	6246
NODE_1204_length_6244_cov_6.146262	background	-	-	-	-	6244
NODE_1205_length_6242_cov_40.818329	background	-	-	-	-	6242
NODE_1206_length_6241_cov_3.009085	background	-	-	-	-	6241
NODE_1207_length_6239_cov_20.702856	background	-	-	-	-	6239
NODE_1208_length_6237_cov_5.062500	background	-	-	-	-	6237
NODE_1209_length_6230_cov_14.543800	bacterial	NZ_CP011280.1	negative_control	98.7	100.0	6230
NODE_120_length_48737_cov_54.433025	bacterial	NZ_CP049230.1	negative_control	98.8	96.3	48737
NODE_1210_length_6227_cov_3.735285	background	-	-	-	-	6227
NODE_1211_length_6224_cov_7.127867	background	-	-	-	-	6224
NODE_1212_length_6223_cov_3.164823	background	-	-	-	-	6223
NODE_1213_length_6220_cov_138.381573	background	-	-	-	-	6220
NODE_1214_length_6219_cov_2.870075	background	-	-	-	-	6219
NODE_1215_length_6216_cov_3.032579	background	-	-	-	-	6216
NODE_1216_length_6215_cov_12.145650	bacterial	NZ_CP011280.1	negative_control	98.5	100.0	6215
NODE_1217_length_6212_cov_3.539364	background	-	-	-	-	6212
NODE_1218_length_6211_cov_41.075970	background	-	-	-	-	6211
NODE_1219_length_6208_cov_35.005872	bacterial	NZ_AP012332.1	negative_control	96.2	89.6	6208
NODE_121_length_48685_cov_3.573260	background	-	-	-	-	48685
NODE_1220_length_6207_cov_5.135563	background	-	-	-	-	6207
NODE_1221_length_6206_cov_128.548703	background	-	-	-	-	6206
NODE_1222_length_6190_cov_5.190577	background	-	-	-	-	6190
NODE_1223_length_6190_cov_2.878129	background	-	-	-	-	6190
NODE_1224_length_6189_cov_11.248855	bacterial	NZ_CP011280.1	negative_control	99.2	98.4	6189
NODE_1225_length_6188_cov_3.432335	background	-	-	-	-	6188
NODE_1226_length_6187_cov_12.238789	bacterial	NZ_CP011280.1	negative_control	99.1	100.0	6187
NODE_1227_length_6185_cov_3.484610	background	-	-	-	-	6185
NODE_1228_length_6182_cov_6.038002	background	-	-	-	-	6182
NODE_1229_length_6177_cov_2.617705	background	-	-	-	-	6177
NODE_122_length_48586_cov_96.610485	background	-	-	-	-	48586
NODE_1230_length_6172_cov_40.978999	background	-	-	-	-	6172
NODE_1231_length_6170_cov_4.551288	background	-	-	-	-	6170
NODE_1232_length_6169_cov_155.641989	background	-	-	-	-	6169
NODE_1233_length_6164_cov_56.489897	background	-	-	-	-	6164
NODE_1234_length_6161_cov_4.266765	background	-	-	-	-	6161
NODE_1235_length_6158_cov_12.796908	background	-	-	-	-	6158
NODE_1236_length_6157_cov_5.085855	background	-	-	-	-	6157
NODE_1237_length_6145_cov_5.393705	background	-	-	-	-	6145
NODE_1238_length_6144_cov_42.564035	background	-	-	-	-	6144
NODE_1239_length_6142_cov_2.646661	background	-	-	-	-	6142
NODE_123_length_48511_cov_58.129289	background	-	-	-	-	48511
NODE_1240_length_6138_cov_12.378815	bacterial	NZ_CP011280.1	negative_control	98.7	87.3	6138
NODE_1241_length_6132_cov_2.935095	background	-	-	-	-	6132
NODE_1242_length_6121_cov_4.138319	background	-	-	-	-	6121
NODE_1243_length_6118_cov_2.604370	background	-	-	-	-	6118
NODE_1244_length_6098_cov_140.589437	bacterial	NZ_CP065631.1	negative_control	97.6	94.9	6098
NODE_1245_length_6088_cov_2.398603	background	-	-	-	-	6088
NODE_1246_length_6074_cov_3.872436	background	-	-	-	-	6074
NODE_1247_length_6071_cov_65.392226	background	-	-	-	-	6071
NODE_1248_length_6071_cov_41.732399	background	-	-	-	-	6071
NODE_1249_length_6070_cov_164.651760	bacterial	NZ_CP065631.1	negative_control	98.1	99.6	6070
NODE_124_length_47761_cov_23.579314	background	-	-	-	-	47761
NODE_1250_length_6070_cov_9.527782	background	-	-	-	-	6070
NODE_1251_length_6068_cov_3.388583	background	-	-	-	-	6068
NODE_1252_length_6059_cov_8.125209	background	-	-	-	-	6059
NODE_1253_length_6055_cov_13.628973	background	-	-	-	-	6055
NODE_1254_length_6047_cov_10.862312	background	-	-	-	-	6047
NODE_1255_length_6046_cov_170.601441	background	-	-	-	-	6046
NODE_1256_length_6042_cov_171.820788	background	-	-	-	-	6042
NODE_1257_length_6041_cov_2.943494	background	-	-	-	-	6041
NODE_1258_length_6039_cov_2.714525	background	-	-	-	-	6039
NODE_1259_length_6035_cov_3.745384	background	-	-	-	-	6035
NODE_125_length_47367_cov_9.372214	background	-	-	-	-	47367
NODE_1260_length_6031_cov_4.244709	background	-	-	-	-	6031
NODE_1261_length_6023_cov_4.434746	background	-	-	-	-	6023
NODE_1262_length_6022_cov_4.898066	background	-	-	-	-	6022
NODE_1263_length_6018_cov_8.793637	background	-	-	-	-	6018
NODE_1264_length_6018_cov_2.899849	background	-	-	-	-	6018
NODE_1265_length_6016_cov_30.907055	background	-	-	-	-	6016
NODE_1266_length_6006_cov_60.236802	background	-	-	-	-	6006
NODE_1267_length_6000_cov_64.216276	background	-	-	-	-	6000
NODE_1268_length_5994_cov_84.087375	background	-	-	-	-	5994
NODE_1269_length_5981_cov_3.296748	background	-	-	-	-	5981
NODE_126_length_47067_cov_32.232645	background	-	-	-	-	47067
NODE_1270_length_5977_cov_2.542373	background	-	-	-	-	5977
NODE_1271_length_5976_cov_5.219698	background	-	-	-	-	5976
NODE_1272_length_5973_cov_8.725577	background	-	-	-	-	5973
NODE_1273_length_5972_cov_9.710433	background	-	-	-	-	5972
NODE_1274_length_5967_cov_10.292190	background	-	-	-	-	5967
NODE_1275_length_5966_cov_38.467991	background	-	-	-	-	5966
NODE_1276_length_5966_cov_11.387163	background	-	-	-	-	5966
NODE_1277_length_5966_cov_5.238071	background	-	-	-	-	5966
NODE_1278_length_5961_cov_51.211081	background	-	-	-	-	5961
NODE_1279_length_5961_cov_3.654317	background	-	-	-	-	5961
NODE_127_length_46232_cov_55.198137	background	-	-	-	-	46232
NODE_1280_length_5958_cov_14.830301	background	-	-	-	-	5958
NODE_1281_length_5957_cov_154.124320	background	-	-	-	-	5957
NODE_1282_length_5956_cov_76.735329	background	-	-	-	-	5956
NODE_1283_length_5954_cov_42.544325	background	-	-	-	-	5954
NODE_1284_length_5950_cov_14.874340	background	-	-	-	-	5950
NODE_1285_length_5949_cov_48.386580	background	-	-	-	-	5949
NODE_1286_length_5946_cov_80.174476	background	-	-	-	-	5946
NODE_1287_length_5938_cov_3.480293	background	-	-	-	-	5938
NODE_1288_length_5935_cov_3.177706	background	-	-	-	-	5935
NODE_1289_length_5934_cov_3.030732	background	-	-	-	-	5934
NODE_128_length_45991_cov_122.575075	background	-	-	-	-	45991
NODE_1290_length_5933_cov_4.795936	background	-	-	-	-	5933
NODE_1291_length_5925_cov_3.463748	background	-	-	-	-	5925
NODE_1292_length_5925_cov_2.542237	background	-	-	-	-	5925
NODE_1293_length_5923_cov_5.140780	background	-	-	-	-	5923
NODE_1294_length_5920_cov_44.603799	background	-	-	-	-	5920
NODE_1295_length_5920_cov_3.759370	background	-	-	-	-	5920
NODE_1296_length_5917_cov_5.329110	background	-	-	-	-	5917
NODE_1297_length_5915_cov_76.872388	background	-	-	-	-	5915
NODE_1298_length_5913_cov_12.122858	background	-	-	-	-	5913
NODE_1299_length_5913_cov_3.302605	background	-	-	-	-	5913
NODE_129_length_45842_cov_147.144892	bacterial	NZ_AFIJ01000038.1	negative_control	99.3	95.5	45842
NODE_12_length_178910_cov_10.711189	background	-	-	-	-	178910
NODE_1300_length_5912_cov_6.295630	background	-	-	-	-	5912
NODE_1301_length_5895_cov_34.737539	bacterial	NZ_AP012332.1	negative_control	98.6	99.9	5895
NODE_1302_length_5891_cov_163.362057	background	-	-	-	-	5891
NODE_1303_length_5889_cov_5.319683	background	-	-	-	-	5889
NODE_1304_length_5886_cov_50.818385	background	-	-	-	-	5886
NODE_1305_length_5886_cov_50.230504	background	-	-	-	-	5886
NODE_1306_length_5884_cov_98.465300	background	-	-	-	-	5884
NODE_1307_length_5882_cov_6.278208	background	-	-	-	-	5882
NODE_1308_length_5874_cov_4.572365	background	-	-	-	-	5874
NODE_1309_length_5874_cov_3.772814	background	-	-	-	-	5874
NODE_130_length_45699_cov_10.815374	bacterial	NZ_CP011280.1	negative_control	99.1	100.0	45699
NODE_1310_length_5861_cov_3.548409	background	-	-	-	-	5861
NODE_1311_length_5853_cov_3.413262	background	-	-	-	-	5853
NODE_1312_length_5848_cov_3.734361	background	-	-	-	-	5848
NODE_1313_length_5831_cov_2.840633	background	-	-	-	-	5831
NODE_1314_length_5830_cov_189.273075	background	-	-	-	-	5830
NODE_1315_length_5829_cov_3.171766	background	-	-	-	-	5829
NODE_1316_length_5825_cov_115.983820	background	-	-	-	-	5825
NODE_1317_length_5813_cov_4.873431	background	-	-	-	-	5813
NODE_1318_length_5811_cov_3.671608	background	-	-	-	-	5811
NODE_1319_length_5810_cov_60.328624	background	-	-	-	-	5810
NODE_131_length_45565_cov_49.622010	background	-	-	-	-	45565
NODE_1320_length_5809_cov_64.754187	background	-	-	-	-	5809
NODE_1321_length_5805_cov_6.088687	background	-	-	-	-	5805
NODE_1322_length_5803_cov_12.002445	background	-	-	-	-	5803
NODE_1323_length_5798_cov_4.161161	background	-	-	-	-	5798
NODE_1324_length_5796_cov_110.963105	bacterial	NZ_CP065631.1	negative_control	97.1	82.9	5796
NODE_1325_length_5792_cov_11.255818	background	-	-	-	-	5792
NODE_1326_length_5788_cov_170.748906	background	-	-	-	-	5788
NODE_1327_length_5786_cov_3.533018	background	-	-	-	-	5786
NODE_1328_length_5783_cov_11.380827	background	-	-	-	-	5783
NODE_1329_length_5783_cov_6.343323	background	-	-	-	-	5783
NODE_132_length_45043_cov_54.679803	background	-	-	-	-	45043
NODE_1330_length_5780_cov_2.605821	background	-	-	-	-	5780
NODE_1331_length_5770_cov_2.432461	background	-	-	-	-	5770
NODE_1332_length_5762_cov_54.836060	background	-	-	-	-	5762
NODE_1333_length_5760_cov_4.801513	background	-	-	-	-	5760
NODE_1334_length_5752_cov_23.070661	background	-	-	-	-	5752
NODE_1335_length_5750_cov_5.034902	background	-	-	-	-	5750
NODE_1336_length_5745_cov_5.817925	background	-	-	-	-	5745
NODE_1337_length_5743_cov_3.096717	background	-	-	-	-	5743
NODE_1338_length_5739_cov_3.407277	background	-	-	-	-	5739
NODE_1339_length_5737_cov_98.858834	background	-	-	-	-	5737
NODE_133_length_44692_cov_10.735806	background	-	-	-	-	44692
NODE_1340_length_5731_cov_472.811284	background	-	-	-	-	5731
NODE_1341_length_5731_cov_6.227626	background	-	-	-	-	5731
NODE_1342_length_5730_cov_10.246772	background	-	-	-	-	5730
NODE_1343_length_5714_cov_5.192656	background	-	-	-	-	5714
NODE_1344_length_5710_cov_203.730162	background	-	-	-	-	5710
NODE_1345_length_5707_cov_4.824867	background	-	-	-	-	5707
NODE_1346_length_5702_cov_17.083200	background	-	-	-	-	5702
NODE_1347_length_5700_cov_4.654099	background	-	-	-	-	5700
NODE_1348_length_5688_cov_11.042238	background	-	-	-	-	5688
NODE_1349_length_5685_cov_4.152639	background	-	-	-	-	5685
NODE_134_length_44534_cov_53.012327	background	-	-	-	-	44534
NODE_1350_length_5669_cov_44.699034	background	-	-	-	-	5669
NODE_1351_length_5667_cov_5.548122	background	-	-	-	-	5667
NODE_1352_length_5658_cov_5.192618	background	-	-	-	-	5658
NODE_1353_length_5654_cov_4.164425	background	-	-	-	-	5654
NODE_1354_length_5646_cov_10.063027	background	-	-	-	-	5646
NODE_1355_length_5645_cov_44.567888	background	-	-	-	-	5645
NODE_1356_length_5644_cov_8.553799	background	-	-	-	-	5644
NODE_1357_length_5644_cov_2.394647	background	-	-	-	-	5644
NODE_1358_length_5641_cov_2.848311	background	-	-	-	-	5641
NODE_1359_length_5632_cov_153.187039	background	-	-	-	-	5632
NODE_135_length_44283_cov_12.024748	background	-	-	-	-	44283
NODE_1360_length_5629_cov_2.693984	viral	NC_001798.2	herpesvirus	100.0	100.0	5629
NODE_1361_length_5614_cov_2.765577	background	-	-	-	-	5614
NODE_1362_length_5610_cov_5.809326	background	-	-	-	-	5610
NODE_1363_length_5607_cov_14.391501	background	-	-	-	-	5607
NODE_1364_length_5607_cov_2.522423	background	-	-	-	-	5607
NODE_1365_length_5604_cov_3.805681	background	-	-	-	-	5604
NODE_1366_length_5603_cov_3.258958	background	-	-	-	-	5603
NODE_1367_length_5602_cov_98.074208	background	-	-	-	-	5602
NODE_1368_length_5601_cov_77.889754	background	-	-	-	-	5601
NODE_1369_length_5595_cov_2.924610	background	-	-	-	-	5595
NODE_136_length_43698_cov_9.294079	background	-	-	-	-	43698
NODE_1370_length_5588_cov_18.373072	background	-	-	-	-	5588
NODE_1371_length_5584_cov_82.850372	background	-	-	-	-	5584
NODE_1372_length_5578_cov_4.519178	background	-	-	-	-	5578
NODE_1373_length_5577_cov_2.547455	viral	NC_001806.2	herpesvirus	99.9	100.0	5577
NODE_1374_length_5576_cov_140.576650	background	-	-	-	-	5576
NODE_1375_length_5574_cov_2651.540840	background	-	-	-	-	5574
NODE_1376_length_5572_cov_26.001274	background	-	-	-	-	5572
NODE_1377_length_5570_cov_30.737120	bacterial	NZ_AP012332.1	negative_control	98.9	80.7	5570
NODE_1378_length_5570_cov_6.456945	background	-	-	-	-	5570
NODE_1379_length_5569_cov_3.530226	background	-	-	-	-	5569
NODE_137_length_42847_cov_11.835118	background	-	-	-	-	42847
NODE_1380_length_5568_cov_12.205791	bacterial	NZ_CP011280.1	negative_control	98.5	100.0	5568
NODE_1381_length_5565_cov_3.100401	background	-	-	-	-	5565
NODE_1382_length_5561_cov_212.481036	background	-	-	-	-	5561
NODE_1383_length_5560_cov_148.731351	background	-	-	-	-	5560
NODE_1384_length_5554_cov_10.644513	background	-	-	-	-	5554
NODE_1385_length_5552_cov_3.002557	background	-	-	-	-	5552
NODE_1386_length_5548_cov_44.342351	background	-	-	-	-	5548
NODE_1387_length_5548_cov_2.327362	background	-	-	-	-	5548
NODE_1388_length_5540_cov_2.111660	background	-	-	-	-	5540
NODE_1389_length_5534_cov_15.985157	background	-	-	-	-	5534
NODE_138_length_42821_cov_15.998199	background	-	-	-	-	42821
NODE_1390_length_5525_cov_3.162445	background	-	-	-	-	5525
NODE_1391_length_5524_cov_4.252616	background	-	-	-	-	5524
NODE_1392_length_5514_cov_2.529336	background	-	-	-	-	5514
NODE_1393_length_5511_cov_4.972764	background	-	-	-	-	5511
NODE_1394_length_5505_cov_4.542557	background	-	-	-	-	5505
NODE_1395_length_5504_cov_71.058780	background	-	-	-	-	5504
NODE_1396_length_5503_cov_2.659786	background	-	-	-	-	5503
NODE_1397_length_5498_cov_5.196643	background	-	-	-	-	5498
NODE_1398_length_5488_cov_3.631307	background	-	-	-	-	5488
NODE_1399_length_5486_cov_63.253282	background	-	-	-	-	5486
NODE_139_length_42510_cov_48.020762	background	-	-	-	-	42510
NODE_13_length_178581_cov_140.038145	background	-	-	-	-	178581
NODE_1400_length_5481_cov_4.151554	background	-	-	-	-	5481
NODE_1401_length_5479_cov_3.041281	background	-	-	-	-	5479
NODE_1402_length_5475_cov_120.536680	background	-	-	-	-	5475
NODE_1403_length_5474_cov_2.066518	background	-	-	-	-	5474
NODE_1404_length_5470_cov_2.600408	background	-	-	-	-	5470
NODE_1405_length_5468_cov_32.791875	background	-	-	-	-	5468
NODE_1406_length_5459_cov_2.370123	background	-	-	-	-	5459
NODE_1407_length_5458_cov_41.163353	bacterial	NZ_AP012332.1	negative_control	97.1	99.3	5458
NODE_1408_length_5450_cov_7.670389	background	-	-	-	-	5450
NODE_1409_length_5435_cov_31.422172	background	-	-	-	-	5435
NODE_140_length_42430_cov_15.988832	background	-	-	-	-	42430
NODE_1410_length_5432_cov_3.250420	background	-	-	-	-	5432
NODE_1411_length_5427_cov_133.677944	background	-	-	-	-	5427
NODE_1412_length_5427_cov_5.537757	background	-	-	-	-	5427
NODE_1413_length_5426_cov_4.519162	background	-	-	-	-	5426
NODE_1414_length_5423_cov_38.766929	background	-	-	-	-	5423
NODE_1415_length_5421_cov_2.877058	background	-	-	-	-	5421
NODE_1416_length_5419_cov_10.892175	background	-	-	-	-	5419
NODE_1417_length_5417_cov_11.990075	background	-	-	-	-	5417
NODE_1418_length_5416_cov_3.325529	background	-	-	-	-	5416
NODE_1419_length_5412_cov_77.988004	background	-	-	-	-	5412
NODE_141_length_42221_cov_43.998481	background	-	-	-	-	42221
NODE_1420_length_5412_cov_4.398500	background	-	-	-	-	5412
NODE_1421_length_5410_cov_157.291393	background	-	-	-	-	5410
NODE_1422_length_5408_cov_2.902832	background	-	-	-	-	5408
NODE_1423_length_5404_cov_127.147926	background	-	-	-	-	5404
NODE_1424_length_5386_cov_5.351102	background	-	-	-	-	5386
NODE_1425_length_5385_cov_6.862095	background	-	-	-	-	5385
NODE_1426_length_5384_cov_2.614095	background	-	-	-	-	5384
NODE_1427_length_5383_cov_10.833208	background	-	-	-	-	5383
NODE_1428_length_5378_cov_3.021883	background	-	-	-	-	5378
NODE_1429_length_5373_cov_38.960725	bacterial	NZ_AP012332.1	negative_control	98.6	100.0	5373
NODE_142_length_41382_cov_132.329863	bacterial	NZ_AFIJ01000045.1	negative_control	99.4	99.7	41382
NODE_1430_length_5366_cov_3.178295	background	-	-	-	-	5366
NODE_1431_length_5364_cov_24.599962	background	-	-	-	-	5364
NODE_1432_length_5359_cov_14.089928	background	-	-	-	-	5359
NODE_1433_length_5352_cov_46.707678	background	-	-	-	-	5352
NODE_1434_length_5348_cov_7.134320	background	-	-	-	-	5348
NODE_1435_length_5337_cov_2.611787	background	-	-	-	-	5337
NODE_1436_length_5337_cov_2.427947	background	-	-	-	-	5337
NODE_1437_length_5328_cov_10.770329	background	-	-	-	-	5328
NODE_1438_length_5328_cov_2.658351	background	-	-	-	-	5328
NODE_1439_length_5325_cov_4.711128	background	-	-	-	-	5325
NODE_143_length_40828_cov_86.396825	background	-	-	-	-	40828
NODE_1440_length_5319_cov_8.912629	background	-	-	-	-	5319
NODE_1441_length_5315_cov_61.331615	background	-	-	-	-	5315
NODE_1442_length_5311_cov_2.819832	background	-	-	-	-	5311
NODE_1443_length_5309_cov_2.329320	background	-	-	-	-	5309
NODE_1444_length_5308_cov_45.368572	background	-	-	-	-	5308
NODE_1445_length_5301_cov_3.472626	background	-	-	-	-	5301
NODE_1446_length_5298_cov_3.076805	background	-	-	-	-	5298
NODE_1447_length_5292_cov_4.003835	background	-	-	-	-	5292
NODE_1448_length_5291_cov_4.579977	background	-	-	-	-	5291
NODE_1449_length_5288_cov_3.973901	background	-	-	-	-	5288
NODE_144_length_40555_cov_7.883813	background	-	-	-	-	40555
NODE_1450_length_5288_cov_2.900787	background	-	-	-	-	5288
NODE_1451_length_5286_cov_5.269917	background	-	-	-	-	5286
NODE_1452_length_5285_cov_4.274962	background	-	-	-	-	5285
NODE_1453_length_5282_cov_73.707012	background	-	-	-	-	5282
NODE_1454_length_5281_cov_11.942160	background	-	-	-	-	5281
NODE_1455_length_5278_cov_863.124015	background	-	-	-	-	5278
NODE_1456_length_5277_cov_3.465577	background	-	-	-	-	5277
NODE_1457_length_5274_cov_4.223013	background	-	-	-	-	5274
NODE_1458_length_5273_cov_5.290993	background	-	-	-	-	5273
NODE_1459_length_5268_cov_12.660759	background	-	-	-	-	5268
NODE_145_length_40552_cov_9.083928	background	-	-	-	-	40552
NODE_1460_length_5268_cov_4.173570	background	-	-	-	-	5268
NODE_1461_length_5266_cov_3.574484	background	-	-	-	-	5266
NODE_1462_length_5256_cov_4.747828	background	-	-	-	-	5256
NODE_1463_length_5254_cov_3.630288	background	-	-	-	-	5254
NODE_1464_length_5253_cov_12.418083	background	-	-	-	-	5253
NODE_1465_length_5248_cov_10.024947	background	-	-	-	-	5248
NODE_1466_length_5246_cov_75.340104	background	-	-	-	-	5246
NODE_1467_length_5245_cov_4.435952	background	-	-	-	-	5245
NODE_1468_length_5244_cov_5.816915	background	-	-	-	-	5244
NODE_1469_length_5239_cov_3.566447	background	-	-	-	-	5239
NODE_146_length_40527_cov_66.226576	background	-	-	-	-	40527
NODE_1470_length_5237_cov_87.032364	background	-	-	-	-	5237
NODE_1471_length_5236_cov_13.224656	background	-	-	-	-	5236
NODE_1472_length_5230_cov_2.691830	background	-	-	-	-	5230
NODE_1473_length_5225_cov_10.358003	background	-	-	-	-	5225
NODE_1474_length_5221_cov_60.657465	background	-	-	-	-	5221
NODE_1475_length_5221_cov_8.339230	background	-	-	-	-	5221
NODE_1476_length_5214_cov_70.553047	background	-	-	-	-	5214
NODE_1477_length_5213_cov_2.098715	background	-	-	-	-	5213
NODE_1478_length_5207_cov_13.256140	background	-	-	-	-	5207
NODE_1479_length_5197_cov_2.979297	background	-	-	-	-	5197
NODE_147_length_40509_cov_9.246438	background	-	-	-	-	40509
NODE_1480_length_5187_cov_46.698434	background	-	-	-	-	5187
NODE_1481_length_5183_cov_3.096357	background	-	-	-	-	5183
NODE_1482_length_5178_cov_1128.299941	background	-	-	-	-	5178
NODE_1483_length_5174_cov_6.224053	background	-	-	-	-	5174
NODE_1484_length_5172_cov_2.333660	background	-	-	-	-	5172
NODE_1485_length_5167_cov_2.272495	background	-	-	-	-	5167
NODE_1486_length_5163_cov_3.936492	background	-	-	-	-	5163
NODE_1487_length_5160_cov_2.462522	background	-	-	-	-	5160
NODE_1488_length_5156_cov_37.411695	background	-	-	-	-	5156
NODE_1489_length_5156_cov_5.770624	background	-	-	-	-	5156
NODE_148_length_40337_cov_128.659314	background	-	-	-	-	40337
NODE_1490_length_5149_cov_2.115931	background	-	-	-	-	5149
NODE_1491_length_5148_cov_6.508381	background	-	-	-	-	5148
NODE_1492_length_5148_cov_3.635969	background	-	-	-	-	5148
NODE_1493_length_5147_cov_3.241223	background	-	-	-	-	5147
NODE_1494_length_5145_cov_22.337411	background	-	-	-	-	5145
NODE_1495_length_5137_cov_4.339328	background	-	-	-	-	5137
NODE_1496_length_5136_cov_97.613560	background	-	-	-	-	5136
NODE_1497_length_5135_cov_7.750099	background	-	-	-	-	5135
NODE_1498_length_5130_cov_2.808233	background	-	-	-	-	5130
NODE_1499_length_5130_cov_2.614091	background	-	-	-	-	5130
NODE_149_length_40176_cov_6.315793	background	-	-	-	-	40176
NODE_14_length_178367_cov_22.404515	background	-	-	-	-	178367
NODE_1500_length_5128_cov_32.375767	background	-	-	-	-	5128
NODE_1501_length_5124_cov_11.921141	background	-	-	-	-	5124
NODE_1502_length_5119_cov_3.027965	background	-	-	-	-	5119
NODE_1503_length_5109_cov_59.188792	bacterial	NZ_CP049230.1	negative_control	98.4	97.8	5109
NODE_1504_length_5106_cov_50.169020	background	-	-	-	-	5106
NODE_1505_length_5104_cov_30.561965	background	-	-	-	-	5104
NODE_1506_length_5104_cov_28.757112	background	-	-	-	-	5104
NODE_1507_length_5097_cov_2.692829	background	-	-	-	-	5097
NODE_1508_length_5097_cov_2.683466	background	-	-	-	-	5097
NODE_1509_length_5091_cov_3.048065	background	-	-	-	-	5091
NODE_150_length_39866_cov_10.033954	background	-	-	-	-	39866
NODE_1510_length_5087_cov_20.001996	background	-	-	-	-	5087
NODE_1511_length_5085_cov_9.335064	background	-	-	-	-	5085
NODE_1512_length_5081_cov_75.310751	background	-	-	-	-	5081
NODE_1513_length_5078_cov_3.442911	background	-	-	-	-	5078
NODE_1514_length_5075_cov_17.250300	background	-	-	-	-	5075
NODE_1515_length_5074_cov_2.800480	background	-	-	-	-	5074
NODE_1516_length_5072_cov_26.812412	background	-	-	-	-	5072
NODE_1517_length_5066_cov_69.714572	background	-	-	-	-	5066
NODE_1518_length_5059_cov_9.788037	background	-	-	-	-	5059
NODE_1519_length_5058_cov_3.463361	background	-	-	-	-	5058
NODE_151_length_39720_cov_49.703630	background	-	-	-	-	39720
NODE_1520_length_5057_cov_148.342369	background	-	-	-	-	5057
NODE_1521_length_5053_cov_6.486334	background	-	-	-	-	5053
NODE_1522_length_5050_cov_83.237482	background	-	-	-	-	5050
NODE_1523_length_5049_cov_28.358608	background	-	-	-	-	5049
NODE_1524_length_5049_cov_7.476066	background	-	-	-	-	5049
NODE_1525_length_5039_cov_2.186215	background	-	-	-	-	5039
NODE_1526_length_5030_cov_3.686856	background	-	-	-	-	5030
NODE_1527_length_5028_cov_12.472228	background	-	-	-	-	5028
NODE_1528_length_5022_cov_8.246714	background	-	-	-	-	5022
NODE_1529_length_5022_cov_6.176340	background	-	-	-	-	5022
NODE_152_length_39485_cov_10.999010	background	-	-	-	-	39485
NODE_1530_length_5020_cov_4.425046	background	-	-	-	-	5020
NODE_1531_length_5018_cov_4.378871	background	-	-	-	-	5018
NODE_1532_length_5013_cov_2.825770	background	-	-	-	-	5013
NODE_1533_length_5011_cov_12.598703	background	-	-	-	-	5011
NODE_1534_length_5008_cov_65.416751	background	-	-	-	-	5008
NODE_1535_length_5005_cov_2.656859	background	-	-	-	-	5005
NODE_1536_length_5001_cov_4.707352	background	-	-	-	-	5001
NODE_1537_length_4993_cov_3.513019	background	-	-	-	-	4993
NODE_1538_length_4984_cov_107.034848	background	-	-	-	-	4984
NODE_1539_length_4984_cov_2.649480	background	-	-	-	-	4984
NODE_153_length_39096_cov_5.554371	background	-	-	-	-	39096
NODE_1540_length_4982_cov_80.967992	background	-	-	-	-	4982
NODE_1541_length_4981_cov_2.067496	background	-	-	-	-	4981
NODE_1542_length_4980_cov_3.003263	background	-	-	-	-	4980
NODE_1543_length_4979_cov_3.868013	background	-	-	-	-	4979
NODE_1544_length_4961_cov_13.119779	bacterial	NZ_CP011280.1	negative_control	98.7	100.0	4961
NODE_1545_length_4961_cov_3.882678	background	-	-	-	-	4961
NODE_1546_length_4961_cov_3.797502	background	-	-	-	-	4961
NODE_1547_length_4959_cov_5.928308	background	-	-	-	-	4959
NODE_1548_length_4958_cov_3.243393	background	-	-	-	-	4958
NODE_1549_length_4948_cov_4.033874	excluded_chimeric_risk	MW387018.1	gardnerella_phage	97.2	95.5	4948
NODE_154_length_38715_cov_77.775791	background	-	-	-	-	38715
NODE_1550_length_4947_cov_2.513552	background	-	-	-	-	4947
NODE_1551_length_4945_cov_3.348809	background	-	-	-	-	4945
NODE_1552_length_4945_cov_2.588127	background	-	-	-	-	4945
NODE_1553_length_4941_cov_2.831209	background	-	-	-	-	4941
NODE_1554_length_4936_cov_5.002264	background	-	-	-	-	4936
NODE_1555_length_4936_cov_3.092406	background	-	-	-	-	4936
NODE_1556_length_4935_cov_12.302594	background	-	-	-	-	4935
NODE_1557_length_4935_cov_2.659942	background	-	-	-	-	4935
NODE_1558_length_4933_cov_6.572488	background	-	-	-	-	4933
NODE_1559_length_4930_cov_56.229549	background	-	-	-	-	4930
NODE_155_length_38678_cov_50.567835	background	-	-	-	-	38678
NODE_1560_length_4927_cov_12.327835	background	-	-	-	-	4927
NODE_1561_length_4911_cov_3.962557	background	-	-	-	-	4911
NODE_1562_length_4909_cov_4.423634	background	-	-	-	-	4909
NODE_1563_length_4902_cov_12.108187	background	-	-	-	-	4902
NODE_1564_length_4895_cov_2.289954	background	-	-	-	-	4895
NODE_1565_length_4889_cov_3.390482	background	-	-	-	-	4889
NODE_1566_length_4883_cov_5.213275	background	-	-	-	-	4883
NODE_1567_length_4881_cov_3.704829	background	-	-	-	-	4881
NODE_1568_length_4880_cov_95.384760	background	-	-	-	-	4880
NODE_1569_length_4873_cov_4.757506	background	-	-	-	-	4873
NODE_156_length_38604_cov_58.969658	background	-	-	-	-	38604
NODE_1570_length_4870_cov_3.377425	background	-	-	-	-	4870
NODE_1571_length_4867_cov_48.812735	background	-	-	-	-	4867
NODE_1572_length_4863_cov_8.790013	background	-	-	-	-	4863
NODE_1573_length_4858_cov_15.409956	background	-	-	-	-	4858
NODE_1574_length_4857_cov_17.308787	background	-	-	-	-	4857
NODE_1575_length_4856_cov_4.923206	background	-	-	-	-	4856
NODE_1576_length_4852_cov_4.098848	background	-	-	-	-	4852
NODE_1577_length_4849_cov_4.613370	background	-	-	-	-	4849
NODE_1578_length_4842_cov_78.581742	background	-	-	-	-	4842
NODE_1579_length_4840_cov_24.267059	background	-	-	-	-	4840
NODE_157_length_38316_cov_10.689741	background	-	-	-	-	38316
NODE_1580_length_4839_cov_4.886602	background	-	-	-	-	4839
NODE_1581_length_4839_cov_2.436161	background	-	-	-	-	4839
NODE_1582_length_4836_cov_2.616516	background	-	-	-	-	4836
NODE_1583_length_4835_cov_8.645649	background	-	-	-	-	4835
NODE_1584_length_4834_cov_97.737019	background	-	-	-	-	4834
NODE_1585_length_4833_cov_2.242641	background	-	-	-	-	4833
NODE_1586_length_4831_cov_2.915440	background	-	-	-	-	4831
NODE_1587_length_4830_cov_11.054913	background	-	-	-	-	4830
NODE_1588_length_4826_cov_58.251211	background	-	-	-	-	4826
NODE_1589_length_4826_cov_4.193304	background	-	-	-	-	4826
NODE_158_length_38173_cov_99.522758	background	-	-	-	-	38173
NODE_1590_length_4825_cov_36.246841	bacterial	NZ_AP012332.1	negative_control	99.3	99.9	4825
NODE_1591_length_4824_cov_4.349484	background	-	-	-	-	4824
NODE_1592_length_4821_cov_3.970700	background	-	-	-	-	4821
NODE_1593_length_4803_cov_4.836014	background	-	-	-	-	4803
NODE_1594_length_4802_cov_129.915132	background	-	-	-	-	4802
NODE_1595_length_4800_cov_12.650646	background	-	-	-	-	4800
NODE_1596_length_4798_cov_31.528066	bacterial	NZ_AP012332.1	negative_control	97.7	86.4	4798
NODE_1597_length_4798_cov_3.821012	background	-	-	-	-	4798
NODE_1598_length_4797_cov_11.081568	background	-	-	-	-	4797
NODE_1599_length_4794_cov_15.088192	background	-	-	-	-	4794
NODE_159_length_38156_cov_50.648704	background	-	-	-	-	38156
NODE_15_length_170436_cov_15.480650	background	-	-	-	-	170436
NODE_1600_length_4788_cov_76.607727	background	-	-	-	-	4788
NODE_1601_length_4787_cov_2.737155	background	-	-	-	-	4787
NODE_1602_length_4784_cov_37.992352	bacterial	NZ_AP012332.1	negative_control	98.7	100.0	4784
NODE_1603_length_4780_cov_3.317882	background	-	-	-	-	4780
NODE_1604_length_4776_cov_3.282826	background	-	-	-	-	4776
NODE_1605_length_4773_cov_148.046848	background	-	-	-	-	4773
NODE_1606_length_4773_cov_131.006601	background	-	-	-	-	4773
NODE_1607_length_4772_cov_3.045367	background	-	-	-	-	4772
NODE_1608_length_4771_cov_2.918620	background	-	-	-	-	4771
NODE_1609_length_4765_cov_3.801408	background	-	-	-	-	4765
NODE_160_length_38100_cov_53.123031	bacterial	NZ_CP049230.1	negative_control	99.1	86.8	38100
NODE_1610_length_4765_cov_2.987201	background	-	-	-	-	4765
NODE_1611_length_4759_cov_102.184323	background	-	-	-	-	4759
NODE_1612_length_4756_cov_3.333405	background	-	-	-	-	4756
NODE_1613_length_4746_cov_3.323410	background	-	-	-	-	4746
NODE_1614_length_4734_cov_87.386730	background	-	-	-	-	4734
NODE_1615_length_4732_cov_3.140709	background	-	-	-	-	4732
NODE_1616_length_4729_cov_3.182287	background	-	-	-	-	4729
NODE_1617_length_4728_cov_5.086433	background	-	-	-	-	4728
NODE_1618_length_4723_cov_66.195652	background	-	-	-	-	4723
NODE_1619_length_4719_cov_152.337355	background	-	-	-	-	4719
NODE_161_length_38014_cov_43.938187	background	-	-	-	-	38014
NODE_1620_length_4714_cov_82.005607	bacterial	NZ_AP012332.1	negative_control	97.3	94.9	4714
NODE_1621_length_4713_cov_11.989646	background	-	-	-	-	4713
NODE_1622_length_4700_cov_14.272118	background	-	-	-	-	4700
NODE_1623_length_4699_cov_3.279965	background	-	-	-	-	4699
NODE_1624_length_4697_cov_4.053030	background	-	-	-	-	4697
NODE_1625_length_4697_cov_3.300433	background	-	-	-	-	4697
NODE_1626_length_4696_cov_34.269322	background	-	-	-	-	4696
NODE_1627_length_4695_cov_7.237549	background	-	-	-	-	4695
NODE_1628_length_4693_cov_13.919194	background	-	-	-	-	4693
NODE_1629_length_4690_cov_2.947106	background	-	-	-	-	4690
NODE_162_length_37581_cov_10.868014	background	-	-	-	-	37581
NODE_1630_length_4689_cov_750.484605	background	-	-	-	-	4689
NODE_1631_length_4685_cov_2.807726	background	-	-	-	-	4685
NODE_1632_length_4681_cov_6.240660	background	-	-	-	-	4681
NODE_1633_length_4676_cov_97.014568	background	-	-	-	-	4676
NODE_1634_length_4675_cov_3.138538	background	-	-	-	-	4675
NODE_1635_length_4672_cov_14.093145	background	-	-	-	-	4672
NODE_1636_length_4672_cov_8.896627	background	-	-	-	-	4672
NODE_1637_length_4670_cov_10.398215	background	-	-	-	-	4670
NODE_1638_length_4668_cov_3.479416	background	-	-	-	-	4668
NODE_1639_length_4666_cov_2.106123	background	-	-	-	-	4666
NODE_163_length_37495_cov_10.636058	background	-	-	-	-	37495
NODE_1640_length_4663_cov_113.878107	bacterial	NZ_CP065631.1	negative_control	97.0	100.0	4663
NODE_1641_length_4662_cov_4.695965	background	-	-	-	-	4662
NODE_1642_length_4658_cov_4.105872	background	-	-	-	-	4658
NODE_1643_length_4658_cov_3.894346	background	-	-	-	-	4658
NODE_1644_length_4655_cov_123.566623	background	-	-	-	-	4655
NODE_1645_length_4655_cov_3.721057	background	-	-	-	-	4655
NODE_1646_length_4652_cov_10.795847	background	-	-	-	-	4652
NODE_1647_length_4652_cov_8.690929	background	-	-	-	-	4652
NODE_1648_length_4651_cov_169.558155	bacterial	NZ_CP065631.1	negative_control	97.1	100.0	4651
NODE_1649_length_4651_cov_6.358111	background	-	-	-	-	4651
NODE_164_length_37429_cov_13.950578	background	-	-	-	-	37429
NODE_1650_length_4648_cov_3.290527	background	-	-	-	-	4648
NODE_1651_length_4648_cov_2.178079	background	-	-	-	-	4648
NODE_1652_length_4647_cov_27.889934	background	-	-	-	-	4647
NODE_1653_length_4646_cov_5.487196	background	-	-	-	-	4646
NODE_1654_length_4639_cov_2.794388	background	-	-	-	-	4639
NODE_1655_length_4638_cov_12.729007	background	-	-	-	-	4638
NODE_1656_length_4626_cov_4.527588	background	-	-	-	-	4626
NODE_1657_length_4623_cov_13.733612	background	-	-	-	-	4623
NODE_1658_length_4621_cov_1.717870	background	-	-	-	-	4621
NODE_1659_length_4617_cov_52.765639	background	-	-	-	-	4617
NODE_165_length_37409_cov_10.427890	background	-	-	-	-	37409
NODE_1660_length_4614_cov_633.471236	background	-	-	-	-	4614
NODE_1661_length_4614_cov_2.858276	background	-	-	-	-	4614
NODE_1662_length_4611_cov_4.080944	background	-	-	-	-	4611
NODE_1663_length_4600_cov_11.300906	background	-	-	-	-	4600
NODE_1664_length_4595_cov_4.183267	background	-	-	-	-	4595
NODE_1665_length_4593_cov_12.612267	background	-	-	-	-	4593
NODE_1666_length_4592_cov_84.793134	background	-	-	-	-	4592
NODE_1667_length_4587_cov_6.541685	background	-	-	-	-	4587
NODE_1668_length_4587_cov_3.604878	background	-	-	-	-	4587
NODE_1669_length_4585_cov_3.144632	background	-	-	-	-	4585
NODE_166_length_37381_cov_14.503404	background	-	-	-	-	37381
NODE_1670_length_4584_cov_9.496339	background	-	-	-	-	4584
NODE_1671_length_4581_cov_2.733792	background	-	-	-	-	4581
NODE_1672_length_4579_cov_8.759440	background	-	-	-	-	4579
NODE_1673_length_4579_cov_3.174367	background	-	-	-	-	4579
NODE_1674_length_4576_cov_11.150922	background	-	-	-	-	4576
NODE_1675_length_4574_cov_2.747832	background	-	-	-	-	4574
NODE_1676_length_4574_cov_2.450300	background	-	-	-	-	4574
NODE_1677_length_4572_cov_5.498331	background	-	-	-	-	4572
NODE_1678_length_4571_cov_12.469070	background	-	-	-	-	4571
NODE_1679_length_4563_cov_3.377173	background	-	-	-	-	4563
NODE_167_length_37320_cov_10.736165	background	-	-	-	-	37320
NODE_1680_length_4555_cov_2.817552	background	-	-	-	-	4555
NODE_1681_length_4552_cov_197.759330	background	-	-	-	-	4552
NODE_1682_length_4552_cov_3.871285	background	-	-	-	-	4552
NODE_1683_length_4551_cov_7.954850	background	-	-	-	-	4551
NODE_1684_length_4551_cov_2.862092	background	-	-	-	-	4551
NODE_1685_length_4549_cov_4.704383	background	-	-	-	-	4549
NODE_1686_length_4548_cov_3.888392	background	-	-	-	-	4548
NODE_1687_length_4545_cov_105.823635	background	-	-	-	-	4545
NODE_1688_length_4545_cov_5.040063	background	-	-	-	-	4545
NODE_1689_length_4543_cov_7.756158	background	-	-	-	-	4543
NODE_168_length_36712_cov_47.790364	background	-	-	-	-	36712
NODE_1690_length_4543_cov_2.944245	background	-	-	-	-	4543
NODE_1691_length_4539_cov_4.494173	background	-	-	-	-	4539
NODE_1692_length_4539_cov_3.105782	background	-	-	-	-	4539
NODE_1693_length_4538_cov_9.349025	background	-	-	-	-	4538
NODE_1694_length_4537_cov_2.881839	background	-	-	-	-	4537
NODE_1695_length_4533_cov_1.587298	background	-	-	-	-	4533
NODE_1696_length_4532_cov_14.693378	background	-	-	-	-	4532
NODE_1697_length_4532_cov_3.104153	background	-	-	-	-	4532
NODE_1698_length_4529_cov_2.589847	background	-	-	-	-	4529
NODE_1699_length_4528_cov_3.300607	background	-	-	-	-	4528
NODE_169_length_36609_cov_9.251122	background	-	-	-	-	36609
NODE_16_length_165193_cov_14.013154	background	-	-	-	-	165193
NODE_1700_length_4527_cov_126.168539	background	-	-	-	-	4527
NODE_1701_length_4527_cov_10.915281	background	-	-	-	-	4527
NODE_1702_length_4527_cov_4.582472	background	-	-	-	-	4527
NODE_1703_length_4524_cov_23.904430	background	-	-	-	-	4524
NODE_1704_length_4523_cov_191.656545	background	-	-	-	-	4523
NODE_1705_length_4519_cov_2.393291	background	-	-	-	-	4519
NODE_1706_length_4516_cov_3.896598	background	-	-	-	-	4516
NODE_1707_length_4516_cov_2.842532	background	-	-	-	-	4516
NODE_1708_length_4515_cov_87.111086	background	-	-	-	-	4515
NODE_1709_length_4515_cov_33.951555	background	-	-	-	-	4515
NODE_170_length_36410_cov_13.278177	bacterial	NZ_CP011280.1	negative_control	97.5	92.6	36410
NODE_1710_length_4509_cov_11.126128	background	-	-	-	-	4509
NODE_1711_length_4509_cov_2.709612	background	-	-	-	-	4509
NODE_1712_length_4501_cov_153.012206	bacterial	NZ_CP065631.1	negative_control	96.8	99.5	4501
NODE_1713_length_4501_cov_7.827306	background	-	-	-	-	4501
NODE_1714_length_4501_cov_2.425181	background	-	-	-	-	4501
NODE_1715_length_4499_cov_18.571461	background	-	-	-	-	4499
NODE_1716_length_4499_cov_4.879919	background	-	-	-	-	4499
NODE_1717_length_4494_cov_8.209192	background	-	-	-	-	4494
NODE_1718_length_4489_cov_2.427244	background	-	-	-	-	4489
NODE_1719_length_4481_cov_10.193460	background	-	-	-	-	4481
NODE_171_length_36278_cov_63.410983	background	-	-	-	-	36278
NODE_1720_length_4480_cov_4.446741	background	-	-	-	-	4480
NODE_1721_length_4477_cov_2.613409	background	-	-	-	-	4477
NODE_1722_length_4476_cov_73.658559	background	-	-	-	-	4476
NODE_1723_length_4475_cov_7.253297	background	-	-	-	-	4475
NODE_1724_length_4474_cov_2.380487	background	-	-	-	-	4474
NODE_1725_length_4472_cov_12.769511	background	-	-	-	-	4472
NODE_1726_length_4471_cov_9.411470	background	-	-	-	-	4471
NODE_1727_length_4468_cov_9.416078	bacterial	NZ_CP011280.1	negative_control	99.3	87.5	4468
NODE_1728_length_4467_cov_4.576310	background	-	-	-	-	4467
NODE_1729_length_4465_cov_3.383318	background	-	-	-	-	4465
NODE_172_length_36210_cov_8.970553	background	-	-	-	-	36210
NODE_1730_length_4464_cov_12.487805	background	-	-	-	-	4464
NODE_1731_length_4464_cov_11.112150	background	-	-	-	-	4464
NODE_1732_length_4461_cov_209.817518	bacterial	NZ_CP065631.1	negative_control	98.6	100.0	4461
NODE_1733_length_4460_cov_102.691535	background	-	-	-	-	4460
NODE_1734_length_4459_cov_37.754906	bacterial	NZ_AP012332.1	negative_control	97.1	94.3	4459
NODE_1735_length_4455_cov_4.049794	background	-	-	-	-	4455
NODE_1736_length_4454_cov_59.715787	background	-	-	-	-	4454
NODE_1737_length_4453_cov_4.442642	background	-	-	-	-	4453
NODE_1738_length_4450_cov_2.308941	background	-	-	-	-	4450
NODE_1739_length_4441_cov_2.389551	background	-	-	-	-	4441
NODE_173_length_36019_cov_43.867592	background	-	-	-	-	36019
NODE_1740_length_4436_cov_40.600138	background	-	-	-	-	4436
NODE_1741_length_4436_cov_11.376921	background	-	-	-	-	4436
NODE_1742_length_4435_cov_79.505966	background	-	-	-	-	4435
NODE_1743_length_4427_cov_5.003908	background	-	-	-	-	4427
NODE_1744_length_4427_cov_2.418851	background	-	-	-	-	4427
NODE_1745_length_4424_cov_214.432712	bacterial	NZ_CP065631.1	negative_control	98.4	100.0	4424
NODE_1746_length_4422_cov_13.250403	background	-	-	-	-	4422
NODE_1747_length_4416_cov_11.557041	background	-	-	-	-	4416
NODE_1748_length_4412_cov_2.272434	background	-	-	-	-	4412
NODE_1749_length_4411_cov_3.200046	background	-	-	-	-	4411
NODE_174_length_35825_cov_15.847096	background	-	-	-	-	35825
NODE_1750_length_4409_cov_2.129271	background	-	-	-	-	4409
NODE_1751_length_4408_cov_10.694759	background	-	-	-	-	4408
NODE_1752_length_4408_cov_4.687370	background	-	-	-	-	4408
NODE_1753_length_4405_cov_3.989372	background	-	-	-	-	4405
NODE_1754_length_4400_cov_30.166782	background	-	-	-	-	4400
NODE_1755_length_4399_cov_3.710088	background	-	-	-	-	4399
NODE_1756_length_4388_cov_3.813268	background	-	-	-	-	4388
NODE_1757_length_4383_cov_2.424988	background	-	-	-	-	4383
NODE_1758_length_4382_cov_3.120557	background	-	-	-	-	4382
NODE_1759_length_4380_cov_2.204508	background	-	-	-	-	4380
NODE_175_length_35627_cov_65.874065	background	-	-	-	-	35627
NODE_1760_length_4379_cov_2.938866	background	-	-	-	-	4379
NODE_1761_length_4377_cov_5.989767	background	-	-	-	-	4377
NODE_1762_length_4376_cov_8.997209	background	-	-	-	-	4376
NODE_1763_length_4374_cov_2.826158	background	-	-	-	-	4374
NODE_1764_length_4373_cov_2.161778	background	-	-	-	-	4373
NODE_1765_length_4372_cov_5.083120	background	-	-	-	-	4372
NODE_1766_length_4371_cov_3.338146	background	-	-	-	-	4371
NODE_1767_length_4369_cov_77.981361	background	-	-	-	-	4369
NODE_1768_length_4364_cov_5.738512	background	-	-	-	-	4364
NODE_1769_length_4364_cov_3.179846	background	-	-	-	-	4364
NODE_176_length_35438_cov_10.039931	background	-	-	-	-	35438
NODE_1770_length_4361_cov_4.182773	background	-	-	-	-	4361
NODE_1771_length_4355_cov_25.535297	background	-	-	-	-	4355
NODE_1772_length_4355_cov_6.651239	background	-	-	-	-	4355
NODE_1773_length_4355_cov_2.295465	background	-	-	-	-	4355
NODE_1774_length_4353_cov_5.330215	background	-	-	-	-	4353
NODE_1775_length_4352_cov_5.138947	background	-	-	-	-	4352
NODE_1776_length_4350_cov_31.539434	background	-	-	-	-	4350
NODE_1777_length_4345_cov_22.738519	background	-	-	-	-	4345
NODE_1778_length_4343_cov_7.221753	background	-	-	-	-	4343
NODE_1779_length_4339_cov_2.306664	background	-	-	-	-	4339
NODE_177_length_35331_cov_938.647359	background	-	-	-	-	35331
NODE_1780_length_4332_cov_3.477556	background	-	-	-	-	4332
NODE_1781_length_4332_cov_2.445358	background	-	-	-	-	4332
NODE_1782_length_4330_cov_57.695039	background	-	-	-	-	4330
NODE_1783_length_4324_cov_9.287262	background	-	-	-	-	4324
NODE_1784_length_4318_cov_4.868191	background	-	-	-	-	4318
NODE_1785_length_4317_cov_144.142925	bacterial	NZ_AFIJ01000029.1	negative_control	98.8	100.0	4317
NODE_1786_length_4315_cov_5.037282	background	-	-	-	-	4315
NODE_1787_length_4313_cov_3.202786	background	-	-	-	-	4313
NODE_1788_length_4312_cov_3.530106	background	-	-	-	-	4312
NODE_1789_length_4310_cov_4.718403	background	-	-	-	-	4310
NODE_178_length_35264_cov_5.288288	background	-	-	-	-	35264
NODE_1790_length_4309_cov_5.650284	background	-	-	-	-	4309
NODE_1791_length_4308_cov_2.333018	background	-	-	-	-	4308
NODE_1792_length_4307_cov_4.538298	background	-	-	-	-	4307
NODE_1793_length_4307_cov_3.481797	background	-	-	-	-	4307
NODE_1794_length_4306_cov_61.624970	background	-	-	-	-	4306
NODE_1795_length_4301_cov_3.353456	background	-	-	-	-	4301
NODE_1796_length_4300_cov_4.284632	background	-	-	-	-	4300
NODE_1797_length_4298_cov_14.214167	background	-	-	-	-	4298
NODE_1798_length_4291_cov_63.505221	background	-	-	-	-	4291
NODE_1799_length_4288_cov_3.546901	background	-	-	-	-	4288
NODE_179_length_35127_cov_158.381655	bacterial	NZ_AFIJ01000006.1	negative_control	99.3	92.1	35127
NODE_17_length_164675_cov_10.401256	background	-	-	-	-	164675
NODE_1800_length_4283_cov_3.148122	background	-	-	-	-	4283
NODE_1801_length_4283_cov_2.314313	background	-	-	-	-	4283
NODE_1802_length_4281_cov_5.531874	background	-	-	-	-	4281
NODE_1803_length_4281_cov_2.456232	background	-	-	-	-	4281
NODE_1804_length_4280_cov_3.251487	background	-	-	-	-	4280
NODE_1805_length_4279_cov_99.587815	background	-	-	-	-	4279
NODE_1806_length_4270_cov_6.200095	background	-	-	-	-	4270
NODE_1807_length_4270_cov_3.474601	background	-	-	-	-	4270
NODE_1808_length_4269_cov_155.573473	bacterial	NZ_CP065631.1	negative_control	97.2	100.0	4269
NODE_1809_length_4269_cov_6.782204	background	-	-	-	-	4269
NODE_180_length_35009_cov_11.591234	background	-	-	-	-	35009
NODE_1810_length_4265_cov_72.008118	background	-	-	-	-	4265
NODE_1811_length_4265_cov_38.776504	bacterial	NZ_AP012332.1	negative_control	99.0	100.0	4265
NODE_1812_length_4262_cov_12.801434	background	-	-	-	-	4262
NODE_1813_length_4249_cov_3.570230	background	-	-	-	-	4249
NODE_1814_length_4249_cov_2.399329	background	-	-	-	-	4249
NODE_1815_length_4248_cov_3.241669	background	-	-	-	-	4248
NODE_1816_length_4244_cov_3.682745	background	-	-	-	-	4244
NODE_1817_length_4238_cov_5.698149	background	-	-	-	-	4238
NODE_1818_length_4236_cov_2.593652	background	-	-	-	-	4236
NODE_1819_length_4235_cov_27.168591	bacterial	NZ_AFIJ01000038.1	negative_control	98.8	99.1	4235
NODE_181_length_34788_cov_10.144219	background	-	-	-	-	34788
NODE_1820_length_4227_cov_4.345060	background	-	-	-	-	4227
NODE_1821_length_4227_cov_4.019518	background	-	-	-	-	4227
NODE_1822_length_4220_cov_75.907072	bacterial	NZ_CP065631.1	negative_control	99.2	100.0	4220
NODE_1823_length_4219_cov_14.612506	background	-	-	-	-	4219
NODE_1824_length_4218_cov_4.103840	background	-	-	-	-	4218
NODE_1825_length_4216_cov_38.251027	bacterial	NZ_AP012332.1	negative_control	97.0	88.4	4216
NODE_1826_length_4213_cov_32.229691	background	-	-	-	-	4213
NODE_1827_length_4211_cov_3.916062	background	-	-	-	-	4211
NODE_1828_length_4209_cov_73.915053	background	-	-	-	-	4209
NODE_1829_length_4209_cov_13.565102	background	-	-	-	-	4209
NODE_182_length_34787_cov_6.291530	background	-	-	-	-	34787
NODE_1830_length_4201_cov_3.939864	background	-	-	-	-	4201
NODE_1831_length_4198_cov_7.746178	background	-	-	-	-	4198
NODE_1832_length_4196_cov_2.008012	background	-	-	-	-	4196
NODE_1833_length_4191_cov_9.827419	background	-	-	-	-	4191
NODE_1834_length_4184_cov_2.845386	background	-	-	-	-	4184
NODE_1835_length_4174_cov_101.111301	background	-	-	-	-	4174
NODE_1836_length_4173_cov_36.444580	bacterial	NZ_AP012332.1	negative_control	97.2	100.0	4173
NODE_1837_length_4170_cov_65.006597	background	-	-	-	-	4170
NODE_1838_length_4169_cov_4.696725	background	-	-	-	-	4169
NODE_1839_length_4163_cov_143.871268	background	-	-	-	-	4163
NODE_183_length_34682_cov_25.537379	background	-	-	-	-	34682
NODE_1840_length_4162_cov_4.609058	background	-	-	-	-	4162
NODE_1841_length_4161_cov_5.418952	background	-	-	-	-	4161
NODE_1842_length_4156_cov_2.330963	background	-	-	-	-	4156
NODE_1843_length_4155_cov_3.260667	background	-	-	-	-	4155
NODE_1844_length_4147_cov_5.413759	background	-	-	-	-	4147
NODE_1845_length_4142_cov_89.982042	background	-	-	-	-	4142
NODE_1846_length_4139_cov_2.011324	background	-	-	-	-	4139
NODE_1847_length_4136_cov_54.767677	background	-	-	-	-	4136
NODE_1848_length_4136_cov_3.811530	background	-	-	-	-	4136
NODE_1849_length_4126_cov_3.625340	background	-	-	-	-	4126
NODE_184_length_34496_cov_13.775763	background	-	-	-	-	34496
NODE_1850_length_4121_cov_4.108556	background	-	-	-	-	4121
NODE_1851_length_4116_cov_3.739044	background	-	-	-	-	4116
NODE_1852_length_4115_cov_9.652303	background	-	-	-	-	4115
NODE_1853_length_4114_cov_12.292792	background	-	-	-	-	4114
NODE_1854_length_4114_cov_2.064404	background	-	-	-	-	4114
NODE_1855_length_4113_cov_5.670714	background	-	-	-	-	4113
NODE_1856_length_4106_cov_2.212956	background	-	-	-	-	4106
NODE_1857_length_4105_cov_2.389027	background	-	-	-	-	4105
NODE_1858_length_4103_cov_4.593145	background	-	-	-	-	4103
NODE_1859_length_4100_cov_11.041263	background	-	-	-	-	4100
NODE_185_length_34123_cov_12.361305	background	-	-	-	-	34123
NODE_1860_length_4098_cov_4.233524	background	-	-	-	-	4098
NODE_1861_length_4096_cov_6.603135	background	-	-	-	-	4096
NODE_1862_length_4093_cov_73.770169	background	-	-	-	-	4093
NODE_1863_length_4090_cov_5.141789	background	-	-	-	-	4090
NODE_1864_length_4087_cov_138.554613	bacterial	NZ_CP065631.1	negative_control	96.4	91.9	4087
NODE_1865_length_4084_cov_3.251061	background	-	-	-	-	4084
NODE_1866_length_4083_cov_10.851223	background	-	-	-	-	4083
NODE_1867_length_4082_cov_94.593009	bacterial	NZ_CP065631.1	negative_control	96.2	88.4	4082
NODE_1868_length_4081_cov_216.914835	bacterial	NZ_CP065631.1	negative_control	99.4	100.0	4081
NODE_1869_length_4081_cov_10.767233	background	-	-	-	-	4081
NODE_186_length_34103_cov_12.166755	background	-	-	-	-	34103
NODE_1870_length_4078_cov_4.497876	background	-	-	-	-	4078
NODE_1871_length_4077_cov_2.442500	background	-	-	-	-	4077
NODE_1872_length_4066_cov_6.004011	background	-	-	-	-	4066
NODE_1873_length_4064_cov_2.480813	background	-	-	-	-	4064
NODE_1874_length_4064_cov_2.452471	background	-	-	-	-	4064
NODE_1875_length_4061_cov_33.509538	bacterial	NZ_AP012332.1	negative_control	95.4	100.0	4061
NODE_1876_length_4061_cov_2.769327	background	-	-	-	-	4061
NODE_1877_length_4058_cov_7.937202	background	-	-	-	-	4058
NODE_1878_length_4057_cov_3.854523	background	-	-	-	-	4057
NODE_1879_length_4057_cov_2.670603	background	-	-	-	-	4057
NODE_187_length_33868_cov_13.156728	background	-	-	-	-	33868
NODE_1880_length_4055_cov_35.665158	background	-	-	-	-	4055
NODE_1881_length_4054_cov_8.643198	background	-	-	-	-	4054
NODE_1882_length_4052_cov_20.601258	background	-	-	-	-	4052
NODE_1883_length_4052_cov_3.079748	background	-	-	-	-	4052
NODE_1884_length_4047_cov_3.374055	background	-	-	-	-	4047
NODE_1885_length_4045_cov_38.931956	background	-	-	-	-	4045
NODE_1886_length_4040_cov_106.460762	bacterial	NZ_CP065631.1	negative_control	96.3	81.8	4040
NODE_1887_length_4036_cov_8.436221	background	-	-	-	-	4036
NODE_1888_length_4036_cov_3.663299	background	-	-	-	-	4036
NODE_1889_length_4036_cov_2.483455	background	-	-	-	-	4036
NODE_188_length_33807_cov_70.997895	background	-	-	-	-	33807
NODE_1890_length_4032_cov_12.756764	background	-	-	-	-	4032
NODE_1891_length_4029_cov_140.898532	background	-	-	-	-	4029
NODE_1892_length_4021_cov_101.113844	background	-	-	-	-	4021
NODE_1893_length_4013_cov_3.674543	background	-	-	-	-	4013
NODE_1894_length_4007_cov_2.097710	background	-	-	-	-	4007
NODE_1895_length_4005_cov_3.725051	background	-	-	-	-	4005
NODE_1896_length_4003_cov_7.318645	background	-	-	-	-	4003
NODE_1897_length_4000_cov_3.244456	background	-	-	-	-	4000
NODE_1898_length_3998_cov_40.849018	bacterial	NZ_AP012332.1	negative_control	97.5	100.0	3998
NODE_1899_length_3997_cov_124.920153	background	-	-	-	-	3997
NODE_189_length_33744_cov_58.188879	background	-	-	-	-	33744
NODE_18_length_163281_cov_7.260760	background	-	-	-	-	163281
NODE_1900_length_3995_cov_132.177131	bacterial	NZ_CP065631.1	negative_control	96.3	83.1	3995
NODE_1901_length_3994_cov_5.032167	background	-	-	-	-	3994
NODE_1902_length_3994_cov_4.828440	background	-	-	-	-	3994
NODE_1903_length_3993_cov_14.400919	background	-	-	-	-	3993
NODE_1904_length_3992_cov_7.652107	background	-	-	-	-	3992
NODE_1905_length_3992_cov_3.647510	background	-	-	-	-	3992
NODE_1906_length_3989_cov_36.656697	background	-	-	-	-	3989
NODE_1907_length_3984_cov_7.413105	background	-	-	-	-	3984
NODE_1908_length_3974_cov_81.648704	background	-	-	-	-	3974
NODE_1909_length_3972_cov_3.100128	background	-	-	-	-	3972
NODE_190_length_33521_cov_10.107942	background	-	-	-	-	33521
NODE_1910_length_3966_cov_2.643096	background	-	-	-	-	3966
NODE_1911_length_3965_cov_2.703447	background	-	-	-	-	3965
NODE_1912_length_3964_cov_62.402881	background	-	-	-	-	3964
NODE_1913_length_3964_cov_10.617185	background	-	-	-	-	3964
NODE_1914_length_3961_cov_24.250000	background	-	-	-	-	3961
NODE_1915_length_3961_cov_4.180742	background	-	-	-	-	3961
NODE_1916_length_3959_cov_120.009531	background	-	-	-	-	3959
NODE_1917_length_3958_cov_11.382891	background	-	-	-	-	3958
NODE_1918_length_3954_cov_2.894248	background	-	-	-	-	3954
NODE_1919_length_3953_cov_205.925697	bacterial	NZ_CP065631.1	negative_control	99.6	100.0	3953
NODE_191_length_33478_cov_6.325499	background	-	-	-	-	33478
NODE_1920_length_3953_cov_3.139577	background	-	-	-	-	3953
NODE_1921_length_3953_cov_2.355263	background	-	-	-	-	3953
NODE_1922_length_3948_cov_11.523379	background	-	-	-	-	3948
NODE_1923_length_3945_cov_1016.800931	background	-	-	-	-	3945
NODE_1924_length_3945_cov_104.853930	background	-	-	-	-	3945
NODE_1925_length_3945_cov_13.970010	bacterial	NZ_CP011280.1	negative_control	99.6	100.0	3945
NODE_1926_length_3941_cov_2.733954	background	-	-	-	-	3941
NODE_1927_length_3933_cov_7.093102	background	-	-	-	-	3933
NODE_1928_length_3933_cov_2.970176	background	-	-	-	-	3933
NODE_1929_length_3931_cov_2.537104	background	-	-	-	-	3931
NODE_192_length_33439_cov_9.044182	background	-	-	-	-	33439
NODE_1930_length_3929_cov_155.489097	bacterial	NZ_CP065631.1	negative_control	97.6	87.7	3929
NODE_1931_length_3926_cov_2.584048	background	-	-	-	-	3926
NODE_1932_length_3921_cov_48.348595	background	-	-	-	-	3921
NODE_1933_length_3917_cov_114.727083	bacterial	NZ_CP065631.1	negative_control	97.7	86.4	3917
NODE_1934_length_3914_cov_137.628877	bacterial	NZ_CP065631.1	negative_control	97.8	100.0	3914
NODE_1935_length_3914_cov_33.254365	background	-	-	-	-	3914
NODE_1936_length_3912_cov_2.858931	background	-	-	-	-	3912
NODE_1937_length_3911_cov_78.353938	background	-	-	-	-	3911
NODE_1938_length_3911_cov_3.980960	background	-	-	-	-	3911
NODE_1939_length_3907_cov_6.752742	background	-	-	-	-	3907
NODE_193_length_33282_cov_13.007499	background	-	-	-	-	33282
NODE_1940_length_3906_cov_3.339514	background	-	-	-	-	3906
NODE_1941_length_3901_cov_11.839697	background	-	-	-	-	3901
NODE_1942_length_3899_cov_3.809524	background	-	-	-	-	3899
NODE_1943_length_3897_cov_2.274346	background	-	-	-	-	3897
NODE_1944_length_3897_cov_2.107853	background	-	-	-	-	3897
NODE_1945_length_3896_cov_4.102907	background	-	-	-	-	3896
NODE_1946_length_3895_cov_4.021215	background	-	-	-	-	3895
NODE_1947_length_3892_cov_6.090433	background	-	-	-	-	3892
NODE_1948_length_3891_cov_3.606450	background	-	-	-	-	3891
NODE_1949_length_3890_cov_10.888801	background	-	-	-	-	3890
NODE_194_length_33245_cov_6.252412	background	-	-	-	-	33245
NODE_1950_length_3890_cov_2.145292	background	-	-	-	-	3890
NODE_1951_length_3889_cov_161.061123	bacterial	NZ_CP065631.1	negative_control	99.3	100.0	3889
NODE_1952_length_3883_cov_78.226222	background	-	-	-	-	3883
NODE_1953_length_3883_cov_2.235418	background	-	-	-	-	3883
NODE_1954_length_3874_cov_90.173821	background	-	-	-	-	3874
NODE_1955_length_3869_cov_3.511867	background	-	-	-	-	3869
NODE_1956_length_3865_cov_26.485216	background	-	-	-	-	3865
NODE_1957_length_3863_cov_5.100106	background	-	-	-	-	3863
NODE_1958_length_3863_cov_2.147121	background	-	-	-	-	3863
NODE_1959_length_3862_cov_5.737913	background	-	-	-	-	3862
NODE_195_length_32971_cov_6.345595	background	-	-	-	-	32971
NODE_1960_length_3860_cov_1.941052	background	-	-	-	-	3860
NODE_1961_length_3859_cov_69.187731	background	-	-	-	-	3859
NODE_1962_length_3858_cov_61.668871	background	-	-	-	-	3858
NODE_1963_length_3856_cov_3.224398	background	-	-	-	-	3856
NODE_1964_length_3853_cov_26.031250	background	-	-	-	-	3853
NODE_1965_length_3853_cov_13.386388	background	-	-	-	-	3853
NODE_1966_length_3852_cov_2.894305	background	-	-	-	-	3852
NODE_1967_length_3852_cov_2.287682	background	-	-	-	-	3852
NODE_1968_length_3849_cov_9.648727	background	-	-	-	-	3849
NODE_1969_length_3848_cov_33.867940	bacterial	NZ_AP012332.1	negative_control	98.6	100.0	3848
NODE_196_length_32874_cov_6.182120	background	-	-	-	-	32874
NODE_1970_length_3845_cov_71.068737	background	-	-	-	-	3845
NODE_1971_length_3845_cov_5.664544	background	-	-	-	-	3845
NODE_1972_length_3845_cov_4.436837	background	-	-	-	-	3845
NODE_1973_length_3844_cov_188.062649	bacterial	NZ_CP065631.1	negative_control	97.3	98.1	3844
NODE_1974_length_3841_cov_3.329437	background	-	-	-	-	3841
NODE_1975_length_3839_cov_7.930090	background	-	-	-	-	3839
NODE_1976_length_3838_cov_61.178676	background	-	-	-	-	3838
NODE_1977_length_3837_cov_3.683777	background	-	-	-	-	3837
NODE_1978_length_3836_cov_5.231711	background	-	-	-	-	3836
NODE_1979_length_3834_cov_115.808624	background	-	-	-	-	3834
NODE_197_length_32775_cov_10.984189	bacterial	NZ_CP011280.1	negative_control	96.0	82.5	32775
NODE_1980_length_3831_cov_18.891849	background	-	-	-	-	3831
NODE_1981_length_3828_cov_2.968808	background	-	-	-	-	3828
NODE_1982_length_3825_cov_2.870064	background	-	-	-	-	3825
NODE_1983_length_3825_cov_2.500000	background	-	-	-	-	3825
NODE_1984_length_3823_cov_83.104378	background	-	-	-	-	3823
NODE_1985_length_3822_cov_2.630975	background	-	-	-	-	3822
NODE_1986_length_3821_cov_2.995192	background	-	-	-	-	3821
NODE_1987_length_3818_cov_174.420743	background	-	-	-	-	3818
NODE_1988_length_3817_cov_10.435294	background	-	-	-	-	3817
NODE_1989_length_3816_cov_14.452260	background	-	-	-	-	3816
NODE_198_length_32711_cov_9.024759	background	-	-	-	-	32711
NODE_1990_length_3815_cov_76.692081	background	-	-	-	-	3815
NODE_1991_length_3815_cov_3.071161	background	-	-	-	-	3815
NODE_1992_length_3814_cov_32.775488	background	-	-	-	-	3814
NODE_1993_length_3812_cov_5.597055	background	-	-	-	-	3812
NODE_1994_length_3812_cov_5.509772	background	-	-	-	-	3812
NODE_1995_length_3812_cov_2.915127	background	-	-	-	-	3812
NODE_1996_length_3810_cov_10.341816	background	-	-	-	-	3810
NODE_1997_length_3809_cov_4.939979	background	-	-	-	-	3809
NODE_1998_length_3806_cov_11.755967	background	-	-	-	-	3806
NODE_1999_length_3806_cov_2.183964	background	-	-	-	-	3806
NODE_199_length_32683_cov_26.244035	background	-	-	-	-	32683
NODE_19_length_158672_cov_17.848123	background	-	-	-	-	158672
NODE_1_length_289332_cov_7.042720	background	-	-	-	-	289332
NODE_2000_length_3804_cov_5.405420	background	-	-	-	-	3804
NODE_2001_length_3798_cov_83.447998	background	-	-	-	-	3798
NODE_2002_length_3797_cov_10.334409	background	-	-	-	-	3797
NODE_2003_length_3797_cov_2.352957	background	-	-	-	-	3797
NODE_2004_length_3796_cov_2.852380	background	-	-	-	-	3796
NODE_2005_length_3790_cov_3.112039	background	-	-	-	-	3790
NODE_2006_length_3784_cov_2.504721	background	-	-	-	-	3784
NODE_2007_length_3783_cov_2.154074	background	-	-	-	-	3783
NODE_2008_length_3780_cov_4.123413	background	-	-	-	-	3780
NODE_2009_length_3777_cov_29.577297	background	-	-	-	-	3777
NODE_200_length_32651_cov_23.034475	background	-	-	-	-	32651
NODE_2010_length_3770_cov_12.746548	background	-	-	-	-	3770
NODE_2011_length_3768_cov_3.872663	background	-	-	-	-	3768
NODE_2012_length_3764_cov_2.177651	background	-	-	-	-	3764
NODE_2013_length_3760_cov_22.700787	background	-	-	-	-	3760
NODE_2014_length_3757_cov_3.976630	background	-	-	-	-	3757
NODE_2015_length_3755_cov_11.837684	background	-	-	-	-	3755
NODE_2016_length_3750_cov_3.193847	background	-	-	-	-	3750
NODE_2017_length_3747_cov_13.396458	background	-	-	-	-	3747
NODE_2018_length_3747_cov_3.985286	background	-	-	-	-	3747
NODE_2019_length_3746_cov_3.197056	background	-	-	-	-	3746
NODE_201_length_32418_cov_223.004824	background	-	-	-	-	32418
NODE_2020_length_3741_cov_962.525382	background	-	-	-	-	3741
NODE_2021_length_3740_cov_46.380016	background	-	-	-	-	3740
NODE_2022_length_3738_cov_125.963398	bacterial	NZ_CP065631.1	negative_control	97.9	100.0	3738
NODE_2023_length_3737_cov_60.574863	background	-	-	-	-	3737
NODE_2024_length_3737_cov_3.293989	background	-	-	-	-	3737
NODE_2025_length_3734_cov_10.036642	background	-	-	-	-	3734
NODE_2026_length_3729_cov_57.490964	background	-	-	-	-	3729
NODE_2027_length_3729_cov_6.548193	background	-	-	-	-	3729
NODE_2028_length_3728_cov_56.002465	background	-	-	-	-	3728
NODE_2029_length_3728_cov_2.213366	background	-	-	-	-	3728
NODE_202_length_32371_cov_115.232644	background	-	-	-	-	32371
NODE_2030_length_3724_cov_3.409652	background	-	-	-	-	3724
NODE_2031_length_3721_cov_2.560922	background	-	-	-	-	3721
NODE_2032_length_3719_cov_2.824272	background	-	-	-	-	3719
NODE_2033_length_3718_cov_772.343587	background	-	-	-	-	3718
NODE_2034_length_3718_cov_64.739632	background	-	-	-	-	3718
NODE_2035_length_3717_cov_46.574451	bacterial	NZ_AP012332.1	negative_control	98.0	93.6	3717
NODE_2036_length_3716_cov_17.358065	background	-	-	-	-	3716
NODE_2037_length_3711_cov_5.525316	background	-	-	-	-	3711
NODE_2038_length_3711_cov_5.511282	background	-	-	-	-	3711
NODE_2039_length_3708_cov_249.670890	background	-	-	-	-	3708
NODE_203_length_32335_cov_84.569657	background	-	-	-	-	32335
NODE_2040_length_3708_cov_2.236574	background	-	-	-	-	3708
NODE_2041_length_3704_cov_3.574580	background	-	-	-	-	3704
NODE_2042_length_3699_cov_3.099669	background	-	-	-	-	3699
NODE_2043_length_3694_cov_3.003594	background	-	-	-	-	3694
NODE_2044_length_3692_cov_19.866390	background	-	-	-	-	3692
NODE_2045_length_3688_cov_2.510939	background	-	-	-	-	3688
NODE_2046_length_3686_cov_53.399280	background	-	-	-	-	3686
NODE_2047_length_3685_cov_2.640244	background	-	-	-	-	3685
NODE_2048_length_3684_cov_2.784308	background	-	-	-	-	3684
NODE_2049_length_3683_cov_2.460621	background	-	-	-	-	3683
NODE_204_length_32321_cov_7.340963	background	-	-	-	-	32321
NODE_2050_length_3682_cov_4.530652	background	-	-	-	-	3682
NODE_2051_length_3680_cov_95.518457	bacterial	NZ_AP012332.1	negative_control	97.5	99.3	3680
NODE_2052_length_3680_cov_2.367194	background	-	-	-	-	3680
NODE_2053_length_3679_cov_2.498334	background	-	-	-	-	3679
NODE_2054_length_3678_cov_897.901694	background	-	-	-	-	3678
NODE_2055_length_3677_cov_92.809722	background	-	-	-	-	3677
NODE_2056_length_3677_cov_5.249722	background	-	-	-	-	3677
NODE_2057_length_3671_cov_65.756260	background	-	-	-	-	3671
NODE_2058_length_3670_cov_787.879766	background	-	-	-	-	3670
NODE_2059_length_3666_cov_2.592923	background	-	-	-	-	3666
NODE_205_length_31894_cov_35.048182	background	-	-	-	-	31894
NODE_2060_length_3663_cov_2.675962	background	-	-	-	-	3663
NODE_2061_length_3663_cov_2.510876	background	-	-	-	-	3663
NODE_2062_length_3661_cov_111.087054	background	-	-	-	-	3661
NODE_2063_length_3659_cov_2.396427	background	-	-	-	-	3659
NODE_2064_length_3655_cov_2.247065	background	-	-	-	-	3655
NODE_2065_length_3651_cov_5.100727	background	-	-	-	-	3651
NODE_2066_length_3649_cov_71.050952	background	-	-	-	-	3649
NODE_2067_length_3647_cov_40.746499	bacterial	NZ_AP012332.1	negative_control	98.1	95.9	3647
NODE_2068_length_3645_cov_4.450392	background	-	-	-	-	3645
NODE_2069_length_3644_cov_2.909728	background	-	-	-	-	3644
NODE_206_length_31885_cov_11.248617	bacterial	NZ_CP011280.1	negative_control	98.1	100.0	31885
NODE_2070_length_3643_cov_32.880538	background	-	-	-	-	3643
NODE_2071_length_3640_cov_122.128263	background	-	-	-	-	3640
NODE_2072_length_3639_cov_2.491297	background	-	-	-	-	3639
NODE_2073_length_3637_cov_6.103652	background	-	-	-	-	3637
NODE_2074_length_3635_cov_11.806633	background	-	-	-	-	3635
NODE_2075_length_3634_cov_20.606691	background	-	-	-	-	3634
NODE_2076_length_3631_cov_22.326674	background	-	-	-	-	3631
NODE_2077_length_3628_cov_2.884540	background	-	-	-	-	3628
NODE_2078_length_3627_cov_65.919437	background	-	-	-	-	3627
NODE_2079_length_3619_cov_59.156409	bacterial	NZ_AP012332.1	negative_control	97.3	100.0	3619
NODE_207_length_31786_cov_61.492699	background	-	-	-	-	31786
NODE_2080_length_3617_cov_5.605932	background	-	-	-	-	3617
NODE_2081_length_3612_cov_10.439887	background	-	-	-	-	3612
NODE_2082_length_3612_cov_1.841584	background	-	-	-	-	3612
NODE_2083_length_3609_cov_223.640713	bacterial	NZ_CP065631.1	negative_control	97.9	100.0	3609
NODE_2084_length_3609_cov_40.488675	bacterial	NZ_AP012332.1	negative_control	96.4	81.0	3609
NODE_2085_length_3607_cov_8.801700	background	-	-	-	-	3607
NODE_2086_length_3606_cov_2.493624	background	-	-	-	-	3606
NODE_2087_length_3604_cov_9.918911	background	-	-	-	-	3604
NODE_2088_length_3604_cov_2.166147	background	-	-	-	-	3604
NODE_2089_length_3602_cov_2.387518	background	-	-	-	-	3602
NODE_208_length_31743_cov_50.488631	background	-	-	-	-	31743
NODE_2090_length_3599_cov_2.956843	background	-	-	-	-	3599
NODE_2091_length_3598_cov_40.688157	bacterial	NZ_AP012332.1	negative_control	98.5	100.0	3598
NODE_2092_length_3598_cov_1.929281	background	-	-	-	-	3598
NODE_2093_length_3597_cov_57.548864	background	-	-	-	-	3597
NODE_2094_length_3597_cov_6.912216	background	-	-	-	-	3597
NODE_2095_length_3597_cov_2.489205	background	-	-	-	-	3597
NODE_2096_length_3596_cov_3.850810	background	-	-	-	-	3596
NODE_2097_length_3589_cov_90.032175	background	-	-	-	-	3589
NODE_2098_length_3589_cov_17.322039	background	-	-	-	-	3589
NODE_2099_length_3587_cov_197.540456	bacterial	NZ_CP065631.1	negative_control	97.0	100.0	3587
NODE_209_length_31723_cov_14.133477	background	-	-	-	-	31723
NODE_20_length_146204_cov_16.576143	background	-	-	-	-	146204
NODE_2100_length_3582_cov_2.590585	background	-	-	-	-	3582
NODE_2101_length_3580_cov_14.997145	background	-	-	-	-	3580
NODE_2102_length_3580_cov_2.620040	background	-	-	-	-	3580
NODE_2103_length_3579_cov_2.436608	background	-	-	-	-	3579
NODE_2104_length_3577_cov_2.993143	background	-	-	-	-	3577
NODE_2105_length_3570_cov_2.693100	background	-	-	-	-	3570
NODE_2106_length_3569_cov_3.041523	background	-	-	-	-	3569
NODE_2107_length_3568_cov_2.003437	background	-	-	-	-	3568
NODE_2108_length_3567_cov_4.809169	background	-	-	-	-	3567
NODE_2109_length_3567_cov_2.681662	background	-	-	-	-	3567
NODE_210_length_31618_cov_11.599854	background	-	-	-	-	31618
NODE_2110_length_3566_cov_6.194038	background	-	-	-	-	3566
NODE_2111_length_3566_cov_5.259100	background	-	-	-	-	3566
NODE_2112_length_3565_cov_84.987385	background	-	-	-	-	3565
NODE_2113_length_3562_cov_3.451650	background	-	-	-	-	3562
NODE_2114_length_3559_cov_141.161114	bacterial	NZ_CP065631.1	negative_control	97.8	100.0	3559
NODE_2115_length_3559_cov_49.613153	background	-	-	-	-	3559
NODE_2116_length_3559_cov_3.185526	background	-	-	-	-	3559
NODE_2117_length_3558_cov_3.718472	background	-	-	-	-	3558
NODE_2118_length_3556_cov_70.396091	background	-	-	-	-	3556
NODE_2119_length_3554_cov_2.809318	background	-	-	-	-	3554
NODE_211_length_31616_cov_40.721805	background	-	-	-	-	31616
NODE_2120_length_3553_cov_10.369678	background	-	-	-	-	3553
NODE_2121_length_3551_cov_3.600173	background	-	-	-	-	3551
NODE_2122_length_3551_cov_3.225964	background	-	-	-	-	3551
NODE_2123_length_3550_cov_3.806219	background	-	-	-	-	3550
NODE_2124_length_3550_cov_3.372589	background	-	-	-	-	3550
NODE_2125_length_3548_cov_4.095938	background	-	-	-	-	3548
NODE_2126_length_3543_cov_4.548759	background	-	-	-	-	3543
NODE_2127_length_3543_cov_3.800058	background	-	-	-	-	3543
NODE_2128_length_3542_cov_2.790476	background	-	-	-	-	3542
NODE_2129_length_3540_cov_37.254981	background	-	-	-	-	3540
NODE_212_length_31531_cov_161.149075	background	-	-	-	-	31531
NODE_2130_length_3537_cov_155.683526	background	-	-	-	-	3537
NODE_2131_length_3536_cov_112.272044	background	-	-	-	-	3536
NODE_2132_length_3533_cov_2.548032	background	-	-	-	-	3533
NODE_2133_length_3532_cov_2.519537	background	-	-	-	-	3532
NODE_2134_length_3529_cov_4.232908	background	-	-	-	-	3529
NODE_2135_length_3529_cov_1.965238	background	-	-	-	-	3529
NODE_2136_length_3527_cov_134.880000	bacterial	NZ_CP065631.1	negative_control	96.8	99.8	3527
NODE_2137_length_3524_cov_2.448216	background	-	-	-	-	3524
NODE_2138_length_3523_cov_4.324434	background	-	-	-	-	3523
NODE_2139_length_3522_cov_1.946880	background	-	-	-	-	3522
NODE_213_length_31509_cov_5.487274	background	-	-	-	-	31509
NODE_2140_length_3520_cov_3.683997	background	-	-	-	-	3520
NODE_2141_length_3516_cov_2.000582	background	-	-	-	-	3516
NODE_2142_length_3513_cov_11.297730	background	-	-	-	-	3513
NODE_2143_length_3513_cov_4.087893	background	-	-	-	-	3513
NODE_2144_length_3513_cov_2.541327	background	-	-	-	-	3513
NODE_2145_length_3511_cov_9.108328	background	-	-	-	-	3511
NODE_2146_length_3510_cov_71.824352	background	-	-	-	-	3510
NODE_2147_length_3504_cov_2.760724	background	-	-	-	-	3504
NODE_2148_length_3500_cov_28.604148	background	-	-	-	-	3500
NODE_2149_length_3497_cov_12.737719	background	-	-	-	-	3497
NODE_214_length_31127_cov_11.694847	background	-	-	-	-	31127
NODE_2150_length_3497_cov_8.869591	background	-	-	-	-	3497
NODE_2151_length_3497_cov_2.646199	background	-	-	-	-	3497
NODE_2152_length_3495_cov_2.584845	background	-	-	-	-	3495
NODE_2153_length_3493_cov_2.408080	background	-	-	-	-	3493
NODE_2154_length_3490_cov_5.764137	background	-	-	-	-	3490
NODE_2155_length_3489_cov_5.252638	background	-	-	-	-	3489
NODE_2156_length_3488_cov_7.259162	background	-	-	-	-	3488
NODE_2157_length_3488_cov_3.907359	background	-	-	-	-	3488
NODE_2158_length_3486_cov_2.793488	background	-	-	-	-	3486
NODE_2159_length_3483_cov_2.779800	background	-	-	-	-	3483
NODE_215_length_30998_cov_103.923547	background	-	-	-	-	30998
NODE_2160_length_3481_cov_38.575499	background	-	-	-	-	3481
NODE_2161_length_3481_cov_10.543772	background	-	-	-	-	3481
NODE_2162_length_3480_cov_131.273288	background	-	-	-	-	3480
NODE_2163_length_3478_cov_2.226110	background	-	-	-	-	3478
NODE_2164_length_3477_cov_2.529118	background	-	-	-	-	3477
NODE_2165_length_3474_cov_5.683839	background	-	-	-	-	3474
NODE_2166_length_3473_cov_79.257067	background	-	-	-	-	3473
NODE_2167_length_3473_cov_7.988221	background	-	-	-	-	3473
NODE_2168_length_3473_cov_2.500589	background	-	-	-	-	3473
NODE_2169_length_3472_cov_2.270103	background	-	-	-	-	3472
NODE_216_length_30949_cov_4.443379	background	-	-	-	-	30949
NODE_2170_length_3470_cov_4.690834	background	-	-	-	-	3470
NODE_2171_length_3467_cov_124.623009	background	-	-	-	-	3467
NODE_2172_length_3467_cov_2.412684	background	-	-	-	-	3467
NODE_2173_length_3465_cov_51.223436	background	-	-	-	-	3465
NODE_2174_length_3465_cov_2.800767	background	-	-	-	-	3465
NODE_2175_length_3463_cov_3.205552	background	-	-	-	-	3463
NODE_2176_length_3463_cov_2.122563	background	-	-	-	-	3463
NODE_2177_length_3458_cov_2.531500	background	-	-	-	-	3458
NODE_2178_length_3456_cov_4.333531	background	-	-	-	-	3456
NODE_2179_length_3454_cov_68.140954	background	-	-	-	-	3454
NODE_217_length_30843_cov_11.772411	background	-	-	-	-	30843
NODE_2180_length_3454_cov_7.918567	background	-	-	-	-	3454
NODE_2181_length_3450_cov_3.571894	background	-	-	-	-	3450
NODE_2182_length_3450_cov_2.625852	background	-	-	-	-	3450
NODE_2183_length_3446_cov_5.473137	background	-	-	-	-	3446
NODE_2184_length_3444_cov_4.151470	background	-	-	-	-	3444
NODE_2185_length_3444_cov_3.017820	background	-	-	-	-	3444
NODE_2186_length_3442_cov_4.510253	background	-	-	-	-	3442
NODE_2187_length_3441_cov_32.766052	background	-	-	-	-	3441
NODE_2188_length_3441_cov_2.637039	background	-	-	-	-	3441
NODE_2189_length_3440_cov_15.898305	background	-	-	-	-	3440
NODE_218_length_30783_cov_992.072624	background	-	-	-	-	30783
NODE_2190_length_3440_cov_9.161166	background	-	-	-	-	3440
NODE_2191_length_3440_cov_2.793934	background	-	-	-	-	3440
NODE_2192_length_3438_cov_70.102946	background	-	-	-	-	3438
NODE_2193_length_3437_cov_2.438095	background	-	-	-	-	3437
NODE_2194_length_3434_cov_15.118260	background	-	-	-	-	3434
NODE_2195_length_3434_cov_10.252011	background	-	-	-	-	3434
NODE_2196_length_3433_cov_114.430274	bacterial	NZ_CP065631.1	negative_control	97.2	99.7	3433
NODE_2197_length_3432_cov_3.830700	background	-	-	-	-	3432
NODE_2198_length_3432_cov_3.110581	background	-	-	-	-	3432
NODE_2199_length_3431_cov_32.566786	background	-	-	-	-	3431
NODE_219_length_30314_cov_10.310811	background	-	-	-	-	30314
NODE_21_length_146054_cov_9.995801	background	-	-	-	-	146054
NODE_2200_length_3430_cov_2.520429	background	-	-	-	-	3430
NODE_2201_length_3429_cov_37.448687	bacterial	NZ_AP012332.1	negative_control	98.8	97.9	3429
NODE_2202_length_3428_cov_12.799463	background	-	-	-	-	3428
NODE_2203_length_3428_cov_2.369740	background	-	-	-	-	3428
NODE_2204_length_3427_cov_2.365672	background	-	-	-	-	3427
NODE_2205_length_3426_cov_72.066587	background	-	-	-	-	3426
NODE_2206_length_3426_cov_2.981487	background	-	-	-	-	3426
NODE_2207_length_3424_cov_3.629220	background	-	-	-	-	3424
NODE_2208_length_3423_cov_4.115063	background	-	-	-	-	3423
NODE_2209_length_3417_cov_3.918862	background	-	-	-	-	3417
NODE_220_length_30246_cov_125.595678	background	-	-	-	-	30246
NODE_2210_length_3415_cov_1.794188	background	-	-	-	-	3415
NODE_2211_length_3413_cov_207.842026	bacterial	NZ_CP065631.1	negative_control	99.5	100.0	3413
NODE_2212_length_3413_cov_2.731415	background	-	-	-	-	3413
NODE_2213_length_3411_cov_38.364727	bacterial	NZ_AP012332.1	negative_control	97.4	91.6	3411
NODE_2214_length_3410_cov_76.144914	bacterial	NZ_CP065631.1	negative_control	99.0	99.8	3410
NODE_2215_length_3410_cov_2.908491	background	-	-	-	-	3410
NODE_2216_length_3409_cov_14.073830	background	-	-	-	-	3409
NODE_2217_length_3407_cov_4.630330	background	-	-	-	-	3407
NODE_2218_length_3405_cov_2.323017	background	-	-	-	-	3405
NODE_2219_length_3403_cov_2.150932	background	-	-	-	-	3403
NODE_221_length_30216_cov_79.463851	background	-	-	-	-	30216
NODE_2220_length_3402_cov_2.842406	background	-	-	-	-	3402
NODE_2221_length_3399_cov_12.360325	background	-	-	-	-	3399
NODE_2222_length_3398_cov_114.060223	background	-	-	-	-	3398
NODE_2223_length_3398_cov_7.467028	background	-	-	-	-	3398
NODE_2224_length_3398_cov_2.483288	background	-	-	-	-	3398
NODE_2225_length_3395_cov_4.602471	background	-	-	-	-	3395
NODE_2226_length_3394_cov_2.697920	background	-	-	-	-	3394
NODE_2227_length_3392_cov_2.693514	background	-	-	-	-	3392
NODE_2228_length_3389_cov_10.252415	background	-	-	-	-	3389
NODE_2229_length_3388_cov_4.102386	background	-	-	-	-	3388
NODE_222_length_29963_cov_12.154186	background	-	-	-	-	29963
NODE_2230_length_3386_cov_2.550922	background	-	-	-	-	3386
NODE_2231_length_3383_cov_11.565336	background	-	-	-	-	3383
NODE_2232_length_3382_cov_68.280787	background	-	-	-	-	3382
NODE_2233_length_3380_cov_1.792310	background	-	-	-	-	3380
NODE_2234_length_3379_cov_74.325560	background	-	-	-	-	3379
NODE_2235_length_3376_cov_2.892998	background	-	-	-	-	3376
NODE_2236_length_3375_cov_19.354760	background	-	-	-	-	3375
NODE_2237_length_3375_cov_3.163736	background	-	-	-	-	3375
NODE_2238_length_3375_cov_2.330200	background	-	-	-	-	3375
NODE_2239_length_3370_cov_4.837838	background	-	-	-	-	3370
NODE_223_length_29878_cov_58.571927	background	-	-	-	-	29878
NODE_2240_length_3369_cov_4.742710	background	-	-	-	-	3369
NODE_2241_length_3367_cov_50.850152	bacterial	NZ_AP012332.1	negative_control	97.7	100.0	3367
NODE_2242_length_3367_cov_2.702128	background	-	-	-	-	3367
NODE_2243_length_3365_cov_2.482664	background	-	-	-	-	3365
NODE_2244_length_3359_cov_4.465570	background	-	-	-	-	3359
NODE_2245_length_3352_cov_117.048244	bacterial	NZ_CP065631.1	negative_control	96.0	88.5	3352
NODE_2246_length_3351_cov_2.221136	background	-	-	-	-	3351
NODE_2247_length_3348_cov_146.493733	background	-	-	-	-	3348
NODE_2248_length_3347_cov_1.634251	background	-	-	-	-	3347
NODE_2249_length_3346_cov_132.213215	background	-	-	-	-	3346
NODE_224_length_29819_cov_8.620301	background	-	-	-	-	29819
NODE_2250_length_3345_cov_2.717258	background	-	-	-	-	3345
NODE_2251_length_3345_cov_2.491126	background	-	-	-	-	3345
NODE_2252_length_3343_cov_9.776791	background	-	-	-	-	3343
NODE_2253_length_3343_cov_2.122780	background	-	-	-	-	3343
NODE_2254_length_3342_cov_72.159265	background	-	-	-	-	3342
NODE_2255_length_3342_cov_3.729250	background	-	-	-	-	3342
NODE_2256_length_3342_cov_3.250230	background	-	-	-	-	3342
NODE_2257_length_3341_cov_2.871936	background	-	-	-	-	3341
NODE_2258_length_3337_cov_2.571166	background	-	-	-	-	3337
NODE_2259_length_3336_cov_4.552624	background	-	-	-	-	3336
NODE_225_length_29813_cov_71.844397	background	-	-	-	-	29813
NODE_2260_length_3335_cov_3.510743	background	-	-	-	-	3335
NODE_2261_length_3332_cov_15.569892	background	-	-	-	-	3332
NODE_2262_length_3332_cov_2.021813	background	-	-	-	-	3332
NODE_2263_length_3330_cov_62.789733	background	-	-	-	-	3330
NODE_2264_length_3330_cov_42.521365	background	-	-	-	-	3330
NODE_2265_length_3330_cov_3.096219	background	-	-	-	-	3330
NODE_2266_length_3328_cov_5.094432	background	-	-	-	-	3328
NODE_2267_length_3325_cov_3.608990	background	-	-	-	-	3325
NODE_2268_length_3324_cov_90.221435	background	-	-	-	-	3324
NODE_2269_length_3324_cov_2.344010	background	-	-	-	-	3324
NODE_226_length_29809_cov_55.882921	background	-	-	-	-	29809
NODE_2270_length_3321_cov_5.856042	background	-	-	-	-	3321
NODE_2271_length_3321_cov_3.000925	background	-	-	-	-	3321
NODE_2272_length_3321_cov_2.648890	background	-	-	-	-	3321
NODE_2273_length_3319_cov_3.668415	background	-	-	-	-	3319
NODE_2274_length_3317_cov_130.891667	background	-	-	-	-	3317
NODE_2275_length_3316_cov_45.402285	background	-	-	-	-	3316
NODE_2276_length_3316_cov_7.123495	background	-	-	-	-	3316
NODE_2277_length_3315_cov_37.459234	background	-	-	-	-	3315
NODE_2278_length_3315_cov_2.445337	background	-	-	-	-	3315
NODE_2279_length_3314_cov_2.857584	background	-	-	-	-	3314
NODE_227_length_29488_cov_44.281833	background	-	-	-	-	29488
NODE_2280_length_3313_cov_3.154203	background	-	-	-	-	3313
NODE_2281_length_3310_cov_190.991030	background	-	-	-	-	3310
NODE_2282_length_3308_cov_73.473228	background	-	-	-	-	3308
NODE_2283_length_3307_cov_148.655418	background	-	-	-	-	3307
NODE_2284_length_3307_cov_13.064087	background	-	-	-	-	3307
NODE_2285_length_3307_cov_6.385449	background	-	-	-	-	3307
NODE_2286_length_3305_cov_3.655514	background	-	-	-	-	3305
NODE_2287_length_3305_cov_2.311029	background	-	-	-	-	3305
NODE_2288_length_3304_cov_3.938023	background	-	-	-	-	3304
NODE_2289_length_3302_cov_31.874109	background	-	-	-	-	3302
NODE_228_length_29471_cov_8.933490	background	-	-	-	-	29471
NODE_2290_length_3299_cov_2.954376	background	-	-	-	-	3299
NODE_2291_length_3298_cov_3.752561	background	-	-	-	-	3298
NODE_2292_length_3297_cov_1.984783	background	-	-	-	-	3297
NODE_2293_length_3294_cov_5.048492	background	-	-	-	-	3294
NODE_2294_length_3294_cov_2.809450	background	-	-	-	-	3294
NODE_2295_length_3294_cov_2.807274	background	-	-	-	-	3294
NODE_2296_length_3290_cov_7.403361	background	-	-	-	-	3290
NODE_2297_length_3289_cov_4.869240	background	-	-	-	-	3289
NODE_2298_length_3289_cov_3.811644	background	-	-	-	-	3289
NODE_2299_length_3289_cov_2.030822	background	-	-	-	-	3289
NODE_229_length_29441_cov_9.120964	background	-	-	-	-	29441
NODE_22_length_143760_cov_8.214465	background	-	-	-	-	143760
NODE_2300_length_3287_cov_1.876947	background	-	-	-	-	3287
NODE_2301_length_3286_cov_2.570583	background	-	-	-	-	3286
NODE_2302_length_3284_cov_6.365762	background	-	-	-	-	3284
NODE_2303_length_3284_cov_5.462114	background	-	-	-	-	3284
NODE_2304_length_3283_cov_72.995009	background	-	-	-	-	3283
NODE_2305_length_3283_cov_59.659701	background	-	-	-	-	3283
NODE_2306_length_3279_cov_4.230169	background	-	-	-	-	3279
NODE_2307_length_3278_cov_4.230865	background	-	-	-	-	3278
NODE_2308_length_3276_cov_26.912473	background	-	-	-	-	3276
NODE_2309_length_3276_cov_23.865583	bacterial	NZ_AP012332.1	negative_control	98.2	100.0	3276
NODE_230_length_29336_cov_12.694282	background	-	-	-	-	29336
NODE_2310_length_3276_cov_2.353235	background	-	-	-	-	3276
NODE_2311_length_3275_cov_2.445591	background	-	-	-	-	3275
NODE_2312_length_3272_cov_12.494523	background	-	-	-	-	3272
NODE_2313_length_3270_cov_2.438772	background	-	-	-	-	3270
NODE_2314_length_3270_cov_2.355465	background	-	-	-	-	3270
NODE_2315_length_3269_cov_63.100877	background	-	-	-	-	3269
NODE_2316_length_3268_cov_2.772485	background	-	-	-	-	3268
NODE_2317_length_3267_cov_2.666771	background	-	-	-	-	3267
NODE_2318_length_3266_cov_7.859517	background	-	-	-	-	3266
NODE_2319_length_3263_cov_2.417765	background	-	-	-	-	3263
NODE_231_length_29283_cov_10.247141	background	-	-	-	-	29283
NODE_2320_length_3260_cov_10.433239	background	-	-	-	-	3260
NODE_2321_length_3258_cov_102.150267	background	-	-	-	-	3258
NODE_2322_length_3255_cov_2.103210	background	-	-	-	-	3255
NODE_2323_length_3253_cov_4.732683	background	-	-	-	-	3253
NODE_2324_length_3252_cov_119.989606	bacterial	NZ_CP065631.1	negative_control	96.6	98.3	3252
NODE_2325_length_3251_cov_2.267171	background	-	-	-	-	3251
NODE_2326_length_3250_cov_38.260006	background	-	-	-	-	3250
NODE_2327_length_3248_cov_138.559445	background	-	-	-	-	3248
NODE_2328_length_3248_cov_13.053295	background	-	-	-	-	3248
NODE_2329_length_3246_cov_14.671505	background	-	-	-	-	3246
NODE_232_length_29207_cov_4.694439	background	-	-	-	-	29207
NODE_2330_length_3246_cov_3.250552	background	-	-	-	-	3246
NODE_2331_length_3246_cov_2.609025	background	-	-	-	-	3246
NODE_2332_length_3244_cov_34.784023	background	-	-	-	-	3244
NODE_2333_length_3244_cov_5.964004	background	-	-	-	-	3244
NODE_2334_length_3243_cov_12.219520	background	-	-	-	-	3243
NODE_2335_length_3242_cov_9.923855	background	-	-	-	-	3242
NODE_2336_length_3241_cov_2.944690	background	-	-	-	-	3241
NODE_2337_length_3240_cov_6.984192	background	-	-	-	-	3240
NODE_2338_length_3240_cov_2.056908	background	-	-	-	-	3240
NODE_2339_length_3237_cov_11.538291	background	-	-	-	-	3237
NODE_233_length_29114_cov_56.433791	background	-	-	-	-	29114
NODE_2340_length_3237_cov_2.757595	background	-	-	-	-	3237
NODE_2341_length_3236_cov_133.804685	background	-	-	-	-	3236
NODE_2342_length_3235_cov_6.340089	background	-	-	-	-	3235
NODE_2343_length_3235_cov_6.031982	background	-	-	-	-	3235
NODE_2344_length_3235_cov_2.030716	background	-	-	-	-	3235
NODE_2345_length_3234_cov_6.814381	background	-	-	-	-	3234
NODE_2346_length_3234_cov_2.246436	background	-	-	-	-	3234
NODE_2347_length_3230_cov_2.474786	background	-	-	-	-	3230
NODE_2348_length_3229_cov_14.618972	background	-	-	-	-	3229
NODE_2349_length_3228_cov_13.723897	background	-	-	-	-	3228
NODE_234_length_29005_cov_10.749412	background	-	-	-	-	29005
NODE_2350_length_3228_cov_11.644557	background	-	-	-	-	3228
NODE_2351_length_3228_cov_2.405268	background	-	-	-	-	3228
NODE_2352_length_3224_cov_721.814744	bacterial	NZ_AFIJ01000010.1	negative_control	100.0	90.9	3224
NODE_2353_length_3223_cov_1.755563	background	-	-	-	-	3223
NODE_2354_length_3221_cov_2.019402	background	-	-	-	-	3221
NODE_2355_length_3220_cov_8.568565	background	-	-	-	-	3220
NODE_2356_length_3220_cov_2.710150	background	-	-	-	-	3220
NODE_2357_length_3219_cov_2.022597	background	-	-	-	-	3219
NODE_2358_length_3218_cov_2.514804	background	-	-	-	-	3218
NODE_2359_length_3217_cov_2.760828	background	-	-	-	-	3217
NODE_235_length_28986_cov_6.409181	background	-	-	-	-	28986
NODE_2360_length_3216_cov_132.870022	bacterial	NZ_CP065631.1	negative_control	98.2	99.7	3216
NODE_2361_length_3216_cov_4.106085	background	-	-	-	-	3216
NODE_2362_length_3215_cov_3.906628	background	-	-	-	-	3215
NODE_2363_length_3215_cov_2.837795	background	-	-	-	-	3215
NODE_2364_length_3214_cov_154.885878	background	-	-	-	-	3214
NODE_2365_length_3213_cov_126.493622	background	-	-	-	-	3213
NODE_2366_length_3213_cov_3.405293	bacterial	NZ_CP011280.1	negative_control	99.3	99.1	3213
NODE_2367_length_3213_cov_2.349809	background	-	-	-	-	3213
NODE_2368_length_3212_cov_42.015630	bacterial	NZ_AP012332.1	negative_control	98.3	99.3	3212
NODE_2369_length_3212_cov_3.755343	background	-	-	-	-	3212
NODE_236_length_28776_cov_130.236594	background	-	-	-	-	28776
NODE_2370_length_3212_cov_3.708772	background	-	-	-	-	3212
NODE_2371_length_3206_cov_2.827101	background	-	-	-	-	3206
NODE_2372_length_3204_cov_52.833706	background	-	-	-	-	3204
NODE_2373_length_3204_cov_2.333227	background	-	-	-	-	3204
NODE_2374_length_3203_cov_6.218490	background	-	-	-	-	3203
NODE_2375_length_3203_cov_3.500320	background	-	-	-	-	3203
NODE_2376_length_3203_cov_2.602367	background	-	-	-	-	3203
NODE_2377_length_3202_cov_2.802560	background	-	-	-	-	3202
NODE_2378_length_3202_cov_2.398080	background	-	-	-	-	3202
NODE_2379_length_3200_cov_8.077810	background	-	-	-	-	3200
NODE_237_length_28683_cov_6.017269	background	-	-	-	-	28683
NODE_2380_length_3200_cov_3.084214	background	-	-	-	-	3200
NODE_2381_length_3198_cov_9.978533	background	-	-	-	-	3198
NODE_2382_length_3198_cov_2.392823	background	-	-	-	-	3198
NODE_2383_length_3196_cov_1.869189	background	-	-	-	-	3196
NODE_2384_length_3195_cov_3.995189	background	-	-	-	-	3195
NODE_2385_length_3192_cov_2.419262	background	-	-	-	-	3192
NODE_2386_length_3191_cov_4.349390	background	-	-	-	-	3191
NODE_2387_length_3191_cov_3.807001	background	-	-	-	-	3191
NODE_2388_length_3190_cov_17.907485	background	-	-	-	-	3190
NODE_2389_length_3190_cov_2.457758	background	-	-	-	-	3190
NODE_238_length_28651_cov_6.964093	background	-	-	-	-	28651
NODE_2390_length_3188_cov_120.149470	background	-	-	-	-	3188
NODE_2391_length_3188_cov_12.531662	background	-	-	-	-	3188
NODE_2392_length_3186_cov_48.022837	background	-	-	-	-	3186
NODE_2393_length_3186_cov_2.093599	background	-	-	-	-	3186
NODE_2394_length_3185_cov_3.149614	background	-	-	-	-	3185
NODE_2395_length_3185_cov_2.954633	background	-	-	-	-	3185
NODE_2396_length_3183_cov_12.174823	background	-	-	-	-	3183
NODE_2397_length_3182_cov_393.372625	bacterial	NZ_CP049230.1	negative_control	99.6	100.0	3182
NODE_2398_length_3182_cov_2.978100	background	-	-	-	-	3182
NODE_2399_length_3181_cov_5.331186	background	-	-	-	-	3181
NODE_239_length_28608_cov_4.382987	background	-	-	-	-	28608
NODE_23_length_142584_cov_135.070249	background	-	-	-	-	142584
NODE_2400_length_3181_cov_2.842461	background	-	-	-	-	3181
NODE_2401_length_3181_cov_2.466817	background	-	-	-	-	3181
NODE_2402_length_3180_cov_2.709314	background	-	-	-	-	3180
NODE_2403_length_3180_cov_2.415727	background	-	-	-	-	3180
NODE_2404_length_3179_cov_4.009671	background	-	-	-	-	3179
NODE_2405_length_3179_cov_3.325919	background	-	-	-	-	3179
NODE_2406_length_3178_cov_4.989681	background	-	-	-	-	3178
NODE_2407_length_3177_cov_10.454194	background	-	-	-	-	3177
NODE_2408_length_3174_cov_1.954149	background	-	-	-	-	3174
NODE_2409_length_3172_cov_5.770921	background	-	-	-	-	3172
NODE_240_length_28472_cov_11.432717	background	-	-	-	-	28472
NODE_2410_length_3167_cov_70.895793	background	-	-	-	-	3167
NODE_2411_length_3165_cov_149.145078	background	-	-	-	-	3165
NODE_2412_length_3165_cov_3.559585	background	-	-	-	-	3165
NODE_2413_length_3164_cov_98.283447	background	-	-	-	-	3164
NODE_2414_length_3161_cov_2.960441	background	-	-	-	-	3161
NODE_2415_length_3160_cov_21.763218	background	-	-	-	-	3160
NODE_2416_length_3159_cov_2.365023	background	-	-	-	-	3159
NODE_2417_length_3158_cov_84.085037	background	-	-	-	-	3158
NODE_2418_length_3158_cov_12.385589	background	-	-	-	-	3158
NODE_2419_length_3158_cov_4.582928	background	-	-	-	-	3158
NODE_241_length_28428_cov_12.488096	background	-	-	-	-	28428
NODE_2420_length_3157_cov_68.658117	background	-	-	-	-	3157
NODE_2421_length_3157_cov_9.621429	background	-	-	-	-	3157
NODE_2422_length_3154_cov_3.079948	background	-	-	-	-	3154
NODE_2423_length_3153_cov_3.247724	background	-	-	-	-	3153
NODE_2424_length_3152_cov_6.837724	background	-	-	-	-	3152
NODE_2425_length_3151_cov_3.674691	background	-	-	-	-	3151
NODE_2426_length_3151_cov_2.580351	background	-	-	-	-	3151
NODE_2427_length_3149_cov_7.816406	background	-	-	-	-	3149
NODE_2428_length_3149_cov_2.570638	background	-	-	-	-	3149
NODE_2429_length_3147_cov_12.437785	background	-	-	-	-	3147
NODE_242_length_28300_cov_7.174149	background	-	-	-	-	28300
NODE_2430_length_3144_cov_159.465602	bacterial	NZ_CP065631.1	negative_control	97.8	100.0	3144
NODE_2431_length_3144_cov_5.451581	background	-	-	-	-	3144
NODE_2432_length_3143_cov_11.520548	background	-	-	-	-	3143
NODE_2433_length_3143_cov_2.115134	background	-	-	-	-	3143
NODE_2434_length_3142_cov_2.861664	background	-	-	-	-	3142
NODE_2435_length_3141_cov_2.783290	background	-	-	-	-	3141
NODE_2436_length_3140_cov_6.436827	background	-	-	-	-	3140
NODE_2437_length_3137_cov_6.133660	bacterial	NZ_CP011280.1	negative_control	99.1	91.5	3137
NODE_2438_length_3137_cov_2.606536	background	-	-	-	-	3137
NODE_2439_length_3135_cov_2.397973	background	-	-	-	-	3135
NODE_243_length_28089_cov_11.522455	background	-	-	-	-	28089
NODE_2440_length_3133_cov_3.930628	background	-	-	-	-	3133
NODE_2441_length_3130_cov_40.659024	bacterial	NZ_AP012332.1	negative_control	97.8	100.0	3130
NODE_2442_length_3130_cov_2.434327	background	-	-	-	-	3130
NODE_2443_length_3129_cov_2.666776	background	-	-	-	-	3129
NODE_2444_length_3129_cov_1.980341	background	-	-	-	-	3129
NODE_2445_length_3128_cov_2.398558	background	-	-	-	-	3128
NODE_2446_length_3127_cov_3.263279	background	-	-	-	-	3127
NODE_2447_length_3127_cov_2.476393	background	-	-	-	-	3127
NODE_2448_length_3124_cov_3.978339	background	-	-	-	-	3124
NODE_2449_length_3124_cov_2.168691	background	-	-	-	-	3124
NODE_244_length_28075_cov_5.436388	background	-	-	-	-	28075
NODE_2450_length_3123_cov_3.982272	background	-	-	-	-	3123
NODE_2451_length_3121_cov_4.775624	background	-	-	-	-	3121
NODE_2452_length_3118_cov_192.660967	bacterial	NZ_AFIJ01000029.1	negative_control	99.1	86.3	3118
NODE_2453_length_3118_cov_2.768826	background	-	-	-	-	3118
NODE_2454_length_3116_cov_2.942744	background	-	-	-	-	3116
NODE_2455_length_3116_cov_2.537348	background	-	-	-	-	3116
NODE_2456_length_3115_cov_21.842001	background	-	-	-	-	3115
NODE_2457_length_3115_cov_2.105003	background	-	-	-	-	3115
NODE_2458_length_3114_cov_2.594007	background	-	-	-	-	3114
NODE_2459_length_3114_cov_2.315443	background	-	-	-	-	3114
NODE_245_length_28074_cov_10.577133	background	-	-	-	-	28074
NODE_2460_length_3113_cov_6.407444	background	-	-	-	-	3113
NODE_2461_length_3113_cov_3.316864	background	-	-	-	-	3113
NODE_2462_length_3112_cov_170.133773	background	-	-	-	-	3112
NODE_2463_length_3112_cov_18.672158	background	-	-	-	-	3112
NODE_2464_length_3112_cov_4.385832	background	-	-	-	-	3112
NODE_2465_length_3111_cov_76.089651	background	-	-	-	-	3111
NODE_2466_length_3110_cov_2.025058	background	-	-	-	-	3110
NODE_2467_length_3106_cov_3.735556	background	-	-	-	-	3106
NODE_2468_length_3106_cov_3.336745	background	-	-	-	-	3106
NODE_2469_length_3101_cov_2.677249	background	-	-	-	-	3101
NODE_246_length_27999_cov_9.039181	background	-	-	-	-	27999
NODE_2470_length_3097_cov_2.203311	background	-	-	-	-	3097
NODE_2471_length_3096_cov_140.271282	background	-	-	-	-	3096
NODE_2472_length_3093_cov_211.071286	bacterial	NZ_AP012332.1	negative_control	96.6	98.3	3093
NODE_2473_length_3092_cov_5.800000	background	-	-	-	-	3092
NODE_2474_length_3092_cov_2.577114	background	-	-	-	-	3092
NODE_2475_length_3091_cov_9.506636	background	-	-	-	-	3091
NODE_2476_length_3091_cov_2.517585	background	-	-	-	-	3091
NODE_2477_length_3091_cov_1.832449	background	-	-	-	-	3091
NODE_2478_length_3090_cov_28.923664	background	-	-	-	-	3090
NODE_2479_length_3090_cov_9.779290	background	-	-	-	-	3090
NODE_247_length_27918_cov_14.189612	background	-	-	-	-	27918
NODE_2480_length_3090_cov_5.506472	background	-	-	-	-	3090
NODE_2481_length_3089_cov_2.009296	background	-	-	-	-	3089
NODE_2482_length_3088_cov_3.028562	background	-	-	-	-	3088
NODE_2483_length_3088_cov_1.769512	background	-	-	-	-	3088
NODE_2484_length_3087_cov_2.683056	background	-	-	-	-	3087
NODE_2485_length_3085_cov_2.153923	background	-	-	-	-	3085
NODE_2486_length_3082_cov_18.996007	background	-	-	-	-	3082
NODE_2487_length_3082_cov_2.241265	background	-	-	-	-	3082
NODE_2488_length_3082_cov_1.660899	background	-	-	-	-	3082
NODE_2489_length_3081_cov_3.556258	background	-	-	-	-	3081
NODE_248_length_27863_cov_51.802382	background	-	-	-	-	27863
NODE_2490_length_3081_cov_2.371505	background	-	-	-	-	3081
NODE_2491_length_3078_cov_266.718760	background	-	-	-	-	3078
NODE_2492_length_3077_cov_2.395000	background	-	-	-	-	3077
NODE_2493_length_3076_cov_7.095699	background	-	-	-	-	3076
NODE_2494_length_3076_cov_2.068690	background	-	-	-	-	3076
NODE_2495_length_3075_cov_2.340894	background	-	-	-	-	3075
NODE_2496_length_3074_cov_11.289957	background	-	-	-	-	3074
NODE_2497_length_3071_cov_5.250167	background	-	-	-	-	3071
NODE_2498_length_3071_cov_2.510688	background	-	-	-	-	3071
NODE_2499_length_3069_cov_2.990976	background	-	-	-	-	3069
NODE_249_length_27784_cov_8.401487	background	-	-	-	-	27784
NODE_24_length_140069_cov_44.550731	background	-	-	-	-	140069
NODE_2500_length_3069_cov_2.658422	background	-	-	-	-	3069
NODE_2501_length_3067_cov_10.673579	background	-	-	-	-	3067
NODE_2502_length_3067_cov_3.757860	background	-	-	-	-	3067
NODE_2503_length_3067_cov_2.048829	background	-	-	-	-	3067
NODE_2504_length_3066_cov_8.197056	background	-	-	-	-	3066
NODE_2505_length_3064_cov_93.563442	background	-	-	-	-	3064
NODE_2506_length_3064_cov_6.618346	background	-	-	-	-	3064
NODE_2507_length_3064_cov_2.427854	background	-	-	-	-	3064
NODE_2508_length_3062_cov_1.907538	background	-	-	-	-	3062
NODE_2509_length_3061_cov_57.183981	background	-	-	-	-	3061
NODE_250_length_27762_cov_7.507676	background	-	-	-	-	27762
NODE_2510_length_3059_cov_2.288397	background	-	-	-	-	3059
NODE_2511_length_3058_cov_2.292855	background	-	-	-	-	3058
NODE_2512_length_3057_cov_42.833221	bacterial	NZ_AP012332.1	negative_control	97.8	100.0	3057
NODE_2513_length_3057_cov_4.257718	background	-	-	-	-	3057
NODE_2514_length_3056_cov_3.082914	background	-	-	-	-	3056
NODE_2515_length_3053_cov_93.003696	bacterial	NZ_AFIJ01000045.1	negative_control	98.0	87.9	3053
NODE_2516_length_3053_cov_3.230175	background	-	-	-	-	3053
NODE_2517_length_3052_cov_1.602353	background	-	-	-	-	3052
NODE_2518_length_3051_cov_7.505044	background	-	-	-	-	3051
NODE_2519_length_3048_cov_10.636149	background	-	-	-	-	3048
NODE_251_length_27701_cov_4.085976	background	-	-	-	-	27701
NODE_2520_length_3048_cov_7.092898	background	-	-	-	-	3048
NODE_2521_length_3048_cov_5.734433	background	-	-	-	-	3048
NODE_2522_length_3047_cov_60.460606	background	-	-	-	-	3047
NODE_2523_length_3044_cov_3.091675	background	-	-	-	-	3044
NODE_2524_length_3043_cov_3.006743	background	-	-	-	-	3043
NODE_2525_length_3043_cov_2.161160	background	-	-	-	-	3043
NODE_2526_length_3042_cov_5.716020	background	-	-	-	-	3042
NODE_2527_length_3041_cov_13.987179	background	-	-	-	-	3041
NODE_2528_length_3040_cov_21.155586	background	-	-	-	-	3040
NODE_2529_length_3039_cov_108.696826	background	-	-	-	-	3039
NODE_252_length_27687_cov_35.626295	background	-	-	-	-	27687
NODE_2530_length_3039_cov_83.231938	background	-	-	-	-	3039
NODE_2531_length_3039_cov_12.314315	background	-	-	-	-	3039
NODE_2532_length_3039_cov_3.784943	background	-	-	-	-	3039
NODE_2533_length_3035_cov_3.913117	background	-	-	-	-	3035
NODE_2534_length_3033_cov_9.868403	background	-	-	-	-	3033
NODE_2535_length_3033_cov_3.014547	background	-	-	-	-	3033
NODE_2536_length_3032_cov_113.724196	background	-	-	-	-	3032
NODE_2537_length_3032_cov_12.070051	background	-	-	-	-	3032
NODE_2538_length_3032_cov_3.169882	background	-	-	-	-	3032
NODE_2539_length_3031_cov_38.214624	background	-	-	-	-	3031
NODE_253_length_27456_cov_66.950436	background	-	-	-	-	27456
NODE_2540_length_3031_cov_2.697698	background	-	-	-	-	3031
NODE_2541_length_3030_cov_9.170674	background	-	-	-	-	3030
NODE_2542_length_3029_cov_2.252033	background	-	-	-	-	3029
NODE_2543_length_3027_cov_5.075593	background	-	-	-	-	3027
NODE_2544_length_3026_cov_13.038657	background	-	-	-	-	3026
NODE_2545_length_3026_cov_2.482197	background	-	-	-	-	3026
NODE_2546_length_3025_cov_4.415197	background	-	-	-	-	3025
NODE_2547_length_3023_cov_2.659199	background	-	-	-	-	3023
NODE_2548_length_3023_cov_2.593686	background	-	-	-	-	3023
NODE_2549_length_3022_cov_9.461460	background	-	-	-	-	3022
NODE_254_length_27400_cov_5.907953	background	-	-	-	-	27400
NODE_2550_length_3022_cov_2.383362	background	-	-	-	-	3022
NODE_2551_length_3021_cov_3.887568	background	-	-	-	-	3021
NODE_2552_length_3020_cov_11.321780	background	-	-	-	-	3020
NODE_2553_length_3020_cov_2.219844	background	-	-	-	-	3020
NODE_2554_length_3019_cov_23.767165	background	-	-	-	-	3019
NODE_2555_length_3018_cov_10.641278	background	-	-	-	-	3018
NODE_2556_length_3018_cov_5.556953	background	-	-	-	-	3018
NODE_2557_length_3017_cov_12.892177	background	-	-	-	-	3017
NODE_2558_length_3014_cov_6.793667	background	-	-	-	-	3014
NODE_2559_length_3013_cov_10.883856	background	-	-	-	-	3013
NODE_255_length_27388_cov_34.620922	bacterial	NZ_AP012332.1	negative_control	97.9	100.0	27388
NODE_2560_length_3013_cov_2.218665	background	-	-	-	-	3013
NODE_2561_length_3012_cov_3.378535	background	-	-	-	-	3012
NODE_2562_length_3012_cov_2.590119	background	-	-	-	-	3012
NODE_2563_length_3011_cov_5.032038	background	-	-	-	-	3011
NODE_2564_length_3009_cov_3.377558	background	-	-	-	-	3009
NODE_2565_length_3007_cov_3.508191	background	-	-	-	-	3007
NODE_2566_length_3006_cov_25.005121	background	-	-	-	-	3006
NODE_2567_length_3006_cov_6.193240	background	-	-	-	-	3006
NODE_2568_length_3006_cov_2.045749	background	-	-	-	-	3006
NODE_2569_length_3003_cov_6.821258	background	-	-	-	-	3003
NODE_256_length_27281_cov_8.651485	background	-	-	-	-	27281
NODE_2570_length_3002_cov_34.794530	background	-	-	-	-	3002
NODE_2571_length_2999_cov_11.395962	background	-	-	-	-	2999
NODE_2572_length_2999_cov_2.709788	background	-	-	-	-	2999
NODE_2573_length_2998_cov_39.664498	bacterial	NZ_AP012332.1	negative_control	98.3	100.0	2998
NODE_2574_length_2994_cov_22.620158	background	-	-	-	-	2994
NODE_2575_length_2994_cov_3.222489	background	-	-	-	-	2994
NODE_2576_length_2994_cov_3.110045	background	-	-	-	-	2994
NODE_2577_length_2993_cov_3.132030	background	-	-	-	-	2993
NODE_2578_length_2985_cov_2.940165	background	-	-	-	-	2985
NODE_2579_length_2985_cov_2.858322	background	-	-	-	-	2985
NODE_257_length_27221_cov_32.116748	background	-	-	-	-	27221
NODE_2580_length_2983_cov_5.502753	background	-	-	-	-	2983
NODE_2581_length_2981_cov_8.715220	background	-	-	-	-	2981
NODE_2582_length_2980_cov_2.490527	background	-	-	-	-	2980
NODE_2583_length_2978_cov_10.624957	background	-	-	-	-	2978
NODE_2584_length_2976_cov_2.260780	background	-	-	-	-	2976
NODE_2585_length_2974_cov_59.410425	background	-	-	-	-	2974
NODE_2586_length_2972_cov_3.548532	background	-	-	-	-	2972
NODE_2587_length_2972_cov_2.756477	background	-	-	-	-	2972
NODE_2588_length_2971_cov_2.630961	background	-	-	-	-	2971
NODE_2589_length_2970_cov_3.630833	background	-	-	-	-	2970
NODE_258_length_27186_cov_49.665351	background	-	-	-	-	27186
NODE_2590_length_2968_cov_2.819094	background	-	-	-	-	2968
NODE_2591_length_2965_cov_3.442175	background	-	-	-	-	2965
NODE_2592_length_2963_cov_146.793832	bacterial	NZ_CP065631.1	negative_control	97.5	90.4	2963
NODE_2593_length_2962_cov_3.462738	background	-	-	-	-	2962
NODE_2594_length_2962_cov_3.453726	background	-	-	-	-	2962
NODE_2595_length_2961_cov_5.726768	background	-	-	-	-	2961
NODE_2596_length_2960_cov_69.391606	background	-	-	-	-	2960
NODE_2597_length_2960_cov_23.034339	background	-	-	-	-	2960
NODE_2598_length_2960_cov_2.554284	background	-	-	-	-	2960
NODE_2599_length_2958_cov_65.770913	background	-	-	-	-	2958
NODE_259_length_27186_cov_6.186174	background	-	-	-	-	27186
NODE_25_length_132264_cov_864.425511	background	-	-	-	-	132264
NODE_2600_length_2958_cov_8.189865	background	-	-	-	-	2958
NODE_2601_length_2957_cov_71.214931	background	-	-	-	-	2957
NODE_2602_length_2957_cov_3.366319	background	-	-	-	-	2957
NODE_2603_length_2956_cov_2.237930	background	-	-	-	-	2956
NODE_2604_length_2954_cov_6.532499	background	-	-	-	-	2954
NODE_2605_length_2948_cov_2.570881	background	-	-	-	-	2948
NODE_2606_length_2947_cov_51.446341	background	-	-	-	-	2947
NODE_2607_length_2946_cov_2.550017	background	-	-	-	-	2946
NODE_2608_length_2944_cov_2.706662	background	-	-	-	-	2944
NODE_2609_length_2942_cov_68.027923	background	-	-	-	-	2942
NODE_260_length_27127_cov_13.258226	bacterial	NZ_CP011280.1	negative_control	98.5	100.0	27127
NODE_2610_length_2941_cov_183.628142	background	-	-	-	-	2941
NODE_2611_length_2941_cov_5.039804	background	-	-	-	-	2941
NODE_2612_length_2940_cov_103.408662	background	-	-	-	-	2940
NODE_2613_length_2938_cov_2.960154	background	-	-	-	-	2938
NODE_2614_length_2937_cov_8.549650	background	-	-	-	-	2937
NODE_2615_length_2937_cov_3.494056	background	-	-	-	-	2937
NODE_2616_length_2936_cov_10.412382	background	-	-	-	-	2936
NODE_2617_length_2935_cov_130.034640	bacterial	NZ_CP065631.1	negative_control	96.8	100.0	2935
NODE_2618_length_2933_cov_170.638655	background	-	-	-	-	2933
NODE_2619_length_2932_cov_3.323993	background	-	-	-	-	2932
NODE_261_length_26683_cov_11.923626	background	-	-	-	-	26683
NODE_2620_length_2932_cov_3.162172	background	-	-	-	-	2932
NODE_2621_length_2931_cov_652.491941	background	-	-	-	-	2931
NODE_2622_length_2931_cov_2.419762	background	-	-	-	-	2931
NODE_2623_length_2930_cov_3.917280	background	-	-	-	-	2930
NODE_2624_length_2930_cov_2.004907	background	-	-	-	-	2930
NODE_2625_length_2929_cov_4.791024	background	-	-	-	-	2929
NODE_2626_length_2929_cov_2.478962	background	-	-	-	-	2929
NODE_2627_length_2928_cov_14.443353	background	-	-	-	-	2928
NODE_2628_length_2928_cov_11.646440	background	-	-	-	-	2928
NODE_2629_length_2925_cov_35.723315	bacterial	NZ_AP012332.1	negative_control	97.1	99.7	2925
NODE_262_length_26592_cov_14.444277	background	-	-	-	-	26592
NODE_2630_length_2924_cov_44.726379	bacterial	NZ_AP012332.1	negative_control	98.5	100.0	2924
NODE_2631_length_2924_cov_2.700035	background	-	-	-	-	2924
NODE_2632_length_2922_cov_5.047452	background	-	-	-	-	2922
NODE_2633_length_2922_cov_2.862214	background	-	-	-	-	2922
NODE_2634_length_2921_cov_2.587904	background	-	-	-	-	2921
NODE_2635_length_2921_cov_2.554149	background	-	-	-	-	2921
NODE_2636_length_2919_cov_7.269529	background	-	-	-	-	2919
NODE_2637_length_2919_cov_6.107319	background	-	-	-	-	2919
NODE_2638_length_2918_cov_6.233721	background	-	-	-	-	2918
NODE_2639_length_2917_cov_7.717606	background	-	-	-	-	2917
NODE_263_length_26497_cov_11.981605	background	-	-	-	-	26497
NODE_2640_length_2911_cov_80.515879	background	-	-	-	-	2911
NODE_2641_length_2911_cov_13.163020	background	-	-	-	-	2911
NODE_2642_length_2911_cov_1.964714	background	-	-	-	-	2911
NODE_2643_length_2911_cov_1.460127	viral	IMGVR_UViG_3300045988_083571	megasphaera_phage	99.9	100.0	2911
NODE_2644_length_2910_cov_2.969996	background	-	-	-	-	2910
NODE_2645_length_2908_cov_3.888025	background	-	-	-	-	2908
NODE_2646_length_2908_cov_2.635818	background	-	-	-	-	2908
NODE_2647_length_2903_cov_3.002123	background	-	-	-	-	2903
NODE_2648_length_2902_cov_9.101947	background	-	-	-	-	2902
NODE_2649_length_2900_cov_10.529578	background	-	-	-	-	2900
NODE_264_length_26342_cov_6.712203	background	-	-	-	-	26342
NODE_2650_length_2897_cov_2.991135	background	-	-	-	-	2897
NODE_2651_length_2896_cov_3.114580	background	-	-	-	-	2896
NODE_2652_length_2894_cov_8.997160	background	-	-	-	-	2894
NODE_2653_length_2894_cov_2.365282	background	-	-	-	-	2894
NODE_2654_length_2893_cov_3.560724	background	-	-	-	-	2893
NODE_2655_length_2891_cov_2.783227	background	-	-	-	-	2891
NODE_2656_length_2889_cov_4.318279	background	-	-	-	-	2889
NODE_2657_length_2889_cov_2.636913	background	-	-	-	-	2889
NODE_2658_length_2885_cov_14.462963	background	-	-	-	-	2885
NODE_2659_length_2885_cov_13.716168	background	-	-	-	-	2885
NODE_265_length_26334_cov_60.575618	background	-	-	-	-	26334
NODE_2660_length_2885_cov_4.788105	background	-	-	-	-	2885
NODE_2661_length_2883_cov_61.947969	background	-	-	-	-	2883
NODE_2662_length_2883_cov_3.606914	background	-	-	-	-	2883
NODE_2663_length_2882_cov_66.461676	background	-	-	-	-	2882
NODE_2664_length_2881_cov_15.161198	background	-	-	-	-	2881
NODE_2665_length_2881_cov_13.910842	background	-	-	-	-	2881
NODE_2666_length_2879_cov_7.677373	background	-	-	-	-	2879
NODE_2667_length_2876_cov_39.042515	bacterial	NZ_AP012332.1	negative_control	98.2	100.0	2876
NODE_2668_length_2876_cov_35.107896	background	-	-	-	-	2876
NODE_2669_length_2875_cov_102.576126	background	-	-	-	-	2875
NODE_266_length_26207_cov_59.265289	background	-	-	-	-	26207
NODE_2670_length_2875_cov_10.922445	background	-	-	-	-	2875
NODE_2671_length_2874_cov_15.572399	background	-	-	-	-	2874
NODE_2672_length_2872_cov_4.584973	background	-	-	-	-	2872
NODE_2673_length_2871_cov_5.803865	background	-	-	-	-	2871
NODE_2674_length_2871_cov_2.998210	background	-	-	-	-	2871
NODE_2675_length_2868_cov_2.722322	background	-	-	-	-	2868
NODE_2676_length_2867_cov_8.147670	background	-	-	-	-	2867
NODE_2677_length_2867_cov_2.821147	background	-	-	-	-	2867
NODE_2678_length_2865_cov_5.139527	background	-	-	-	-	2865
NODE_2679_length_2865_cov_4.191535	background	-	-	-	-	2865
NODE_267_length_26133_cov_5.615981	background	-	-	-	-	26133
NODE_2680_length_2864_cov_3.213132	background	-	-	-	-	2864
NODE_2681_length_2864_cov_2.249013	background	-	-	-	-	2864
NODE_2682_length_2863_cov_2.618090	background	-	-	-	-	2863
NODE_2683_length_2862_cov_5.421903	background	-	-	-	-	2862
NODE_2684_length_2862_cov_2.360862	background	-	-	-	-	2862
NODE_2685_length_2861_cov_85.089080	background	-	-	-	-	2861
NODE_2686_length_2859_cov_98.597771	background	-	-	-	-	2859
NODE_2687_length_2858_cov_2.373247	background	-	-	-	-	2858
NODE_2688_length_2857_cov_5.801439	background	-	-	-	-	2857
NODE_2689_length_2856_cov_280.561353	background	-	-	-	-	2856
NODE_268_length_26041_cov_3.877061	background	-	-	-	-	26041
NODE_2690_length_2855_cov_21.640029	bacterial	NZ_CP065631.1	negative_control	100.0	99.1	2855
NODE_2691_length_2854_cov_12.522866	background	-	-	-	-	2854
NODE_2692_length_2853_cov_198.297190	bacterial	NZ_CP065631.1	negative_control	98.6	100.0	2853
NODE_2693_length_2851_cov_143.918529	background	-	-	-	-	2851
NODE_2694_length_2851_cov_12.706561	background	-	-	-	-	2851
NODE_2695_length_2851_cov_2.400505	background	-	-	-	-	2851
NODE_2696_length_2850_cov_2.809232	background	-	-	-	-	2850
NODE_2697_length_2849_cov_3.994589	background	-	-	-	-	2849
NODE_2698_length_2846_cov_2.534128	background	-	-	-	-	2846
NODE_2699_length_2846_cov_2.529794	background	-	-	-	-	2846
NODE_269_length_25999_cov_115.690417	background	-	-	-	-	25999
NODE_26_length_132193_cov_22.515418	background	-	-	-	-	132193
NODE_2700_length_2845_cov_1.663295	background	-	-	-	-	2845
NODE_2701_length_2843_cov_41.382140	background	-	-	-	-	2843
NODE_2702_length_2842_cov_164.984810	bacterial	NZ_CP065631.1	negative_control	98.0	100.0	2842
NODE_2703_length_2842_cov_8.353345	background	-	-	-	-	2842
NODE_2704_length_2842_cov_2.734539	background	-	-	-	-	2842
NODE_2705_length_2841_cov_1.882779	background	-	-	-	-	2841
NODE_2706_length_2840_cov_4.537821	background	-	-	-	-	2840
NODE_2707_length_2838_cov_84.399855	background	-	-	-	-	2838
NODE_2708_length_2838_cov_3.862007	background	-	-	-	-	2838
NODE_2709_length_2836_cov_2.668721	background	-	-	-	-	2836
NODE_270_length_25771_cov_56.991360	background	-	-	-	-	25771
NODE_2710_length_2835_cov_4.283901	background	-	-	-	-	2835
NODE_2711_length_2835_cov_2.734953	background	-	-	-	-	2835
NODE_2712_length_2835_cov_2.268673	background	-	-	-	-	2835
NODE_2713_length_2833_cov_54.413643	background	-	-	-	-	2833
NODE_2714_length_2832_cov_7.630127	background	-	-	-	-	2832
NODE_2715_length_2831_cov_10.712055	background	-	-	-	-	2831
NODE_2716_length_2830_cov_5.542317	background	-	-	-	-	2830
NODE_2717_length_2829_cov_4.483648	background	-	-	-	-	2829
NODE_2718_length_2828_cov_13.293348	background	-	-	-	-	2828
NODE_2719_length_2827_cov_13.118545	background	-	-	-	-	2827
NODE_271_length_25645_cov_5.907071	background	-	-	-	-	25645
NODE_2720_length_2826_cov_5.108403	background	-	-	-	-	2826
NODE_2721_length_2825_cov_2.787482	background	-	-	-	-	2825
NODE_2722_length_2824_cov_7.739352	background	-	-	-	-	2824
NODE_2723_length_2823_cov_4.303350	background	-	-	-	-	2823
NODE_2724_length_2823_cov_2.230517	background	-	-	-	-	2823
NODE_2725_length_2821_cov_185.783892	background	-	-	-	-	2821
NODE_2726_length_2821_cov_123.443513	background	-	-	-	-	2821
NODE_2727_length_2821_cov_13.326166	background	-	-	-	-	2821
NODE_2728_length_2820_cov_12.242435	background	-	-	-	-	2820
NODE_2729_length_2816_cov_4.465863	background	-	-	-	-	2816
NODE_272_length_25629_cov_6.847331	background	-	-	-	-	25629
NODE_2730_length_2815_cov_3.529584	background	-	-	-	-	2815
NODE_2731_length_2815_cov_3.040906	background	-	-	-	-	2815
NODE_2732_length_2815_cov_2.430241	background	-	-	-	-	2815
NODE_2733_length_2815_cov_2.089116	background	-	-	-	-	2815
NODE_2734_length_2814_cov_2.210449	background	-	-	-	-	2814
NODE_2735_length_2813_cov_44.258406	background	-	-	-	-	2813
NODE_2736_length_2812_cov_7.488848	background	-	-	-	-	2812
NODE_2737_length_2811_cov_3.843087	background	-	-	-	-	2811
NODE_2738_length_2810_cov_75.125503	background	-	-	-	-	2810
NODE_2739_length_2807_cov_4.093040	background	-	-	-	-	2807
NODE_273_length_25460_cov_49.097309	background	-	-	-	-	25460
NODE_2740_length_2804_cov_6.243858	background	-	-	-	-	2804
NODE_2741_length_2803_cov_3.835290	background	-	-	-	-	2803
NODE_2742_length_2803_cov_2.566031	background	-	-	-	-	2803
NODE_2743_length_2802_cov_2.513761	background	-	-	-	-	2802
NODE_2744_length_2798_cov_23.271591	background	-	-	-	-	2798
NODE_2745_length_2798_cov_2.763322	background	-	-	-	-	2798
NODE_2746_length_2797_cov_3.351838	background	-	-	-	-	2797
NODE_2747_length_2796_cov_2.734461	background	-	-	-	-	2796
NODE_2748_length_2795_cov_2.192789	background	-	-	-	-	2795
NODE_2749_length_2794_cov_6.397497	background	-	-	-	-	2794
NODE_274_length_25309_cov_107.317850	background	-	-	-	-	25309
NODE_2750_length_2794_cov_4.112624	background	-	-	-	-	2794
NODE_2751_length_2794_cov_2.657343	background	-	-	-	-	2794
NODE_2752_length_2794_cov_2.547295	background	-	-	-	-	2794
NODE_2753_length_2793_cov_3.790869	background	-	-	-	-	2793
NODE_2754_length_2792_cov_4.248250	background	-	-	-	-	2792
NODE_2755_length_2791_cov_20.281135	background	-	-	-	-	2791
NODE_2756_length_2791_cov_2.916360	background	-	-	-	-	2791
NODE_2757_length_2791_cov_2.492999	background	-	-	-	-	2791
NODE_2758_length_2789_cov_108.932891	background	-	-	-	-	2789
NODE_2759_length_2789_cov_2.555310	background	-	-	-	-	2789
NODE_275_length_25304_cov_49.205891	background	-	-	-	-	25304
NODE_2760_length_2787_cov_5.081550	background	-	-	-	-	2787
NODE_2761_length_2786_cov_100.030269	background	-	-	-	-	2786
NODE_2762_length_2785_cov_2.426514	background	-	-	-	-	2785
NODE_2763_length_2784_cov_5.527521	background	-	-	-	-	2784
NODE_2764_length_2783_cov_148.598300	bacterial	NZ_CP065631.1	negative_control	96.4	100.0	2783
NODE_2765_length_2783_cov_58.838507	bacterial	NZ_AP012332.1	negative_control	98.7	97.1	2783
NODE_2766_length_2783_cov_2.249076	background	-	-	-	-	2783
NODE_2767_length_2782_cov_1.882810	background	-	-	-	-	2782
NODE_2768_length_2780_cov_1.861635	background	-	-	-	-	2780
NODE_2769_length_2779_cov_4.033309	background	-	-	-	-	2779
NODE_276_length_25231_cov_9.891906	background	-	-	-	-	25231
NODE_2770_length_2779_cov_2.819023	background	-	-	-	-	2779
NODE_2771_length_2779_cov_2.355662	background	-	-	-	-	2779
NODE_2772_length_2778_cov_84.519807	background	-	-	-	-	2778
NODE_2773_length_2777_cov_4.131481	background	-	-	-	-	2777
NODE_2774_length_2776_cov_2.437199	background	-	-	-	-	2776
NODE_2775_length_2775_cov_5.702001	background	-	-	-	-	2775
NODE_2776_length_2775_cov_2.424018	background	-	-	-	-	2775
NODE_2777_length_2774_cov_2.363737	background	-	-	-	-	2774
NODE_2778_length_2773_cov_2.469585	background	-	-	-	-	2773
NODE_2779_length_2771_cov_5.834818	background	-	-	-	-	2771
NODE_277_length_25195_cov_11.536348	background	-	-	-	-	25195
NODE_2780_length_2769_cov_2.241828	background	-	-	-	-	2769
NODE_2781_length_2768_cov_7.597547	background	-	-	-	-	2768
NODE_2782_length_2764_cov_2.192780	background	-	-	-	-	2764
NODE_2783_length_2762_cov_2.586592	background	-	-	-	-	2762
NODE_2784_length_2761_cov_1.955663	background	-	-	-	-	2761
NODE_2785_length_2760_cov_49.469624	background	-	-	-	-	2760
NODE_2786_length_2760_cov_2.341782	background	-	-	-	-	2760
NODE_2787_length_2759_cov_95.762491	background	-	-	-	-	2759
NODE_2788_length_2759_cov_5.073453	background	-	-	-	-	2759
NODE_2789_length_2758_cov_3.089519	background	-	-	-	-	2758
NODE_278_length_25095_cov_8.618035	background	-	-	-	-	25095
NODE_2790_length_2758_cov_2.465125	background	-	-	-	-	2758
NODE_2791_length_2758_cov_2.094368	background	-	-	-	-	2758
NODE_2792_length_2756_cov_11.053378	background	-	-	-	-	2756
NODE_2793_length_2756_cov_2.055618	background	-	-	-	-	2756
NODE_2794_length_2754_cov_130.629062	bacterial	NZ_CP065631.1	negative_control	96.9	98.9	2754
NODE_2795_length_2754_cov_2.019051	background	-	-	-	-	2754
NODE_2796_length_2752_cov_5.451589	background	-	-	-	-	2752
NODE_2797_length_2749_cov_5.897455	background	-	-	-	-	2749
NODE_2798_length_2748_cov_17.073381	background	-	-	-	-	2748
NODE_2799_length_2748_cov_2.361662	background	-	-	-	-	2748
NODE_279_length_24848_cov_6.633362	background	-	-	-	-	24848
NODE_27_length_131096_cov_13.962135	background	-	-	-	-	131096
NODE_2800_length_2747_cov_31.275281	background	-	-	-	-	2747
NODE_2801_length_2746_cov_2.341701	background	-	-	-	-	2746
NODE_2802_length_2746_cov_1.859123	background	-	-	-	-	2746
NODE_2803_length_2745_cov_4.748126	background	-	-	-	-	2745
NODE_2804_length_2744_cov_36.384327	bacterial	NZ_AP012332.1	negative_control	97.5	100.0	2744
NODE_2805_length_2744_cov_11.418448	background	-	-	-	-	2744
NODE_2806_length_2743_cov_11.315454	background	-	-	-	-	2743
NODE_2807_length_2743_cov_4.380720	background	-	-	-	-	2743
NODE_2808_length_2743_cov_2.554014	background	-	-	-	-	2743
NODE_2809_length_2742_cov_150.860038	bacterial	NZ_CP065631.1	negative_control	96.2	100.0	2742
NODE_280_length_24631_cov_4.692800	background	-	-	-	-	24631
NODE_2810_length_2742_cov_3.531707	background	-	-	-	-	2742
NODE_2811_length_2742_cov_3.099812	background	-	-	-	-	2742
NODE_2812_length_2739_cov_135.487979	background	-	-	-	-	2739
NODE_2813_length_2739_cov_2.012021	background	-	-	-	-	2739
NODE_2814_length_2735_cov_13.605719	background	-	-	-	-	2735
NODE_2815_length_2735_cov_4.279157	background	-	-	-	-	2735
NODE_2816_length_2734_cov_10.896876	background	-	-	-	-	2734
NODE_2817_length_2733_cov_12.451054	background	-	-	-	-	2733
NODE_2818_length_2732_cov_3.515631	background	-	-	-	-	2732
NODE_2819_length_2731_cov_3.821402	background	-	-	-	-	2731
NODE_281_length_24618_cov_67.171876	background	-	-	-	-	24618
NODE_2820_length_2731_cov_3.554635	background	-	-	-	-	2731
NODE_2821_length_2731_cov_2.013188	background	-	-	-	-	2731
NODE_2822_length_2729_cov_30.489065	background	-	-	-	-	2729
NODE_2823_length_2728_cov_8.590720	background	-	-	-	-	2728
NODE_2824_length_2728_cov_3.762354	background	-	-	-	-	2728
NODE_2825_length_2724_cov_17.261428	background	-	-	-	-	2724
NODE_2826_length_2724_cov_2.406120	background	-	-	-	-	2724
NODE_2827_length_2724_cov_2.343785	background	-	-	-	-	2724
NODE_2828_length_2723_cov_52.569161	background	-	-	-	-	2723
NODE_2829_length_2723_cov_42.547997	background	-	-	-	-	2723
NODE_282_length_24417_cov_13.779540	background	-	-	-	-	24417
NODE_2830_length_2723_cov_5.732804	background	-	-	-	-	2723
NODE_2831_length_2722_cov_9.188658	bacterial	NZ_CP011280.1	negative_control	99.0	99.4	2722
NODE_2832_length_2722_cov_8.167864	background	-	-	-	-	2722
NODE_2833_length_2722_cov_2.916446	background	-	-	-	-	2722
NODE_2834_length_2721_cov_4.220121	background	-	-	-	-	2721
NODE_2835_length_2719_cov_13.686980	bacterial	NZ_CP011280.1	negative_control	98.4	98.9	2719
NODE_2836_length_2718_cov_3.939417	background	-	-	-	-	2718
NODE_2837_length_2718_cov_1.826581	background	-	-	-	-	2718
NODE_2838_length_2716_cov_3.306556	background	-	-	-	-	2716
NODE_2839_length_2716_cov_3.283820	background	-	-	-	-	2716
NODE_283_length_24231_cov_149.749110	background	-	-	-	-	24231
NODE_2840_length_2715_cov_2.543594	background	-	-	-	-	2715
NODE_2841_length_2715_cov_2.185747	background	-	-	-	-	2715
NODE_2842_length_2714_cov_2.231703	background	-	-	-	-	2714
NODE_2843_length_2713_cov_5.551214	background	-	-	-	-	2713
NODE_2844_length_2709_cov_82.892477	background	-	-	-	-	2709
NODE_2845_length_2708_cov_35.629799	background	-	-	-	-	2708
NODE_2846_length_2708_cov_2.810718	background	-	-	-	-	2708
NODE_2847_length_2708_cov_2.347777	background	-	-	-	-	2708
NODE_2848_length_2706_cov_3.383796	background	-	-	-	-	2706
NODE_2849_length_2706_cov_3.065044	background	-	-	-	-	2706
NODE_284_length_24192_cov_141.349990	background	-	-	-	-	24192
NODE_2850_length_2705_cov_85.940259	background	-	-	-	-	2705
NODE_2851_length_2705_cov_3.113775	background	-	-	-	-	2705
NODE_2852_length_2703_cov_75.181264	background	-	-	-	-	2703
NODE_2853_length_2703_cov_2.169840	background	-	-	-	-	2703
NODE_2854_length_2702_cov_5.010667	background	-	-	-	-	2702
NODE_2855_length_2700_cov_50.703012	background	-	-	-	-	2700
NODE_2856_length_2700_cov_41.389630	background	-	-	-	-	2700
NODE_2857_length_2700_cov_5.853984	background	-	-	-	-	2700
NODE_2858_length_2700_cov_3.891727	background	-	-	-	-	2700
NODE_2859_length_2699_cov_40.664378	background	-	-	-	-	2699
NODE_285_length_24033_cov_24.366505	background	-	-	-	-	24033
NODE_2860_length_2699_cov_2.269260	background	-	-	-	-	2699
NODE_2861_length_2697_cov_2.701145	background	-	-	-	-	2697
NODE_2862_length_2696_cov_68.098129	background	-	-	-	-	2696
NODE_2863_length_2696_cov_17.150821	background	-	-	-	-	2696
NODE_2864_length_2696_cov_9.754868	background	-	-	-	-	2696
NODE_2865_length_2696_cov_3.180985	background	-	-	-	-	2696
NODE_2866_length_2695_cov_80.776547	background	-	-	-	-	2695
NODE_2867_length_2695_cov_4.353323	background	-	-	-	-	2695
NODE_2868_length_2693_cov_4.629587	background	-	-	-	-	2693
NODE_2869_length_2691_cov_2.689748	background	-	-	-	-	2691
NODE_286_length_24024_cov_6.977951	background	-	-	-	-	24024
NODE_2870_length_2690_cov_3.644470	background	-	-	-	-	2690
NODE_2871_length_2690_cov_2.216227	background	-	-	-	-	2690
NODE_2872_length_2689_cov_8.344181	background	-	-	-	-	2689
NODE_2873_length_2688_cov_66.321333	background	-	-	-	-	2688
NODE_2874_length_2688_cov_41.827652	background	-	-	-	-	2688
NODE_2875_length_2688_cov_24.796630	background	-	-	-	-	2688
NODE_2876_length_2688_cov_4.242819	background	-	-	-	-	2688
NODE_2877_length_2688_cov_2.631559	background	-	-	-	-	2688
NODE_2878_length_2684_cov_2.639049	background	-	-	-	-	2684
NODE_2879_length_2684_cov_1.563483	background	-	-	-	-	2684
NODE_287_length_23911_cov_14.197911	background	-	-	-	-	23911
NODE_2880_length_2682_cov_2.185029	background	-	-	-	-	2682
NODE_2881_length_2681_cov_8.727727	background	-	-	-	-	2681
NODE_2882_length_2681_cov_2.256912	background	-	-	-	-	2681
NODE_2883_length_2680_cov_2.102958	background	-	-	-	-	2680
NODE_2884_length_2676_cov_5.896499	background	-	-	-	-	2676
NODE_2885_length_2676_cov_2.559446	background	-	-	-	-	2676
NODE_2886_length_2675_cov_2.194380	background	-	-	-	-	2675
NODE_2887_length_2673_cov_1.712635	background	-	-	-	-	2673
NODE_2888_length_2672_cov_2.913295	background	-	-	-	-	2672
NODE_2889_length_2671_cov_5.866615	background	-	-	-	-	2671
NODE_288_length_23859_cov_15.320368	background	-	-	-	-	23859
NODE_2890_length_2670_cov_43.031238	background	-	-	-	-	2670
NODE_2891_length_2670_cov_13.011570	background	-	-	-	-	2670
NODE_2892_length_2669_cov_3.467207	background	-	-	-	-	2669
NODE_2893_length_2668_cov_2.443844	background	-	-	-	-	2668
NODE_2894_length_2667_cov_4.409653	background	-	-	-	-	2667
NODE_2895_length_2666_cov_13.151410	background	-	-	-	-	2666
NODE_2896_length_2666_cov_9.614909	background	-	-	-	-	2666
NODE_2897_length_2665_cov_120.439722	bacterial	NZ_CP065631.1	negative_control	97.7	100.0	2665
NODE_2898_length_2665_cov_6.711747	background	-	-	-	-	2665
NODE_2899_length_2663_cov_75.939675	background	-	-	-	-	2663
NODE_289_length_23665_cov_7.215618	background	-	-	-	-	23665
NODE_28_length_128518_cov_20.385539	background	-	-	-	-	128518
NODE_2900_length_2663_cov_5.124517	background	-	-	-	-	2663
NODE_2901_length_2662_cov_2.707930	background	-	-	-	-	2662
NODE_2902_length_2659_cov_11.017428	background	-	-	-	-	2659
NODE_2903_length_2659_cov_3.710302	background	-	-	-	-	2659
NODE_2904_length_2658_cov_158.929872	bacterial	NZ_CP065631.1	negative_control	97.4	100.0	2658
NODE_2905_length_2658_cov_46.504068	background	-	-	-	-	2658
NODE_2906_length_2658_cov_10.550174	background	-	-	-	-	2658
NODE_2907_length_2658_cov_2.242929	background	-	-	-	-	2658
NODE_2908_length_2656_cov_2.386196	background	-	-	-	-	2656
NODE_2909_length_2655_cov_2.473235	background	-	-	-	-	2655
NODE_290_length_23651_cov_10.709850	background	-	-	-	-	23651
NODE_2910_length_2654_cov_72.413271	background	-	-	-	-	2654
NODE_2911_length_2651_cov_3.547009	background	-	-	-	-	2651
NODE_2912_length_2650_cov_3.138749	background	-	-	-	-	2650
NODE_2913_length_2650_cov_2.571706	background	-	-	-	-	2650
NODE_2914_length_2648_cov_2.438351	background	-	-	-	-	2648
NODE_2915_length_2647_cov_2.838911	background	-	-	-	-	2647
NODE_2916_length_2647_cov_1.949805	background	-	-	-	-	2647
NODE_2917_length_2645_cov_160.253115	background	-	-	-	-	2645
NODE_2918_length_2645_cov_8.356308	background	-	-	-	-	2645
NODE_2919_length_2644_cov_4.577328	background	-	-	-	-	2644
NODE_291_length_23642_cov_4.557946	background	-	-	-	-	23642
NODE_2920_length_2644_cov_2.236463	background	-	-	-	-	2644
NODE_2921_length_2641_cov_7.718799	background	-	-	-	-	2641
NODE_2922_length_2638_cov_2.058180	background	-	-	-	-	2638
NODE_2923_length_2638_cov_1.812573	background	-	-	-	-	2638
NODE_2924_length_2637_cov_3.235547	background	-	-	-	-	2637
NODE_2925_length_2636_cov_2.498632	background	-	-	-	-	2636
NODE_2926_length_2635_cov_27.101251	background	-	-	-	-	2635
NODE_2927_length_2634_cov_2.331248	background	-	-	-	-	2634
NODE_2928_length_2631_cov_5.808536	background	-	-	-	-	2631
NODE_2929_length_2627_cov_5.177647	background	-	-	-	-	2627
NODE_292_length_23588_cov_52.848752	background	-	-	-	-	23588
NODE_2930_length_2627_cov_2.299608	background	-	-	-	-	2627
NODE_2931_length_2624_cov_121.633687	bacterial	NZ_CP065631.1	negative_control	98.8	100.0	2624
NODE_2932_length_2624_cov_89.003141	background	-	-	-	-	2624
NODE_2933_length_2624_cov_9.527680	background	-	-	-	-	2624
NODE_2934_length_2623_cov_122.168107	background	-	-	-	-	2623
NODE_2935_length_2623_cov_90.985860	background	-	-	-	-	2623
NODE_2936_length_2623_cov_3.199921	background	-	-	-	-	2623
NODE_2937_length_2623_cov_2.041634	background	-	-	-	-	2623
NODE_2938_length_2622_cov_2.592534	background	-	-	-	-	2622
NODE_2939_length_2621_cov_3.590802	background	-	-	-	-	2621
NODE_293_length_23508_cov_53.169050	background	-	-	-	-	23508
NODE_2940_length_2620_cov_3.850570	background	-	-	-	-	2620
NODE_2941_length_2618_cov_2.826446	background	-	-	-	-	2618
NODE_2942_length_2618_cov_2.216450	background	-	-	-	-	2618
NODE_2943_length_2617_cov_3.429528	background	-	-	-	-	2617
NODE_2944_length_2616_cov_3.410398	background	-	-	-	-	2616
NODE_2945_length_2613_cov_68.031151	background	-	-	-	-	2613
NODE_2946_length_2611_cov_2.883189	background	-	-	-	-	2611
NODE_2947_length_2609_cov_2.571880	background	-	-	-	-	2609
NODE_2948_length_2609_cov_1.973539	background	-	-	-	-	2609
NODE_2949_length_2609_cov_1.828594	background	-	-	-	-	2609
NODE_294_length_23387_cov_1108.539382	background	-	-	-	-	23387
NODE_2950_length_2608_cov_35.027262	background	-	-	-	-	2608
NODE_2951_length_2608_cov_1.914263	background	-	-	-	-	2608
NODE_2952_length_2607_cov_5.292490	background	-	-	-	-	2607
NODE_2953_length_2607_cov_2.252964	background	-	-	-	-	2607
NODE_2954_length_2606_cov_5.604982	background	-	-	-	-	2606
NODE_2955_length_2606_cov_2.861605	background	-	-	-	-	2606
NODE_2956_length_2605_cov_2.250000	background	-	-	-	-	2605
NODE_2957_length_2601_cov_87.565769	background	-	-	-	-	2601
NODE_2958_length_2601_cov_9.089540	background	-	-	-	-	2601
NODE_2959_length_2600_cov_10.344431	background	-	-	-	-	2600
NODE_295_length_23358_cov_64.935956	background	-	-	-	-	23358
NODE_2960_length_2600_cov_2.771700	background	-	-	-	-	2600
NODE_2961_length_2600_cov_2.304400	background	-	-	-	-	2600
NODE_2962_length_2599_cov_1034.571768	background	-	-	-	-	2599
NODE_2963_length_2598_cov_33.712019	background	-	-	-	-	2598
NODE_2964_length_2598_cov_9.239984	background	-	-	-	-	2598
NODE_2965_length_2597_cov_3.758333	background	-	-	-	-	2597
NODE_2966_length_2594_cov_5.872070	background	-	-	-	-	2594
NODE_2967_length_2594_cov_1.817640	background	-	-	-	-	2594
NODE_2968_length_2593_cov_7.296502	background	-	-	-	-	2593
NODE_2969_length_2593_cov_2.025040	background	-	-	-	-	2593
NODE_296_length_23311_cov_5.545967	background	-	-	-	-	23311
NODE_2970_length_2592_cov_2.976938	background	-	-	-	-	2592
NODE_2971_length_2591_cov_2.194113	background	-	-	-	-	2591
NODE_2972_length_2588_cov_3.510554	background	-	-	-	-	2588
NODE_2973_length_2586_cov_3.160223	background	-	-	-	-	2586
NODE_2974_length_2585_cov_10.160287	background	-	-	-	-	2585
NODE_2975_length_2585_cov_2.374801	background	-	-	-	-	2585
NODE_2976_length_2585_cov_1.891547	viral	NC_001806.2	herpesvirus	100.0	100.0	2585
NODE_2977_length_2584_cov_3.368568	background	-	-	-	-	2584
NODE_2978_length_2583_cov_2.638069	background	-	-	-	-	2583
NODE_2979_length_2583_cov_2.064246	background	-	-	-	-	2583
NODE_297_length_22965_cov_4.184158	background	-	-	-	-	22965
NODE_2980_length_2582_cov_11.186028	background	-	-	-	-	2582
NODE_2981_length_2579_cov_3.087530	background	-	-	-	-	2579
NODE_2982_length_2578_cov_11.714114	background	-	-	-	-	2578
NODE_2983_length_2578_cov_2.194322	background	-	-	-	-	2578
NODE_2984_length_2578_cov_1.630948	background	-	-	-	-	2578
NODE_2985_length_2577_cov_3.570400	background	-	-	-	-	2577
NODE_2986_length_2577_cov_1.909600	background	-	-	-	-	2577
NODE_2987_length_2577_cov_1.693200	background	-	-	-	-	2577
NODE_2988_length_2576_cov_5.290516	background	-	-	-	-	2576
NODE_2989_length_2576_cov_4.251701	background	-	-	-	-	2576
NODE_298_length_22916_cov_7.140024	background	-	-	-	-	22916
NODE_2990_length_2576_cov_3.724690	background	-	-	-	-	2576
NODE_2991_length_2576_cov_2.381753	background	-	-	-	-	2576
NODE_2992_length_2575_cov_62.078863	background	-	-	-	-	2575
NODE_2993_length_2573_cov_2.364984	background	-	-	-	-	2573
NODE_2994_length_2573_cov_1.489183	viral	NC_001798.2	herpesvirus	99.8	100.0	2573
NODE_2995_length_2572_cov_2.966733	background	-	-	-	-	2572
NODE_2996_length_2571_cov_4.937851	background	-	-	-	-	2571
NODE_2997_length_2571_cov_2.777065	background	-	-	-	-	2571
NODE_2998_length_2569_cov_2.283307	background	-	-	-	-	2569
NODE_2999_length_2568_cov_10.705741	background	-	-	-	-	2568
NODE_299_length_22879_cov_22.507455	background	-	-	-	-	22879
NODE_29_length_126874_cov_11.101020	background	-	-	-	-	126874
NODE_2_length_278078_cov_865.147169	background	-	-	-	-	278078
NODE_3000_length_2567_cov_2.676305	background	-	-	-	-	2567
NODE_3001_length_2566_cov_69.264363	background	-	-	-	-	2566
NODE_3002_length_2566_cov_11.225793	bacterial	NZ_CP011280.1	negative_control	99.0	99.5	2566
NODE_3003_length_2565_cov_7.619775	background	-	-	-	-	2565
NODE_3004_length_2563_cov_9.716814	background	-	-	-	-	2563
NODE_3005_length_2561_cov_2.341787	background	-	-	-	-	2561
NODE_3006_length_2560_cov_3.922271	background	-	-	-	-	2560
NODE_3007_length_2560_cov_2.811921	background	-	-	-	-	2560
NODE_3008_length_2559_cov_7.195004	background	-	-	-	-	2559
NODE_3009_length_2558_cov_3.594115	background	-	-	-	-	2558
NODE_300_length_22831_cov_13.245891	bacterial	NZ_CP011280.1	negative_control	98.9	93.3	22831
NODE_3010_length_2557_cov_2.253226	background	-	-	-	-	2557
NODE_3011_length_2556_cov_51.311819	background	-	-	-	-	2556
NODE_3012_length_2553_cov_72.191034	background	-	-	-	-	2553
NODE_3013_length_2551_cov_4.540825	background	-	-	-	-	2551
NODE_3014_length_2550_cov_4.289123	background	-	-	-	-	2550
NODE_3015_length_2550_cov_2.576223	background	-	-	-	-	2550
NODE_3016_length_2549_cov_14.693770	background	-	-	-	-	2549
NODE_3017_length_2548_cov_177.615945	bacterial	NZ_CP065631.1	negative_control	97.5	98.3	2548
NODE_3018_length_2547_cov_52.223887	background	-	-	-	-	2547
NODE_3019_length_2546_cov_6.322803	background	-	-	-	-	2546
NODE_301_length_22758_cov_76.199859	background	-	-	-	-	22758
NODE_3020_length_2545_cov_5.238655	background	-	-	-	-	2545
NODE_3021_length_2545_cov_1.907212	background	-	-	-	-	2545
NODE_3022_length_2543_cov_2.845904	background	-	-	-	-	2543
NODE_3023_length_2543_cov_2.420519	background	-	-	-	-	2543
NODE_3024_length_2542_cov_113.550507	background	-	-	-	-	2542
NODE_3025_length_2542_cov_2.700609	background	-	-	-	-	2542
NODE_3026_length_2538_cov_5.583503	background	-	-	-	-	2538
NODE_3027_length_2538_cov_2.235270	background	-	-	-	-	2538
NODE_3028_length_2537_cov_2.614228	background	-	-	-	-	2537
NODE_3029_length_2537_cov_1.943496	background	-	-	-	-	2537
NODE_302_length_22744_cov_73.223144	background	-	-	-	-	22744
NODE_3030_length_2536_cov_8.386743	background	-	-	-	-	2536
NODE_3031_length_2536_cov_2.426596	viral	NC_001798.2	herpesvirus	100.0	100.0	2536
NODE_3032_length_2535_cov_2.466640	background	-	-	-	-	2535
NODE_3033_length_2534_cov_42.693529	bacterial	NZ_AP012332.1	negative_control	96.8	99.9	2534
NODE_3034_length_2533_cov_2.660016	background	-	-	-	-	2533
NODE_3035_length_2532_cov_121.763747	bacterial	NZ_CP065631.1	negative_control	98.5	100.0	2532
NODE_3036_length_2532_cov_2.430957	background	-	-	-	-	2532
NODE_3037_length_2531_cov_10.447433	background	-	-	-	-	2531
NODE_3038_length_2531_cov_2.498778	background	-	-	-	-	2531
NODE_3039_length_2531_cov_1.882641	background	-	-	-	-	2531
NODE_303_length_22727_cov_9.924238	background	-	-	-	-	22727
NODE_3040_length_2530_cov_3.071749	background	-	-	-	-	2530
NODE_3041_length_2530_cov_2.885854	background	-	-	-	-	2530
NODE_3042_length_2530_cov_2.364044	background	-	-	-	-	2530
NODE_3043_length_2529_cov_11.683931	background	-	-	-	-	2529
NODE_3044_length_2528_cov_13.272134	background	-	-	-	-	2528
NODE_3045_length_2528_cov_1.767442	background	-	-	-	-	2528
NODE_3046_length_2528_cov_1.470828	viral	NC_001798.2	herpesvirus	99.9	100.0	2528
NODE_3047_length_2526_cov_9.085749	background	-	-	-	-	2526
NODE_3048_length_2526_cov_2.352797	background	-	-	-	-	2526
NODE_3049_length_2525_cov_48.123775	background	-	-	-	-	2525
NODE_304_length_22675_cov_111.967032	background	-	-	-	-	22675
NODE_3050_length_2524_cov_156.701267	bacterial	NZ_CP065631.1	negative_control	98.0	99.8	2524
NODE_3051_length_2524_cov_2.928484	background	-	-	-	-	2524
NODE_3052_length_2523_cov_1.925184	background	-	-	-	-	2523
NODE_3053_length_2523_cov_1.908013	background	-	-	-	-	2523
NODE_3054_length_2520_cov_2.888661	background	-	-	-	-	2520
NODE_3055_length_2520_cov_2.704462	background	-	-	-	-	2520
NODE_3056_length_2518_cov_3.897993	background	-	-	-	-	2518
NODE_3057_length_2518_cov_3.099140	background	-	-	-	-	2518
NODE_3058_length_2518_cov_2.475215	background	-	-	-	-	2518
NODE_3059_length_2517_cov_106.957377	background	-	-	-	-	2517
NODE_305_length_22668_cov_10.359302	bacterial	NZ_CP011280.1	negative_control	98.7	97.7	22668
NODE_3060_length_2517_cov_2.972541	background	-	-	-	-	2517
NODE_3061_length_2515_cov_94.022970	background	-	-	-	-	2515
NODE_3062_length_2515_cov_7.945447	background	-	-	-	-	2515
NODE_3063_length_2514_cov_32.088223	background	-	-	-	-	2514
NODE_3064_length_2514_cov_2.459581	background	-	-	-	-	2514
NODE_3065_length_2513_cov_5.185140	background	-	-	-	-	2513
NODE_3066_length_2513_cov_2.633415	background	-	-	-	-	2513
NODE_3067_length_2511_cov_42.854560	background	-	-	-	-	2511
NODE_3068_length_2511_cov_3.707477	background	-	-	-	-	2511
NODE_3069_length_2511_cov_2.188989	background	-	-	-	-	2511
NODE_306_length_22600_cov_47.207965	background	-	-	-	-	22600
NODE_3070_length_2510_cov_3.327168	background	-	-	-	-	2510
NODE_3071_length_2509_cov_88.447368	background	-	-	-	-	2509
NODE_3072_length_2509_cov_5.053865	background	-	-	-	-	2509
NODE_3073_length_2507_cov_92.965021	background	-	-	-	-	2507
NODE_3074_length_2507_cov_5.059671	background	-	-	-	-	2507
NODE_3075_length_2504_cov_13.544705	background	-	-	-	-	2504
NODE_3076_length_2502_cov_2.115052	background	-	-	-	-	2502
NODE_3077_length_2500_cov_2.284771	background	-	-	-	-	2500
NODE_3078_length_2499_cov_2.167630	background	-	-	-	-	2499
NODE_3079_length_2497_cov_60.522314	background	-	-	-	-	2497
NODE_307_length_22568_cov_11.406918	bacterial	NZ_CP011280.1	negative_control	99.0	100.0	22568
NODE_3080_length_2497_cov_4.533058	background	-	-	-	-	2497
NODE_3081_length_2496_cov_28.792063	background	-	-	-	-	2496
NODE_3082_length_2496_cov_3.142208	background	-	-	-	-	2496
NODE_3083_length_2494_cov_2.507240	background	-	-	-	-	2494
NODE_3084_length_2492_cov_135.496066	background	-	-	-	-	2492
NODE_3085_length_2492_cov_12.690269	background	-	-	-	-	2492
NODE_3086_length_2492_cov_1.378882	background	-	-	-	-	2492
NODE_3087_length_2491_cov_5.661558	background	-	-	-	-	2491
NODE_3088_length_2491_cov_5.006628	background	-	-	-	-	2491
NODE_3089_length_2491_cov_2.504971	background	-	-	-	-	2491
NODE_308_length_22559_cov_14.322525	background	-	-	-	-	22559
NODE_3090_length_2489_cov_999.554312	background	-	-	-	-	2489
NODE_3091_length_2489_cov_178.522388	bacterial	NZ_CP065631.1	negative_control	97.8	100.0	2489
NODE_3092_length_2489_cov_2.432836	background	-	-	-	-	2489
NODE_3093_length_2488_cov_60.451265	background	-	-	-	-	2488
NODE_3094_length_2488_cov_39.754044	background	-	-	-	-	2488
NODE_3095_length_2485_cov_2.311047	background	-	-	-	-	2485
NODE_3096_length_2485_cov_1.853405	background	-	-	-	-	2485
NODE_3097_length_2484_cov_3.929788	background	-	-	-	-	2484
NODE_3098_length_2484_cov_2.423764	background	-	-	-	-	2484
NODE_3099_length_2484_cov_1.654342	background	-	-	-	-	2484
NODE_309_length_22540_cov_64.919913	background	-	-	-	-	22540
NODE_30_length_123218_cov_21.252166	background	-	-	-	-	123218
NODE_3100_length_2483_cov_66.899834	background	-	-	-	-	2483
NODE_3101_length_2483_cov_2.073150	background	-	-	-	-	2483
NODE_3102_length_2482_cov_80.289397	background	-	-	-	-	2482
NODE_3103_length_2482_cov_3.472349	background	-	-	-	-	2482
NODE_3104_length_2481_cov_3.551165	background	-	-	-	-	2481
NODE_3105_length_2480_cov_2.387016	background	-	-	-	-	2480
NODE_3106_length_2479_cov_3.372190	background	-	-	-	-	2479
NODE_3107_length_2478_cov_5.455643	background	-	-	-	-	2478
NODE_3108_length_2478_cov_1.265723	background	-	-	-	-	2478
NODE_3109_length_2477_cov_2.459167	background	-	-	-	-	2477
NODE_310_length_22429_cov_23.072700	background	-	-	-	-	22429
NODE_3110_length_2476_cov_131.862860	background	-	-	-	-	2476
NODE_3111_length_2475_cov_2.376147	background	-	-	-	-	2475
NODE_3112_length_2472_cov_48.700209	background	-	-	-	-	2472
NODE_3113_length_2471_cov_6.185046	background	-	-	-	-	2471
NODE_3114_length_2470_cov_1.682825	background	-	-	-	-	2470
NODE_3115_length_2468_cov_2.449184	background	-	-	-	-	2468
NODE_3116_length_2467_cov_33.556485	bacterial	NZ_AP012332.1	negative_control	96.1	100.0	2467
NODE_3117_length_2467_cov_8.048536	background	-	-	-	-	2467
NODE_3118_length_2467_cov_5.032218	background	-	-	-	-	2467
NODE_3119_length_2467_cov_2.911297	background	-	-	-	-	2467
NODE_311_length_22415_cov_66.853747	background	-	-	-	-	22415
NODE_3120_length_2467_cov_2.407950	background	-	-	-	-	2467
NODE_3121_length_2464_cov_2.889820	background	-	-	-	-	2464
NODE_3122_length_2463_cov_3.148365	background	-	-	-	-	2463
NODE_3123_length_2463_cov_2.143755	background	-	-	-	-	2463
NODE_3124_length_2462_cov_1.711530	background	-	-	-	-	2462
NODE_3125_length_2461_cov_109.819211	background	-	-	-	-	2461
NODE_3126_length_2460_cov_8.809484	background	-	-	-	-	2460
NODE_3127_length_2458_cov_13.234775	background	-	-	-	-	2458
NODE_3128_length_2457_cov_4.791176	background	-	-	-	-	2457
NODE_3129_length_2457_cov_2.414286	background	-	-	-	-	2457
NODE_312_length_22400_cov_7.699682	background	-	-	-	-	22400
NODE_3130_length_2457_cov_2.083193	background	-	-	-	-	2457
NODE_3131_length_2454_cov_5.744215	background	-	-	-	-	2454
NODE_3132_length_2454_cov_2.104754	background	-	-	-	-	2454
NODE_3133_length_2453_cov_80.510522	background	-	-	-	-	2453
NODE_3134_length_2452_cov_135.168842	background	-	-	-	-	2452
NODE_3135_length_2452_cov_77.201684	background	-	-	-	-	2452
NODE_3136_length_2450_cov_5.251159	background	-	-	-	-	2450
NODE_3137_length_2450_cov_3.768226	background	-	-	-	-	2450
NODE_3138_length_2449_cov_15.779933	background	-	-	-	-	2449
NODE_3139_length_2448_cov_8.362716	background	-	-	-	-	2448
NODE_313_length_22396_cov_5.401855	background	-	-	-	-	22396
NODE_3140_length_2447_cov_52.468776	background	-	-	-	-	2447
NODE_3141_length_2447_cov_34.307595	background	-	-	-	-	2447
NODE_3142_length_2446_cov_6.166737	background	-	-	-	-	2446
NODE_3143_length_2445_cov_56.146115	background	-	-	-	-	2445
NODE_3144_length_2443_cov_6.631868	background	-	-	-	-	2443
NODE_3145_length_2441_cov_5.654399	background	-	-	-	-	2441
NODE_3146_length_2441_cov_2.935279	background	-	-	-	-	2441
NODE_3147_length_2441_cov_2.882826	background	-	-	-	-	2441
NODE_3148_length_2439_cov_5.610923	background	-	-	-	-	2439
NODE_3149_length_2439_cov_3.071550	background	-	-	-	-	2439
NODE_314_length_22383_cov_8.102977	background	-	-	-	-	22383
NODE_3150_length_2434_cov_2.158676	background	-	-	-	-	2434
NODE_3151_length_2433_cov_2.167657	background	-	-	-	-	2433
NODE_3152_length_2433_cov_1.835314	background	-	-	-	-	2433
NODE_3153_length_2432_cov_1.994480	background	-	-	-	-	2432
NODE_3154_length_2431_cov_2.378080	background	-	-	-	-	2431
NODE_3155_length_2429_cov_2.098214	background	-	-	-	-	2429
NODE_3156_length_2427_cov_2.633617	background	-	-	-	-	2427
NODE_3157_length_2426_cov_4.222648	background	-	-	-	-	2426
NODE_3158_length_2425_cov_60.893952	background	-	-	-	-	2425
NODE_3159_length_2424_cov_1042.162335	background	-	-	-	-	2424
NODE_315_length_22378_cov_52.248105	background	-	-	-	-	22378
NODE_3160_length_2424_cov_28.876864	background	-	-	-	-	2424
NODE_3161_length_2424_cov_4.526204	background	-	-	-	-	2424
NODE_3162_length_2424_cov_2.077120	background	-	-	-	-	2424
NODE_3163_length_2422_cov_2.120256	background	-	-	-	-	2422
NODE_3164_length_2421_cov_2.621587	background	-	-	-	-	2421
NODE_3165_length_2420_cov_7.064020	background	-	-	-	-	2420
NODE_3166_length_2418_cov_2.932935	background	-	-	-	-	2418
NODE_3167_length_2418_cov_2.240923	background	-	-	-	-	2418
NODE_3168_length_2417_cov_2.576068	background	-	-	-	-	2417
NODE_3169_length_2417_cov_2.350000	background	-	-	-	-	2417
NODE_316_length_22350_cov_4.090334	background	-	-	-	-	22350
NODE_3170_length_2415_cov_8.666382	background	-	-	-	-	2415
NODE_3171_length_2415_cov_2.497006	background	-	-	-	-	2415
NODE_3172_length_2413_cov_2.149401	background	-	-	-	-	2413
NODE_3173_length_2412_cov_62.398287	background	-	-	-	-	2412
NODE_3174_length_2412_cov_14.181156	background	-	-	-	-	2412
NODE_3175_length_2411_cov_2.656812	background	-	-	-	-	2411
NODE_3176_length_2411_cov_2.449015	background	-	-	-	-	2411
NODE_3177_length_2411_cov_1.784919	background	-	-	-	-	2411
NODE_3178_length_2410_cov_180.129876	bacterial	NZ_CP065631.1	negative_control	99.1	100.0	2410
NODE_3179_length_2410_cov_2.669953	background	-	-	-	-	2410
NODE_317_length_22337_cov_3.053279	background	-	-	-	-	22337
NODE_3180_length_2409_cov_2.597770	background	-	-	-	-	2409
NODE_3181_length_2407_cov_2.770815	background	-	-	-	-	2407
NODE_3182_length_2407_cov_2.619742	background	-	-	-	-	2407
NODE_3183_length_2406_cov_2.929584	background	-	-	-	-	2406
NODE_3184_length_2406_cov_1.763418	background	-	-	-	-	2406
NODE_3185_length_2405_cov_3.069158	background	-	-	-	-	2405
NODE_3186_length_2404_cov_9.903309	background	-	-	-	-	2404
NODE_3187_length_2404_cov_3.161581	background	-	-	-	-	2404
NODE_3188_length_2404_cov_2.787280	background	-	-	-	-	2404
NODE_3189_length_2404_cov_2.720670	background	-	-	-	-	2404
NODE_318_length_22306_cov_25.122138	background	-	-	-	-	22306
NODE_3190_length_2404_cov_2.570262	background	-	-	-	-	2404
NODE_3191_length_2403_cov_46.862500	background	-	-	-	-	2403
NODE_3192_length_2402_cov_4.053333	background	-	-	-	-	2402
NODE_3193_length_2402_cov_3.599140	background	-	-	-	-	2402
NODE_3194_length_2402_cov_2.567312	background	-	-	-	-	2402
NODE_3195_length_2402_cov_2.223226	background	-	-	-	-	2402
NODE_3196_length_2400_cov_47.707706	background	-	-	-	-	2400
NODE_3197_length_2399_cov_4.214470	background	-	-	-	-	2399
NODE_3198_length_2399_cov_2.021964	background	-	-	-	-	2399
NODE_3199_length_2398_cov_2.445498	background	-	-	-	-	2398
NODE_319_length_22297_cov_3.968902	background	-	-	-	-	22297
NODE_31_length_121619_cov_55.519401	background	-	-	-	-	121619
NODE_3200_length_2397_cov_2.640948	background	-	-	-	-	2397
NODE_3201_length_2397_cov_2.609052	background	-	-	-	-	2397
NODE_3202_length_2396_cov_77.564036	background	-	-	-	-	2396
NODE_3203_length_2396_cov_4.155239	background	-	-	-	-	2396
NODE_3204_length_2396_cov_2.122035	background	-	-	-	-	2396
NODE_3205_length_2395_cov_11.176877	background	-	-	-	-	2395
NODE_3206_length_2395_cov_6.377481	background	-	-	-	-	2395
NODE_3207_length_2393_cov_3.119171	background	-	-	-	-	2393
NODE_3208_length_2391_cov_67.025497	background	-	-	-	-	2391
NODE_3209_length_2391_cov_3.139585	background	-	-	-	-	2391
NODE_320_length_22284_cov_8.959787	background	-	-	-	-	22284
NODE_3210_length_2390_cov_41.672719	background	-	-	-	-	2390
NODE_3211_length_2390_cov_2.760917	background	-	-	-	-	2390
NODE_3212_length_2389_cov_10.849048	background	-	-	-	-	2389
NODE_3213_length_2389_cov_2.185121	background	-	-	-	-	2389
NODE_3214_length_2387_cov_2.583550	background	-	-	-	-	2387
NODE_3215_length_2386_cov_2.979645	background	-	-	-	-	2386
NODE_3216_length_2386_cov_2.779558	background	-	-	-	-	2386
NODE_3217_length_2386_cov_1.622780	viral	NC_007924.1	lactobacillus_phage	100.0	100.0	2386
NODE_3218_length_2385_cov_11.804159	background	-	-	-	-	2385
NODE_3219_length_2385_cov_9.006932	background	-	-	-	-	2385
NODE_321_length_22241_cov_75.424021	background	-	-	-	-	22241
NODE_3220_length_2385_cov_2.601820	background	-	-	-	-	2385
NODE_3221_length_2384_cov_222.679671	background	-	-	-	-	2384
NODE_3222_length_2382_cov_2.603471	background	-	-	-	-	2382
NODE_3223_length_2382_cov_2.514100	background	-	-	-	-	2382
NODE_3224_length_2381_cov_195.217882	bacterial	NZ_CP065631.1	negative_control	97.6	100.0	2381
NODE_3225_length_2381_cov_5.090712	background	-	-	-	-	2381
NODE_3226_length_2380_cov_3.895788	background	-	-	-	-	2380
NODE_3227_length_2380_cov_2.228398	background	-	-	-	-	2380
NODE_3228_length_2379_cov_4.905734	background	-	-	-	-	2379
NODE_3229_length_2378_cov_12.026076	background	-	-	-	-	2378
NODE_322_length_22220_cov_39.598157	bacterial	NZ_AP012332.1	negative_control	98.1	86.3	22220
NODE_3230_length_2376_cov_2.829056	background	-	-	-	-	2376
NODE_3231_length_2376_cov_2.605046	background	-	-	-	-	2376
NODE_3232_length_2375_cov_175.929069	bacterial	NZ_CP065631.1	negative_control	97.9	100.0	2375
NODE_3233_length_2375_cov_5.490426	background	-	-	-	-	2375
NODE_3234_length_2374_cov_177.390509	background	-	-	-	-	2374
NODE_3235_length_2374_cov_2.758816	background	-	-	-	-	2374
NODE_3236_length_2374_cov_2.756204	background	-	-	-	-	2374
NODE_3237_length_2372_cov_2.700654	background	-	-	-	-	2372
NODE_3238_length_2371_cov_767.849608	background	-	-	-	-	2371
NODE_3239_length_2371_cov_8.476024	background	-	-	-	-	2371
NODE_323_length_22102_cov_35.119001	bacterial	NZ_AP012332.1	negative_control	98.3	98.0	22102
NODE_3240_length_2369_cov_4.380017	background	-	-	-	-	2369
NODE_3241_length_2369_cov_2.113874	background	-	-	-	-	2369
NODE_3242_length_2369_cov_1.910995	background	-	-	-	-	2369
NODE_3243_length_2367_cov_4.528821	background	-	-	-	-	2367
NODE_3244_length_2366_cov_3.926169	background	-	-	-	-	2366
NODE_3245_length_2365_cov_5.281469	background	-	-	-	-	2365
NODE_3246_length_2365_cov_2.128497	background	-	-	-	-	2365
NODE_3247_length_2364_cov_3.582860	background	-	-	-	-	2364
NODE_3248_length_2363_cov_59.939633	background	-	-	-	-	2363
NODE_3249_length_2362_cov_90.921225	background	-	-	-	-	2362
NODE_324_length_22045_cov_6.273625	background	-	-	-	-	22045
NODE_3250_length_2361_cov_69.915937	bacterial	NZ_AP012332.1	negative_control	95.9	99.5	2361
NODE_3251_length_2359_cov_53.051271	background	-	-	-	-	2359
NODE_3252_length_2359_cov_1.328221	background	-	-	-	-	2359
NODE_3253_length_2357_cov_8.766228	background	-	-	-	-	2357
NODE_3254_length_2357_cov_2.774561	background	-	-	-	-	2357
NODE_3255_length_2356_cov_2.523914	background	-	-	-	-	2356
NODE_3256_length_2355_cov_2.128183	background	-	-	-	-	2355
NODE_3257_length_2354_cov_2.522178	background	-	-	-	-	2354
NODE_3258_length_2352_cov_2.876484	background	-	-	-	-	2352
NODE_3259_length_2349_cov_2.702465	background	-	-	-	-	2349
NODE_325_length_21989_cov_143.381937	background	-	-	-	-	21989
NODE_3260_length_2347_cov_2.569604	background	-	-	-	-	2347
NODE_3261_length_2346_cov_2.234465	background	-	-	-	-	2346
NODE_3262_length_2345_cov_118.524250	background	-	-	-	-	2345
NODE_3263_length_2345_cov_100.856261	background	-	-	-	-	2345
NODE_3264_length_2345_cov_77.190035	bacterial	NZ_CP065631.1	negative_control	96.4	95.8	2345
NODE_3265_length_2345_cov_15.940476	background	-	-	-	-	2345
NODE_3266_length_2345_cov_1.972222	background	-	-	-	-	2345
NODE_3267_length_2343_cov_4.444395	background	-	-	-	-	2343
NODE_3268_length_2342_cov_107.043267	background	-	-	-	-	2342
NODE_3269_length_2341_cov_42.696996	background	-	-	-	-	2341
NODE_326_length_21986_cov_3.617372	background	-	-	-	-	21986
NODE_3270_length_2340_cov_5.807335	background	-	-	-	-	2340
NODE_3271_length_2340_cov_2.658418	background	-	-	-	-	2340
NODE_3272_length_2339_cov_13.699823	background	-	-	-	-	2339
NODE_3273_length_2339_cov_6.476127	background	-	-	-	-	2339
NODE_3274_length_2338_cov_4.250774	background	-	-	-	-	2338
NODE_3275_length_2337_cov_3.517257	background	-	-	-	-	2337
NODE_3276_length_2336_cov_62.802568	background	-	-	-	-	2336
NODE_3277_length_2336_cov_62.047366	background	-	-	-	-	2336
NODE_3278_length_2335_cov_35.037644	bacterial	NZ_AP012332.1	negative_control	98.9	99.4	2335
NODE_3279_length_2333_cov_4.959663	background	-	-	-	-	2333
NODE_327_length_21872_cov_161.379858	background	-	-	-	-	21872
NODE_3280_length_2333_cov_3.262411	background	-	-	-	-	2333
NODE_3281_length_2332_cov_25.454989	background	-	-	-	-	2332
NODE_3282_length_2331_cov_170.845608	background	-	-	-	-	2331
NODE_3283_length_2330_cov_42.541944	background	-	-	-	-	2330
NODE_3284_length_2330_cov_7.440302	background	-	-	-	-	2330
NODE_3285_length_2330_cov_4.110963	background	-	-	-	-	2330
NODE_3286_length_2329_cov_2.531972	background	-	-	-	-	2329
NODE_3287_length_2328_cov_8.337183	background	-	-	-	-	2328
NODE_3288_length_2328_cov_4.721013	background	-	-	-	-	2328
NODE_3289_length_2328_cov_3.669480	background	-	-	-	-	2328
NODE_328_length_21785_cov_5.244242	background	-	-	-	-	21785
NODE_3290_length_2328_cov_2.397157	background	-	-	-	-	2328
NODE_3291_length_2327_cov_162.394222	background	-	-	-	-	2327
NODE_3292_length_2326_cov_2.060916	background	-	-	-	-	2326
NODE_3293_length_2325_cov_2.216637	background	-	-	-	-	2325
NODE_3294_length_2325_cov_1.930160	background	-	-	-	-	2325
NODE_3295_length_2324_cov_2.299510	background	-	-	-	-	2324
NODE_3296_length_2322_cov_1.885523	background	-	-	-	-	2322
NODE_3297_length_2321_cov_4.075758	background	-	-	-	-	2321
NODE_3298_length_2321_cov_2.265597	background	-	-	-	-	2321
NODE_3299_length_2320_cov_44.502898	background	-	-	-	-	2320
NODE_329_length_21680_cov_122.728834	background	-	-	-	-	21680
NODE_32_length_118555_cov_142.947433	background	-	-	-	-	118555
NODE_3300_length_2320_cov_1.954525	background	-	-	-	-	2320
NODE_3301_length_2319_cov_5.664139	background	-	-	-	-	2319
NODE_3302_length_2319_cov_3.797948	background	-	-	-	-	2319
NODE_3303_length_2319_cov_2.796164	background	-	-	-	-	2319
NODE_3304_length_2318_cov_3.123159	background	-	-	-	-	2318
NODE_3305_length_2318_cov_2.388220	background	-	-	-	-	2318
NODE_3306_length_2317_cov_2.129018	background	-	-	-	-	2317
NODE_3307_length_2316_cov_161.567218	background	-	-	-	-	2316
NODE_3308_length_2316_cov_2.848146	background	-	-	-	-	2316
NODE_3309_length_2315_cov_7.973637	background	-	-	-	-	2315
NODE_330_length_21666_cov_6.593960	background	-	-	-	-	21666
NODE_3310_length_2315_cov_2.592493	background	-	-	-	-	2315
NODE_3311_length_2314_cov_9.442557	background	-	-	-	-	2314
NODE_3312_length_2314_cov_1.620474	background	-	-	-	-	2314
NODE_3313_length_2313_cov_3.685152	background	-	-	-	-	2313
NODE_3314_length_2312_cov_2.319463	background	-	-	-	-	2312
NODE_3315_length_2312_cov_2.179866	background	-	-	-	-	2312
NODE_3316_length_2309_cov_2.975358	background	-	-	-	-	2309
NODE_3317_length_2309_cov_2.226703	background	-	-	-	-	2309
NODE_3318_length_2308_cov_6.678619	background	-	-	-	-	2308
NODE_3319_length_2307_cov_4.908072	background	-	-	-	-	2307
NODE_331_length_21634_cov_9.944241	background	-	-	-	-	21634
NODE_3320_length_2307_cov_3.127803	background	-	-	-	-	2307
NODE_3321_length_2306_cov_2.165096	background	-	-	-	-	2306
NODE_3322_length_2305_cov_9.869390	background	-	-	-	-	2305
NODE_3323_length_2305_cov_2.382406	background	-	-	-	-	2305
NODE_3324_length_2304_cov_1.811855	background	-	-	-	-	2304
NODE_3325_length_2304_cov_1.656040	background	-	-	-	-	2304
NODE_3326_length_2302_cov_2.696629	background	-	-	-	-	2302
NODE_3327_length_2301_cov_3.589928	background	-	-	-	-	2301
NODE_3328_length_2300_cov_2.292398	background	-	-	-	-	2300
NODE_3329_length_2299_cov_12.904590	background	-	-	-	-	2299
NODE_332_length_21469_cov_3.820307	background	-	-	-	-	21469
NODE_3330_length_2298_cov_2.264295	background	-	-	-	-	2298
NODE_3331_length_2296_cov_6.481298	background	-	-	-	-	2296
NODE_3332_length_2296_cov_2.750338	background	-	-	-	-	2296
NODE_3333_length_2293_cov_63.553249	background	-	-	-	-	2293
NODE_3334_length_2292_cov_1.445147	background	-	-	-	-	2292
NODE_3335_length_2291_cov_2.877145	background	-	-	-	-	2291
NODE_3336_length_2291_cov_2.365402	background	-	-	-	-	2291
NODE_3337_length_2291_cov_1.894309	background	-	-	-	-	2291
NODE_3338_length_2290_cov_95.491640	background	-	-	-	-	2290
NODE_3339_length_2290_cov_3.303208	background	-	-	-	-	2290
NODE_333_length_21450_cov_11.853787	background	-	-	-	-	21450
NODE_3340_length_2290_cov_2.253502	background	-	-	-	-	2290
NODE_3341_length_2289_cov_177.360307	background	-	-	-	-	2289
NODE_3342_length_2289_cov_120.082731	background	-	-	-	-	2289
NODE_3343_length_2288_cov_1.891452	background	-	-	-	-	2288
NODE_3344_length_2287_cov_2.279186	background	-	-	-	-	2287
NODE_3345_length_2287_cov_2.103167	background	-	-	-	-	2287
NODE_3346_length_2286_cov_2.449072	background	-	-	-	-	2286
NODE_3347_length_2285_cov_2.741395	background	-	-	-	-	2285
NODE_3348_length_2284_cov_1.908926	background	-	-	-	-	2284
NODE_3349_length_2283_cov_5.205349	background	-	-	-	-	2283
NODE_334_length_21430_cov_158.202033	background	-	-	-	-	21430
NODE_3350_length_2283_cov_2.456029	background	-	-	-	-	2283
NODE_3351_length_2281_cov_4.759982	background	-	-	-	-	2281
NODE_3352_length_2281_cov_1.911525	background	-	-	-	-	2281
NODE_3353_length_2280_cov_4.317295	background	-	-	-	-	2280
NODE_3354_length_2279_cov_8.059037	background	-	-	-	-	2279
NODE_3355_length_2279_cov_2.811081	background	-	-	-	-	2279
NODE_3356_length_2279_cov_2.389192	background	-	-	-	-	2279
NODE_3357_length_2278_cov_4.868242	background	-	-	-	-	2278
NODE_3358_length_2278_cov_3.941845	background	-	-	-	-	2278
NODE_3359_length_2277_cov_7.374545	background	-	-	-	-	2277
NODE_335_length_21249_cov_11.464623	background	-	-	-	-	21249
NODE_3360_length_2277_cov_5.384091	background	-	-	-	-	2277
NODE_3361_length_2276_cov_231.653934	bacterial	NZ_CP065631.1	negative_control	95.6	99.3	2276
NODE_3362_length_2276_cov_38.317872	background	-	-	-	-	2276
NODE_3363_length_2275_cov_5.947680	background	-	-	-	-	2275
NODE_3364_length_2275_cov_5.268426	background	-	-	-	-	2275
NODE_3365_length_2275_cov_3.167880	bacterial	NZ_CP011280.1	negative_control	99.2	88.3	2275
NODE_3366_length_2273_cov_11.232696	background	-	-	-	-	2273
NODE_3367_length_2272_cov_4.045558	background	-	-	-	-	2272
NODE_3368_length_2272_cov_2.292483	background	-	-	-	-	2272
NODE_3369_length_2269_cov_5.780109	background	-	-	-	-	2269
NODE_336_length_21163_cov_15.369629	background	-	-	-	-	21163
NODE_3370_length_2268_cov_2.803286	background	-	-	-	-	2268
NODE_3371_length_2268_cov_1.692834	background	-	-	-	-	2268
NODE_3372_length_2266_cov_5.298310	background	-	-	-	-	2266
NODE_3373_length_2266_cov_3.896300	background	-	-	-	-	2266
NODE_3374_length_2264_cov_2.060814	background	-	-	-	-	2264
NODE_3375_length_2263_cov_4.279963	background	-	-	-	-	2263
NODE_3376_length_2263_cov_2.856816	background	-	-	-	-	2263
NODE_3377_length_2262_cov_2.163844	background	-	-	-	-	2262
NODE_3378_length_2261_cov_82.499542	background	-	-	-	-	2261
NODE_3379_length_2260_cov_8.667888	background	-	-	-	-	2260
NODE_337_length_21005_cov_7.244075	background	-	-	-	-	21005
NODE_3380_length_2259_cov_2.747021	background	-	-	-	-	2259
NODE_3381_length_2258_cov_2.261807	background	-	-	-	-	2258
NODE_3382_length_2256_cov_3.463056	background	-	-	-	-	2256
NODE_3383_length_2256_cov_2.564938	background	-	-	-	-	2256
NODE_3384_length_2254_cov_24.200735	background	-	-	-	-	2254
NODE_3385_length_2254_cov_3.327515	background	-	-	-	-	2254
NODE_3386_length_2254_cov_2.537896	background	-	-	-	-	2254
NODE_3387_length_2254_cov_2.311438	background	-	-	-	-	2254
NODE_3388_length_2253_cov_22.688879	background	-	-	-	-	2253
NODE_3389_length_2253_cov_6.444393	background	-	-	-	-	2253
NODE_338_length_20999_cov_7.745483	background	-	-	-	-	20999
NODE_3390_length_2253_cov_2.163603	background	-	-	-	-	2253
NODE_3391_length_2251_cov_88.540938	background	-	-	-	-	2251
NODE_3392_length_2251_cov_11.714811	background	-	-	-	-	2251
NODE_3393_length_2251_cov_2.929163	background	-	-	-	-	2251
NODE_3394_length_2251_cov_2.719411	background	-	-	-	-	2251
NODE_3395_length_2250_cov_3.510815	background	-	-	-	-	2250
NODE_3396_length_2249_cov_2.333333	background	-	-	-	-	2249
NODE_3397_length_2246_cov_2.715537	background	-	-	-	-	2246
NODE_3398_length_2245_cov_2.314576	background	-	-	-	-	2245
NODE_3399_length_2244_cov_18.869866	background	-	-	-	-	2244
NODE_339_length_20961_cov_112.628567	background	-	-	-	-	20961
NODE_33_length_109010_cov_51.490641	background	-	-	-	-	109010
NODE_3400_length_2244_cov_3.902169	background	-	-	-	-	2244
NODE_3401_length_2243_cov_132.174977	background	-	-	-	-	2243
NODE_3402_length_2243_cov_32.819945	background	-	-	-	-	2243
NODE_3403_length_2241_cov_2.243068	background	-	-	-	-	2241
NODE_3404_length_2240_cov_71.452150	background	-	-	-	-	2240
NODE_3405_length_2239_cov_8.353377	background	-	-	-	-	2239
NODE_3406_length_2239_cov_8.060130	background	-	-	-	-	2239
NODE_3407_length_2239_cov_4.246531	background	-	-	-	-	2239
NODE_3408_length_2239_cov_2.738205	background	-	-	-	-	2239
NODE_3409_length_2239_cov_2.302960	background	-	-	-	-	2239
NODE_340_length_20956_cov_119.356147	background	-	-	-	-	20956
NODE_3410_length_2238_cov_7.494216	background	-	-	-	-	2238
NODE_3411_length_2238_cov_2.465525	background	-	-	-	-	2238
NODE_3412_length_2238_cov_1.968533	background	-	-	-	-	2238
NODE_3413_length_2237_cov_2.292130	background	-	-	-	-	2237
NODE_3414_length_2237_cov_1.930556	viral	IMGVR_UViG_3300045988_083571	megasphaera_phage	100.0	100.0	2237
NODE_3415_length_2234_cov_2.393602	background	-	-	-	-	2234
NODE_3416_length_2233_cov_83.590909	bacterial	NZ_CP065631.1	negative_control	96.3	97.9	2233
NODE_3417_length_2233_cov_11.137755	bacterial	NZ_AP012332.1	negative_control	97.1	99.6	2233
NODE_3418_length_2233_cov_3.028293	background	-	-	-	-	2233
NODE_3419_length_2233_cov_2.122913	background	-	-	-	-	2233
NODE_341_length_20951_cov_15.342771	background	-	-	-	-	20951
NODE_3420_length_2232_cov_8.949420	background	-	-	-	-	2232
NODE_3421_length_2231_cov_2.100279	background	-	-	-	-	2231
NODE_3422_length_2230_cov_2.817000	background	-	-	-	-	2230
NODE_3423_length_2229_cov_6.099907	background	-	-	-	-	2229
NODE_3424_length_2229_cov_2.523234	background	-	-	-	-	2229
NODE_3425_length_2229_cov_2.340149	background	-	-	-	-	2229
NODE_3426_length_2228_cov_97.394235	background	-	-	-	-	2228
NODE_3427_length_2227_cov_35.727907	background	-	-	-	-	2227
NODE_3428_length_2227_cov_11.798605	background	-	-	-	-	2227
NODE_3429_length_2227_cov_3.752558	background	-	-	-	-	2227
NODE_342_length_20935_cov_7.676335	background	-	-	-	-	20935
NODE_3430_length_2227_cov_1.977209	background	-	-	-	-	2227
NODE_3431_length_2226_cov_3.847371	background	-	-	-	-	2226
NODE_3432_length_2226_cov_2.279200	background	-	-	-	-	2226
NODE_3433_length_2225_cov_61.351024	background	-	-	-	-	2225
NODE_3434_length_2225_cov_2.538641	background	-	-	-	-	2225
NODE_3435_length_2225_cov_1.959032	background	-	-	-	-	2225
NODE_3436_length_2225_cov_1.639665	background	-	-	-	-	2225
NODE_3437_length_2222_cov_77.621911	background	-	-	-	-	2222
NODE_3438_length_2222_cov_1.965967	background	-	-	-	-	2222
NODE_3439_length_2221_cov_9.257463	background	-	-	-	-	2221
NODE_343_length_20774_cov_110.205054	background	-	-	-	-	20774
NODE_3440_length_2221_cov_2.762127	background	-	-	-	-	2221
NODE_3441_length_2220_cov_4.835744	background	-	-	-	-	2220
NODE_3442_length_2220_cov_2.771349	background	-	-	-	-	2220
NODE_3443_length_2219_cov_3.357143	background	-	-	-	-	2219
NODE_3444_length_2219_cov_2.799720	viral	NC_001806.2	herpesvirus	100.0	100.0	2219
NODE_3445_length_2219_cov_1.957049	background	-	-	-	-	2219
NODE_3446_length_2218_cov_5.542737	background	-	-	-	-	2218
NODE_3447_length_2218_cov_2.214386	background	-	-	-	-	2218
NODE_3448_length_2218_cov_2.201775	background	-	-	-	-	2218
NODE_3449_length_2217_cov_146.926168	bacterial	NZ_CP065631.1	negative_control	97.6	99.1	2217
NODE_344_length_20762_cov_147.159874	background	-	-	-	-	20762
NODE_3450_length_2217_cov_4.558879	background	-	-	-	-	2217
NODE_3451_length_2216_cov_3.521272	background	-	-	-	-	2216
NODE_3452_length_2213_cov_2.790730	background	-	-	-	-	2213
NODE_3453_length_2213_cov_1.766854	background	-	-	-	-	2213
NODE_3454_length_2212_cov_2.410773	background	-	-	-	-	2212
NODE_3455_length_2211_cov_41.659794	background	-	-	-	-	2211
NODE_3456_length_2211_cov_3.571696	background	-	-	-	-	2211
NODE_3457_length_2211_cov_1.820525	background	-	-	-	-	2211
NODE_3458_length_2209_cov_2.346154	background	-	-	-	-	2209
NODE_3459_length_2208_cov_9.885500	background	-	-	-	-	2208
NODE_345_length_20702_cov_47.839758	background	-	-	-	-	20702
NODE_3460_length_2208_cov_4.768184	background	-	-	-	-	2208
NODE_3461_length_2208_cov_4.411544	background	-	-	-	-	2208
NODE_3462_length_2208_cov_1.849366	background	-	-	-	-	2208
NODE_3463_length_2207_cov_20.969953	background	-	-	-	-	2207
NODE_3464_length_2207_cov_4.398122	background	-	-	-	-	2207
NODE_3465_length_2207_cov_1.869953	background	-	-	-	-	2207
NODE_3466_length_2206_cov_2.356036	background	-	-	-	-	2206
NODE_3467_length_2205_cov_2.861372	background	-	-	-	-	2205
NODE_3468_length_2205_cov_2.329887	background	-	-	-	-	2205
NODE_3469_length_2204_cov_1.913023	background	-	-	-	-	2204
NODE_346_length_20581_cov_5.561354	background	-	-	-	-	20581
NODE_3470_length_2202_cov_7.935529	background	-	-	-	-	2202
NODE_3471_length_2202_cov_3.099294	background	-	-	-	-	2202
NODE_3472_length_2201_cov_3.139831	background	-	-	-	-	2201
NODE_3473_length_2200_cov_40.642487	background	-	-	-	-	2200
NODE_3474_length_2199_cov_7.570688	background	-	-	-	-	2199
NODE_3475_length_2198_cov_4.135314	background	-	-	-	-	2198
NODE_3476_length_2198_cov_2.429514	background	-	-	-	-	2198
NODE_3477_length_2196_cov_2.721095	background	-	-	-	-	2196
NODE_3478_length_2196_cov_2.623407	background	-	-	-	-	2196
NODE_3479_length_2195_cov_1.703966	viral	IMGVR_UViG_3300045988_083571	megasphaera_phage	100.0	100.0	2195
NODE_347_length_20480_cov_12.322992	background	-	-	-	-	20480
NODE_3480_length_2194_cov_2.971186	background	-	-	-	-	2194
NODE_3481_length_2193_cov_105.232987	bacterial	NZ_CP049230.1	negative_control	98.8	100.0	2193
NODE_3482_length_2193_cov_3.880907	background	-	-	-	-	2193
NODE_3483_length_2193_cov_3.144612	background	-	-	-	-	2193
NODE_3484_length_2193_cov_2.457940	background	-	-	-	-	2193
NODE_3485_length_2193_cov_2.213611	background	-	-	-	-	2193
NODE_3486_length_2192_cov_2.686052	background	-	-	-	-	2192
NODE_3487_length_2192_cov_2.016076	background	-	-	-	-	2192
NODE_3488_length_2191_cov_69.446547	background	-	-	-	-	2191
NODE_3489_length_2191_cov_4.300851	background	-	-	-	-	2191
NODE_348_length_20426_cov_12.008059	background	-	-	-	-	20426
NODE_3490_length_2191_cov_4.185904	background	-	-	-	-	2191
NODE_3491_length_2191_cov_3.487228	background	-	-	-	-	2191
NODE_3492_length_2191_cov_2.155156	background	-	-	-	-	2191
NODE_3493_length_2190_cov_769.200189	background	-	-	-	-	2190
NODE_3494_length_2190_cov_3.374349	background	-	-	-	-	2190
NODE_3495_length_2190_cov_1.996687	background	-	-	-	-	2190
NODE_3496_length_2188_cov_4.750355	background	-	-	-	-	2188
NODE_3497_length_2188_cov_2.440550	background	-	-	-	-	2188
NODE_3498_length_2186_cov_4.669037	background	-	-	-	-	2186
NODE_3499_length_2186_cov_2.123281	background	-	-	-	-	2186
NODE_349_length_20422_cov_6.238486	background	-	-	-	-	20422
NODE_34_length_108459_cov_151.082846	background	-	-	-	-	108459
NODE_3500_length_2185_cov_3.000000	background	-	-	-	-	2185
NODE_3501_length_2184_cov_2.490271	background	-	-	-	-	2184
NODE_3502_length_2184_cov_2.167537	background	-	-	-	-	2184
NODE_3503_length_2183_cov_2.912631	background	-	-	-	-	2183
NODE_3504_length_2183_cov_2.267331	background	-	-	-	-	2183
NODE_3505_length_2183_cov_2.194207	background	-	-	-	-	2183
NODE_3506_length_2182_cov_17.523990	background	-	-	-	-	2182
NODE_3507_length_2181_cov_2.461977	background	-	-	-	-	2181
NODE_3508_length_2181_cov_1.739544	background	-	-	-	-	2181
NODE_3509_length_2180_cov_67.897290	background	-	-	-	-	2180
NODE_350_length_20415_cov_25.474825	background	-	-	-	-	20415
NODE_3510_length_2180_cov_4.350927	background	-	-	-	-	2180
NODE_3511_length_2180_cov_2.010937	background	-	-	-	-	2180
NODE_3512_length_2178_cov_3.211328	background	-	-	-	-	2178
NODE_3513_length_2177_cov_184.122857	background	-	-	-	-	2177
NODE_3514_length_2177_cov_35.416190	bacterial	NZ_AP012332.1	negative_control	96.6	88.8	2177
NODE_3515_length_2177_cov_11.367143	background	-	-	-	-	2177
NODE_3516_length_2177_cov_2.045238	viral	NC_001798.2	herpesvirus	99.9	100.0	2177
NODE_3517_length_2176_cov_12.257742	background	-	-	-	-	2176
NODE_3518_length_2175_cov_3.567684	background	-	-	-	-	2175
NODE_3519_length_2175_cov_1.969018	background	-	-	-	-	2175
NODE_351_length_20373_cov_11.332479	background	-	-	-	-	20373
NODE_3520_length_2174_cov_2.092036	background	-	-	-	-	2174
NODE_3521_length_2173_cov_2.232347	background	-	-	-	-	2173
NODE_3522_length_2172_cov_2.217661	background	-	-	-	-	2172
NODE_3523_length_2171_cov_24.207736	background	-	-	-	-	2171
NODE_3524_length_2171_cov_7.237345	background	-	-	-	-	2171
NODE_3525_length_2170_cov_9.011467	background	-	-	-	-	2170
NODE_3526_length_2169_cov_7.008126	background	-	-	-	-	2169
NODE_3527_length_2169_cov_2.795411	background	-	-	-	-	2169
NODE_3528_length_2169_cov_2.171128	background	-	-	-	-	2169
NODE_3529_length_2169_cov_2.012428	background	-	-	-	-	2169
NODE_352_length_20231_cov_6.409398	background	-	-	-	-	20231
NODE_3530_length_2167_cov_20.700000	background	-	-	-	-	2167
NODE_3531_length_2167_cov_5.218660	background	-	-	-	-	2167
NODE_3532_length_2166_cov_2.939684	background	-	-	-	-	2166
NODE_3533_length_2166_cov_2.426041	background	-	-	-	-	2166
NODE_3534_length_2165_cov_2.960728	background	-	-	-	-	2165
NODE_3535_length_2165_cov_1.770115	background	-	-	-	-	2165
NODE_3536_length_2164_cov_42.920460	background	-	-	-	-	2164
NODE_3537_length_2164_cov_1.864399	background	-	-	-	-	2164
NODE_3538_length_2163_cov_10.239214	background	-	-	-	-	2163
NODE_3539_length_2163_cov_7.987536	background	-	-	-	-	2163
NODE_353_length_20166_cov_8.548858	background	-	-	-	-	20166
NODE_3540_length_2162_cov_5.327098	background	-	-	-	-	2162
NODE_3541_length_2162_cov_2.907914	background	-	-	-	-	2162
NODE_3542_length_2162_cov_2.300719	background	-	-	-	-	2162
NODE_3543_length_2161_cov_2.483685	background	-	-	-	-	2161
NODE_3544_length_2161_cov_1.908829	background	-	-	-	-	2161
NODE_3545_length_2160_cov_2.001920	background	-	-	-	-	2160
NODE_3546_length_2159_cov_2.452450	background	-	-	-	-	2159
NODE_3547_length_2158_cov_4.178280	background	-	-	-	-	2158
NODE_3548_length_2158_cov_3.259010	background	-	-	-	-	2158
NODE_3549_length_2157_cov_86.142788	bacterial	NZ_CP065631.1	negative_control	99.9	100.0	2157
NODE_354_length_20103_cov_12.010187	background	-	-	-	-	20103
NODE_3550_length_2157_cov_3.287500	background	-	-	-	-	2157
NODE_3551_length_2157_cov_2.027885	background	-	-	-	-	2157
NODE_3552_length_2156_cov_2.775854	background	-	-	-	-	2156
NODE_3553_length_2155_cov_37.238210	bacterial	NZ_AP012332.1	negative_control	98.8	96.8	2155
NODE_3554_length_2154_cov_10.748195	background	-	-	-	-	2154
NODE_3555_length_2153_cov_11.459538	background	-	-	-	-	2153
NODE_3556_length_2153_cov_2.763487	background	-	-	-	-	2153
NODE_3557_length_2151_cov_3.064609	background	-	-	-	-	2151
NODE_3558_length_2149_cov_193.778958	background	-	-	-	-	2149
NODE_3559_length_2149_cov_3.998552	background	-	-	-	-	2149
NODE_355_length_20055_cov_22.361498	background	-	-	-	-	20055
NODE_3560_length_2149_cov_2.782819	background	-	-	-	-	2149
NODE_3561_length_2149_cov_1.733108	background	-	-	-	-	2149
NODE_3562_length_2147_cov_4.288889	background	-	-	-	-	2147
NODE_3563_length_2146_cov_41.319478	background	-	-	-	-	2146
NODE_3564_length_2146_cov_10.194780	background	-	-	-	-	2146
NODE_3565_length_2146_cov_3.254712	background	-	-	-	-	2146
NODE_3566_length_2146_cov_2.141614	background	-	-	-	-	2146
NODE_3567_length_2145_cov_6.265474	background	-	-	-	-	2145
NODE_3568_length_2145_cov_3.929400	background	-	-	-	-	2145
NODE_3569_length_2144_cov_2.356072	background	-	-	-	-	2144
NODE_356_length_20050_cov_11.772042	background	-	-	-	-	20050
NODE_3570_length_2144_cov_2.307209	background	-	-	-	-	2144
NODE_3571_length_2143_cov_3.674250	bacterial	NZ_CP011280.1	negative_control	99.1	99.7	2143
NODE_3572_length_2143_cov_3.402711	background	-	-	-	-	2143
NODE_3573_length_2143_cov_2.812197	background	-	-	-	-	2143
NODE_3574_length_2143_cov_1.989835	background	-	-	-	-	2143
NODE_3575_length_2141_cov_969.189922	background	-	-	-	-	2141
NODE_3576_length_2141_cov_97.192829	background	-	-	-	-	2141
NODE_3577_length_2141_cov_4.831880	background	-	-	-	-	2141
NODE_3578_length_2140_cov_2.220553	background	-	-	-	-	2140
NODE_3579_length_2139_cov_3.155674	background	-	-	-	-	2139
NODE_357_length_20029_cov_3.896953	background	-	-	-	-	20029
NODE_3580_length_2138_cov_11.371179	background	-	-	-	-	2138
NODE_3581_length_2137_cov_3.733981	background	-	-	-	-	2137
NODE_3582_length_2136_cov_94.272948	bacterial	NZ_CP065631.1	negative_control	96.2	99.0	2136
NODE_3583_length_2136_cov_2.551724	background	-	-	-	-	2136
NODE_3584_length_2135_cov_104.458698	background	-	-	-	-	2135
NODE_3585_length_2135_cov_9.747813	bacterial	NZ_AP012332.1	negative_control	95.4	99.7	2135
NODE_3586_length_2135_cov_3.248299	background	-	-	-	-	2135
NODE_3587_length_2135_cov_2.492711	background	-	-	-	-	2135
NODE_3588_length_2132_cov_31.113869	background	-	-	-	-	2132
NODE_3589_length_2132_cov_3.173723	background	-	-	-	-	2132
NODE_358_length_20007_cov_81.674561	background	-	-	-	-	20007
NODE_3590_length_2132_cov_3.133333	background	-	-	-	-	2132
NODE_3591_length_2131_cov_5.891918	background	-	-	-	-	2131
NODE_3592_length_2130_cov_12.367267	background	-	-	-	-	2130
NODE_3593_length_2130_cov_8.857282	background	-	-	-	-	2130
NODE_3594_length_2130_cov_2.531417	background	-	-	-	-	2130
NODE_3595_length_2129_cov_1.973684	background	-	-	-	-	2129
NODE_3596_length_2128_cov_2.580205	background	-	-	-	-	2128
NODE_3597_length_2128_cov_1.698684	background	-	-	-	-	2128
NODE_3598_length_2127_cov_3.049756	background	-	-	-	-	2127
NODE_3599_length_2127_cov_2.215122	background	-	-	-	-	2127
NODE_359_length_20005_cov_14.005068	background	-	-	-	-	20005
NODE_35_length_107382_cov_8.375919	background	-	-	-	-	107382
NODE_3600_length_2126_cov_50.518790	background	-	-	-	-	2126
NODE_3601_length_2126_cov_4.711567	background	-	-	-	-	2126
NODE_3602_length_2126_cov_2.172279	background	-	-	-	-	2126
NODE_3603_length_2125_cov_73.508789	background	-	-	-	-	2125
NODE_3604_length_2125_cov_2.437012	background	-	-	-	-	2125
NODE_3605_length_2124_cov_2.119687	background	-	-	-	-	2124
NODE_3606_length_2123_cov_4.769795	background	-	-	-	-	2123
NODE_3607_length_2122_cov_4.400489	background	-	-	-	-	2122
NODE_3608_length_2121_cov_147.505871	background	-	-	-	-	2121
NODE_3609_length_2121_cov_1.941781	background	-	-	-	-	2121
NODE_360_length_20002_cov_9.118193	background	-	-	-	-	20002
NODE_3610_length_2120_cov_147.821341	bacterial	NZ_CP065631.1	negative_control	98.6	100.0	2120
NODE_3611_length_2120_cov_2.171806	background	-	-	-	-	2120
NODE_3612_length_2120_cov_1.811062	background	-	-	-	-	2120
NODE_3613_length_2120_cov_1.532550	background	-	-	-	-	2120
NODE_3614_length_2119_cov_2.630264	background	-	-	-	-	2119
NODE_3615_length_2118_cov_11.414503	background	-	-	-	-	2118
NODE_3616_length_2118_cov_6.882901	background	-	-	-	-	2118
NODE_3617_length_2117_cov_1.425490	background	-	-	-	-	2117
NODE_3618_length_2116_cov_2.803335	background	-	-	-	-	2116
NODE_3619_length_2116_cov_2.448259	background	-	-	-	-	2116
NODE_361_length_19948_cov_9.968849	background	-	-	-	-	19948
NODE_3620_length_2116_cov_2.365866	background	-	-	-	-	2116
NODE_3621_length_2116_cov_2.228543	background	-	-	-	-	2116
NODE_3622_length_2116_cov_2.169201	background	-	-	-	-	2116
NODE_3623_length_2115_cov_2.081943	background	-	-	-	-	2115
NODE_3624_length_2114_cov_13.605302	background	-	-	-	-	2114
NODE_3625_length_2114_cov_3.158567	background	-	-	-	-	2114
NODE_3626_length_2114_cov_2.733922	background	-	-	-	-	2114
NODE_3627_length_2113_cov_153.692534	bacterial	NZ_CP065631.1	negative_control	99.2	99.3	2113
NODE_3628_length_2113_cov_104.953340	background	-	-	-	-	2113
NODE_3629_length_2113_cov_15.896857	background	-	-	-	-	2113
NODE_362_length_19868_cov_4.615633	background	-	-	-	-	19868
NODE_3630_length_2113_cov_11.665029	background	-	-	-	-	2113
NODE_3631_length_2112_cov_2.077641	background	-	-	-	-	2112
NODE_3632_length_2111_cov_3.260079	background	-	-	-	-	2111
NODE_3633_length_2110_cov_1.988687	background	-	-	-	-	2110
NODE_3634_length_2109_cov_3.392717	background	-	-	-	-	2109
NODE_3635_length_2109_cov_1.853839	background	-	-	-	-	2109
NODE_3636_length_2108_cov_2.338749	background	-	-	-	-	2108
NODE_3637_length_2107_cov_11.010837	background	-	-	-	-	2107
NODE_3638_length_2107_cov_2.365517	background	-	-	-	-	2107
NODE_3639_length_2107_cov_2.253202	background	-	-	-	-	2107
NODE_363_length_19721_cov_43.506720	bacterial	NZ_AP012332.1	negative_control	98.2	85.6	19721
NODE_3640_length_2107_cov_1.805911	background	-	-	-	-	2107
NODE_3641_length_2107_cov_1.737931	background	-	-	-	-	2107
NODE_3642_length_2106_cov_49.207984	bacterial	NZ_AP012332.1	negative_control	97.0	100.0	2106
NODE_3643_length_2106_cov_10.882208	bacterial	NZ_CP011280.1	negative_control	98.5	100.0	2106
NODE_3644_length_2106_cov_6.532775	background	-	-	-	-	2106
NODE_3645_length_2106_cov_2.434204	background	-	-	-	-	2106
NODE_3646_length_2105_cov_1.833826	background	-	-	-	-	2105
NODE_3647_length_2104_cov_9.785890	background	-	-	-	-	2104
NODE_3648_length_2104_cov_2.348298	background	-	-	-	-	2104
NODE_3649_length_2104_cov_2.144549	background	-	-	-	-	2104
NODE_364_length_19688_cov_6.177961	background	-	-	-	-	19688
NODE_3650_length_2103_cov_10.015301	background	-	-	-	-	2103
NODE_3651_length_2101_cov_133.255435	bacterial	NZ_CP065631.1	negative_control	97.8	100.0	2101
NODE_3652_length_2101_cov_3.987154	background	-	-	-	-	2101
NODE_3653_length_2101_cov_3.383399	background	-	-	-	-	2101
NODE_3654_length_2100_cov_2.201186	background	-	-	-	-	2100
NODE_3655_length_2099_cov_8.663205	background	-	-	-	-	2099
NODE_3656_length_2098_cov_9.214250	background	-	-	-	-	2098
NODE_3657_length_2098_cov_3.159822	background	-	-	-	-	2098
NODE_3658_length_2097_cov_300.896535	background	-	-	-	-	2097
NODE_3659_length_2096_cov_2.688460	background	-	-	-	-	2096
NODE_365_length_19672_cov_7.068232	background	-	-	-	-	19672
NODE_3660_length_2096_cov_2.322437	background	-	-	-	-	2096
NODE_3661_length_2095_cov_4.319623	background	-	-	-	-	2095
NODE_3662_length_2095_cov_2.236868	background	-	-	-	-	2095
NODE_3663_length_2094_cov_2.189390	background	-	-	-	-	2094
NODE_3664_length_2092_cov_2.041191	background	-	-	-	-	2092
NODE_3665_length_2091_cov_22.768123	background	-	-	-	-	2091
NODE_3666_length_2091_cov_4.669315	background	-	-	-	-	2091
NODE_3667_length_2091_cov_2.571500	background	-	-	-	-	2091
NODE_3668_length_2091_cov_1.807845	background	-	-	-	-	2091
NODE_3669_length_2091_cov_1.625124	background	-	-	-	-	2091
NODE_366_length_19655_cov_5.316937	background	-	-	-	-	19655
NODE_3670_length_2090_cov_3.576254	background	-	-	-	-	2090
NODE_3671_length_2089_cov_2.221173	background	-	-	-	-	2089
NODE_3672_length_2089_cov_2.078032	background	-	-	-	-	2089
NODE_3673_length_2089_cov_2.024851	background	-	-	-	-	2089
NODE_3674_length_2088_cov_33.391348	background	-	-	-	-	2088
NODE_3675_length_2088_cov_7.230234	background	-	-	-	-	2088
NODE_3676_length_2088_cov_2.648931	background	-	-	-	-	2088
NODE_3677_length_2088_cov_1.692690	background	-	-	-	-	2088
NODE_3678_length_2086_cov_19.315082	background	-	-	-	-	2086
NODE_3679_length_2086_cov_4.763564	background	-	-	-	-	2086
NODE_367_length_19648_cov_3.822850	background	-	-	-	-	19648
NODE_3680_length_2086_cov_3.465406	background	-	-	-	-	2086
NODE_3681_length_2086_cov_2.705824	background	-	-	-	-	2086
NODE_3682_length_2085_cov_30.647410	bacterial	NZ_AP012332.1	negative_control	99.3	98.7	2085
NODE_3683_length_2085_cov_27.898406	background	-	-	-	-	2085
NODE_3684_length_2085_cov_6.005976	background	-	-	-	-	2085
NODE_3685_length_2085_cov_3.428785	background	-	-	-	-	2085
NODE_3686_length_2084_cov_3.227205	background	-	-	-	-	2084
NODE_3687_length_2083_cov_4.513958	background	-	-	-	-	2083
NODE_3688_length_2083_cov_3.887836	background	-	-	-	-	2083
NODE_3689_length_2083_cov_2.922732	background	-	-	-	-	2083
NODE_368_length_19519_cov_9.012036	background	-	-	-	-	19519
NODE_3690_length_2083_cov_2.691426	background	-	-	-	-	2083
NODE_3691_length_2083_cov_2.513460	background	-	-	-	-	2083
NODE_3692_length_2082_cov_2.534165	background	-	-	-	-	2082
NODE_3693_length_2082_cov_2.128180	background	-	-	-	-	2082
NODE_3694_length_2082_cov_2.085287	background	-	-	-	-	2082
NODE_3695_length_2081_cov_4.248004	background	-	-	-	-	2081
NODE_3696_length_2079_cov_6.822677	background	-	-	-	-	2079
NODE_3697_length_2078_cov_2.870565	background	-	-	-	-	2078
NODE_3698_length_2078_cov_2.101449	background	-	-	-	-	2078
NODE_3699_length_2077_cov_13.250500	background	-	-	-	-	2077
NODE_369_length_19488_cov_43.200144	background	-	-	-	-	19488
NODE_36_length_107245_cov_8.563442	background	-	-	-	-	107245
NODE_3700_length_2077_cov_6.687000	background	-	-	-	-	2077
NODE_3701_length_2077_cov_5.534000	background	-	-	-	-	2077
NODE_3702_length_2077_cov_2.291000	background	-	-	-	-	2077
NODE_3703_length_2076_cov_8.974487	background	-	-	-	-	2076
NODE_3704_length_2076_cov_1.895948	background	-	-	-	-	2076
NODE_3705_length_2074_cov_1.907862	viral	NC_001798.2	herpesvirus	100.0	100.0	2074
NODE_3706_length_2072_cov_2.410526	background	-	-	-	-	2072
NODE_3707_length_2071_cov_2.873119	background	-	-	-	-	2071
NODE_3708_length_2070_cov_37.350226	background	-	-	-	-	2070
NODE_3709_length_2070_cov_2.441545	background	-	-	-	-	2070
NODE_370_length_19335_cov_90.582563	background	-	-	-	-	19335
NODE_3710_length_2069_cov_4.290663	background	-	-	-	-	2069
NODE_3711_length_2068_cov_3.455048	background	-	-	-	-	2068
NODE_3712_length_2067_cov_62.081407	background	-	-	-	-	2067
NODE_3713_length_2067_cov_2.925628	background	-	-	-	-	2067
NODE_3714_length_2065_cov_206.588531	background	-	-	-	-	2065
NODE_3715_length_2065_cov_7.639839	background	-	-	-	-	2065
NODE_3716_length_2065_cov_2.984909	background	-	-	-	-	2065
NODE_3717_length_2064_cov_2.224459	background	-	-	-	-	2064
NODE_3718_length_2063_cov_2.871601	background	-	-	-	-	2063
NODE_3719_length_2062_cov_4.125441	background	-	-	-	-	2062
NODE_371_length_19161_cov_129.519388	bacterial	NZ_CP065631.1	negative_control	97.6	90.1	19161
NODE_3720_length_2060_cov_6.279879	background	-	-	-	-	2060
NODE_3721_length_2060_cov_3.244075	background	-	-	-	-	2060
NODE_3722_length_2060_cov_2.537569	background	-	-	-	-	2060
NODE_3723_length_2059_cov_15.409687	background	-	-	-	-	2059
NODE_3724_length_2059_cov_3.649849	background	-	-	-	-	2059
NODE_3725_length_2059_cov_2.393037	background	-	-	-	-	2059
NODE_3726_length_2059_cov_1.287588	viral	NC_001806.2	herpesvirus	99.9	99.3	2059
NODE_3727_length_2058_cov_2.206966	background	-	-	-	-	2058
NODE_3728_length_2058_cov_1.949520	background	-	-	-	-	2058
NODE_3729_length_2057_cov_43.580303	background	-	-	-	-	2057
NODE_372_length_19129_cov_47.606603	background	-	-	-	-	19129
NODE_3730_length_2056_cov_2.814553	background	-	-	-	-	2056
NODE_3731_length_2055_cov_304.280081	bacterial	NZ_AP012332.1	negative_control	98.5	99.4	2055
NODE_3732_length_2055_cov_48.590495	background	-	-	-	-	2055
NODE_3733_length_2055_cov_2.412538	background	-	-	-	-	2055
NODE_3734_length_2054_cov_12.741022	background	-	-	-	-	2054
NODE_3735_length_2053_cov_9.758097	background	-	-	-	-	2053
NODE_3736_length_2052_cov_2.507342	background	-	-	-	-	2052
NODE_3737_length_2051_cov_2.660588	background	-	-	-	-	2051
NODE_3738_length_2051_cov_2.375380	background	-	-	-	-	2051
NODE_3739_length_2050_cov_4.144957	background	-	-	-	-	2050
NODE_373_length_19125_cov_50.588986	background	-	-	-	-	19125
NODE_3740_length_2050_cov_2.149012	background	-	-	-	-	2050
NODE_3741_length_2049_cov_5.122211	background	-	-	-	-	2049
NODE_3742_length_2048_cov_3.333333	background	-	-	-	-	2048
NODE_3743_length_2048_cov_2.531710	background	-	-	-	-	2048
NODE_3744_length_2048_cov_2.071537	background	-	-	-	-	2048
NODE_3745_length_2047_cov_6.548731	background	-	-	-	-	2047
NODE_3746_length_2047_cov_3.371066	background	-	-	-	-	2047
NODE_3747_length_2047_cov_2.479188	background	-	-	-	-	2047
NODE_3748_length_2046_cov_24.023362	background	-	-	-	-	2046
NODE_3749_length_2046_cov_11.564754	background	-	-	-	-	2046
NODE_374_length_19093_cov_112.169962	background	-	-	-	-	19093
NODE_3750_length_2045_cov_73.271341	background	-	-	-	-	2045
NODE_3751_length_2045_cov_2.252033	background	-	-	-	-	2045
NODE_3752_length_2042_cov_3.968448	background	-	-	-	-	2042
NODE_3753_length_2042_cov_2.033588	background	-	-	-	-	2042
NODE_3754_length_2041_cov_2.614053	background	-	-	-	-	2041
NODE_3755_length_2040_cov_3.622007	background	-	-	-	-	2040
NODE_3756_length_2039_cov_2.480122	background	-	-	-	-	2039
NODE_3757_length_2038_cov_193.699133	background	-	-	-	-	2038
NODE_3758_length_2038_cov_84.960734	background	-	-	-	-	2038
NODE_3759_length_2038_cov_2.018358	background	-	-	-	-	2038
NODE_375_length_19079_cov_118.007789	background	-	-	-	-	19079
NODE_3760_length_2038_cov_1.691484	background	-	-	-	-	2038
NODE_3761_length_2037_cov_191.448980	bacterial	NZ_CP065631.1	negative_control	98.8	100.0	2037
NODE_3762_length_2037_cov_89.971429	background	-	-	-	-	2037
NODE_3763_length_2037_cov_2.117857	background	-	-	-	-	2037
NODE_3764_length_2036_cov_5.278714	background	-	-	-	-	2036
NODE_3765_length_2036_cov_2.527820	background	-	-	-	-	2036
NODE_3766_length_2035_cov_197.429009	background	-	-	-	-	2035
NODE_3767_length_2035_cov_7.998979	background	-	-	-	-	2035
NODE_3768_length_2035_cov_2.465781	background	-	-	-	-	2035
NODE_3769_length_2034_cov_1.934083	background	-	-	-	-	2034
NODE_376_length_19059_cov_5.204826	background	-	-	-	-	19059
NODE_3770_length_2034_cov_1.918242	background	-	-	-	-	2034
NODE_3771_length_2033_cov_114.260736	background	-	-	-	-	2033
NODE_3772_length_2033_cov_2.494888	background	-	-	-	-	2033
NODE_3773_length_2032_cov_5.554476	background	-	-	-	-	2032
NODE_3774_length_2031_cov_3.748721	background	-	-	-	-	2031
NODE_3775_length_2031_cov_2.235926	background	-	-	-	-	2031
NODE_3776_length_2030_cov_7.796723	background	-	-	-	-	2030
NODE_3777_length_2030_cov_4.492063	background	-	-	-	-	2030
NODE_3778_length_2030_cov_2.693804	background	-	-	-	-	2030
NODE_3779_length_2029_cov_2.765369	background	-	-	-	-	2029
NODE_377_length_19057_cov_35.507850	background	-	-	-	-	19057
NODE_3780_length_2029_cov_2.239242	background	-	-	-	-	2029
NODE_3781_length_2028_cov_76.796002	background	-	-	-	-	2028
NODE_3782_length_2027_cov_12.477949	background	-	-	-	-	2027
NODE_3783_length_2027_cov_6.224615	background	-	-	-	-	2027
NODE_3784_length_2027_cov_2.392308	background	-	-	-	-	2027
NODE_3785_length_2026_cov_38.426372	background	-	-	-	-	2026
NODE_3786_length_2026_cov_3.569010	background	-	-	-	-	2026
NODE_3787_length_2025_cov_4.320842	background	-	-	-	-	2025
NODE_3788_length_2025_cov_2.135524	background	-	-	-	-	2025
NODE_3789_length_2025_cov_2.121663	background	-	-	-	-	2025
NODE_378_length_18902_cov_3.127012	background	-	-	-	-	18902
NODE_3790_length_2025_cov_1.978953	background	-	-	-	-	2025
NODE_3791_length_2023_cov_34.478931	background	-	-	-	-	2023
NODE_3792_length_2023_cov_9.877698	bacterial	NZ_AP012332.1	negative_control	98.3	91.1	2023
NODE_3793_length_2023_cov_4.081192	background	-	-	-	-	2023
NODE_3794_length_2023_cov_2.291881	background	-	-	-	-	2023
NODE_3795_length_2022_cov_2.521851	background	-	-	-	-	2022
NODE_3796_length_2021_cov_5.156893	background	-	-	-	-	2021
NODE_3797_length_2021_cov_2.373971	background	-	-	-	-	2021
NODE_3798_length_2021_cov_2.161008	background	-	-	-	-	2021
NODE_3799_length_2021_cov_1.967078	background	-	-	-	-	2021
NODE_379_length_18896_cov_6.121367	background	-	-	-	-	18896
NODE_37_length_106234_cov_26.072911	background	-	-	-	-	106234
NODE_3800_length_2020_cov_3.287699	background	-	-	-	-	2020
NODE_3801_length_2019_cov_2.794027	background	-	-	-	-	2019
NODE_3802_length_2019_cov_1.988671	background	-	-	-	-	2019
NODE_3803_length_2018_cov_3.223081	background	-	-	-	-	2018
NODE_3804_length_2018_cov_1.917053	background	-	-	-	-	2018
NODE_3805_length_2018_cov_1.734673	background	-	-	-	-	2018
NODE_3806_length_2017_cov_2.658763	background	-	-	-	-	2017
NODE_3807_length_2016_cov_2.979371	background	-	-	-	-	2016
NODE_3808_length_2016_cov_2.741104	background	-	-	-	-	2016
NODE_3809_length_2015_cov_15.260062	bacterial	NZ_CP011280.1	negative_control	99.7	100.0	2015
NODE_380_length_18884_cov_12.013240	background	-	-	-	-	18884
NODE_3810_length_2014_cov_2.314404	background	-	-	-	-	2014
NODE_3811_length_2013_cov_2.158574	background	-	-	-	-	2013
NODE_3812_length_2013_cov_1.731921	background	-	-	-	-	2013
NODE_3813_length_2010_cov_2.122607	background	-	-	-	-	2010
NODE_3814_length_2008_cov_8.188503	background	-	-	-	-	2008
NODE_3815_length_2007_cov_5.725389	background	-	-	-	-	2007
NODE_3816_length_2007_cov_4.402073	background	-	-	-	-	2007
NODE_3817_length_2006_cov_3.531882	background	-	-	-	-	2006
NODE_3818_length_2005_cov_11.054979	background	-	-	-	-	2005
NODE_3819_length_2005_cov_3.859959	background	-	-	-	-	2005
NODE_381_length_18771_cov_82.449396	background	-	-	-	-	18771
NODE_3820_length_2005_cov_3.540975	background	-	-	-	-	2005
NODE_3821_length_2004_cov_103.331604	background	-	-	-	-	2004
NODE_3822_length_2004_cov_12.385054	background	-	-	-	-	2004
NODE_3823_length_2003_cov_27.726376	background	-	-	-	-	2003
NODE_3824_length_2003_cov_11.617342	background	-	-	-	-	2003
NODE_3825_length_2002_cov_3.049351	background	-	-	-	-	2002
NODE_3826_length_2002_cov_2.261299	background	-	-	-	-	2002
NODE_3827_length_2002_cov_2.007792	background	-	-	-	-	2002
NODE_3828_length_2001_cov_2.411642	background	-	-	-	-	2001
NODE_3829_length_2001_cov_2.303015	background	-	-	-	-	2001
NODE_382_length_18771_cov_10.503263	background	-	-	-	-	18771
NODE_3830_length_2000_cov_2.045242	background	-	-	-	-	2000
NODE_3831_length_2000_cov_1.462298	background	-	-	-	-	2000
NODE_3832_length_1999_cov_45.796566	background	-	-	-	-	1999
NODE_3833_length_1999_cov_2.382414	background	-	-	-	-	1999
NODE_3834_length_1997_cov_63.971875	background	-	-	-	-	1997
NODE_3835_length_1996_cov_2.285565	background	-	-	-	-	1996
NODE_3836_length_1995_cov_135.660063	background	-	-	-	-	1995
NODE_3837_length_1995_cov_2.747132	background	-	-	-	-	1995
NODE_3838_length_1994_cov_2.436098	background	-	-	-	-	1994
NODE_3839_length_1994_cov_2.041732	background	-	-	-	-	1994
NODE_383_length_18728_cov_85.234143	background	-	-	-	-	18728
NODE_3840_length_1992_cov_4.051697	background	-	-	-	-	1992
NODE_3841_length_1992_cov_2.470496	background	-	-	-	-	1992
NODE_3842_length_1991_cov_3.746604	background	-	-	-	-	1991
NODE_3843_length_1991_cov_2.170846	background	-	-	-	-	1991
NODE_3844_length_1990_cov_11.456351	background	-	-	-	-	1990
NODE_3845_length_1990_cov_2.544171	background	-	-	-	-	1990
NODE_3846_length_1990_cov_2.323576	background	-	-	-	-	1990
NODE_3847_length_1988_cov_2.370487	background	-	-	-	-	1988
NODE_3848_length_1988_cov_2.165358	background	-	-	-	-	1988
NODE_3849_length_1988_cov_1.957614	background	-	-	-	-	1988
NODE_384_length_18724_cov_124.900252	background	-	-	-	-	18724
NODE_3850_length_1988_cov_1.839351	background	-	-	-	-	1988
NODE_3851_length_1987_cov_22.939267	background	-	-	-	-	1987
NODE_3852_length_1987_cov_14.637696	background	-	-	-	-	1987
NODE_3853_length_1987_cov_2.827749	background	-	-	-	-	1987
NODE_3854_length_1987_cov_1.731414	background	-	-	-	-	1987
NODE_3855_length_1985_cov_2.442872	background	-	-	-	-	1985
NODE_3856_length_1984_cov_2.349240	background	-	-	-	-	1984
NODE_3857_length_1980_cov_47.597478	bacterial	NZ_AP012332.1	negative_control	98.8	100.0	1980
NODE_3858_length_1980_cov_2.552811	background	-	-	-	-	1980
NODE_3859_length_1980_cov_2.448240	background	-	-	-	-	1980
NODE_385_length_18646_cov_5.263504	background	-	-	-	-	18646
NODE_3860_length_1980_cov_2.141881	background	-	-	-	-	1980
NODE_3861_length_1980_cov_1.584341	background	-	-	-	-	1980
NODE_3862_length_1979_cov_2.163512	background	-	-	-	-	1979
NODE_3863_length_1977_cov_10.495789	background	-	-	-	-	1977
NODE_3864_length_1977_cov_2.670526	background	-	-	-	-	1977
NODE_3865_length_1977_cov_2.481053	background	-	-	-	-	1977
NODE_3866_length_1976_cov_71.417062	background	-	-	-	-	1976
NODE_3867_length_1976_cov_3.414955	background	-	-	-	-	1976
NODE_3868_length_1975_cov_8.360906	background	-	-	-	-	1975
NODE_3869_length_1975_cov_1.949420	background	-	-	-	-	1975
NODE_386_length_18604_cov_6.829222	background	-	-	-	-	18604
NODE_3870_length_1973_cov_3.372890	background	-	-	-	-	1973
NODE_3871_length_1972_cov_2.922427	background	-	-	-	-	1972
NODE_3872_length_1971_cov_2.243928	background	-	-	-	-	1971
NODE_3873_length_1971_cov_1.628828	background	-	-	-	-	1971
NODE_3874_length_1970_cov_13.384575	background	-	-	-	-	1970
NODE_3875_length_1970_cov_2.021130	background	-	-	-	-	1970
NODE_3876_length_1969_cov_10.548626	background	-	-	-	-	1969
NODE_3877_length_1969_cov_2.048097	background	-	-	-	-	1969
NODE_3878_length_1969_cov_1.786998	background	-	-	-	-	1969
NODE_3879_length_1967_cov_5.604233	background	-	-	-	-	1967
NODE_387_length_18584_cov_9.087751	background	-	-	-	-	18584
NODE_3880_length_1967_cov_3.656085	background	-	-	-	-	1967
NODE_3881_length_1967_cov_2.288360	background	-	-	-	-	1967
NODE_3882_length_1967_cov_2.266138	background	-	-	-	-	1967
NODE_3883_length_1967_cov_2.176720	background	-	-	-	-	1967
NODE_3884_length_1966_cov_22.141345	background	-	-	-	-	1966
NODE_3885_length_1966_cov_6.632610	background	-	-	-	-	1966
NODE_3886_length_1965_cov_95.628178	background	-	-	-	-	1965
NODE_3887_length_1965_cov_11.472987	background	-	-	-	-	1965
NODE_3888_length_1964_cov_4.578696	background	-	-	-	-	1964
NODE_3889_length_1963_cov_14.628844	background	-	-	-	-	1963
NODE_388_length_18576_cov_4.624358	background	-	-	-	-	18576
NODE_3890_length_1962_cov_2.511406	background	-	-	-	-	1962
NODE_3891_length_1961_cov_55.226115	excluded_chimeric_risk	MW387018.1	gardnerella_phage	99.5	100.0	1961
NODE_3892_length_1961_cov_9.143312	background	-	-	-	-	1961
NODE_3893_length_1961_cov_3.972399	background	-	-	-	-	1961
NODE_3894_length_1960_cov_2.790759	background	-	-	-	-	1960
NODE_3895_length_1960_cov_2.741370	background	-	-	-	-	1960
NODE_3896_length_1960_cov_2.098247	background	-	-	-	-	1960
NODE_3897_length_1959_cov_3.765675	background	-	-	-	-	1959
NODE_3898_length_1959_cov_2.868757	background	-	-	-	-	1959
NODE_3899_length_1958_cov_15.877725	background	-	-	-	-	1958
NODE_389_length_18572_cov_12.309705	background	-	-	-	-	18572
NODE_38_length_103092_cov_127.551667	background	-	-	-	-	103092
NODE_3900_length_1957_cov_28.571809	background	-	-	-	-	1957
NODE_3901_length_1957_cov_1.880319	background	-	-	-	-	1957
NODE_3902_length_1956_cov_2.444385	background	-	-	-	-	1956
NODE_3903_length_1956_cov_1.917509	background	-	-	-	-	1956
NODE_3904_length_1955_cov_76.196486	bacterial	NZ_CP065631.1	negative_control	98.1	99.2	1955
NODE_3905_length_1955_cov_12.296592	background	-	-	-	-	1955
NODE_3906_length_1955_cov_1.718850	background	-	-	-	-	1955
NODE_3907_length_1954_cov_7.829515	background	-	-	-	-	1954
NODE_3908_length_1954_cov_5.488546	background	-	-	-	-	1954
NODE_3909_length_1954_cov_5.410762	background	-	-	-	-	1954
NODE_390_length_18559_cov_10.695758	background	-	-	-	-	18559
NODE_3910_length_1954_cov_2.647842	background	-	-	-	-	1954
NODE_3911_length_1954_cov_2.218434	background	-	-	-	-	1954
NODE_3912_length_1954_cov_2.204582	background	-	-	-	-	1954
NODE_3913_length_1953_cov_130.783049	bacterial	NZ_CP065631.1	negative_control	97.0	98.3	1953
NODE_3914_length_1953_cov_2.524520	background	-	-	-	-	1953
NODE_3915_length_1952_cov_106.774933	background	-	-	-	-	1952
NODE_3916_length_1952_cov_73.494400	background	-	-	-	-	1952
NODE_3917_length_1952_cov_4.278400	background	-	-	-	-	1952
NODE_3918_length_1952_cov_1.646400	background	-	-	-	-	1952
NODE_3919_length_1951_cov_43.733191	background	-	-	-	-	1951
NODE_391_length_18527_cov_33.994634	background	-	-	-	-	18527
NODE_3920_length_1951_cov_2.780149	background	-	-	-	-	1951
NODE_3921_length_1951_cov_2.358591	background	-	-	-	-	1951
NODE_3922_length_1951_cov_1.673426	background	-	-	-	-	1951
NODE_3923_length_1950_cov_4.060331	background	-	-	-	-	1950
NODE_3924_length_1949_cov_2.147436	background	-	-	-	-	1949
NODE_3925_length_1947_cov_2.253476	background	-	-	-	-	1947
NODE_3926_length_1947_cov_1.985561	background	-	-	-	-	1947
NODE_3927_length_1946_cov_1.715356	background	-	-	-	-	1946
NODE_3928_length_1945_cov_2.133298	background	-	-	-	-	1945
NODE_3929_length_1944_cov_2.536690	background	-	-	-	-	1944
NODE_392_length_18479_cov_3.983697	background	-	-	-	-	18479
NODE_3930_length_1944_cov_2.503482	background	-	-	-	-	1944
NODE_3931_length_1943_cov_9.026795	background	-	-	-	-	1943
NODE_3932_length_1942_cov_70.236997	background	-	-	-	-	1942
NODE_3933_length_1942_cov_1.807507	background	-	-	-	-	1942
NODE_3934_length_1941_cov_7.125000	background	-	-	-	-	1941
NODE_3935_length_1941_cov_2.969957	background	-	-	-	-	1941
NODE_3936_length_1939_cov_63.406552	background	-	-	-	-	1939
NODE_3937_length_1939_cov_4.473684	background	-	-	-	-	1939
NODE_3938_length_1939_cov_1.577336	background	-	-	-	-	1939
NODE_3939_length_1937_cov_37.959677	bacterial	NZ_AP012332.1	negative_control	98.3	100.0	1937
NODE_393_length_18460_cov_4.192460	background	-	-	-	-	18460
NODE_3940_length_1936_cov_35.459925	background	-	-	-	-	1936
NODE_3941_length_1936_cov_2.661646	background	-	-	-	-	1936
NODE_3942_length_1935_cov_2.234661	background	-	-	-	-	1935
NODE_3943_length_1934_cov_13.172859	background	-	-	-	-	1934
NODE_3944_length_1934_cov_10.604200	background	-	-	-	-	1934
NODE_3945_length_1934_cov_1.854604	background	-	-	-	-	1934
NODE_3946_length_1934_cov_1.754443	background	-	-	-	-	1934
NODE_3947_length_1933_cov_180.261315	bacterial	NZ_CP065631.1	negative_control	96.7	100.0	1933
NODE_3948_length_1933_cov_118.899246	background	-	-	-	-	1933
NODE_3949_length_1932_cov_91.538005	bacterial	NZ_CP065631.1	negative_control	98.0	100.0	1932
NODE_394_length_18451_cov_49.511865	background	-	-	-	-	18451
NODE_3950_length_1932_cov_30.697574	bacterial	NZ_AP012332.1	negative_control	98.6	99.4	1932
NODE_3951_length_1932_cov_5.354178	background	-	-	-	-	1932
NODE_3952_length_1932_cov_2.552022	background	-	-	-	-	1932
NODE_3953_length_1932_cov_2.029650	background	-	-	-	-	1932
NODE_3954_length_1931_cov_2.624056	background	-	-	-	-	1931
NODE_3955_length_1931_cov_2.274542	background	-	-	-	-	1931
NODE_3956_length_1931_cov_1.874326	background	-	-	-	-	1931
NODE_3957_length_1930_cov_8.440367	background	-	-	-	-	1930
NODE_3958_length_1930_cov_2.659471	background	-	-	-	-	1930
NODE_3959_length_1930_cov_2.158662	background	-	-	-	-	1930
NODE_395_length_18286_cov_5.667527	background	-	-	-	-	18286
NODE_3960_length_1930_cov_2.019428	background	-	-	-	-	1930
NODE_3961_length_1929_cov_13.601512	background	-	-	-	-	1929
NODE_3962_length_1928_cov_4.917342	background	-	-	-	-	1928
NODE_3963_length_1928_cov_1.933009	background	-	-	-	-	1928
NODE_3964_length_1927_cov_12.127027	background	-	-	-	-	1927
NODE_3965_length_1927_cov_9.134595	background	-	-	-	-	1927
NODE_3966_length_1927_cov_4.882162	background	-	-	-	-	1927
NODE_3967_length_1927_cov_2.489730	background	-	-	-	-	1927
NODE_3968_length_1927_cov_1.942162	bacterial	NZ_CP065631.1	negative_control	98.4	99.8	1927
NODE_3969_length_1926_cov_3.388859	background	-	-	-	-	1926
NODE_396_length_18241_cov_17.397104	background	-	-	-	-	18241
NODE_3970_length_1924_cov_47.151597	background	-	-	-	-	1924
NODE_3971_length_1924_cov_5.471034	background	-	-	-	-	1924
NODE_3972_length_1923_cov_3.611593	background	-	-	-	-	1923
NODE_3973_length_1923_cov_2.787649	background	-	-	-	-	1923
NODE_3974_length_1923_cov_2.754063	background	-	-	-	-	1923
NODE_3975_length_1923_cov_2.730769	background	-	-	-	-	1923
NODE_3976_length_1923_cov_2.244854	background	-	-	-	-	1923
NODE_3977_length_1923_cov_2.044420	background	-	-	-	-	1923
NODE_3978_length_1923_cov_1.959913	background	-	-	-	-	1923
NODE_3979_length_1922_cov_28.153930	background	-	-	-	-	1922
NODE_397_length_18109_cov_4.281111	background	-	-	-	-	18109
NODE_3980_length_1922_cov_3.439024	background	-	-	-	-	1922
NODE_3981_length_1921_cov_2.817245	background	-	-	-	-	1921
NODE_3982_length_1920_cov_3.252306	background	-	-	-	-	1920
NODE_3983_length_1920_cov_3.250678	background	-	-	-	-	1920
NODE_3984_length_1920_cov_2.776994	background	-	-	-	-	1920
NODE_3985_length_1920_cov_2.168747	background	-	-	-	-	1920
NODE_3986_length_1919_cov_24.952769	bacterial	NZ_AFIJ01000044.1	negative_control	99.9	100.0	1919
NODE_3987_length_1919_cov_5.601520	background	-	-	-	-	1919
NODE_3988_length_1919_cov_2.490771	background	-	-	-	-	1919
NODE_3989_length_1918_cov_1.992395	background	-	-	-	-	1918
NODE_398_length_17993_cov_84.320440	background	-	-	-	-	17993
NODE_3990_length_1918_cov_1.471483	background	-	-	-	-	1918
NODE_3991_length_1917_cov_4.730978	background	-	-	-	-	1917
NODE_3992_length_1917_cov_4.188043	background	-	-	-	-	1917
NODE_3993_length_1917_cov_1.343478	viral	IMGVR_UViG_3300045988_083571	megasphaera_phage	99.9	100.0	1917
NODE_3994_length_1916_cov_11.696574	background	-	-	-	-	1916
NODE_3995_length_1916_cov_2.390973	background	-	-	-	-	1916
NODE_3996_length_1916_cov_2.315389	background	-	-	-	-	1916
NODE_3997_length_1916_cov_1.641109	background	-	-	-	-	1916
NODE_3998_length_1915_cov_1.810120	background	-	-	-	-	1915
NODE_3999_length_1914_cov_11.266195	background	-	-	-	-	1914
NODE_399_length_17980_cov_16.926158	background	-	-	-	-	17980
NODE_39_length_102198_cov_8.071366	background	-	-	-	-	102198
NODE_3_length_256985_cov_11.849102	background	-	-	-	-	256985
NODE_4000_length_1914_cov_7.841590	background	-	-	-	-	1914
NODE_4001_length_1914_cov_7.237343	background	-	-	-	-	1914
NODE_4002_length_1913_cov_11.246187	background	-	-	-	-	1913
NODE_4003_length_1913_cov_5.377996	background	-	-	-	-	1913
NODE_4004_length_1913_cov_3.264706	background	-	-	-	-	1913
NODE_4005_length_1913_cov_2.582789	background	-	-	-	-	1913
NODE_4006_length_1913_cov_2.122549	background	-	-	-	-	1913
NODE_4007_length_1912_cov_2.164033	background	-	-	-	-	1912
NODE_4008_length_1912_cov_1.950954	background	-	-	-	-	1912
NODE_4009_length_1912_cov_1.586376	background	-	-	-	-	1912
NODE_400_length_17797_cov_10.017156	background	-	-	-	-	17797
NODE_4010_length_1911_cov_27.211014	background	-	-	-	-	1911
NODE_4011_length_1911_cov_9.067612	background	-	-	-	-	1911
NODE_4012_length_1911_cov_1.655398	background	-	-	-	-	1911
NODE_4013_length_1910_cov_3.270049	background	-	-	-	-	1910
NODE_4014_length_1909_cov_3.051856	background	-	-	-	-	1909
NODE_4015_length_1909_cov_2.111900	background	-	-	-	-	1909
NODE_4016_length_1908_cov_3.448389	background	-	-	-	-	1908
NODE_4017_length_1908_cov_1.473512	background	-	-	-	-	1908
NODE_4018_length_1907_cov_90.436066	bacterial	NZ_CP065631.1	negative_control	98.0	100.0	1907
NODE_4019_length_1907_cov_2.202732	background	-	-	-	-	1907
NODE_401_length_17712_cov_17.951800	background	-	-	-	-	17712
NODE_4020_length_1906_cov_2.050847	background	-	-	-	-	1906
NODE_4021_length_1905_cov_13.214989	background	-	-	-	-	1905
NODE_4022_length_1905_cov_3.764223	background	-	-	-	-	1905
NODE_4023_length_1905_cov_2.625821	background	-	-	-	-	1905
NODE_4024_length_1904_cov_7.662288	background	-	-	-	-	1904
NODE_4025_length_1904_cov_3.917898	background	-	-	-	-	1904
NODE_4026_length_1904_cov_1.997811	background	-	-	-	-	1904
NODE_4027_length_1903_cov_122.903614	background	-	-	-	-	1903
NODE_4028_length_1903_cov_9.926068	background	-	-	-	-	1903
NODE_4029_length_1903_cov_2.233297	background	-	-	-	-	1903
NODE_402_length_17696_cov_5.207106	background	-	-	-	-	17696
NODE_4030_length_1903_cov_1.426068	background	-	-	-	-	1903
NODE_4031_length_1901_cov_2.673794	background	-	-	-	-	1901
NODE_4032_length_1900_cov_116.687329	bacterial	NZ_CP065631.1	negative_control	96.9	98.7	1900
NODE_4033_length_1900_cov_41.687329	bacterial	NZ_AP012332.1	negative_control	97.1	100.0	1900
NODE_4034_length_1900_cov_9.041141	background	-	-	-	-	1900
NODE_4035_length_1900_cov_3.012068	background	-	-	-	-	1900
NODE_4036_length_1899_cov_63.515917	bacterial	NZ_AP012332.1	negative_control	97.2	83.6	1899
NODE_4037_length_1899_cov_3.773875	background	-	-	-	-	1899
NODE_4038_length_1898_cov_2.799012	background	-	-	-	-	1898
NODE_4039_length_1897_cov_2.696703	background	-	-	-	-	1897
NODE_403_length_17650_cov_143.277130	background	-	-	-	-	17650
NODE_4040_length_1897_cov_2.598901	background	-	-	-	-	1897
NODE_4041_length_1896_cov_5.827378	background	-	-	-	-	1896
NODE_4042_length_1896_cov_1.966465	background	-	-	-	-	1896
NODE_4043_length_1895_cov_7.765127	background	-	-	-	-	1895
NODE_4044_length_1895_cov_2.705171	background	-	-	-	-	1895
NODE_4045_length_1895_cov_2.571507	background	-	-	-	-	1895
NODE_4046_length_1895_cov_2.321232	background	-	-	-	-	1895
NODE_4047_length_1895_cov_1.706271	background	-	-	-	-	1895
NODE_4048_length_1894_cov_2.293891	background	-	-	-	-	1894
NODE_4049_length_1893_cov_93.997797	bacterial	NZ_CP049230.1	negative_control	97.6	95.4	1893
NODE_404_length_17647_cov_110.217302	background	-	-	-	-	17647
NODE_4050_length_1893_cov_2.037445	background	-	-	-	-	1893
NODE_4051_length_1893_cov_1.907489	background	-	-	-	-	1893
NODE_4052_length_1892_cov_28.250689	background	-	-	-	-	1892
NODE_4053_length_1892_cov_2.688705	background	-	-	-	-	1892
NODE_4054_length_1891_cov_24.278942	background	-	-	-	-	1891
NODE_4055_length_1890_cov_2.570325	background	-	-	-	-	1890
NODE_4056_length_1890_cov_2.308880	background	-	-	-	-	1890
NODE_4057_length_1890_cov_2.058467	background	-	-	-	-	1890
NODE_4058_length_1889_cov_183.875276	bacterial	NZ_CP065631.1	negative_control	99.5	100.0	1889
NODE_4059_length_1889_cov_1.870309	background	-	-	-	-	1889
NODE_405_length_17626_cov_121.421847	background	-	-	-	-	17626
NODE_4060_length_1887_cov_2.767403	background	-	-	-	-	1887
NODE_4061_length_1886_cov_2.949143	background	-	-	-	-	1886
NODE_4062_length_1886_cov_2.603096	background	-	-	-	-	1886
NODE_4063_length_1886_cov_1.865119	background	-	-	-	-	1886
NODE_4064_length_1885_cov_11.409845	background	-	-	-	-	1885
NODE_4065_length_1885_cov_2.405420	background	-	-	-	-	1885
NODE_4066_length_1885_cov_2.257190	background	-	-	-	-	1885
NODE_4067_length_1885_cov_1.936394	background	-	-	-	-	1885
NODE_4068_length_1885_cov_1.667035	background	-	-	-	-	1885
NODE_4069_length_1884_cov_28.276702	background	-	-	-	-	1884
NODE_406_length_17604_cov_6.124265	background	-	-	-	-	17604
NODE_4070_length_1884_cov_4.131157	background	-	-	-	-	1884
NODE_4071_length_1883_cov_20.531561	background	-	-	-	-	1883
NODE_4072_length_1883_cov_2.748062	background	-	-	-	-	1883
NODE_4073_length_1883_cov_1.962901	background	-	-	-	-	1883
NODE_4074_length_1883_cov_1.761905	background	-	-	-	-	1883
NODE_4075_length_1883_cov_1.550388	viral	IMGVR_UViG_3300045988_117760	megasphaera_phage	99.8	100.0	1883
NODE_4076_length_1882_cov_12.664266	bacterial	NZ_AP012332.1	negative_control	97.3	100.0	1882
NODE_4077_length_1882_cov_4.130194	background	-	-	-	-	1882
NODE_4078_length_1882_cov_2.418837	background	-	-	-	-	1882
NODE_4079_length_1882_cov_2.038781	background	-	-	-	-	1882
NODE_407_length_17537_cov_34.776346	background	-	-	-	-	17537
NODE_4080_length_1882_cov_1.391136	background	-	-	-	-	1882
NODE_4081_length_1881_cov_2.798780	background	-	-	-	-	1881
NODE_4082_length_1881_cov_2.312084	background	-	-	-	-	1881
NODE_4083_length_1880_cov_35.679423	background	-	-	-	-	1880
NODE_4084_length_1880_cov_2.624515	background	-	-	-	-	1880
NODE_4085_length_1880_cov_1.780366	background	-	-	-	-	1880
NODE_4086_length_1879_cov_2.910100	background	-	-	-	-	1879
NODE_4087_length_1879_cov_2.272475	background	-	-	-	-	1879
NODE_4088_length_1878_cov_2.259856	background	-	-	-	-	1878
NODE_4089_length_1877_cov_2.617222	background	-	-	-	-	1877
NODE_408_length_17492_cov_6.190296	background	-	-	-	-	17492
NODE_4090_length_1877_cov_2.566111	background	-	-	-	-	1877
NODE_4091_length_1876_cov_2.593107	background	-	-	-	-	1876
NODE_4092_length_1876_cov_1.807671	background	-	-	-	-	1876
NODE_4093_length_1875_cov_389.037820	bacterial	NZ_CP049230.1	negative_control	100.0	100.0	1875
NODE_4094_length_1875_cov_2.019466	background	-	-	-	-	1875
NODE_4095_length_1874_cov_5.758486	background	-	-	-	-	1874
NODE_4096_length_1873_cov_64.288976	background	-	-	-	-	1873
NODE_4097_length_1873_cov_2.305679	background	-	-	-	-	1873
NODE_4098_length_1873_cov_1.958241	background	-	-	-	-	1873
NODE_4099_length_1873_cov_1.948775	background	-	-	-	-	1873
NODE_409_length_17450_cov_5.766822	background	-	-	-	-	17450
NODE_40_length_100912_cov_15.344146	background	-	-	-	-	100912
NODE_4100_length_1873_cov_1.479955	background	-	-	-	-	1873
NODE_4101_length_1872_cov_6.322006	background	-	-	-	-	1872
NODE_4102_length_1872_cov_4.056267	background	-	-	-	-	1872
NODE_4103_length_1872_cov_2.854039	background	-	-	-	-	1872
NODE_4104_length_1872_cov_2.623955	background	-	-	-	-	1872
NODE_4105_length_1872_cov_2.520334	background	-	-	-	-	1872
NODE_4106_length_1871_cov_11.701226	background	-	-	-	-	1871
NODE_4107_length_1871_cov_3.377926	background	-	-	-	-	1871
NODE_4108_length_1869_cov_104.414062	bacterial	NZ_AFIJ01000007.1	negative_control	99.7	99.7	1869
NODE_4109_length_1869_cov_2.424107	background	-	-	-	-	1869
NODE_410_length_17427_cov_12.215620	background	-	-	-	-	17427
NODE_4110_length_1869_cov_1.497210	viral	NC_007924.1	lactobacillus_phage	99.9	100.0	1869
NODE_4111_length_1868_cov_2.132328	background	-	-	-	-	1868
NODE_4112_length_1867_cov_63.941341	background	-	-	-	-	1867
NODE_4113_length_1867_cov_27.296648	background	-	-	-	-	1867
NODE_4114_length_1867_cov_1.473743	background	-	-	-	-	1867
NODE_4115_length_1866_cov_2.400224	background	-	-	-	-	1866
NODE_4116_length_1866_cov_2.147568	background	-	-	-	-	1866
NODE_4117_length_1865_cov_4.243289	background	-	-	-	-	1865
NODE_4118_length_1865_cov_2.811521	background	-	-	-	-	1865
NODE_4119_length_1865_cov_2.195749	background	-	-	-	-	1865
NODE_411_length_17384_cov_43.893627	background	-	-	-	-	17384
NODE_4120_length_1864_cov_4.703414	background	-	-	-	-	1864
NODE_4121_length_1864_cov_2.786234	background	-	-	-	-	1864
NODE_4122_length_1863_cov_1.986562	background	-	-	-	-	1863
NODE_4123_length_1863_cov_1.500000	background	-	-	-	-	1863
NODE_4124_length_1862_cov_3.470588	background	-	-	-	-	1862
NODE_4125_length_1862_cov_2.202241	background	-	-	-	-	1862
NODE_4126_length_1862_cov_2.174790	background	-	-	-	-	1862
NODE_4127_length_1862_cov_2.091877	background	-	-	-	-	1862
NODE_4128_length_1861_cov_3.906390	background	-	-	-	-	1861
NODE_4129_length_1861_cov_3.276906	background	-	-	-	-	1861
NODE_412_length_17363_cov_12.607081	bacterial	NZ_CP011280.1	negative_control	98.9	100.0	17363
NODE_4130_length_1861_cov_2.477018	background	-	-	-	-	1861
NODE_4131_length_1861_cov_2.445067	background	-	-	-	-	1861
NODE_4132_length_1861_cov_2.271861	background	-	-	-	-	1861
NODE_4133_length_1861_cov_1.577915	background	-	-	-	-	1861
NODE_4134_length_1860_cov_2.463825	background	-	-	-	-	1860
NODE_4135_length_1860_cov_2.317443	background	-	-	-	-	1860
NODE_4136_length_1859_cov_18.656566	background	-	-	-	-	1859
NODE_4137_length_1859_cov_2.001684	background	-	-	-	-	1859
NODE_4138_length_1858_cov_8.751825	background	-	-	-	-	1858
NODE_4139_length_1857_cov_9.664607	background	-	-	-	-	1857
NODE_413_length_17360_cov_29.967309	background	-	-	-	-	17360
NODE_4140_length_1857_cov_5.536517	background	-	-	-	-	1857
NODE_4141_length_1856_cov_60.623946	background	-	-	-	-	1856
NODE_4142_length_1856_cov_2.229904	background	-	-	-	-	1856
NODE_4143_length_1856_cov_1.138842	viral	NC_001806.2	herpesvirus	99.8	100.0	1856
NODE_4144_length_1854_cov_2.296005	background	-	-	-	-	1854
NODE_4145_length_1854_cov_1.755205	viral	NC_007924.1	lactobacillus_phage	99.9	100.0	1854
NODE_4146_length_1853_cov_10.885135	background	-	-	-	-	1853
NODE_4147_length_1852_cov_2.584789	background	-	-	-	-	1852
NODE_4148_length_1852_cov_2.256901	background	-	-	-	-	1852
NODE_4149_length_1851_cov_2.437993	background	-	-	-	-	1851
NODE_414_length_17353_cov_61.035888	background	-	-	-	-	17353
NODE_4150_length_1849_cov_4.560384	background	-	-	-	-	1849
NODE_4151_length_1849_cov_2.630926	background	-	-	-	-	1849
NODE_4152_length_1848_cov_2.055336	background	-	-	-	-	1848
NODE_4153_length_1847_cov_46.788136	background	-	-	-	-	1847
NODE_4154_length_1847_cov_3.035028	background	-	-	-	-	1847
NODE_4155_length_1847_cov_1.796045	background	-	-	-	-	1847
NODE_4156_length_1846_cov_3.690786	background	-	-	-	-	1846
NODE_4157_length_1846_cov_3.019220	background	-	-	-	-	1846
NODE_4158_length_1846_cov_2.091577	background	-	-	-	-	1846
NODE_4159_length_1845_cov_71.529412	background	-	-	-	-	1845
NODE_415_length_17331_cov_6.627970	background	-	-	-	-	17331
NODE_4160_length_1845_cov_3.095023	background	-	-	-	-	1845
NODE_4161_length_1845_cov_1.930430	background	-	-	-	-	1845
NODE_4162_length_1843_cov_2.383918	background	-	-	-	-	1843
NODE_4163_length_1843_cov_2.136467	background	-	-	-	-	1843
NODE_4164_length_1842_cov_7.413598	background	-	-	-	-	1842
NODE_4165_length_1841_cov_7.422902	background	-	-	-	-	1841
NODE_4166_length_1840_cov_20.541690	background	-	-	-	-	1840
NODE_4167_length_1840_cov_2.641520	background	-	-	-	-	1840
NODE_4168_length_1840_cov_1.802609	background	-	-	-	-	1840
NODE_4169_length_1839_cov_7.236095	background	-	-	-	-	1839
NODE_416_length_17324_cov_102.244564	background	-	-	-	-	17324
NODE_4170_length_1838_cov_2.162976	background	-	-	-	-	1838
NODE_4171_length_1838_cov_2.006814	background	-	-	-	-	1838
NODE_4172_length_1837_cov_20.592614	background	-	-	-	-	1837
NODE_4173_length_1836_cov_2.229676	background	-	-	-	-	1836
NODE_4174_length_1836_cov_1.794201	background	-	-	-	-	1836
NODE_4175_length_1836_cov_1.344514	viral	IMGVR_UViG_3300045988_117760	megasphaera_phage	99.8	100.0	1836
NODE_4176_length_1835_cov_242.162116	background	-	-	-	-	1835
NODE_4177_length_1835_cov_4.108646	background	-	-	-	-	1835
NODE_4178_length_1835_cov_2.313993	background	-	-	-	-	1835
NODE_4179_length_1835_cov_1.892491	background	-	-	-	-	1835
NODE_417_length_17266_cov_13.389028	background	-	-	-	-	17266
NODE_4180_length_1835_cov_1.456769	viral	NC_002076.2	anellovirus	99.9	99.8	1835
NODE_4181_length_1834_cov_2.169038	background	-	-	-	-	1834
NODE_4182_length_1833_cov_11.765945	background	-	-	-	-	1833
NODE_4183_length_1833_cov_4.341116	background	-	-	-	-	1833
NODE_4184_length_1831_cov_10.084949	background	-	-	-	-	1831
NODE_4185_length_1831_cov_3.257127	background	-	-	-	-	1831
NODE_4186_length_1831_cov_3.055872	background	-	-	-	-	1831
NODE_4187_length_1831_cov_2.830673	background	-	-	-	-	1831
NODE_4188_length_1831_cov_2.641961	background	-	-	-	-	1831
NODE_4189_length_1831_cov_2.439567	background	-	-	-	-	1831
NODE_418_length_17223_cov_20.200805	background	-	-	-	-	17223
NODE_4190_length_1831_cov_1.853478	background	-	-	-	-	1831
NODE_4191_length_1830_cov_1.604107	background	-	-	-	-	1830
NODE_4192_length_1829_cov_5.814498	background	-	-	-	-	1829
NODE_4193_length_1828_cov_18.592804	background	-	-	-	-	1828
NODE_4194_length_1828_cov_2.699029	background	-	-	-	-	1828
NODE_4195_length_1826_cov_131.595769	bacterial	NZ_CP065631.1	negative_control	98.2	100.0	1826
NODE_4196_length_1826_cov_44.771870	background	-	-	-	-	1826
NODE_4197_length_1826_cov_11.915380	background	-	-	-	-	1826
NODE_4198_length_1826_cov_2.782161	background	-	-	-	-	1826
NODE_4199_length_1825_cov_8.712243	background	-	-	-	-	1825
NODE_419_length_17205_cov_134.316266	background	-	-	-	-	17205
NODE_41_length_100280_cov_56.394459	background	-	-	-	-	100280
NODE_4200_length_1824_cov_67.665140	background	-	-	-	-	1824
NODE_4201_length_1824_cov_2.870063	background	-	-	-	-	1824
NODE_4202_length_1824_cov_1.906125	background	-	-	-	-	1824
NODE_4203_length_1823_cov_79.989118	background	-	-	-	-	1823
NODE_4204_length_1822_cov_2.162751	viral	NC_007924.1	lactobacillus_phage	100.0	100.0	1822
NODE_4205_length_1821_cov_4.896789	background	-	-	-	-	1821
NODE_4206_length_1821_cov_2.126147	background	-	-	-	-	1821
NODE_4207_length_1820_cov_6.056799	background	-	-	-	-	1820
NODE_4208_length_1819_cov_2.202067	background	-	-	-	-	1819
NODE_4209_length_1819_cov_1.911596	background	-	-	-	-	1819
NODE_420_length_17062_cov_17.958081	background	-	-	-	-	17062
NODE_4210_length_1818_cov_3.402068	background	-	-	-	-	1818
NODE_4211_length_1818_cov_2.203331	background	-	-	-	-	1818
NODE_4212_length_1818_cov_2.086732	background	-	-	-	-	1818
NODE_4213_length_1817_cov_906.075287	background	-	-	-	-	1817
NODE_4214_length_1817_cov_2.566667	background	-	-	-	-	1817
NODE_4215_length_1816_cov_22.210466	background	-	-	-	-	1816
NODE_4216_length_1815_cov_164.860759	bacterial	NZ_CP065631.1	negative_control	98.1	100.0	1815
NODE_4217_length_1815_cov_2.477560	background	-	-	-	-	1815
NODE_4218_length_1814_cov_2.948762	background	-	-	-	-	1814
NODE_4219_length_1814_cov_2.610248	background	-	-	-	-	1814
NODE_421_length_16981_cov_11.421616	background	-	-	-	-	16981
NODE_4220_length_1813_cov_1.960829	background	-	-	-	-	1813
NODE_4221_length_1813_cov_1.861175	background	-	-	-	-	1813
NODE_4222_length_1813_cov_1.832949	background	-	-	-	-	1813
NODE_4223_length_1812_cov_8.588473	background	-	-	-	-	1812
NODE_4224_length_1812_cov_3.209798	background	-	-	-	-	1812
NODE_4225_length_1812_cov_3.024784	background	-	-	-	-	1812
NODE_4226_length_1812_cov_2.857637	background	-	-	-	-	1812
NODE_4227_length_1812_cov_2.247262	background	-	-	-	-	1812
NODE_4228_length_1812_cov_2.004611	background	-	-	-	-	1812
NODE_4229_length_1811_cov_2.775663	background	-	-	-	-	1811
NODE_422_length_16976_cov_140.918161	background	-	-	-	-	16976
NODE_4230_length_1811_cov_2.353518	background	-	-	-	-	1811
NODE_4231_length_1811_cov_2.226067	background	-	-	-	-	1811
NODE_4232_length_1810_cov_41.080785	bacterial	NZ_AP012332.1	negative_control	97.6	98.9	1810
NODE_4233_length_1810_cov_4.907675	background	-	-	-	-	1810
NODE_4234_length_1810_cov_1.688402	background	-	-	-	-	1810
NODE_4235_length_1809_cov_3.836028	background	-	-	-	-	1809
NODE_4236_length_1808_cov_1.945118	background	-	-	-	-	1808
NODE_4237_length_1807_cov_3.369364	background	-	-	-	-	1807
NODE_4238_length_1807_cov_2.098266	background	-	-	-	-	1807
NODE_4239_length_1807_cov_2.046821	background	-	-	-	-	1807
NODE_423_length_16935_cov_13.338296	bacterial	NZ_CP011280.1	negative_control	98.4	95.1	16935
NODE_4240_length_1806_cov_29.806825	background	-	-	-	-	1806
NODE_4241_length_1805_cov_11.251157	background	-	-	-	-	1805
NODE_4242_length_1805_cov_2.074074	background	-	-	-	-	1805
NODE_4243_length_1804_cov_14.298205	background	-	-	-	-	1804
NODE_4244_length_1804_cov_3.705848	background	-	-	-	-	1804
NODE_4245_length_1804_cov_2.115229	background	-	-	-	-	1804
NODE_4246_length_1804_cov_1.671685	background	-	-	-	-	1804
NODE_4247_length_1804_cov_1.503764	background	-	-	-	-	1804
NODE_4248_length_1803_cov_11.205098	bacterial	NZ_AP012332.1	negative_control	98.8	81.9	1803
NODE_4249_length_1803_cov_4.306489	background	-	-	-	-	1803
NODE_424_length_16935_cov_12.420157	background	-	-	-	-	16935
NODE_4250_length_1803_cov_3.214368	background	-	-	-	-	1803
NODE_4251_length_1803_cov_3.129200	background	-	-	-	-	1803
NODE_4252_length_1803_cov_2.075898	background	-	-	-	-	1803
NODE_4253_length_1802_cov_3.704928	background	-	-	-	-	1802
NODE_4254_length_1802_cov_2.771594	background	-	-	-	-	1802
NODE_4255_length_1802_cov_2.497971	background	-	-	-	-	1802
NODE_4256_length_1802_cov_2.122319	background	-	-	-	-	1802
NODE_4257_length_1801_cov_16.255800	background	-	-	-	-	1801
NODE_4258_length_1801_cov_2.261021	background	-	-	-	-	1801
NODE_4259_length_1801_cov_2.209397	background	-	-	-	-	1801
NODE_425_length_16925_cov_4.177410	background	-	-	-	-	16925
NODE_4260_length_1800_cov_34.845618	bacterial	NZ_CP065631.1	negative_control	96.9	97.8	1800
NODE_4261_length_1800_cov_11.125363	background	-	-	-	-	1800
NODE_4262_length_1800_cov_2.392339	background	-	-	-	-	1800
NODE_4263_length_1799_cov_116.491289	background	-	-	-	-	1799
NODE_4264_length_1799_cov_51.331010	background	-	-	-	-	1799
NODE_4265_length_1799_cov_4.631243	background	-	-	-	-	1799
NODE_4266_length_1798_cov_2.856479	background	-	-	-	-	1798
NODE_4267_length_1797_cov_2.444767	background	-	-	-	-	1797
NODE_4268_length_1797_cov_2.184302	background	-	-	-	-	1797
NODE_4269_length_1796_cov_30.986038	background	-	-	-	-	1796
NODE_426_length_16918_cov_39.647527	background	-	-	-	-	16918
NODE_4270_length_1796_cov_1.962187	background	-	-	-	-	1796
NODE_4271_length_1796_cov_1.261780	background	-	-	-	-	1796
NODE_4272_length_1795_cov_13.408615	background	-	-	-	-	1795
NODE_4273_length_1795_cov_3.375437	background	-	-	-	-	1795
NODE_4274_length_1795_cov_2.566938	background	-	-	-	-	1795
NODE_4275_length_1794_cov_2.032033	background	-	-	-	-	1794
NODE_4276_length_1794_cov_1.831101	background	-	-	-	-	1794
NODE_4277_length_1793_cov_5.528555	background	-	-	-	-	1793
NODE_4278_length_1793_cov_2.340326	background	-	-	-	-	1793
NODE_4279_length_1792_cov_13.760350	bacterial	NZ_CP011280.1	negative_control	98.8	100.0	1792
NODE_427_length_16886_cov_25.252365	background	-	-	-	-	16886
NODE_4280_length_1792_cov_1.356851	background	-	-	-	-	1792
NODE_4281_length_1791_cov_4.394982	background	-	-	-	-	1791
NODE_4282_length_1791_cov_3.778880	background	-	-	-	-	1791
NODE_4283_length_1790_cov_1.688266	background	-	-	-	-	1790
NODE_4284_length_1789_cov_1.916472	background	-	-	-	-	1789
NODE_4285_length_1789_cov_1.543808	background	-	-	-	-	1789
NODE_4286_length_1788_cov_72.679135	background	-	-	-	-	1788
NODE_4287_length_1788_cov_3.600818	background	-	-	-	-	1788
NODE_4288_length_1788_cov_2.039158	background	-	-	-	-	1788
NODE_4289_length_1788_cov_1.393922	background	-	-	-	-	1788
NODE_428_length_16841_cov_60.498031	background	-	-	-	-	16841
NODE_4290_length_1787_cov_8.064327	background	-	-	-	-	1787
NODE_4291_length_1787_cov_2.441520	background	-	-	-	-	1787
NODE_4292_length_1787_cov_2.080117	background	-	-	-	-	1787
NODE_4293_length_1785_cov_1.688525	background	-	-	-	-	1785
NODE_4294_length_1784_cov_2.162273	background	-	-	-	-	1784
NODE_4295_length_1783_cov_120.073857	bacterial	NZ_CP065631.1	negative_control	97.6	99.5	1783
NODE_4296_length_1783_cov_6.452521	background	-	-	-	-	1783
NODE_4297_length_1782_cov_1.548974	viral	NC_001592.1	hpv	99.9	100.0	1782
NODE_4298_length_1781_cov_4.970657	background	-	-	-	-	1781
NODE_4299_length_1781_cov_3.477113	background	-	-	-	-	1781
NODE_429_length_16825_cov_113.198173	background	-	-	-	-	16825
NODE_42_length_98887_cov_20.255855	background	-	-	-	-	98887
NODE_4300_length_1781_cov_2.294014	background	-	-	-	-	1781
NODE_4301_length_1781_cov_1.221831	background	-	-	-	-	1781
NODE_4302_length_1780_cov_11.079272	background	-	-	-	-	1780
NODE_4303_length_1779_cov_2.260870	background	-	-	-	-	1779
NODE_4304_length_1779_cov_2.000000	background	-	-	-	-	1779
NODE_4305_length_1778_cov_3.278660	background	-	-	-	-	1778
NODE_4306_length_1778_cov_2.035861	background	-	-	-	-	1778
NODE_4307_length_1777_cov_6.890588	background	-	-	-	-	1777
NODE_4308_length_1777_cov_5.975882	background	-	-	-	-	1777
NODE_4309_length_1776_cov_4.230135	background	-	-	-	-	1776
NODE_430_length_16811_cov_140.057727	background	-	-	-	-	16811
NODE_4310_length_1776_cov_2.799294	background	-	-	-	-	1776
NODE_4311_length_1775_cov_135.493522	background	-	-	-	-	1775
NODE_4312_length_1774_cov_2.263995	background	-	-	-	-	1774
NODE_4313_length_1774_cov_1.699470	background	-	-	-	-	1774
NODE_4314_length_1773_cov_1290.512382	background	-	-	-	-	1773
NODE_4315_length_1773_cov_13.073113	background	-	-	-	-	1773
NODE_4316_length_1773_cov_2.137972	background	-	-	-	-	1773
NODE_4317_length_1773_cov_2.094340	background	-	-	-	-	1773
NODE_4318_length_1773_cov_1.963443	background	-	-	-	-	1773
NODE_4319_length_1772_cov_42.452507	background	-	-	-	-	1772
NODE_431_length_16785_cov_48.233182	background	-	-	-	-	16785
NODE_4320_length_1771_cov_13.690083	background	-	-	-	-	1771
NODE_4321_length_1770_cov_2.971648	background	-	-	-	-	1770
NODE_4322_length_1770_cov_2.688128	background	-	-	-	-	1770
NODE_4323_length_1770_cov_1.725340	background	-	-	-	-	1770
NODE_4324_length_1769_cov_2.534279	background	-	-	-	-	1769
NODE_4325_length_1769_cov_1.907210	background	-	-	-	-	1769
NODE_4326_length_1769_cov_1.723404	background	-	-	-	-	1769
NODE_4327_length_1768_cov_2.989355	background	-	-	-	-	1768
NODE_4328_length_1767_cov_2.742012	background	-	-	-	-	1767
NODE_4329_length_1767_cov_1.616568	background	-	-	-	-	1767
NODE_432_length_16589_cov_4.184290	background	-	-	-	-	16589
NODE_4330_length_1766_cov_2.670219	background	-	-	-	-	1766
NODE_4331_length_1766_cov_2.190645	background	-	-	-	-	1766
NODE_4332_length_1766_cov_2.002368	background	-	-	-	-	1766
NODE_4333_length_1765_cov_4.410545	background	-	-	-	-	1765
NODE_4334_length_1764_cov_3.898637	background	-	-	-	-	1764
NODE_4335_length_1764_cov_1.653823	background	-	-	-	-	1764
NODE_4336_length_1763_cov_109.101423	background	-	-	-	-	1763
NODE_4337_length_1763_cov_79.378410	bacterial	NZ_CP065631.1	negative_control	98.6	100.0	1763
NODE_4338_length_1763_cov_11.444247	background	-	-	-	-	1763
NODE_4339_length_1763_cov_8.503559	background	-	-	-	-	1763
NODE_433_length_16568_cov_3.421988	background	-	-	-	-	16568
NODE_4340_length_1763_cov_2.912811	background	-	-	-	-	1763
NODE_4341_length_1762_cov_119.344807	bacterial	NZ_AP012332.1	negative_control	97.8	98.9	1762
NODE_4342_length_1762_cov_4.350742	background	-	-	-	-	1762
NODE_4343_length_1762_cov_2.773887	background	-	-	-	-	1762
NODE_4344_length_1760_cov_1.502080	background	-	-	-	-	1760
NODE_4345_length_1759_cov_10.219976	background	-	-	-	-	1759
NODE_4346_length_1759_cov_4.533294	background	-	-	-	-	1759
NODE_4347_length_1758_cov_2.810232	background	-	-	-	-	1758
NODE_4348_length_1757_cov_5.895833	background	-	-	-	-	1757
NODE_4349_length_1757_cov_2.389286	background	-	-	-	-	1757
NODE_434_length_16546_cov_53.975712	background	-	-	-	-	16546
NODE_4350_length_1756_cov_40.479452	background	-	-	-	-	1756
NODE_4351_length_1756_cov_2.610482	background	-	-	-	-	1756
NODE_4352_length_1756_cov_2.379988	background	-	-	-	-	1756
NODE_4353_length_1756_cov_2.261465	background	-	-	-	-	1756
NODE_4354_length_1756_cov_2.251340	background	-	-	-	-	1756
NODE_4355_length_1756_cov_2.072662	background	-	-	-	-	1756
NODE_4356_length_1755_cov_2.513707	background	-	-	-	-	1755
NODE_4357_length_1754_cov_13.259988	background	-	-	-	-	1754
NODE_4358_length_1754_cov_2.757901	background	-	-	-	-	1754
NODE_4359_length_1754_cov_2.003578	background	-	-	-	-	1754
NODE_435_length_16542_cov_61.359065	background	-	-	-	-	16542
NODE_4360_length_1753_cov_71.110382	background	-	-	-	-	1753
NODE_4361_length_1753_cov_5.384248	background	-	-	-	-	1753
NODE_4362_length_1753_cov_2.807876	background	-	-	-	-	1753
NODE_4363_length_1752_cov_10.372537	background	-	-	-	-	1752
NODE_4364_length_1751_cov_1.976703	background	-	-	-	-	1751
NODE_4365_length_1751_cov_1.919355	background	-	-	-	-	1751
NODE_4366_length_1751_cov_1.598566	background	-	-	-	-	1751
NODE_4367_length_1750_cov_2.036461	background	-	-	-	-	1750
NODE_4368_length_1750_cov_1.998805	background	-	-	-	-	1750
NODE_4369_length_1750_cov_1.726838	background	-	-	-	-	1750
NODE_436_length_16526_cov_71.475226	background	-	-	-	-	16526
NODE_4370_length_1749_cov_2.956340	background	-	-	-	-	1749
NODE_4371_length_1749_cov_2.783493	background	-	-	-	-	1749
NODE_4372_length_1748_cov_11.923998	background	-	-	-	-	1748
NODE_4373_length_1748_cov_2.218432	background	-	-	-	-	1748
NODE_4374_length_1747_cov_5.173653	background	-	-	-	-	1747
NODE_4375_length_1747_cov_3.333533	background	-	-	-	-	1747
NODE_4376_length_1747_cov_2.723952	background	-	-	-	-	1747
NODE_4377_length_1746_cov_2.381666	background	-	-	-	-	1746
NODE_4378_length_1746_cov_1.817256	background	-	-	-	-	1746
NODE_4379_length_1745_cov_40.382494	background	-	-	-	-	1745
NODE_437_length_16506_cov_140.729381	background	-	-	-	-	16506
NODE_4380_length_1745_cov_4.751799	background	-	-	-	-	1745
NODE_4381_length_1745_cov_4.066547	background	-	-	-	-	1745
NODE_4382_length_1745_cov_2.959832	background	-	-	-	-	1745
NODE_4383_length_1745_cov_1.818945	background	-	-	-	-	1745
NODE_4384_length_1744_cov_22.585483	background	-	-	-	-	1744
NODE_4385_length_1744_cov_2.040792	background	-	-	-	-	1744
NODE_4386_length_1743_cov_1.977191	background	-	-	-	-	1743
NODE_4387_length_1741_cov_67.006010	background	-	-	-	-	1741
NODE_4388_length_1741_cov_4.716947	background	-	-	-	-	1741
NODE_4389_length_1741_cov_2.439303	background	-	-	-	-	1741
NODE_438_length_16416_cov_66.596854	background	-	-	-	-	16416
NODE_4390_length_1741_cov_1.886418	background	-	-	-	-	1741
NODE_4391_length_1740_cov_92.308479	background	-	-	-	-	1740
NODE_4392_length_1740_cov_1.850872	background	-	-	-	-	1740
NODE_4393_length_1739_cov_2.649819	background	-	-	-	-	1739
NODE_4394_length_1739_cov_2.207581	background	-	-	-	-	1739
NODE_4395_length_1739_cov_2.123947	background	-	-	-	-	1739
NODE_4396_length_1738_cov_79.285370	background	-	-	-	-	1738
NODE_4397_length_1738_cov_2.120409	background	-	-	-	-	1738
NODE_4398_length_1738_cov_1.949428	background	-	-	-	-	1738
NODE_4399_length_1738_cov_1.692956	background	-	-	-	-	1738
NODE_439_length_16386_cov_6.060273	background	-	-	-	-	16386
NODE_43_length_98811_cov_7.444193	background	-	-	-	-	98811
NODE_4400_length_1737_cov_15.009036	background	-	-	-	-	1737
NODE_4401_length_1737_cov_2.382530	background	-	-	-	-	1737
NODE_4402_length_1736_cov_10.623267	background	-	-	-	-	1736
NODE_4403_length_1736_cov_1.907173	background	-	-	-	-	1736
NODE_4404_length_1735_cov_5.748492	background	-	-	-	-	1735
NODE_4405_length_1735_cov_1.719542	background	-	-	-	-	1735
NODE_4406_length_1734_cov_150.130356	background	-	-	-	-	1734
NODE_4407_length_1734_cov_4.575739	background	-	-	-	-	1734
NODE_4408_length_1734_cov_3.699457	background	-	-	-	-	1734
NODE_4409_length_1734_cov_2.493663	background	-	-	-	-	1734
NODE_440_length_16384_cov_8.340590	background	-	-	-	-	16384
NODE_4410_length_1734_cov_2.210622	background	-	-	-	-	1734
NODE_4411_length_1734_cov_1.795413	background	-	-	-	-	1734
NODE_4412_length_1734_cov_1.560048	background	-	-	-	-	1734
NODE_4413_length_1733_cov_7.733092	background	-	-	-	-	1733
NODE_4414_length_1733_cov_2.051329	background	-	-	-	-	1733
NODE_4415_length_1731_cov_32.302902	bacterial	NZ_AP012332.1	negative_control	99.1	98.8	1731
NODE_4416_length_1730_cov_6.623109	background	-	-	-	-	1730
NODE_4417_length_1730_cov_4.105263	background	-	-	-	-	1730
NODE_4418_length_1730_cov_2.038113	background	-	-	-	-	1730
NODE_4419_length_1729_cov_3.448547	background	-	-	-	-	1729
NODE_441_length_16351_cov_5.157368	background	-	-	-	-	16351
NODE_4420_length_1729_cov_2.508475	background	-	-	-	-	1729
NODE_4421_length_1729_cov_1.751816	background	-	-	-	-	1729
NODE_4422_length_1729_cov_1.743341	background	-	-	-	-	1729
NODE_4423_length_1728_cov_7.546941	background	-	-	-	-	1728
NODE_4424_length_1728_cov_2.084191	background	-	-	-	-	1728
NODE_4425_length_1727_cov_4.695152	background	-	-	-	-	1727
NODE_4426_length_1727_cov_3.754545	background	-	-	-	-	1727
NODE_4427_length_1727_cov_2.842424	background	-	-	-	-	1727
NODE_4428_length_1727_cov_2.518182	background	-	-	-	-	1727
NODE_4429_length_1726_cov_41.292298	bacterial	NZ_AP012332.1	negative_control	95.4	100.0	1726
NODE_442_length_16334_cov_4.758073	background	-	-	-	-	16334
NODE_4430_length_1726_cov_37.394785	background	-	-	-	-	1726
NODE_4431_length_1725_cov_8.145631	background	-	-	-	-	1725
NODE_4432_length_1725_cov_6.169296	background	-	-	-	-	1725
NODE_4433_length_1724_cov_20.664845	background	-	-	-	-	1724
NODE_4434_length_1724_cov_8.842137	background	-	-	-	-	1724
NODE_4435_length_1724_cov_3.023072	background	-	-	-	-	1724
NODE_4436_length_1724_cov_2.565877	background	-	-	-	-	1724
NODE_4437_length_1723_cov_2.888821	background	-	-	-	-	1723
NODE_4438_length_1723_cov_2.002430	background	-	-	-	-	1723
NODE_4439_length_1723_cov_1.888214	background	-	-	-	-	1723
NODE_443_length_16295_cov_9.792330	background	-	-	-	-	16295
NODE_4440_length_1722_cov_2.924012	background	-	-	-	-	1722
NODE_4441_length_1721_cov_105.491484	bacterial	NZ_CP065631.1	negative_control	98.1	100.0	1721
NODE_4442_length_1721_cov_2.936740	background	-	-	-	-	1721
NODE_4443_length_1721_cov_2.515207	background	-	-	-	-	1721
NODE_4444_length_1721_cov_2.217762	background	-	-	-	-	1721
NODE_4445_length_1721_cov_1.667883	background	-	-	-	-	1721
NODE_4446_length_1720_cov_2.269020	background	-	-	-	-	1720
NODE_4447_length_1719_cov_218.932400	background	-	-	-	-	1719
NODE_4448_length_1719_cov_72.286236	background	-	-	-	-	1719
NODE_4449_length_1719_cov_33.084653	bacterial	NZ_AP012332.1	negative_control	95.8	100.0	1719
NODE_444_length_16288_cov_12.607057	bacterial	NZ_CP011280.1	negative_control	98.8	100.0	16288
NODE_4450_length_1719_cov_10.382460	background	-	-	-	-	1719
NODE_4451_length_1719_cov_1.853228	background	-	-	-	-	1719
NODE_4452_length_1718_cov_2.637416	background	-	-	-	-	1718
NODE_4453_length_1718_cov_2.505789	background	-	-	-	-	1718
NODE_4454_length_1718_cov_2.195003	background	-	-	-	-	1718
NODE_4455_length_1718_cov_2.018891	background	-	-	-	-	1718
NODE_4456_length_1717_cov_6.615244	background	-	-	-	-	1717
NODE_4457_length_1717_cov_5.612805	background	-	-	-	-	1717
NODE_4458_length_1717_cov_4.326220	background	-	-	-	-	1717
NODE_4459_length_1716_cov_130.824283	bacterial	NZ_CP065631.1	negative_control	97.4	99.1	1716
NODE_445_length_16239_cov_976.291177	background	-	-	-	-	16239
NODE_4460_length_1716_cov_89.350214	bacterial	NZ_CP065631.1	negative_control	96.9	80.6	1716
NODE_4461_length_1716_cov_2.120195	background	-	-	-	-	1716
NODE_4462_length_1716_cov_1.382550	background	-	-	-	-	1716
NODE_4463_length_1715_cov_114.938339	background	-	-	-	-	1715
NODE_4464_length_1715_cov_13.181929	background	-	-	-	-	1715
NODE_4465_length_1715_cov_2.932234	background	-	-	-	-	1715
NODE_4466_length_1715_cov_1.670940	background	-	-	-	-	1715
NODE_4467_length_1714_cov_66.692120	background	-	-	-	-	1714
NODE_4468_length_1714_cov_4.317654	background	-	-	-	-	1714
NODE_4469_length_1714_cov_2.271839	background	-	-	-	-	1714
NODE_446_length_16235_cov_124.310682	background	-	-	-	-	16235
NODE_4470_length_1714_cov_2.007941	background	-	-	-	-	1714
NODE_4471_length_1713_cov_89.882641	background	-	-	-	-	1713
NODE_4472_length_1713_cov_12.410147	background	-	-	-	-	1713
NODE_4473_length_1713_cov_3.774450	background	-	-	-	-	1713
NODE_4474_length_1713_cov_2.791565	background	-	-	-	-	1713
NODE_4475_length_1713_cov_1.981663	background	-	-	-	-	1713
NODE_4476_length_1712_cov_2.896636	background	-	-	-	-	1712
NODE_4477_length_1712_cov_1.881346	background	-	-	-	-	1712
NODE_4478_length_1712_cov_1.720489	background	-	-	-	-	1712
NODE_4479_length_1711_cov_13.225826	background	-	-	-	-	1711
NODE_447_length_16200_cov_14.222725	bacterial	NZ_CP011280.1	negative_control	98.5	94.6	16200
NODE_4480_length_1710_cov_3.840784	background	-	-	-	-	1710
NODE_4481_length_1710_cov_2.039192	background	-	-	-	-	1710
NODE_4482_length_1709_cov_2.389706	background	-	-	-	-	1709
NODE_4483_length_1708_cov_6.827100	background	-	-	-	-	1708
NODE_4484_length_1708_cov_2.773758	background	-	-	-	-	1708
NODE_4485_length_1708_cov_2.722256	background	-	-	-	-	1708
NODE_4486_length_1708_cov_1.746168	background	-	-	-	-	1708
NODE_4487_length_1707_cov_3.402454	background	-	-	-	-	1707
NODE_4488_length_1707_cov_2.359509	background	-	-	-	-	1707
NODE_4489_length_1706_cov_54.481277	bacterial	NZ_AP012332.1	negative_control	95.2	99.6	1706
NODE_448_length_16185_cov_9.795195	background	-	-	-	-	16185
NODE_4490_length_1706_cov_2.602210	background	-	-	-	-	1706
NODE_4491_length_1706_cov_2.114180	background	-	-	-	-	1706
NODE_4492_length_1706_cov_1.822591	background	-	-	-	-	1706
NODE_4493_length_1705_cov_44.461916	bacterial	NZ_AP012332.1	negative_control	97.9	84.8	1705
NODE_4494_length_1705_cov_15.485872	background	-	-	-	-	1705
NODE_4495_length_1705_cov_2.798526	background	-	-	-	-	1705
NODE_4496_length_1705_cov_2.792998	background	-	-	-	-	1705
NODE_4497_length_1705_cov_2.713759	background	-	-	-	-	1705
NODE_4498_length_1705_cov_2.211302	background	-	-	-	-	1705
NODE_4499_length_1705_cov_2.087224	background	-	-	-	-	1705
NODE_449_length_16121_cov_5.862067	background	-	-	-	-	16121
NODE_44_length_98727_cov_47.248981	background	-	-	-	-	98727
NODE_4500_length_1703_cov_11.295818	background	-	-	-	-	1703
NODE_4501_length_1703_cov_7.352399	background	-	-	-	-	1703
NODE_4502_length_1703_cov_2.525830	background	-	-	-	-	1703
NODE_4503_length_1702_cov_2.686769	background	-	-	-	-	1702
NODE_4504_length_1702_cov_1.729231	background	-	-	-	-	1702
NODE_4505_length_1701_cov_3.160714	background	-	-	-	-	1701
NODE_4506_length_1701_cov_2.365148	background	-	-	-	-	1701
NODE_4507_length_1701_cov_1.581897	background	-	-	-	-	1701
NODE_4508_length_1701_cov_1.387931	background	-	-	-	-	1701
NODE_4509_length_1700_cov_4.428835	background	-	-	-	-	1700
NODE_450_length_16108_cov_37.541825	background	-	-	-	-	16108
NODE_4510_length_1700_cov_1.598275	background	-	-	-	-	1700
NODE_4511_length_1699_cov_21.906905	background	-	-	-	-	1699
NODE_4512_length_1697_cov_9.737654	background	-	-	-	-	1697
NODE_4513_length_1697_cov_6.509259	background	-	-	-	-	1697
NODE_4514_length_1697_cov_3.166049	background	-	-	-	-	1697
NODE_4515_length_1697_cov_1.964198	background	-	-	-	-	1697
NODE_4516_length_1696_cov_74.659049	background	-	-	-	-	1696
NODE_4517_length_1696_cov_1.965411	background	-	-	-	-	1696
NODE_4518_length_1695_cov_2.772559	background	-	-	-	-	1695
NODE_4519_length_1694_cov_86.306122	bacterial	NZ_CP065631.1	negative_control	96.5	100.0	1694
NODE_451_length_16104_cov_117.720285	background	-	-	-	-	16104
NODE_4520_length_1694_cov_34.339518	background	-	-	-	-	1694
NODE_4521_length_1694_cov_9.439085	background	-	-	-	-	1694
NODE_4522_length_1694_cov_3.699443	background	-	-	-	-	1694
NODE_4523_length_1694_cov_2.520099	background	-	-	-	-	1694
NODE_4524_length_1693_cov_114.253094	background	-	-	-	-	1693
NODE_4525_length_1693_cov_5.646658	background	-	-	-	-	1693
NODE_4526_length_1693_cov_4.975866	background	-	-	-	-	1693
NODE_4527_length_1693_cov_4.196163	background	-	-	-	-	1693
NODE_4528_length_1693_cov_3.459777	background	-	-	-	-	1693
NODE_4529_length_1692_cov_2.730031	background	-	-	-	-	1692
NODE_452_length_16103_cov_73.166979	background	-	-	-	-	16103
NODE_4530_length_1692_cov_2.399381	background	-	-	-	-	1692
NODE_4531_length_1692_cov_1.891641	background	-	-	-	-	1692
NODE_4532_length_1692_cov_1.798142	background	-	-	-	-	1692
NODE_4533_length_1691_cov_2.928748	background	-	-	-	-	1691
NODE_4534_length_1691_cov_1.832094	background	-	-	-	-	1691
NODE_4535_length_1690_cov_1.789213	background	-	-	-	-	1690
NODE_4536_length_1689_cov_4.250000	background	-	-	-	-	1689
NODE_4537_length_1689_cov_2.441687	background	-	-	-	-	1689
NODE_4538_length_1688_cov_3.380509	background	-	-	-	-	1688
NODE_4539_length_1688_cov_2.171943	background	-	-	-	-	1688
NODE_453_length_16101_cov_4.934473	background	-	-	-	-	16101
NODE_4540_length_1686_cov_2.825979	background	-	-	-	-	1686
NODE_4541_length_1686_cov_1.834058	background	-	-	-	-	1686
NODE_4542_length_1685_cov_162.525498	bacterial	NZ_AFIJ01000026.1	negative_control	99.0	93.2	1685
NODE_4543_length_1685_cov_7.343905	background	-	-	-	-	1685
NODE_4544_length_1685_cov_3.544776	background	-	-	-	-	1685
NODE_4545_length_1685_cov_1.687811	background	-	-	-	-	1685
NODE_4546_length_1682_cov_9.184424	background	-	-	-	-	1682
NODE_4547_length_1682_cov_2.400623	background	-	-	-	-	1682
NODE_4548_length_1682_cov_1.857321	background	-	-	-	-	1682
NODE_4549_length_1681_cov_10.943267	background	-	-	-	-	1681
NODE_454_length_16064_cov_6.291487	background	-	-	-	-	16064
NODE_4550_length_1681_cov_2.414589	background	-	-	-	-	1681
NODE_4551_length_1680_cov_7.547099	background	-	-	-	-	1680
NODE_4552_length_1679_cov_6.599251	background	-	-	-	-	1679
NODE_4553_length_1678_cov_19.031230	background	-	-	-	-	1678
NODE_4554_length_1678_cov_4.790131	background	-	-	-	-	1678
NODE_4555_length_1677_cov_50.745625	bacterial	NZ_AP012332.1	negative_control	96.0	80.8	1677
NODE_4556_length_1677_cov_38.394375	background	-	-	-	-	1677
NODE_4557_length_1677_cov_2.590000	background	-	-	-	-	1677
NODE_4558_length_1677_cov_2.380000	background	-	-	-	-	1677
NODE_4559_length_1677_cov_2.181875	background	-	-	-	-	1677
NODE_455_length_16037_cov_1092.606704	background	-	-	-	-	16037
NODE_4560_length_1676_cov_11.006879	background	-	-	-	-	1676
NODE_4561_length_1676_cov_7.104440	background	-	-	-	-	1676
NODE_4562_length_1676_cov_3.652908	background	-	-	-	-	1676
NODE_4563_length_1676_cov_3.497186	background	-	-	-	-	1676
NODE_4564_length_1675_cov_11.102003	background	-	-	-	-	1675
NODE_4565_length_1675_cov_10.185232	background	-	-	-	-	1675
NODE_4566_length_1674_cov_6.182843	background	-	-	-	-	1674
NODE_4567_length_1674_cov_3.430182	background	-	-	-	-	1674
NODE_4568_length_1674_cov_3.393237	background	-	-	-	-	1674
NODE_4569_length_1674_cov_3.073262	background	-	-	-	-	1674
NODE_456_length_16000_cov_7.233813	background	-	-	-	-	16000
NODE_4570_length_1674_cov_1.621165	background	-	-	-	-	1674
NODE_4571_length_1673_cov_1.791353	background	-	-	-	-	1673
NODE_4572_length_1673_cov_1.775063	background	-	-	-	-	1673
NODE_4573_length_1671_cov_116.157465	bacterial	NZ_AFIJ01000007.1	negative_control	99.0	100.0	1671
NODE_4574_length_1671_cov_2.820577	background	-	-	-	-	1671
NODE_4575_length_1671_cov_1.771016	background	-	-	-	-	1671
NODE_4576_length_1671_cov_1.668758	viral	NC_007924.1	lactobacillus_phage	99.9	100.0	1671
NODE_4577_length_1670_cov_24.077841	background	-	-	-	-	1670
NODE_4578_length_1670_cov_10.169492	background	-	-	-	-	1670
NODE_4579_length_1670_cov_6.404896	background	-	-	-	-	1670
NODE_457_length_16000_cov_3.961691	background	-	-	-	-	16000
NODE_4580_length_1670_cov_1.562461	background	-	-	-	-	1670
NODE_4581_length_1669_cov_3.828518	background	-	-	-	-	1669
NODE_4582_length_1669_cov_2.570352	background	-	-	-	-	1669
NODE_4583_length_1669_cov_2.413945	background	-	-	-	-	1669
NODE_4584_length_1669_cov_2.275126	background	-	-	-	-	1669
NODE_4585_length_1668_cov_58.289755	background	-	-	-	-	1668
NODE_4586_length_1668_cov_2.584538	background	-	-	-	-	1668
NODE_4587_length_1668_cov_1.912634	background	-	-	-	-	1668
NODE_4588_length_1666_cov_4.501573	background	-	-	-	-	1666
NODE_4589_length_1666_cov_1.816237	background	-	-	-	-	1666
NODE_458_length_15990_cov_3.174449	background	-	-	-	-	15990
NODE_4590_length_1666_cov_1.783512	background	-	-	-	-	1666
NODE_4591_length_1665_cov_4.390428	background	-	-	-	-	1665
NODE_4592_length_1665_cov_2.617758	background	-	-	-	-	1665
NODE_4593_length_1665_cov_1.674433	background	-	-	-	-	1665
NODE_4594_length_1664_cov_106.761185	background	-	-	-	-	1664
NODE_4595_length_1664_cov_51.909263	background	-	-	-	-	1664
NODE_4596_length_1664_cov_10.742281	background	-	-	-	-	1664
NODE_4597_length_1664_cov_2.234405	background	-	-	-	-	1664
NODE_4598_length_1663_cov_4.496847	background	-	-	-	-	1663
NODE_4599_length_1663_cov_2.239596	background	-	-	-	-	1663
NODE_459_length_15988_cov_8.425806	background	-	-	-	-	15988
NODE_45_length_97460_cov_129.257530	background	-	-	-	-	97460
NODE_4600_length_1662_cov_87.936909	background	-	-	-	-	1662
NODE_4601_length_1662_cov_2.331861	background	-	-	-	-	1662
NODE_4602_length_1662_cov_1.447319	background	-	-	-	-	1662
NODE_4603_length_1661_cov_1.977273	background	-	-	-	-	1661
NODE_4604_length_1660_cov_4.315856	background	-	-	-	-	1660
NODE_4605_length_1660_cov_3.125711	background	-	-	-	-	1660
NODE_4606_length_1659_cov_92.866625	bacterial	NZ_CP065631.1	negative_control	97.9	99.8	1659
NODE_4607_length_1659_cov_4.192162	background	-	-	-	-	1659
NODE_4608_length_1658_cov_2.834282	background	-	-	-	-	1658
NODE_4609_length_1658_cov_2.129032	background	-	-	-	-	1658
NODE_460_length_15967_cov_9.512461	background	-	-	-	-	15967
NODE_4610_length_1657_cov_8.369620	background	-	-	-	-	1657
NODE_4611_length_1657_cov_2.847468	background	-	-	-	-	1657
NODE_4612_length_1657_cov_1.884177	background	-	-	-	-	1657
NODE_4613_length_1656_cov_3.039265	background	-	-	-	-	1656
NODE_4614_length_1656_cov_2.530716	background	-	-	-	-	1656
NODE_4615_length_1656_cov_1.976567	background	-	-	-	-	1656
NODE_4616_length_1656_cov_1.801140	background	-	-	-	-	1656
NODE_4617_length_1656_cov_1.326789	background	-	-	-	-	1656
NODE_4618_length_1656_cov_1.108296	background	-	-	-	-	1656
NODE_4619_length_1655_cov_72.517110	background	-	-	-	-	1655
NODE_461_length_15879_cov_32.695418	background	-	-	-	-	15879
NODE_4620_length_1655_cov_48.964512	bacterial	NZ_AP012332.1	negative_control	98.4	100.0	1655
NODE_4621_length_1655_cov_4.452471	background	-	-	-	-	1655
NODE_4622_length_1655_cov_1.955640	background	-	-	-	-	1655
NODE_4623_length_1655_cov_1.363752	background	-	-	-	-	1655
NODE_4624_length_1654_cov_61.796449	background	-	-	-	-	1654
NODE_4625_length_1654_cov_2.799620	background	-	-	-	-	1654
NODE_4626_length_1654_cov_2.377299	background	-	-	-	-	1654
NODE_4627_length_1653_cov_6.930838	background	-	-	-	-	1653
NODE_4628_length_1653_cov_2.347081	background	-	-	-	-	1653
NODE_4629_length_1652_cov_33.848889	background	-	-	-	-	1652
NODE_462_length_15703_cov_13.173621	background	-	-	-	-	15703
NODE_4630_length_1651_cov_21.536213	background	-	-	-	-	1651
NODE_4631_length_1651_cov_5.367853	background	-	-	-	-	1651
NODE_4632_length_1651_cov_2.567344	background	-	-	-	-	1651
NODE_4633_length_1651_cov_2.528590	background	-	-	-	-	1651
NODE_4634_length_1651_cov_1.715375	background	-	-	-	-	1651
NODE_4635_length_1651_cov_1.547014	background	-	-	-	-	1651
NODE_4636_length_1650_cov_34.534011	background	-	-	-	-	1650
NODE_4637_length_1650_cov_22.232041	background	-	-	-	-	1650
NODE_4638_length_1650_cov_2.698665	background	-	-	-	-	1650
NODE_4639_length_1650_cov_1.486968	background	-	-	-	-	1650
NODE_463_length_15613_cov_32.768795	bacterial	NZ_AP012332.1	negative_control	98.7	100.0	15613
NODE_4640_length_1649_cov_115.373410	bacterial	NZ_CP065631.1	negative_control	97.4	98.7	1649
NODE_4641_length_1649_cov_80.245547	background	-	-	-	-	1649
NODE_4642_length_1649_cov_4.410941	background	-	-	-	-	1649
NODE_4643_length_1649_cov_2.152672	background	-	-	-	-	1649
NODE_4644_length_1649_cov_1.810433	background	-	-	-	-	1649
NODE_4645_length_1647_cov_2.670064	background	-	-	-	-	1647
NODE_4646_length_1646_cov_2.288719	background	-	-	-	-	1646
NODE_4647_length_1646_cov_2.067559	background	-	-	-	-	1646
NODE_4648_length_1646_cov_1.852135	background	-	-	-	-	1646
NODE_4649_length_1646_cov_1.602932	background	-	-	-	-	1646
NODE_464_length_15583_cov_5.381594	background	-	-	-	-	15583
NODE_4650_length_1645_cov_3.633929	background	-	-	-	-	1645
NODE_4651_length_1645_cov_1.321429	background	-	-	-	-	1645
NODE_4652_length_1644_cov_1.713465	background	-	-	-	-	1644
NODE_4653_length_1643_cov_9.083014	background	-	-	-	-	1643
NODE_4654_length_1643_cov_4.450830	background	-	-	-	-	1643
NODE_4655_length_1643_cov_2.650702	background	-	-	-	-	1643
NODE_4656_length_1643_cov_2.459132	background	-	-	-	-	1643
NODE_4657_length_1642_cov_11.644089	background	-	-	-	-	1642
NODE_4658_length_1642_cov_1.998722	background	-	-	-	-	1642
NODE_4659_length_1642_cov_1.732268	background	-	-	-	-	1642
NODE_465_length_15563_cov_110.506651	background	-	-	-	-	15563
NODE_4660_length_1640_cov_3.310301	background	-	-	-	-	1640
NODE_4661_length_1640_cov_3.230326	background	-	-	-	-	1640
NODE_4662_length_1640_cov_2.401152	background	-	-	-	-	1640
NODE_4663_length_1639_cov_14.022407	background	-	-	-	-	1639
NODE_4664_length_1639_cov_10.512164	background	-	-	-	-	1639
NODE_4665_length_1639_cov_2.886684	background	-	-	-	-	1639
NODE_4666_length_1639_cov_2.683099	background	-	-	-	-	1639
NODE_4667_length_1639_cov_1.964789	background	-	-	-	-	1639
NODE_4668_length_1639_cov_1.752881	background	-	-	-	-	1639
NODE_4669_length_1637_cov_2.145513	background	-	-	-	-	1637
NODE_466_length_15561_cov_5.057866	background	-	-	-	-	15561
NODE_4670_length_1637_cov_1.959615	background	-	-	-	-	1637
NODE_4671_length_1637_cov_1.635897	background	-	-	-	-	1637
NODE_4672_length_1637_cov_1.423077	background	-	-	-	-	1637
NODE_4673_length_1636_cov_2.595253	background	-	-	-	-	1636
NODE_4674_length_1635_cov_27.959564	background	-	-	-	-	1635
NODE_4675_length_1635_cov_7.356868	background	-	-	-	-	1635
NODE_4676_length_1635_cov_2.603338	background	-	-	-	-	1635
NODE_4677_length_1635_cov_2.566110	background	-	-	-	-	1635
NODE_4678_length_1635_cov_2.318357	background	-	-	-	-	1635
NODE_4679_length_1635_cov_2.202182	background	-	-	-	-	1635
NODE_467_length_15558_cov_12.485369	background	-	-	-	-	15558
NODE_4680_length_1634_cov_2.861914	background	-	-	-	-	1634
NODE_4681_length_1634_cov_2.379576	background	-	-	-	-	1634
NODE_4682_length_1634_cov_2.094412	background	-	-	-	-	1634
NODE_4683_length_1632_cov_43.895177	background	-	-	-	-	1632
NODE_4684_length_1632_cov_17.275241	background	-	-	-	-	1632
NODE_4685_length_1632_cov_2.119614	background	-	-	-	-	1632
NODE_4686_length_1631_cov_3.124196	background	-	-	-	-	1631
NODE_4687_length_1631_cov_2.312741	background	-	-	-	-	1631
NODE_4688_length_1631_cov_1.845560	background	-	-	-	-	1631
NODE_4689_length_1630_cov_11.863490	background	-	-	-	-	1630
NODE_468_length_15510_cov_11.554396	background	-	-	-	-	15510
NODE_4690_length_1629_cov_12.157216	background	-	-	-	-	1629
NODE_4691_length_1628_cov_7.117344	background	-	-	-	-	1628
NODE_4692_length_1628_cov_2.624113	background	-	-	-	-	1628
NODE_4693_length_1627_cov_5.009677	background	-	-	-	-	1627
NODE_4694_length_1627_cov_1.907742	background	-	-	-	-	1627
NODE_4695_length_1627_cov_1.576774	viral	NC_001798.2	herpesvirus	99.8	98.1	1627
NODE_4696_length_1626_cov_91.996127	background	-	-	-	-	1626
NODE_4697_length_1626_cov_2.130407	background	-	-	-	-	1626
NODE_4698_length_1625_cov_2.151163	background	-	-	-	-	1625
NODE_4699_length_1624_cov_8.022624	background	-	-	-	-	1624
NODE_469_length_15453_cov_19.499805	background	-	-	-	-	15453
NODE_46_length_96963_cov_9.255651	background	-	-	-	-	96963
NODE_4700_length_1624_cov_4.200388	background	-	-	-	-	1624
NODE_4701_length_1624_cov_2.394958	background	-	-	-	-	1624
NODE_4702_length_1624_cov_1.626374	background	-	-	-	-	1624
NODE_4703_length_1624_cov_1.579186	background	-	-	-	-	1624
NODE_4704_length_1623_cov_6.279431	background	-	-	-	-	1623
NODE_4705_length_1623_cov_2.276197	background	-	-	-	-	1623
NODE_4706_length_1623_cov_1.675291	background	-	-	-	-	1623
NODE_4707_length_1622_cov_29.890615	background	-	-	-	-	1622
NODE_4708_length_1622_cov_19.615534	background	-	-	-	-	1622
NODE_4709_length_1622_cov_3.634951	background	-	-	-	-	1622
NODE_470_length_15451_cov_4.450501	background	-	-	-	-	15451
NODE_4710_length_1622_cov_2.429773	background	-	-	-	-	1622
NODE_4711_length_1622_cov_2.391586	background	-	-	-	-	1622
NODE_4712_length_1622_cov_1.411003	viral	NC_011801.1	lactobacillus_phage	99.9	100.0	1622
NODE_4713_length_1621_cov_205.252591	background	-	-	-	-	1621
NODE_4714_length_1621_cov_83.345855	bacterial	NZ_CP065631.1	negative_control	97.6	97.1	1621
NODE_4715_length_1621_cov_2.108808	background	-	-	-	-	1621
NODE_4716_length_1620_cov_11.425146	background	-	-	-	-	1620
NODE_4717_length_1620_cov_2.116008	background	-	-	-	-	1620
NODE_4718_length_1620_cov_2.060920	background	-	-	-	-	1620
NODE_4719_length_1620_cov_1.918341	background	-	-	-	-	1620
NODE_471_length_15444_cov_12.983601	bacterial	NZ_CP011280.1	negative_control	99.0	100.0	15444
NODE_4720_length_1619_cov_3.911154	background	-	-	-	-	1619
NODE_4721_length_1619_cov_3.020752	background	-	-	-	-	1619
NODE_4722_length_1619_cov_2.892996	background	-	-	-	-	1619
NODE_4723_length_1618_cov_12.935107	background	-	-	-	-	1618
NODE_4724_length_1618_cov_2.941596	background	-	-	-	-	1618
NODE_4725_length_1617_cov_20.866234	background	-	-	-	-	1617
NODE_4726_length_1617_cov_10.879870	background	-	-	-	-	1617
NODE_4727_length_1617_cov_6.253247	background	-	-	-	-	1617
NODE_4728_length_1617_cov_2.801948	background	-	-	-	-	1617
NODE_4729_length_1616_cov_56.275504	background	-	-	-	-	1616
NODE_472_length_15430_cov_7.263857	background	-	-	-	-	15430
NODE_4730_length_1616_cov_2.482781	background	-	-	-	-	1616
NODE_4731_length_1615_cov_53.625488	background	-	-	-	-	1615
NODE_4732_length_1615_cov_6.882315	background	-	-	-	-	1615
NODE_4733_length_1615_cov_6.823147	background	-	-	-	-	1615
NODE_4734_length_1615_cov_2.892068	background	-	-	-	-	1615
NODE_4735_length_1615_cov_2.396619	background	-	-	-	-	1615
NODE_4736_length_1615_cov_2.220416	background	-	-	-	-	1615
NODE_4737_length_1615_cov_2.111183	background	-	-	-	-	1615
NODE_4738_length_1614_cov_4.325960	background	-	-	-	-	1614
NODE_4739_length_1614_cov_2.350033	background	-	-	-	-	1614
NODE_473_length_15416_cov_11.323033	background	-	-	-	-	15416
NODE_4740_length_1613_cov_94.737630	bacterial	NZ_CP065631.1	negative_control	97.9	82.8	1613
NODE_4741_length_1613_cov_25.626953	background	-	-	-	-	1613
NODE_4742_length_1613_cov_2.406901	background	-	-	-	-	1613
NODE_4743_length_1612_cov_5.157003	background	-	-	-	-	1612
NODE_4744_length_1612_cov_2.603257	background	-	-	-	-	1612
NODE_4745_length_1612_cov_2.024756	background	-	-	-	-	1612
NODE_4746_length_1611_cov_3.726206	background	-	-	-	-	1611
NODE_4747_length_1611_cov_2.578227	background	-	-	-	-	1611
NODE_4748_length_1611_cov_1.679922	background	-	-	-	-	1611
NODE_4749_length_1610_cov_10.286367	background	-	-	-	-	1610
NODE_474_length_15393_cov_11.361909	background	-	-	-	-	15393
NODE_4750_length_1609_cov_2.560052	background	-	-	-	-	1609
NODE_4751_length_1609_cov_2.311358	background	-	-	-	-	1609
NODE_4752_length_1609_cov_2.066580	background	-	-	-	-	1609
NODE_4753_length_1608_cov_2.041150	background	-	-	-	-	1608
NODE_4754_length_1608_cov_1.556499	viral	NC_001806.2	herpesvirus	99.9	98.4	1608
NODE_4755_length_1607_cov_1.656209	background	-	-	-	-	1607
NODE_4756_length_1606_cov_9.329627	background	-	-	-	-	1606
NODE_4757_length_1606_cov_3.049052	background	-	-	-	-	1606
NODE_4758_length_1606_cov_2.287770	background	-	-	-	-	1606
NODE_4759_length_1606_cov_2.090255	background	-	-	-	-	1606
NODE_475_length_15348_cov_70.531006	background	-	-	-	-	15348
NODE_4760_length_1606_cov_1.778940	background	-	-	-	-	1606
NODE_4761_length_1605_cov_3.254581	background	-	-	-	-	1605
NODE_4762_length_1605_cov_1.961387	background	-	-	-	-	1605
NODE_4763_length_1605_cov_1.925393	background	-	-	-	-	1605
NODE_4764_length_1604_cov_70.991487	bacterial	NZ_CP065631.1	negative_control	96.2	86.0	1604
NODE_4765_length_1604_cov_10.479371	bacterial	NZ_AP012332.1	negative_control	98.3	99.9	1604
NODE_4766_length_1604_cov_2.713818	background	-	-	-	-	1604
NODE_4767_length_1604_cov_1.938441	background	-	-	-	-	1604
NODE_4768_length_1602_cov_521.647869	bacterial	NZ_CP065631.1	negative_control	99.9	100.0	1602
NODE_4769_length_1602_cov_6.215738	background	-	-	-	-	1602
NODE_476_length_15280_cov_6.703677	background	-	-	-	-	15280
NODE_4770_length_1602_cov_4.721967	background	-	-	-	-	1602
NODE_4771_length_1602_cov_2.592787	background	-	-	-	-	1602
NODE_4772_length_1602_cov_1.746230	background	-	-	-	-	1602
NODE_4773_length_1601_cov_79.721129	background	-	-	-	-	1601
NODE_4774_length_1601_cov_55.070866	background	-	-	-	-	1601
NODE_4775_length_1601_cov_13.580709	background	-	-	-	-	1601
NODE_4776_length_1601_cov_12.770341	background	-	-	-	-	1601
NODE_4777_length_1601_cov_6.673885	background	-	-	-	-	1601
NODE_4778_length_1601_cov_2.821522	background	-	-	-	-	1601
NODE_4779_length_1601_cov_2.019029	background	-	-	-	-	1601
NODE_477_length_15279_cov_4.181884	background	-	-	-	-	15279
NODE_4780_length_1601_cov_1.796588	background	-	-	-	-	1601
NODE_4781_length_1601_cov_1.721785	background	-	-	-	-	1601
NODE_4782_length_1600_cov_3.829284	background	-	-	-	-	1600
NODE_4783_length_1600_cov_2.937623	background	-	-	-	-	1600
NODE_4784_length_1600_cov_2.541037	background	-	-	-	-	1600
NODE_4785_length_1600_cov_1.916612	background	-	-	-	-	1600
NODE_4786_length_1599_cov_2.373193	background	-	-	-	-	1599
NODE_4787_length_1599_cov_1.988830	background	-	-	-	-	1599
NODE_4788_length_1597_cov_157.613816	bacterial	NZ_CP065631.1	negative_control	97.1	100.0	1597
NODE_4789_length_1597_cov_2.532895	background	-	-	-	-	1597
NODE_478_length_15259_cov_19.627585	background	-	-	-	-	15259
NODE_4790_length_1597_cov_2.165789	background	-	-	-	-	1597
NODE_4791_length_1597_cov_1.954605	background	-	-	-	-	1597
NODE_4792_length_1596_cov_50.618170	background	-	-	-	-	1596
NODE_4793_length_1596_cov_20.660303	background	-	-	-	-	1596
NODE_4794_length_1596_cov_3.466754	background	-	-	-	-	1596
NODE_4795_length_1596_cov_2.895326	background	-	-	-	-	1596
NODE_4796_length_1596_cov_2.358789	background	-	-	-	-	1596
NODE_4797_length_1595_cov_115.704216	background	-	-	-	-	1595
NODE_4798_length_1595_cov_9.787879	background	-	-	-	-	1595
NODE_4799_length_1595_cov_1.250329	background	-	-	-	-	1595
NODE_479_length_15245_cov_70.562830	background	-	-	-	-	15245
NODE_47_length_96571_cov_43.640827	background	-	-	-	-	96571
NODE_4800_length_1594_cov_3.252472	background	-	-	-	-	1594
NODE_4801_length_1594_cov_1.791035	background	-	-	-	-	1594
NODE_4802_length_1593_cov_2.199868	background	-	-	-	-	1593
NODE_4803_length_1593_cov_1.798153	background	-	-	-	-	1593
NODE_4804_length_1592_cov_111.504950	bacterial	NZ_CP065631.1	negative_control	98.7	100.0	1592
NODE_4805_length_1592_cov_4.285149	background	-	-	-	-	1592
NODE_4806_length_1592_cov_4.023102	background	-	-	-	-	1592
NODE_4807_length_1592_cov_3.584158	background	-	-	-	-	1592
NODE_4808_length_1592_cov_2.390759	viral	NC_001806.2	herpesvirus	100.0	100.0	1592
NODE_4809_length_1592_cov_2.140594	background	-	-	-	-	1592
NODE_480_length_15230_cov_127.241404	background	-	-	-	-	15230
NODE_4810_length_1591_cov_1.960370	background	-	-	-	-	1591
NODE_4811_length_1591_cov_1.691546	background	-	-	-	-	1591
NODE_4812_length_1591_cov_1.596433	viral	IMGVR_UViG_3300045988_083571	megasphaera_phage	97.7	100.0	1591
NODE_4813_length_1591_cov_1.466314	background	-	-	-	-	1591
NODE_4814_length_1591_cov_1.202774	background	-	-	-	-	1591
NODE_4815_length_1590_cov_1.232650	background	-	-	-	-	1590
NODE_4816_length_1589_cov_2.753307	background	-	-	-	-	1589
NODE_4817_length_1589_cov_1.593915	background	-	-	-	-	1589
NODE_4818_length_1588_cov_23.231635	background	-	-	-	-	1588
NODE_4819_length_1588_cov_4.858372	background	-	-	-	-	1588
NODE_481_length_15217_cov_3.494254	background	-	-	-	-	15217
NODE_4820_length_1588_cov_2.583058	background	-	-	-	-	1588
NODE_4821_length_1587_cov_63.047682	bacterial	NZ_CP065631.1	negative_control	96.2	100.0	1587
NODE_4822_length_1587_cov_2.993377	background	-	-	-	-	1587
NODE_4823_length_1587_cov_2.243046	background	-	-	-	-	1587
NODE_4824_length_1587_cov_2.117881	background	-	-	-	-	1587
NODE_4825_length_1585_cov_2.748011	background	-	-	-	-	1585
NODE_4826_length_1585_cov_2.095491	background	-	-	-	-	1585
NODE_4827_length_1585_cov_1.876658	background	-	-	-	-	1585
NODE_4828_length_1585_cov_1.147215	background	-	-	-	-	1585
NODE_4829_length_1584_cov_5.639018	background	-	-	-	-	1584
NODE_482_length_15197_cov_3.919312	background	-	-	-	-	15197
NODE_4830_length_1584_cov_3.163902	background	-	-	-	-	1584
NODE_4831_length_1582_cov_26.367442	background	-	-	-	-	1582
NODE_4832_length_1582_cov_3.783389	background	-	-	-	-	1582
NODE_4833_length_1582_cov_3.656478	background	-	-	-	-	1582
NODE_4834_length_1582_cov_2.065781	background	-	-	-	-	1582
NODE_4835_length_1581_cov_42.482048	background	-	-	-	-	1581
NODE_4836_length_1581_cov_2.685505	background	-	-	-	-	1581
NODE_4837_length_1581_cov_2.541888	background	-	-	-	-	1581
NODE_4838_length_1581_cov_2.262633	viral	NC_001806.2	herpesvirus	100.0	100.0	1581
NODE_4839_length_1580_cov_10.000000	background	-	-	-	-	1580
NODE_483_length_15195_cov_50.171054	background	-	-	-	-	15195
NODE_4840_length_1580_cov_2.658683	background	-	-	-	-	1580
NODE_4841_length_1579_cov_2.941411	background	-	-	-	-	1579
NODE_4842_length_1579_cov_2.087883	background	-	-	-	-	1579
NODE_4843_length_1578_cov_3.836775	background	-	-	-	-	1578
NODE_4844_length_1577_cov_31.780667	background	-	-	-	-	1577
NODE_4845_length_1577_cov_2.774667	background	-	-	-	-	1577
NODE_4846_length_1577_cov_2.722000	background	-	-	-	-	1577
NODE_4847_length_1577_cov_2.512667	background	-	-	-	-	1577
NODE_4848_length_1577_cov_1.778000	background	-	-	-	-	1577
NODE_4849_length_1577_cov_1.646000	background	-	-	-	-	1577
NODE_484_length_15195_cov_34.230388	background	-	-	-	-	15195
NODE_4850_length_1576_cov_36.509006	background	-	-	-	-	1576
NODE_4851_length_1576_cov_1.974650	background	-	-	-	-	1576
NODE_4852_length_1576_cov_1.917945	background	-	-	-	-	1576
NODE_4853_length_1576_cov_1.545697	background	-	-	-	-	1576
NODE_4854_length_1576_cov_1.431621	background	-	-	-	-	1576
NODE_4855_length_1574_cov_14.323981	background	-	-	-	-	1574
NODE_4856_length_1574_cov_7.452238	background	-	-	-	-	1574
NODE_4857_length_1574_cov_5.212425	background	-	-	-	-	1574
NODE_4858_length_1574_cov_4.265197	background	-	-	-	-	1574
NODE_4859_length_1574_cov_3.064796	background	-	-	-	-	1574
NODE_485_length_15131_cov_11.010628	background	-	-	-	-	15131
NODE_4860_length_1573_cov_146.859626	background	-	-	-	-	1573
NODE_4861_length_1572_cov_42.383278	background	-	-	-	-	1572
NODE_4862_length_1572_cov_4.416722	background	-	-	-	-	1572
NODE_4863_length_1572_cov_2.565217	background	-	-	-	-	1572
NODE_4864_length_1572_cov_1.682943	viral	IMGVR_UViG_3300045988_117760	megasphaera_phage	97.4	100.0	1572
NODE_4865_length_1571_cov_34.406961	background	-	-	-	-	1571
NODE_4866_length_1571_cov_3.240295	background	-	-	-	-	1571
NODE_4867_length_1571_cov_2.552878	background	-	-	-	-	1571
NODE_4868_length_1571_cov_1.374163	background	-	-	-	-	1571
NODE_4869_length_1570_cov_12.910918	background	-	-	-	-	1570
NODE_486_length_15099_cov_12.978831	bacterial	NZ_CP011280.1	negative_control	99.0	100.0	15099
NODE_4870_length_1570_cov_2.744139	background	-	-	-	-	1570
NODE_4871_length_1570_cov_2.379102	background	-	-	-	-	1570
NODE_4872_length_1570_cov_2.178165	background	-	-	-	-	1570
NODE_4873_length_1569_cov_7.183646	background	-	-	-	-	1569
NODE_4874_length_1569_cov_1.782842	background	-	-	-	-	1569
NODE_4875_length_1569_cov_1.579088	viral	NC_001798.2	herpesvirus	99.9	99.2	1569
NODE_4876_length_1568_cov_4.597586	background	-	-	-	-	1568
NODE_4877_length_1568_cov_2.849765	background	-	-	-	-	1568
NODE_4878_length_1567_cov_2.284564	background	-	-	-	-	1567
NODE_4879_length_1567_cov_1.214765	viral	NC_011801.1	lactobacillus_phage	99.9	100.0	1567
NODE_487_length_15035_cov_62.534363	background	-	-	-	-	15035
NODE_4880_length_1566_cov_19.933512	background	-	-	-	-	1566
NODE_4881_length_1566_cov_2.037609	background	-	-	-	-	1566
NODE_4882_length_1566_cov_1.635997	background	-	-	-	-	1566
NODE_4883_length_1565_cov_12.491263	background	-	-	-	-	1565
NODE_4884_length_1565_cov_2.462366	background	-	-	-	-	1565
NODE_4885_length_1565_cov_2.387097	background	-	-	-	-	1565
NODE_4886_length_1565_cov_2.135753	background	-	-	-	-	1565
NODE_4887_length_1565_cov_1.989247	background	-	-	-	-	1565
NODE_4888_length_1565_cov_1.881048	background	-	-	-	-	1565
NODE_4889_length_1565_cov_1.840054	background	-	-	-	-	1565
NODE_488_length_15026_cov_20.239615	background	-	-	-	-	15026
NODE_4890_length_1564_cov_15.921318	background	-	-	-	-	1564
NODE_4891_length_1564_cov_5.319435	background	-	-	-	-	1564
NODE_4892_length_1564_cov_2.032280	background	-	-	-	-	1564
NODE_4893_length_1564_cov_1.889711	background	-	-	-	-	1564
NODE_4894_length_1564_cov_1.610625	background	-	-	-	-	1564
NODE_4895_length_1563_cov_2.467026	background	-	-	-	-	1563
NODE_4896_length_1563_cov_1.853970	background	-	-	-	-	1563
NODE_4897_length_1562_cov_16.131313	background	-	-	-	-	1562
NODE_4898_length_1562_cov_3.220875	background	-	-	-	-	1562
NODE_4899_length_1562_cov_2.785859	background	-	-	-	-	1562
NODE_489_length_14979_cov_11.971145	bacterial	NZ_CP011280.1	negative_control	99.2	100.0	14979
NODE_48_length_93867_cov_58.706237	background	-	-	-	-	93867
NODE_4900_length_1562_cov_1.383165	background	-	-	-	-	1562
NODE_4901_length_1561_cov_15.615903	background	-	-	-	-	1561
NODE_4902_length_1561_cov_1.595687	background	-	-	-	-	1561
NODE_4903_length_1560_cov_6.081591	background	-	-	-	-	1560
NODE_4904_length_1559_cov_73.059379	background	-	-	-	-	1559
NODE_4905_length_1559_cov_3.513495	background	-	-	-	-	1559
NODE_4906_length_1559_cov_2.279352	background	-	-	-	-	1559
NODE_4907_length_1558_cov_12.158001	background	-	-	-	-	1558
NODE_4908_length_1558_cov_8.082377	background	-	-	-	-	1558
NODE_4909_length_1558_cov_4.111411	background	-	-	-	-	1558
NODE_490_length_14940_cov_10.040032	background	-	-	-	-	14940
NODE_4910_length_1557_cov_2.298649	background	-	-	-	-	1557
NODE_4911_length_1557_cov_2.193243	background	-	-	-	-	1557
NODE_4912_length_1556_cov_2.044625	background	-	-	-	-	1556
NODE_4913_length_1555_cov_157.495264	background	-	-	-	-	1555
NODE_4914_length_1555_cov_2.349797	background	-	-	-	-	1555
NODE_4915_length_1555_cov_1.802436	background	-	-	-	-	1555
NODE_4916_length_1554_cov_59.128639	background	-	-	-	-	1554
NODE_4917_length_1554_cov_4.816520	background	-	-	-	-	1554
NODE_4918_length_1554_cov_1.803656	background	-	-	-	-	1554
NODE_4919_length_1554_cov_1.799594	background	-	-	-	-	1554
NODE_491_length_14931_cov_4.708159	background	-	-	-	-	14931
NODE_4920_length_1553_cov_1.875339	background	-	-	-	-	1553
NODE_4921_length_1553_cov_1.777100	background	-	-	-	-	1553
NODE_4922_length_1552_cov_4.415593	background	-	-	-	-	1552
NODE_4923_length_1551_cov_2.562415	background	-	-	-	-	1551
NODE_4924_length_1551_cov_2.477612	background	-	-	-	-	1551
NODE_4925_length_1550_cov_10.023082	background	-	-	-	-	1550
NODE_4926_length_1550_cov_3.279701	background	-	-	-	-	1550
NODE_4927_length_1550_cov_3.040054	background	-	-	-	-	1550
NODE_4928_length_1550_cov_2.863544	background	-	-	-	-	1550
NODE_4929_length_1549_cov_50.526495	background	-	-	-	-	1549
NODE_492_length_14927_cov_4.238316	background	-	-	-	-	14927
NODE_4930_length_1549_cov_2.391984	background	-	-	-	-	1549
NODE_4931_length_1549_cov_2.312500	background	-	-	-	-	1549
NODE_4932_length_1548_cov_119.721958	background	-	-	-	-	1548
NODE_4933_length_1548_cov_11.595513	background	-	-	-	-	1548
NODE_4934_length_1548_cov_5.773623	background	-	-	-	-	1548
NODE_4935_length_1547_cov_178.904082	background	-	-	-	-	1547
NODE_4936_length_1547_cov_3.615646	background	-	-	-	-	1547
NODE_4937_length_1547_cov_2.782993	background	-	-	-	-	1547
NODE_4938_length_1547_cov_2.221088	background	-	-	-	-	1547
NODE_4939_length_1546_cov_2.685500	background	-	-	-	-	1546
NODE_493_length_14921_cov_119.060294	background	-	-	-	-	14921
NODE_4940_length_1546_cov_2.402995	background	-	-	-	-	1546
NODE_4941_length_1546_cov_2.144997	background	-	-	-	-	1546
NODE_4942_length_1546_cov_1.862491	background	-	-	-	-	1546
NODE_4943_length_1545_cov_70.008174	background	-	-	-	-	1545
NODE_4944_length_1545_cov_11.597411	background	-	-	-	-	1545
NODE_4945_length_1545_cov_6.000681	background	-	-	-	-	1545
NODE_4946_length_1545_cov_2.707084	background	-	-	-	-	1545
NODE_4947_length_1544_cov_2.895024	background	-	-	-	-	1544
NODE_4948_length_1544_cov_2.044990	background	-	-	-	-	1544
NODE_4949_length_1543_cov_2.839018	background	-	-	-	-	1543
NODE_494_length_14920_cov_87.187226	background	-	-	-	-	14920
NODE_4950_length_1543_cov_2.818554	background	-	-	-	-	1543
NODE_4951_length_1543_cov_2.046385	background	-	-	-	-	1543
NODE_4952_length_1543_cov_2.046385	background	-	-	-	-	1543
NODE_4953_length_1542_cov_8.020478	background	-	-	-	-	1542
NODE_4954_length_1541_cov_21.263661	background	-	-	-	-	1541
NODE_4955_length_1541_cov_8.623634	background	-	-	-	-	1541
NODE_4956_length_1541_cov_5.394126	background	-	-	-	-	1541
NODE_4957_length_1541_cov_1.845628	excluded_chimeric_risk	MW387018.1	gardnerella_phage	99.9	100.0	1541
NODE_4958_length_1540_cov_110.812030	background	-	-	-	-	1540
NODE_4959_length_1540_cov_3.248804	background	-	-	-	-	1540
NODE_495_length_14896_cov_52.476955	background	-	-	-	-	14896
NODE_4960_length_1540_cov_1.972659	background	-	-	-	-	1540
NODE_4961_length_1539_cov_3.484268	background	-	-	-	-	1539
NODE_4962_length_1539_cov_2.612859	background	-	-	-	-	1539
NODE_4963_length_1539_cov_2.600547	background	-	-	-	-	1539
NODE_4964_length_1539_cov_1.792066	background	-	-	-	-	1539
NODE_4965_length_1538_cov_14.205339	background	-	-	-	-	1538
NODE_4966_length_1537_cov_83.510274	background	-	-	-	-	1537
NODE_4967_length_1537_cov_2.634247	background	-	-	-	-	1537
NODE_4968_length_1536_cov_84.429061	background	-	-	-	-	1536
NODE_4969_length_1536_cov_20.466073	background	-	-	-	-	1536
NODE_496_length_14883_cov_42.995745	background	-	-	-	-	14883
NODE_4970_length_1536_cov_6.733379	background	-	-	-	-	1536
NODE_4971_length_1536_cov_5.878684	background	-	-	-	-	1536
NODE_4972_length_1536_cov_4.689513	background	-	-	-	-	1536
NODE_4973_length_1536_cov_4.104181	background	-	-	-	-	1536
NODE_4974_length_1536_cov_1.267992	background	-	-	-	-	1536
NODE_4975_length_1535_cov_1.989026	background	-	-	-	-	1535
NODE_4976_length_1535_cov_1.911523	background	-	-	-	-	1535
NODE_4977_length_1534_cov_4.260124	background	-	-	-	-	1534
NODE_4978_length_1534_cov_2.441318	background	-	-	-	-	1534
NODE_4979_length_1534_cov_2.249142	background	-	-	-	-	1534
NODE_497_length_14875_cov_15.058792	background	-	-	-	-	14875
NODE_4980_length_1534_cov_2.009609	background	-	-	-	-	1534
NODE_4981_length_1534_cov_1.734386	background	-	-	-	-	1534
NODE_4982_length_1533_cov_2.585852	background	-	-	-	-	1533
NODE_4983_length_1533_cov_2.269231	background	-	-	-	-	1533
NODE_4984_length_1532_cov_2.224055	background	-	-	-	-	1532
NODE_4985_length_1532_cov_1.627491	background	-	-	-	-	1532
NODE_4986_length_1531_cov_7.218019	background	-	-	-	-	1531
NODE_4987_length_1530_cov_4.445286	background	-	-	-	-	1530
NODE_4988_length_1530_cov_2.807983	background	-	-	-	-	1530
NODE_4989_length_1530_cov_1.766001	background	-	-	-	-	1530
NODE_498_length_14870_cov_4.629622	background	-	-	-	-	14870
NODE_4990_length_1529_cov_1.825069	background	-	-	-	-	1529
NODE_4991_length_1528_cov_897.800827	background	-	-	-	-	1528
NODE_4992_length_1528_cov_9.565127	background	-	-	-	-	1528
NODE_4993_length_1528_cov_4.612461	background	-	-	-	-	1528
NODE_4994_length_1528_cov_1.747071	background	-	-	-	-	1528
NODE_4995_length_1528_cov_1.682977	background	-	-	-	-	1528
NODE_4996_length_1528_cov_1.631978	background	-	-	-	-	1528
NODE_4997_length_1527_cov_25.849655	background	-	-	-	-	1527
NODE_4998_length_1527_cov_18.668966	background	-	-	-	-	1527
NODE_4999_length_1527_cov_8.113793	background	-	-	-	-	1527
NODE_499_length_14845_cov_3.139829	background	-	-	-	-	14845
NODE_49_length_92550_cov_9.159528	background	-	-	-	-	92550
NODE_4_length_255398_cov_41.880633	background	-	-	-	-	255398
NODE_5000_length_1527_cov_2.485517	background	-	-	-	-	1527
NODE_5001_length_1527_cov_1.965517	background	-	-	-	-	1527
NODE_5002_length_1526_cov_39.401656	background	-	-	-	-	1526
NODE_5003_length_1526_cov_3.915114	background	-	-	-	-	1526
NODE_5004_length_1526_cov_3.835059	background	-	-	-	-	1526
NODE_5005_length_1526_cov_3.163561	background	-	-	-	-	1526
NODE_5006_length_1526_cov_2.316770	background	-	-	-	-	1526
NODE_5007_length_1525_cov_8.991713	background	-	-	-	-	1525
NODE_5008_length_1524_cov_6.461645	background	-	-	-	-	1524
NODE_5009_length_1524_cov_3.446441	background	-	-	-	-	1524
NODE_500_length_14834_cov_11.052653	bacterial	NZ_CP011280.1	negative_control	99.7	87.8	14834
NODE_5010_length_1524_cov_1.841050	background	-	-	-	-	1524
NODE_5011_length_1524_cov_1.812716	background	-	-	-	-	1524
NODE_5012_length_1523_cov_8.169433	background	-	-	-	-	1523
NODE_5013_length_1523_cov_2.423928	background	-	-	-	-	1523
NODE_5014_length_1522_cov_8.752941	background	-	-	-	-	1522
NODE_5015_length_1522_cov_2.708651	background	-	-	-	-	1522
NODE_5016_length_1522_cov_1.894810	background	-	-	-	-	1522
NODE_5017_length_1521_cov_323.754155	background	-	-	-	-	1521
NODE_5018_length_1521_cov_83.072022	background	-	-	-	-	1521
NODE_5019_length_1520_cov_4.190575	background	-	-	-	-	1520
NODE_501_length_14810_cov_18.375551	background	-	-	-	-	14810
NODE_5020_length_1520_cov_2.074151	viral	NC_001806.2	herpesvirus	99.7	97.7	1520
NODE_5021_length_1519_cov_2.760055	background	-	-	-	-	1519
NODE_5022_length_1519_cov_2.321082	background	-	-	-	-	1519
NODE_5023_length_1519_cov_1.976422	background	-	-	-	-	1519
NODE_5024_length_1518_cov_2.926440	background	-	-	-	-	1518
NODE_5025_length_1518_cov_1.959750	background	-	-	-	-	1518
NODE_5026_length_1517_cov_2.466667	background	-	-	-	-	1517
NODE_5027_length_1517_cov_2.158333	background	-	-	-	-	1517
NODE_5028_length_1517_cov_1.702083	background	-	-	-	-	1517
NODE_5029_length_1516_cov_3.188325	background	-	-	-	-	1516
NODE_502_length_14755_cov_20.840782	background	-	-	-	-	14755
NODE_5030_length_1516_cov_2.938151	background	-	-	-	-	1516
NODE_5031_length_1516_cov_2.415566	background	-	-	-	-	1516
NODE_5032_length_1516_cov_2.327311	background	-	-	-	-	1516
NODE_5033_length_1516_cov_2.080612	background	-	-	-	-	1516
NODE_5034_length_1516_cov_1.940931	background	-	-	-	-	1516
NODE_5035_length_1515_cov_2.038943	background	-	-	-	-	1515
NODE_5036_length_1515_cov_1.595271	background	-	-	-	-	1515
NODE_5037_length_1514_cov_3.877523	background	-	-	-	-	1514
NODE_5038_length_1513_cov_2.363510	background	-	-	-	-	1513
NODE_5039_length_1512_cov_112.848780	background	-	-	-	-	1512
NODE_503_length_14742_cov_6.384589	background	-	-	-	-	14742
NODE_5040_length_1512_cov_2.049477	background	-	-	-	-	1512
NODE_5041_length_1512_cov_1.547038	background	-	-	-	-	1512
NODE_5042_length_1511_cov_3.594840	background	-	-	-	-	1511
NODE_5043_length_1511_cov_1.796374	background	-	-	-	-	1511
NODE_5044_length_1510_cov_3.150035	background	-	-	-	-	1510
NODE_5045_length_1510_cov_2.898814	background	-	-	-	-	1510
NODE_5046_length_1510_cov_2.318214	background	-	-	-	-	1510
NODE_5047_length_1510_cov_2.092812	background	-	-	-	-	1510
NODE_5048_length_1509_cov_110.536313	background	-	-	-	-	1509
NODE_5049_length_1509_cov_22.861732	background	-	-	-	-	1509
NODE_504_length_14681_cov_2.921323	background	-	-	-	-	14681
NODE_5050_length_1509_cov_5.236732	background	-	-	-	-	1509
NODE_5051_length_1508_cov_10.589797	bacterial	NZ_CP011280.1	negative_control	97.7	100.0	1508
NODE_5052_length_1508_cov_1.900070	background	-	-	-	-	1508
NODE_5053_length_1508_cov_1.604472	background	-	-	-	-	1508
NODE_5054_length_1507_cov_4.130070	background	-	-	-	-	1507
NODE_5055_length_1507_cov_2.383916	background	-	-	-	-	1507
NODE_5056_length_1507_cov_2.018182	background	-	-	-	-	1507
NODE_5057_length_1506_cov_5.804759	background	-	-	-	-	1506
NODE_5058_length_1506_cov_4.414976	background	-	-	-	-	1506
NODE_5059_length_1506_cov_2.643107	background	-	-	-	-	1506
NODE_505_length_14677_cov_8.364658	background	-	-	-	-	14677
NODE_5060_length_1506_cov_2.540238	background	-	-	-	-	1506
NODE_5061_length_1504_cov_6.384022	background	-	-	-	-	1504
NODE_5062_length_1504_cov_2.691661	background	-	-	-	-	1504
NODE_5063_length_1504_cov_2.051156	background	-	-	-	-	1504
NODE_5064_length_1504_cov_1.814996	background	-	-	-	-	1504
NODE_5065_length_1504_cov_1.778556	background	-	-	-	-	1504
NODE_5066_length_1503_cov_13.441094	background	-	-	-	-	1503
NODE_5067_length_1503_cov_2.656381	background	-	-	-	-	1503
NODE_5068_length_1503_cov_1.917952	background	-	-	-	-	1503
NODE_5069_length_1502_cov_102.251228	background	-	-	-	-	1502
NODE_506_length_14664_cov_41.696236	background	-	-	-	-	14664
NODE_5070_length_1502_cov_7.483509	background	-	-	-	-	1502
NODE_5071_length_1502_cov_6.621053	background	-	-	-	-	1502
NODE_5072_length_1502_cov_2.451228	background	-	-	-	-	1502
NODE_5073_length_1501_cov_3.637640	background	-	-	-	-	1501
NODE_5074_length_1501_cov_2.374298	background	-	-	-	-	1501
NODE_5075_length_1501_cov_1.817416	background	-	-	-	-	1501
NODE_5076_length_1500_cov_13.928320	background	-	-	-	-	1500
NODE_5077_length_1500_cov_3.276880	background	-	-	-	-	1500
NODE_5078_length_1500_cov_1.910049	background	-	-	-	-	1500
NODE_5079_length_1500_cov_1.346451	viral	NC_001798.2	herpesvirus	99.7	100.0	1500
NODE_507_length_14649_cov_7.564301	background	-	-	-	-	14649
NODE_508_length_14601_cov_50.071606	background	-	-	-	-	14601
NODE_509_length_14567_cov_106.006832	background	-	-	-	-	14567
NODE_50_length_91762_cov_23.029667	background	-	-	-	-	91762
NODE_510_length_14532_cov_20.650847	background	-	-	-	-	14532
NODE_511_length_14503_cov_10.878414	background	-	-	-	-	14503
NODE_512_length_14485_cov_99.522557	background	-	-	-	-	14485
NODE_513_length_14426_cov_3.354519	background	-	-	-	-	14426
NODE_514_length_14414_cov_3.814885	background	-	-	-	-	14414
NODE_515_length_14395_cov_49.891535	background	-	-	-	-	14395
NODE_516_length_14392_cov_14.156968	background	-	-	-	-	14392
NODE_517_length_14337_cov_12.966339	background	-	-	-	-	14337
NODE_518_length_14289_cov_10.672178	background	-	-	-	-	14289
NODE_519_length_14286_cov_8.064114	background	-	-	-	-	14286
NODE_51_length_91336_cov_139.065068	background	-	-	-	-	91336
NODE_520_length_14269_cov_110.128946	background	-	-	-	-	14269
NODE_521_length_14254_cov_125.482754	bacterial	NZ_AFIJ01000044.1	negative_control	99.3	97.9	14254
NODE_522_length_14244_cov_3.165314	background	-	-	-	-	14244
NODE_523_length_14174_cov_60.331134	background	-	-	-	-	14174
NODE_524_length_14144_cov_8.444871	background	-	-	-	-	14144
NODE_525_length_14139_cov_6.061727	background	-	-	-	-	14139
NODE_526_length_14133_cov_19.505620	background	-	-	-	-	14133
NODE_527_length_14129_cov_28.148164	background	-	-	-	-	14129
NODE_528_length_14114_cov_27.313600	background	-	-	-	-	14114
NODE_529_length_14067_cov_12.385704	background	-	-	-	-	14067
NODE_52_length_91258_cov_45.144197	background	-	-	-	-	91258
NODE_530_length_14057_cov_66.287840	background	-	-	-	-	14057
NODE_531_length_14052_cov_4.177245	background	-	-	-	-	14052
NODE_532_length_14044_cov_4.300995	background	-	-	-	-	14044
NODE_533_length_14043_cov_4.082629	background	-	-	-	-	14043
NODE_534_length_13995_cov_37.659578	bacterial	NZ_AP012332.1	negative_control	98.6	95.8	13995
NODE_535_length_13950_cov_5.660420	background	-	-	-	-	13950
NODE_536_length_13935_cov_73.242387	background	-	-	-	-	13935
NODE_537_length_13923_cov_5.418171	background	-	-	-	-	13923
NODE_538_length_13908_cov_21.158629	background	-	-	-	-	13908
NODE_539_length_13900_cov_96.926065	background	-	-	-	-	13900
NODE_53_length_90729_cov_20.510038	background	-	-	-	-	90729
NODE_540_length_13887_cov_12.464663	background	-	-	-	-	13887
NODE_541_length_13886_cov_12.308712	background	-	-	-	-	13886
NODE_542_length_13842_cov_132.123574	bacterial	NZ_CP065631.1	negative_control	97.1	82.4	13842
NODE_543_length_13841_cov_18.106146	bacterial	NZ_CP065631.1	negative_control	98.0	92.2	13841
NODE_544_length_13815_cov_12.733804	background	-	-	-	-	13815
NODE_545_length_13813_cov_3.802563	background	-	-	-	-	13813
NODE_546_length_13810_cov_3.262434	background	-	-	-	-	13810
NODE_547_length_13786_cov_12.876286	background	-	-	-	-	13786
NODE_548_length_13774_cov_75.765058	background	-	-	-	-	13774
NODE_549_length_13759_cov_907.886347	background	-	-	-	-	13759
NODE_54_length_89387_cov_1134.875456	background	-	-	-	-	89387
NODE_550_length_13742_cov_5.021442	background	-	-	-	-	13742
NODE_551_length_13702_cov_9.686532	background	-	-	-	-	13702
NODE_552_length_13676_cov_5.488492	background	-	-	-	-	13676
NODE_553_length_13633_cov_10.087415	background	-	-	-	-	13633
NODE_554_length_13615_cov_32.898951	background	-	-	-	-	13615
NODE_555_length_13552_cov_10.754212	background	-	-	-	-	13552
NODE_556_length_13549_cov_5.723204	background	-	-	-	-	13549
NODE_557_length_13496_cov_5.467546	background	-	-	-	-	13496
NODE_558_length_13495_cov_13.816217	background	-	-	-	-	13495
NODE_559_length_13435_cov_12.371538	background	-	-	-	-	13435
NODE_55_length_87365_cov_46.731521	background	-	-	-	-	87365
NODE_560_length_13421_cov_140.316772	background	-	-	-	-	13421
NODE_561_length_13357_cov_120.002711	background	-	-	-	-	13357
NODE_562_length_13324_cov_19.416472	background	-	-	-	-	13324
NODE_563_length_13322_cov_11.181200	background	-	-	-	-	13322
NODE_564_length_13302_cov_5.925142	background	-	-	-	-	13302
NODE_565_length_13294_cov_3.627676	background	-	-	-	-	13294
NODE_566_length_13223_cov_3.221512	background	-	-	-	-	13223
NODE_567_length_13198_cov_12.336560	bacterial	NZ_CP011280.1	negative_control	96.9	100.0	13198
NODE_568_length_13186_cov_12.462354	background	-	-	-	-	13186
NODE_569_length_13155_cov_130.821456	bacterial	NZ_CP065631.1	negative_control	98.4	100.0	13155
NODE_56_length_83640_cov_7.751361	background	-	-	-	-	83640
NODE_570_length_13141_cov_4.730634	background	-	-	-	-	13141
NODE_571_length_13119_cov_3.236237	background	-	-	-	-	13119
NODE_572_length_13116_cov_9.995092	background	-	-	-	-	13116
NODE_573_length_13097_cov_17.222504	background	-	-	-	-	13097
NODE_574_length_12993_cov_12.695417	background	-	-	-	-	12993
NODE_575_length_12969_cov_125.858750	background	-	-	-	-	12969
NODE_576_length_12947_cov_3.795105	background	-	-	-	-	12947
NODE_577_length_12944_cov_172.256392	background	-	-	-	-	12944
NODE_578_length_12930_cov_9.339687	background	-	-	-	-	12930
NODE_579_length_12909_cov_10.104426	bacterial	NZ_CP011280.1	negative_control	98.4	92.7	12909
NODE_57_length_83580_cov_19.277379	background	-	-	-	-	83580
NODE_580_length_12909_cov_5.026808	background	-	-	-	-	12909
NODE_581_length_12895_cov_10.837494	background	-	-	-	-	12895
NODE_582_length_12882_cov_4.529871	background	-	-	-	-	12882
NODE_583_length_12866_cov_8.973102	background	-	-	-	-	12866
NODE_584_length_12866_cov_3.416139	background	-	-	-	-	12866
NODE_585_length_12820_cov_12.948050	bacterial	NZ_CP011280.1	negative_control	98.5	94.6	12820
NODE_586_length_12803_cov_27.250275	background	-	-	-	-	12803
NODE_587_length_12792_cov_10.810617	bacterial	NZ_CP011280.1	negative_control	99.1	99.4	12792
NODE_588_length_12788_cov_8.943356	background	-	-	-	-	12788
NODE_589_length_12770_cov_10.995588	background	-	-	-	-	12770
NODE_58_length_83358_cov_1035.738272	background	-	-	-	-	83358
NODE_590_length_12760_cov_3.768982	background	-	-	-	-	12760
NODE_591_length_12722_cov_84.540846	background	-	-	-	-	12722
NODE_592_length_12696_cov_5.036374	background	-	-	-	-	12696
NODE_593_length_12687_cov_9.542109	background	-	-	-	-	12687
NODE_594_length_12676_cov_14.549806	background	-	-	-	-	12676
NODE_595_length_12667_cov_8.075933	background	-	-	-	-	12667
NODE_596_length_12655_cov_12.851487	background	-	-	-	-	12655
NODE_597_length_12654_cov_6.450346	background	-	-	-	-	12654
NODE_598_length_12648_cov_129.265611	background	-	-	-	-	12648
NODE_599_length_12625_cov_169.874641	background	-	-	-	-	12625
NODE_59_length_82415_cov_13.525626	background	-	-	-	-	82415
NODE_5_length_254769_cov_40.135854	background	-	-	-	-	254769
NODE_600_length_12617_cov_12.653270	background	-	-	-	-	12617
NODE_601_length_12614_cov_113.231953	background	-	-	-	-	12614
NODE_602_length_12606_cov_13.981882	background	-	-	-	-	12606
NODE_603_length_12605_cov_3.901421	background	-	-	-	-	12605
NODE_604_length_12593_cov_965.421141	background	-	-	-	-	12593
NODE_605_length_12585_cov_6.214343	background	-	-	-	-	12585
NODE_606_length_12555_cov_134.824732	background	-	-	-	-	12555
NODE_607_length_12547_cov_9.234483	background	-	-	-	-	12547
NODE_608_length_12536_cov_14.773577	background	-	-	-	-	12536
NODE_609_length_12501_cov_3.980602	background	-	-	-	-	12501
NODE_60_length_81590_cov_14.166918	background	-	-	-	-	81590
NODE_610_length_12469_cov_22.594174	background	-	-	-	-	12469
NODE_611_length_12459_cov_27.986997	background	-	-	-	-	12459
NODE_612_length_12439_cov_171.422585	background	-	-	-	-	12439
NODE_613_length_12428_cov_10.487410	background	-	-	-	-	12428
NODE_614_length_12418_cov_21.981363	background	-	-	-	-	12418
NODE_615_length_12415_cov_3.834090	background	-	-	-	-	12415
NODE_616_length_12411_cov_180.503892	bacterial	NZ_AFIJ01000027.1	negative_control	99.4	96.8	12411
NODE_617_length_12382_cov_5.532873	background	-	-	-	-	12382
NODE_618_length_12375_cov_89.255814	background	-	-	-	-	12375
NODE_619_length_12362_cov_8.837851	background	-	-	-	-	12362
NODE_61_length_80588_cov_7.514687	background	-	-	-	-	80588
NODE_620_length_12351_cov_40.784748	bacterial	NZ_AP012332.1	negative_control	98.0	100.0	12351
NODE_621_length_12310_cov_9.907709	background	-	-	-	-	12310
NODE_622_length_12308_cov_139.236203	background	-	-	-	-	12308
NODE_623_length_12299_cov_25.785469	background	-	-	-	-	12299
NODE_624_length_12258_cov_10.907643	background	-	-	-	-	12258
NODE_625_length_12202_cov_3.157443	background	-	-	-	-	12202
NODE_626_length_12196_cov_13.408780	background	-	-	-	-	12196
NODE_627_length_12188_cov_16.361159	background	-	-	-	-	12188
NODE_628_length_12187_cov_6.425434	background	-	-	-	-	12187
NODE_629_length_12134_cov_11.806005	background	-	-	-	-	12134
NODE_62_length_78792_cov_13.200051	background	-	-	-	-	78792
NODE_630_length_12130_cov_82.268232	background	-	-	-	-	12130
NODE_631_length_12066_cov_108.673284	background	-	-	-	-	12066
NODE_632_length_12051_cov_4.633372	background	-	-	-	-	12051
NODE_633_length_12032_cov_10.490590	background	-	-	-	-	12032
NODE_634_length_12014_cov_4.769540	background	-	-	-	-	12014
NODE_635_length_11969_cov_99.326017	background	-	-	-	-	11969
NODE_636_length_11965_cov_5.776077	background	-	-	-	-	11965
NODE_637_length_11953_cov_23.589508	background	-	-	-	-	11953
NODE_638_length_11952_cov_3.367326	background	-	-	-	-	11952
NODE_639_length_11932_cov_11.725601	background	-	-	-	-	11932
NODE_63_length_78670_cov_1128.978141	background	-	-	-	-	78670
NODE_640_length_11913_cov_4.567083	background	-	-	-	-	11913
NODE_641_length_11905_cov_146.360754	bacterial	NZ_CP065631.1	negative_control	97.6	90.8	11905
NODE_642_length_11893_cov_62.815758	background	-	-	-	-	11893
NODE_643_length_11885_cov_2.790904	background	-	-	-	-	11885
NODE_644_length_11855_cov_141.201308	background	-	-	-	-	11855
NODE_645_length_11818_cov_10.488800	background	-	-	-	-	11818
NODE_646_length_11814_cov_11.445259	background	-	-	-	-	11814
NODE_647_length_11798_cov_133.978671	bacterial	NZ_AFIJ01000019.1	negative_control	99.0	99.0	11798
NODE_648_length_11787_cov_7.711529	background	-	-	-	-	11787
NODE_649_length_11783_cov_4.952845	background	-	-	-	-	11783
NODE_64_length_78494_cov_146.290664	background	-	-	-	-	78494
NODE_650_length_11773_cov_5.815236	background	-	-	-	-	11773
NODE_651_length_11760_cov_3.974921	background	-	-	-	-	11760
NODE_652_length_11759_cov_10.599640	background	-	-	-	-	11759
NODE_653_length_11719_cov_23.902250	background	-	-	-	-	11719
NODE_654_length_11711_cov_12.704487	bacterial	NZ_CP011280.1	negative_control	99.0	99.8	11711
NODE_655_length_11707_cov_55.085899	background	-	-	-	-	11707
NODE_656_length_11706_cov_10.890618	background	-	-	-	-	11706
NODE_657_length_11699_cov_55.812597	background	-	-	-	-	11699
NODE_658_length_11691_cov_3.914500	background	-	-	-	-	11691
NODE_659_length_11679_cov_3.918979	background	-	-	-	-	11679
NODE_65_length_78391_cov_10.490283	bacterial	NZ_CP011280.1	negative_control	97.6	100.0	78391
NODE_660_length_11675_cov_6.851181	background	-	-	-	-	11675
NODE_661_length_11647_cov_53.607692	background	-	-	-	-	11647
NODE_662_length_11644_cov_3.476787	background	-	-	-	-	11644
NODE_663_length_11641_cov_3.611034	background	-	-	-	-	11641
NODE_664_length_11637_cov_11.630017	bacterial	NZ_CP011280.1	negative_control	98.5	83.1	11637
NODE_665_length_11635_cov_8.071552	background	-	-	-	-	11635
NODE_666_length_11612_cov_147.910186	background	-	-	-	-	11612
NODE_667_length_11573_cov_4.421886	background	-	-	-	-	11573
NODE_668_length_11571_cov_4.456499	background	-	-	-	-	11571
NODE_669_length_11562_cov_9.516413	background	-	-	-	-	11562
NODE_66_length_77773_cov_13.823273	background	-	-	-	-	77773
NODE_670_length_11540_cov_10.050598	background	-	-	-	-	11540
NODE_671_length_11539_cov_3.382045	background	-	-	-	-	11539
NODE_672_length_11526_cov_12.772032	background	-	-	-	-	11526
NODE_673_length_11491_cov_77.010689	background	-	-	-	-	11491
NODE_674_length_11426_cov_3.863688	background	-	-	-	-	11426
NODE_675_length_11425_cov_4.245065	background	-	-	-	-	11425
NODE_676_length_11405_cov_11.356462	background	-	-	-	-	11405
NODE_677_length_11368_cov_77.285183	background	-	-	-	-	11368
NODE_678_length_11356_cov_5.230340	background	-	-	-	-	11356
NODE_679_length_11316_cov_14.858439	background	-	-	-	-	11316
NODE_67_length_77744_cov_48.833945	background	-	-	-	-	77744
NODE_680_length_11281_cov_11.256516	background	-	-	-	-	11281
NODE_681_length_11238_cov_3.423170	background	-	-	-	-	11238
NODE_682_length_11215_cov_12.885078	background	-	-	-	-	11215
NODE_683_length_11202_cov_31.535820	background	-	-	-	-	11202
NODE_684_length_11152_cov_4.798194	background	-	-	-	-	11152
NODE_685_length_11145_cov_6.343874	background	-	-	-	-	11145
NODE_686_length_11136_cov_10.337463	background	-	-	-	-	11136
NODE_687_length_11134_cov_9.666184	background	-	-	-	-	11134
NODE_688_length_11131_cov_119.500362	background	-	-	-	-	11131
NODE_689_length_11123_cov_151.425403	background	-	-	-	-	11123
NODE_68_length_74104_cov_49.724655	background	-	-	-	-	74104
NODE_690_length_11111_cov_146.103045	background	-	-	-	-	11111
NODE_691_length_11109_cov_5.421501	background	-	-	-	-	11109
NODE_692_length_11108_cov_171.829118	background	-	-	-	-	11108
NODE_693_length_11102_cov_5.056689	background	-	-	-	-	11102
NODE_694_length_11100_cov_5.386828	background	-	-	-	-	11100
NODE_695_length_11096_cov_56.406570	background	-	-	-	-	11096
NODE_696_length_11041_cov_6.477654	background	-	-	-	-	11041
NODE_697_length_11035_cov_122.399069	bacterial	NZ_CP065631.1	negative_control	98.3	87.8	11035
NODE_698_length_11024_cov_116.362200	background	-	-	-	-	11024
NODE_699_length_11023_cov_14.604970	bacterial	NZ_CP011280.1	negative_control	99.7	100.0	11023
NODE_69_length_73658_cov_38.071214	background	-	-	-	-	73658
NODE_6_length_237120_cov_1063.282472	background	-	-	-	-	237120
NODE_700_length_10992_cov_34.932203	background	-	-	-	-	10992
NODE_701_length_10973_cov_5.848935	background	-	-	-	-	10973
NODE_702_length_10953_cov_135.618242	background	-	-	-	-	10953
NODE_703_length_10920_cov_6.548926	background	-	-	-	-	10920
NODE_704_length_10909_cov_6.395864	background	-	-	-	-	10909
NODE_705_length_10905_cov_3.197174	background	-	-	-	-	10905
NODE_706_length_10857_cov_4.374583	background	-	-	-	-	10857
NODE_707_length_10847_cov_6.033890	background	-	-	-	-	10847
NODE_708_length_10845_cov_103.489785	background	-	-	-	-	10845
NODE_709_length_10814_cov_4.297569	background	-	-	-	-	10814
NODE_70_length_73372_cov_119.887537	background	-	-	-	-	73372
NODE_710_length_10813_cov_14.136270	background	-	-	-	-	10813
NODE_711_length_10793_cov_899.885778	background	-	-	-	-	10793
NODE_712_length_10792_cov_12.872608	background	-	-	-	-	10792
NODE_713_length_10761_cov_5.051666	background	-	-	-	-	10761
NODE_714_length_10744_cov_16.013781	background	-	-	-	-	10744
NODE_715_length_10722_cov_135.316768	bacterial	NZ_CP065631.1	negative_control	96.1	81.3	10722
NODE_716_length_10721_cov_5.145152	background	-	-	-	-	10721
NODE_717_length_10693_cov_94.832329	background	-	-	-	-	10693
NODE_718_length_10660_cov_3.474629	background	-	-	-	-	10660
NODE_719_length_10657_cov_3.952930	background	-	-	-	-	10657
NODE_71_length_73330_cov_11.991509	background	-	-	-	-	73330
NODE_720_length_10648_cov_4.657364	background	-	-	-	-	10648
NODE_721_length_10639_cov_53.055671	background	-	-	-	-	10639
NODE_722_length_10634_cov_11.839348	bacterial	NZ_CP011280.1	negative_control	99.0	100.0	10634
NODE_723_length_10595_cov_2.737878	background	-	-	-	-	10595
NODE_724_length_10590_cov_123.614858	background	-	-	-	-	10590
NODE_725_length_10589_cov_60.420757	bacterial	NZ_CP049230.1	negative_control	99.6	100.0	10589
NODE_726_length_10578_cov_7.554900	background	-	-	-	-	10578
NODE_727_length_10534_cov_17.259348	background	-	-	-	-	10534
NODE_728_length_10513_cov_9.915868	background	-	-	-	-	10513
NODE_729_length_10508_cov_4.061739	background	-	-	-	-	10508
NODE_72_length_73012_cov_14.050291	background	-	-	-	-	73012
NODE_730_length_10507_cov_11.396644	background	-	-	-	-	10507
NODE_731_length_10494_cov_80.878468	background	-	-	-	-	10494
NODE_732_length_10478_cov_3.746947	background	-	-	-	-	10478
NODE_733_length_10470_cov_60.681324	background	-	-	-	-	10470
NODE_734_length_10445_cov_47.146991	background	-	-	-	-	10445
NODE_735_length_10439_cov_14.221000	background	-	-	-	-	10439
NODE_736_length_10433_cov_3.742951	background	-	-	-	-	10433
NODE_737_length_10421_cov_174.557618	background	-	-	-	-	10421
NODE_738_length_10407_cov_6.993320	background	-	-	-	-	10407
NODE_739_length_10403_cov_9.017238	background	-	-	-	-	10403
NODE_73_length_72945_cov_21.569550	background	-	-	-	-	72945
NODE_740_length_10392_cov_11.682889	background	-	-	-	-	10392
NODE_741_length_10387_cov_3.736275	background	-	-	-	-	10387
NODE_742_length_10378_cov_10.662654	background	-	-	-	-	10378
NODE_743_length_10352_cov_8.567397	background	-	-	-	-	10352
NODE_744_length_10340_cov_9.334015	background	-	-	-	-	10340
NODE_745_length_10332_cov_5.924427	background	-	-	-	-	10332
NODE_746_length_10322_cov_5.212103	background	-	-	-	-	10322
NODE_747_length_10319_cov_13.448838	background	-	-	-	-	10319
NODE_748_length_10309_cov_44.487002	background	-	-	-	-	10309
NODE_749_length_10294_cov_169.114809	background	-	-	-	-	10294
NODE_74_length_72725_cov_48.612157	background	-	-	-	-	72725
NODE_750_length_10266_cov_3.961527	background	-	-	-	-	10266
NODE_751_length_10258_cov_2.863373	background	-	-	-	-	10258
NODE_752_length_10258_cov_2.321776	background	-	-	-	-	10258
NODE_753_length_10252_cov_57.750958	background	-	-	-	-	10252
NODE_754_length_10248_cov_6.189657	background	-	-	-	-	10248
NODE_755_length_10242_cov_2.856862	background	-	-	-	-	10242
NODE_756_length_10208_cov_10.960122	background	-	-	-	-	10208
NODE_757_length_10197_cov_21.524012	background	-	-	-	-	10197
NODE_758_length_10194_cov_5.013640	background	-	-	-	-	10194
NODE_759_length_10188_cov_7.428939	background	-	-	-	-	10188
NODE_75_length_69744_cov_131.319664	background	-	-	-	-	69744
NODE_760_length_10186_cov_9.719755	background	-	-	-	-	10186
NODE_761_length_10168_cov_4.005649	background	-	-	-	-	10168
NODE_762_length_10157_cov_59.565476	background	-	-	-	-	10157
NODE_763_length_10130_cov_5.828012	background	-	-	-	-	10130
NODE_764_length_10101_cov_6.107243	background	-	-	-	-	10101
NODE_765_length_10086_cov_5.335598	background	-	-	-	-	10086
NODE_766_length_10077_cov_116.099300	background	-	-	-	-	10077
NODE_767_length_10067_cov_49.711512	background	-	-	-	-	10067
NODE_768_length_10052_cov_52.807218	background	-	-	-	-	10052
NODE_769_length_10037_cov_12.452912	background	-	-	-	-	10037
NODE_76_length_69517_cov_1103.216604	background	-	-	-	-	69517
NODE_770_length_10011_cov_10.779243	background	-	-	-	-	10011
NODE_771_length_10007_cov_7.690836	background	-	-	-	-	10007
NODE_772_length_10004_cov_80.261106	background	-	-	-	-	10004
NODE_773_length_9996_cov_10.596431	background	-	-	-	-	9996
NODE_774_length_9993_cov_265.291650	background	-	-	-	-	9993
NODE_775_length_9982_cov_3.036951	background	-	-	-	-	9982
NODE_776_length_9966_cov_45.932551	bacterial	NZ_AP012332.1	negative_control	98.3	93.8	9966
NODE_777_length_9963_cov_2.411289	background	-	-	-	-	9963
NODE_778_length_9957_cov_10.624696	background	-	-	-	-	9957
NODE_779_length_9956_cov_6.089888	background	-	-	-	-	9956
NODE_77_length_69141_cov_44.592508	bacterial	NZ_CP049230.1	negative_control	99.3	88.9	69141
NODE_780_length_9931_cov_4.945301	background	-	-	-	-	9931
NODE_781_length_9917_cov_4.727236	background	-	-	-	-	9917
NODE_782_length_9893_cov_4.114099	background	-	-	-	-	9893
NODE_783_length_9887_cov_4.394292	background	-	-	-	-	9887
NODE_784_length_9870_cov_4.933524	background	-	-	-	-	9870
NODE_785_length_9858_cov_37.406911	background	-	-	-	-	9858
NODE_786_length_9848_cov_3.405895	background	-	-	-	-	9848
NODE_787_length_9846_cov_3.224997	background	-	-	-	-	9846
NODE_788_length_9845_cov_4.335995	background	-	-	-	-	9845
NODE_789_length_9825_cov_4.498461	background	-	-	-	-	9825
NODE_78_length_67919_cov_9.926447	background	-	-	-	-	67919
NODE_790_length_9822_cov_5.438892	background	-	-	-	-	9822
NODE_791_length_9814_cov_4.145938	background	-	-	-	-	9814
NODE_792_length_9808_cov_5.876477	background	-	-	-	-	9808
NODE_793_length_9800_cov_4.619048	background	-	-	-	-	9800
NODE_794_length_9784_cov_8.181622	background	-	-	-	-	9784
NODE_795_length_9779_cov_5.251185	background	-	-	-	-	9779
NODE_796_length_9763_cov_59.792278	background	-	-	-	-	9763
NODE_797_length_9745_cov_5.938146	background	-	-	-	-	9745
NODE_798_length_9739_cov_5.704306	background	-	-	-	-	9739
NODE_799_length_9717_cov_14.582573	background	-	-	-	-	9717
NODE_79_length_67064_cov_13.039082	background	-	-	-	-	67064
NODE_7_length_225538_cov_60.903553	background	-	-	-	-	225538
NODE_800_length_9712_cov_4.516969	background	-	-	-	-	9712
NODE_801_length_9709_cov_69.611296	background	-	-	-	-	9709
NODE_802_length_9683_cov_72.321674	background	-	-	-	-	9683
NODE_803_length_9677_cov_34.249167	background	-	-	-	-	9677
NODE_804_length_9653_cov_3.359231	background	-	-	-	-	9653
NODE_805_length_9648_cov_137.059032	background	-	-	-	-	9648
NODE_806_length_9641_cov_9.979716	bacterial	NZ_CP011280.1	negative_control	98.9	99.9	9641
NODE_807_length_9639_cov_14.226417	background	-	-	-	-	9639
NODE_808_length_9628_cov_51.992462	background	-	-	-	-	9628
NODE_809_length_9613_cov_3.338087	background	-	-	-	-	9613
NODE_80_length_66499_cov_9.071362	background	-	-	-	-	66499
NODE_810_length_9592_cov_4.144824	background	-	-	-	-	9592
NODE_811_length_9583_cov_53.693352	background	-	-	-	-	9583
NODE_812_length_9570_cov_5.739492	background	-	-	-	-	9570
NODE_813_length_9569_cov_28.255057	background	-	-	-	-	9569
NODE_814_length_9562_cov_4.377860	background	-	-	-	-	9562
NODE_815_length_9541_cov_7.537722	background	-	-	-	-	9541
NODE_816_length_9516_cov_28.578981	background	-	-	-	-	9516
NODE_817_length_9474_cov_37.295946	background	-	-	-	-	9474
NODE_818_length_9470_cov_4.514958	background	-	-	-	-	9470
NODE_819_length_9467_cov_7.749201	background	-	-	-	-	9467
NODE_81_length_66455_cov_60.128928	background	-	-	-	-	66455
NODE_820_length_9435_cov_1128.799102	background	-	-	-	-	9435
NODE_821_length_9431_cov_11.782125	background	-	-	-	-	9431
NODE_822_length_9414_cov_36.805612	bacterial	NZ_AP012332.1	negative_control	98.6	99.9	9414
NODE_823_length_9403_cov_79.655587	bacterial	NZ_CP065631.1	negative_control	98.5	100.0	9403
NODE_824_length_9392_cov_28.424477	background	-	-	-	-	9392
NODE_825_length_9358_cov_5.627626	background	-	-	-	-	9358
NODE_826_length_9354_cov_71.732133	background	-	-	-	-	9354
NODE_827_length_9343_cov_10.473883	background	-	-	-	-	9343
NODE_828_length_9297_cov_3.763124	background	-	-	-	-	9297
NODE_829_length_9280_cov_35.915680	bacterial	NZ_AP012332.1	negative_control	97.3	99.9	9280
NODE_82_length_66187_cov_8.039812	background	-	-	-	-	66187
NODE_830_length_9275_cov_36.992498	background	-	-	-	-	9275
NODE_831_length_9264_cov_13.033634	background	-	-	-	-	9264
NODE_832_length_9227_cov_4.686011	background	-	-	-	-	9227
NODE_833_length_9223_cov_7.965231	background	-	-	-	-	9223
NODE_834_length_9219_cov_31.448808	background	-	-	-	-	9219
NODE_835_length_9209_cov_10.856877	background	-	-	-	-	9209
NODE_836_length_9206_cov_146.632161	background	-	-	-	-	9206
NODE_837_length_9155_cov_4.609275	background	-	-	-	-	9155
NODE_838_length_9149_cov_3.590829	background	-	-	-	-	9149
NODE_839_length_9144_cov_3.900298	background	-	-	-	-	9144
NODE_83_length_65058_cov_51.032902	bacterial	NZ_CP049230.1	negative_control	95.9	87.2	65058
NODE_840_length_9128_cov_121.598055	background	-	-	-	-	9128
NODE_841_length_9125_cov_20.501658	background	-	-	-	-	9125
NODE_842_length_9079_cov_2.727838	background	-	-	-	-	9079
NODE_843_length_9076_cov_108.065896	background	-	-	-	-	9076
NODE_844_length_9071_cov_4.192906	background	-	-	-	-	9071
NODE_845_length_9066_cov_10.706641	background	-	-	-	-	9066
NODE_846_length_9065_cov_116.288941	background	-	-	-	-	9065
NODE_847_length_9053_cov_12.312054	bacterial	NZ_CP011280.1	negative_control	98.9	97.9	9053
NODE_848_length_9022_cov_77.411850	background	-	-	-	-	9022
NODE_849_length_9006_cov_26.147049	background	-	-	-	-	9006
NODE_84_length_64363_cov_10.943907	background	-	-	-	-	64363
NODE_850_length_8990_cov_3.832716	background	-	-	-	-	8990
NODE_851_length_8990_cov_3.191406	background	-	-	-	-	8990
NODE_852_length_8978_cov_150.931805	background	-	-	-	-	8978
NODE_853_length_8974_cov_8.320445	background	-	-	-	-	8974
NODE_854_length_8974_cov_7.175790	background	-	-	-	-	8974
NODE_855_length_8962_cov_6.209904	background	-	-	-	-	8962
NODE_856_length_8960_cov_14.360351	bacterial	NZ_CP011280.1	negative_control	99.2	100.0	8960
NODE_857_length_8955_cov_4.855598	background	-	-	-	-	8955
NODE_858_length_8945_cov_4.349910	background	-	-	-	-	8945
NODE_859_length_8932_cov_4.858950	background	-	-	-	-	8932
NODE_85_length_64248_cov_43.018482	background	-	-	-	-	64248
NODE_860_length_8928_cov_77.074003	background	-	-	-	-	8928
NODE_861_length_8924_cov_5.552278	background	-	-	-	-	8924
NODE_862_length_8905_cov_47.878342	background	-	-	-	-	8905
NODE_863_length_8892_cov_10.940216	background	-	-	-	-	8892
NODE_864_length_8886_cov_3.160177	background	-	-	-	-	8886
NODE_865_length_8853_cov_3.058683	background	-	-	-	-	8853
NODE_866_length_8829_cov_43.756741	background	-	-	-	-	8829
NODE_867_length_8825_cov_64.871285	background	-	-	-	-	8825
NODE_868_length_8803_cov_6.459088	background	-	-	-	-	8803
NODE_869_length_8769_cov_35.062586	background	-	-	-	-	8769
NODE_86_length_63673_cov_8.339550	background	-	-	-	-	63673
NODE_870_length_8745_cov_21.773073	background	-	-	-	-	8745
NODE_871_length_8744_cov_4.881274	background	-	-	-	-	8744
NODE_872_length_8739_cov_10.728238	background	-	-	-	-	8739
NODE_873_length_8722_cov_18.833083	background	-	-	-	-	8722
NODE_874_length_8720_cov_3.812102	background	-	-	-	-	8720
NODE_875_length_8694_cov_5.374956	background	-	-	-	-	8694
NODE_876_length_8685_cov_30.080390	background	-	-	-	-	8685
NODE_877_length_8685_cov_3.390567	background	-	-	-	-	8685
NODE_878_length_8678_cov_3.912917	background	-	-	-	-	8678
NODE_879_length_8672_cov_5.704363	background	-	-	-	-	8672
NODE_87_length_63381_cov_8.383183	background	-	-	-	-	63381
NODE_880_length_8664_cov_2.996157	background	-	-	-	-	8664
NODE_881_length_8660_cov_4.373879	background	-	-	-	-	8660
NODE_882_length_8660_cov_2.467319	background	-	-	-	-	8660
NODE_883_length_8655_cov_46.287713	background	-	-	-	-	8655
NODE_884_length_8654_cov_61.964323	background	-	-	-	-	8654
NODE_885_length_8650_cov_4.254287	background	-	-	-	-	8650
NODE_886_length_8649_cov_3.770299	background	-	-	-	-	8649
NODE_887_length_8638_cov_30.872795	background	-	-	-	-	8638
NODE_888_length_8634_cov_38.364263	bacterial	NZ_AP012332.1	negative_control	98.0	100.0	8634
NODE_889_length_8630_cov_7.662691	background	-	-	-	-	8630
NODE_88_length_62942_cov_20.620679	background	-	-	-	-	62942
NODE_890_length_8616_cov_4.968380	background	-	-	-	-	8616
NODE_891_length_8614_cov_10.900199	background	-	-	-	-	8614
NODE_892_length_8609_cov_4.494257	background	-	-	-	-	8609
NODE_893_length_8608_cov_95.193764	background	-	-	-	-	8608
NODE_894_length_8606_cov_2.914644	background	-	-	-	-	8606
NODE_895_length_8598_cov_11.035324	bacterial	NZ_CP011280.1	negative_control	98.6	100.0	8598
NODE_896_length_8578_cov_11.792495	background	-	-	-	-	8578
NODE_897_length_8576_cov_142.378986	background	-	-	-	-	8576
NODE_898_length_8576_cov_4.098482	background	-	-	-	-	8576
NODE_899_length_8554_cov_6.103220	background	-	-	-	-	8554
NODE_89_length_62744_cov_12.677550	background	-	-	-	-	62744
NODE_8_length_198209_cov_117.498930	background	-	-	-	-	198209
NODE_900_length_8546_cov_6.322352	background	-	-	-	-	8546
NODE_901_length_8537_cov_165.424232	background	-	-	-	-	8537
NODE_902_length_8511_cov_4.366256	background	-	-	-	-	8511
NODE_903_length_8511_cov_4.253261	background	-	-	-	-	8511
NODE_904_length_8498_cov_3.431540	background	-	-	-	-	8498
NODE_905_length_8483_cov_114.363312	bacterial	NZ_CP065631.1	negative_control	97.0	86.9	8483
NODE_906_length_8479_cov_4.831112	background	-	-	-	-	8479
NODE_907_length_8473_cov_3.901024	background	-	-	-	-	8473
NODE_908_length_8455_cov_5.650991	background	-	-	-	-	8455
NODE_909_length_8453_cov_3.973376	background	-	-	-	-	8453
NODE_90_length_61907_cov_990.553016	background	-	-	-	-	61907
NODE_910_length_8450_cov_40.971934	bacterial	NZ_AP012332.1	negative_control	98.4	100.0	8450
NODE_911_length_8437_cov_44.341148	background	-	-	-	-	8437
NODE_912_length_8431_cov_6.261671	background	-	-	-	-	8431
NODE_913_length_8430_cov_3.081647	background	-	-	-	-	8430
NODE_914_length_8429_cov_8.946719	background	-	-	-	-	8429
NODE_915_length_8421_cov_3.869966	background	-	-	-	-	8421
NODE_916_length_8420_cov_3.728755	background	-	-	-	-	8420
NODE_917_length_8420_cov_3.334772	background	-	-	-	-	8420
NODE_918_length_8414_cov_4.978889	background	-	-	-	-	8414
NODE_919_length_8406_cov_20.181534	background	-	-	-	-	8406
NODE_91_length_61656_cov_8.954416	background	-	-	-	-	61656
NODE_920_length_8406_cov_12.109497	background	-	-	-	-	8406
NODE_921_length_8368_cov_58.446388	background	-	-	-	-	8368
NODE_922_length_8363_cov_32.610669	background	-	-	-	-	8363
NODE_923_length_8348_cov_3.447104	background	-	-	-	-	8348
NODE_924_length_8334_cov_4.785515	background	-	-	-	-	8334
NODE_925_length_8334_cov_3.364539	background	-	-	-	-	8334
NODE_926_length_8333_cov_917.960029	background	-	-	-	-	8333
NODE_927_length_8331_cov_26.732130	background	-	-	-	-	8331
NODE_928_length_8323_cov_11.117633	background	-	-	-	-	8323
NODE_929_length_8304_cov_3.115838	background	-	-	-	-	8304
NODE_92_length_61176_cov_50.052554	background	-	-	-	-	61176
NODE_930_length_8289_cov_115.586702	background	-	-	-	-	8289
NODE_931_length_8288_cov_136.059554	background	-	-	-	-	8288
NODE_932_length_8288_cov_10.318841	background	-	-	-	-	8288
NODE_933_length_8287_cov_9.327893	background	-	-	-	-	8287
NODE_934_length_8275_cov_56.728348	background	-	-	-	-	8275
NODE_935_length_8268_cov_2.978513	background	-	-	-	-	8268
NODE_936_length_8236_cov_4.035298	background	-	-	-	-	8236
NODE_937_length_8229_cov_8.544774	background	-	-	-	-	8229
NODE_938_length_8223_cov_5.908053	background	-	-	-	-	8223
NODE_939_length_8203_cov_11.106202	background	-	-	-	-	8203
NODE_93_length_60835_cov_9.786892	background	-	-	-	-	60835
NODE_940_length_8202_cov_142.691569	background	-	-	-	-	8202
NODE_941_length_8182_cov_7.706231	background	-	-	-	-	8182
NODE_942_length_8174_cov_105.610103	bacterial	NZ_CP065631.1	negative_control	98.4	100.0	8174
NODE_943_length_8162_cov_9.225603	background	-	-	-	-	8162
NODE_944_length_8157_cov_5.332921	background	-	-	-	-	8157
NODE_945_length_8148_cov_4.183125	background	-	-	-	-	8148
NODE_946_length_8146_cov_158.504771	background	-	-	-	-	8146
NODE_947_length_8123_cov_3.853840	background	-	-	-	-	8123
NODE_948_length_8115_cov_30.954840	background	-	-	-	-	8115
NODE_949_length_8103_cov_4.172813	background	-	-	-	-	8103
NODE_94_length_60397_cov_14.792706	background	-	-	-	-	60397
NODE_950_length_8092_cov_6.595384	background	-	-	-	-	8092
NODE_951_length_8090_cov_90.556970	background	-	-	-	-	8090
NODE_952_length_8090_cov_64.208162	background	-	-	-	-	8090
NODE_953_length_8067_cov_125.851314	background	-	-	-	-	8067
NODE_954_length_8063_cov_3.203356	background	-	-	-	-	8063
NODE_955_length_8048_cov_6.531552	background	-	-	-	-	8048
NODE_956_length_8047_cov_61.612547	background	-	-	-	-	8047
NODE_957_length_8047_cov_49.975282	background	-	-	-	-	8047
NODE_958_length_8039_cov_157.737126	bacterial	NZ_CP065631.1	negative_control	98.0	81.1	8039
NODE_959_length_8036_cov_75.718809	background	-	-	-	-	8036
NODE_95_length_59865_cov_15.967753	background	-	-	-	-	59865
NODE_960_length_8011_cov_133.361356	background	-	-	-	-	8011
NODE_961_length_8007_cov_5.991803	background	-	-	-	-	8007
NODE_962_length_8007_cov_3.651198	background	-	-	-	-	8007
NODE_963_length_7999_cov_5.040899	background	-	-	-	-	7999
NODE_964_length_7984_cov_10.630328	background	-	-	-	-	7984
NODE_965_length_7981_cov_58.029605	background	-	-	-	-	7981
NODE_966_length_7959_cov_6.321365	background	-	-	-	-	7959
NODE_967_length_7954_cov_9.000254	background	-	-	-	-	7954
NODE_968_length_7942_cov_3.574317	background	-	-	-	-	7942
NODE_969_length_7913_cov_75.569423	background	-	-	-	-	7913
NODE_96_length_59804_cov_24.170593	background	-	-	-	-	59804
NODE_970_length_7894_cov_11.636433	background	-	-	-	-	7894
NODE_971_length_7891_cov_4.774891	background	-	-	-	-	7891
NODE_972_length_7878_cov_110.978336	background	-	-	-	-	7878
NODE_973_length_7865_cov_2.937468	background	-	-	-	-	7865
NODE_974_length_7815_cov_4.540191	background	-	-	-	-	7815
NODE_975_length_7811_cov_9.089346	background	-	-	-	-	7811
NODE_976_length_7804_cov_12.320176	background	-	-	-	-	7804
NODE_977_length_7785_cov_12.318241	background	-	-	-	-	7785
NODE_978_length_7783_cov_2.517000	background	-	-	-	-	7783
NODE_979_length_7782_cov_6.638417	background	-	-	-	-	7782
NODE_97_length_59640_cov_45.638484	background	-	-	-	-	59640
NODE_980_length_7781_cov_11.513110	background	-	-	-	-	7781
NODE_981_length_7774_cov_7.781993	background	-	-	-	-	7774
NODE_982_length_7773_cov_2.553404	background	-	-	-	-	7773
NODE_983_length_7755_cov_33.183642	background	-	-	-	-	7755
NODE_984_length_7746_cov_65.984613	background	-	-	-	-	7746
NODE_985_length_7745_cov_39.794471	background	-	-	-	-	7745
NODE_986_length_7743_cov_7.925124	background	-	-	-	-	7743
NODE_987_length_7735_cov_11.933795	background	-	-	-	-	7735
NODE_988_length_7727_cov_8.929020	background	-	-	-	-	7727
NODE_989_length_7724_cov_924.984438	background	-	-	-	-	7724
NODE_98_length_58988_cov_49.601857	background	-	-	-	-	58988
NODE_990_length_7715_cov_3.754124	background	-	-	-	-	7715
NODE_991_length_7710_cov_32.091707	background	-	-	-	-	7710
NODE_992_length_7709_cov_3.552280	background	-	-	-	-	7709
NODE_993_length_7701_cov_30.472587	background	-	-	-	-	7701
NODE_994_length_7696_cov_31.027694	bacterial	NZ_AP012332.1	negative_control	98.2	84.2	7696
NODE_995_length_7694_cov_4.858081	background	-	-	-	-	7694
NODE_996_length_7687_cov_64.462681	background	-	-	-	-	7687
NODE_997_length_7684_cov_6.420271	background	-	-	-	-	7684
NODE_998_length_7683_cov_72.453326	background	-	-	-	-	7683
NODE_999_length_7679_cov_74.413312	background	-	-	-	-	7679
NODE_99_length_58367_cov_54.407428	background	-	-	-	-	58367
NODE_9_length_189956_cov_23.797213	background	-	-	-	-	189956
